run_id,timestamp_utc,repo_git_sha,pdk_open_pdks_commit,ngspice_version,corner,temp_c,age_label,sel_row,stored_value,pattern_rows3210,other_rows_pattern,status,reason,c_sn_ff,c_rbl_ff_ASSUMPTION,vdd_v,vrbl_precharge_v,t_read_s,t_sense_s_ASSUMPTION,dv_latency_v_ASSUMPTION,sel_row_age_at_read_s,max_row_age_at_read_s,v_sn_r0_wl_off_v,v_sn_r1_wl_off_v,v_sn_r2_wl_off_v,v_sn_r3_wl_off_v,v_sn_r0_after_write_v,v_sn_r1_after_write_v,v_sn_r2_after_write_v,v_sn_r3_after_write_v,v_sn_r0_preread_v,v_sn_r1_preread_v,v_sn_r2_preread_v,v_sn_r3_preread_v,v_rbl_preread_float_v,i_into_rbl_r0_preread_a,i_into_rbl_r1_preread_a,i_into_rbl_r2_preread_a,i_into_rbl_r3_preread_a,i_desel_sum_preread_a,i_into_rbl_r0_sense_a,i_into_rbl_r1_sense_a,i_into_rbl_r2_sense_a,i_into_rbl_r3_sense_a,i_desel_sum_sense_a,v_rbl_sense_v,v_rbl_end_v,dv_rbl_sense_v,latency_s,latency_reason,dv_sn_sel_read_disturb_v,dv_sn_unsel_worst_signed_v,notes
20261005T135350Z,2026-10-05T13:53:50+00:00,2b7fee1,c6d73a35f524070e85faff4a6a9eef49553ebc2b,** ngspice-46 : Circuit level simulation program,fs,-40,fresh,0,0,0000,000,ok,,0.605354,10.000,1.8,0.9,1.100000000e-07,1e-08,0.1,8.900000e-08,8.900000e-08,-9.685564e-04,-9.685351e-04,-9.685137e-04,-9.684923e-04,-1.170661e-01,-1.170674e-01,-1.170687e-01,-1.170699e-01,-1.170655e-01,-1.170668e-01,-1.170680e-01,-1.170693e-01,8.999995e-01,1.808103e-12,1.808103e-12,1.808103e-12,1.223054e-12,4.839260e-12,-1.968850e-07,4.901595e-12,4.901593e-12,4.901592e-12,1.470478e-11,8.988709e-01,8.988678e-01,-1.128588e-03,,rbl_0 never fell 0.1 V below its pre-read level within the 20 ns read window plus tail,2.623086e-06,1.559526e-06,"schematic-level ASSUMED rbl loading (C_RBL), extracted C_SN per cell, no extracted bitline parasitics; rows written 0..3 sequentially; read age measured from row write end"
20261005T135350Z,2026-10-05T13:53:50+00:00,2b7fee1,c6d73a35f524070e85faff4a6a9eef49553ebc2b,** ngspice-46 : Circuit level simulation program,fs,-40,fresh,0,1,0001,000,ok,,0.605354,10.000,1.8,0.9,1.100000000e-07,1e-08,0.1,8.900000e-08,8.900000e-08,1.010618e+00,-9.685348e-04,-9.685136e-04,-9.684922e-04,8.636825e-01,-1.170674e-01,-1.170687e-01,-1.170699e-01,8.636772e-01,-1.170668e-01,-1.170680e-01,-1.170693e-01,8.999994e-01,1.887985e-12,1.808105e-12,1.808105e-12,1.223055e-12,4.839265e-12,-2.417438e-07,7.864568e-12,7.864566e-12,7.864564e-12,2.359370e-11,8.804908e-01,8.637750e-01,-1.950862e-02,,rbl_0 never fell 0.1 V below its pre-read level within the 20 ns read window plus tail,-2.896047e-03,-2.517616e-03,"schematic-level ASSUMED rbl loading (C_RBL), extracted C_SN per cell, no extracted bitline parasitics; rows written 0..3 sequentially; read age measured from row write end"
20261005T135350Z,2026-10-05T13:53:50+00:00,2b7fee1,c6d73a35f524070e85faff4a6a9eef49553ebc2b,** ngspice-46 : Circuit level simulation program,fs,-40,fresh,0,0,0010,001,ok,,0.605354,10.000,1.8,0.9,1.100000000e-07,1e-08,0.1,8.900000e-08,8.900000e-08,-9.685495e-04,1.010618e+00,-9.685135e-04,-9.684922e-04,-1.170654e-01,8.637000e-01,-1.170687e-01,-1.170699e-01,-1.170648e-01,8.636947e-01,-1.170680e-01,-1.170693e-01,8.999994e-01,1.808105e-12,1.887987e-12,1.808105e-12,1.223055e-12,4.919147e-12,-1.968850e-07,5.702491e-12,4.902189e-12,4.902188e-12,1.550687e-11,8.988707e-01,8.988676e-01,-1.128762e-03,,rbl_0 never fell 0.1 V below its pre-read level within the 20 ns read window plus tail,2.610129e-06,-1.869565e-05,"schematic-level ASSUMED rbl loading (C_RBL), extracted C_SN per cell, no extracted bitline parasitics; rows written 0..3 sequentially; read age measured from row write end"
20261005T135350Z,2026-10-05T13:53:50+00:00,2b7fee1,c6d73a35f524070e85faff4a6a9eef49553ebc2b,** ngspice-46 : Circuit level simulation program,fs,-40,fresh,0,1,0011,001,ok,,0.605354,10.000,1.8,0.9,1.100000000e-07,1e-08,0.1,8.900000e-08,8.900000e-08,1.010618e+00,1.010618e+00,-9.685133e-04,-9.684921e-04,8.636833e-01,8.637000e-01,-1.170687e-01,-1.170699e-01,8.636780e-01,8.636947e-01,-1.170680e-01,-1.170693e-01,8.999994e-01,1.887987e-12,1.887989e-12,1.808105e-12,1.223056e-12,4.919151e-12,-2.417442e-07,9.010898e-12,7.865506e-12,7.865503e-12,2.474191e-11,8.804886e-01,8.637710e-01,-1.951083e-02,,rbl_0 never fell 0.1 V below its pre-read level within the 20 ns read window plus tail,-2.896374e-03,-2.904712e-03,"schematic-level ASSUMED rbl loading (C_RBL), extracted C_SN per cell, no extracted bitline parasitics; rows written 0..3 sequentially; read age measured from row write end"
20261005T135350Z,2026-10-05T13:53:50+00:00,2b7fee1,c6d73a35f524070e85faff4a6a9eef49553ebc2b,** ngspice-46 : Circuit level simulation program,fs,-40,fresh,0,0,0100,010,ok,,0.605354,10.000,1.8,0.9,1.100000000e-07,1e-08,0.1,8.900000e-08,8.900000e-08,-9.685495e-04,-9.685281e-04,1.010618e+00,-9.684921e-04,-1.170654e-01,-1.170667e-01,8.637175e-01,-1.170699e-01,-1.170648e-01,-1.170661e-01,8.637122e-01,-1.170693e-01,8.999994e-01,1.808105e-12,1.808105e-12,1.887988e-12,1.223056e-12,4.919149e-12,-1.968850e-07,4.902192e-12,5.702500e-12,4.902187e-12,1.550688e-11,8.988707e-01,8.988676e-01,-1.128762e-03,,rbl_0 never fell 0.1 V below its pre-read level within the 20 ns read window plus tail,2.610129e-06,-1.869469e-05,"schematic-level ASSUMED rbl loading (C_RBL), extracted C_SN per cell, no extracted bitline parasitics; rows written 0..3 sequentially; read age measured from row write end"
20261005T135350Z,2026-10-05T13:53:50+00:00,2b7fee1,c6d73a35f524070e85faff4a6a9eef49553ebc2b,** ngspice-46 : Circuit level simulation program,fs,-40,fresh,0,1,0101,010,ok,,0.605354,10.000,1.8,0.9,1.100000000e-07,1e-08,0.1,8.900000e-08,8.900000e-08,1.010618e+00,-9.685278e-04,1.010618e+00,-9.684919e-04,8.636833e-01,-1.170667e-01,8.637175e-01,-1.170699e-01,8.636780e-01,-1.170661e-01,8.637122e-01,-1.170693e-01,8.999994e-01,1.887987e-12,1.808106e-12,1.887991e-12,1.223057e-12,4.919154e-12,-2.417442e-07,7.865509e-12,9.010911e-12,7.865503e-12,2.474192e-11,8.804886e-01,8.637710e-01,-1.951083e-02,,rbl_0 never fell 0.1 V below its pre-read level within the 20 ns read window plus tail,-2.896374e-03,-2.904716e-03,"schematic-level ASSUMED rbl loading (C_RBL), extracted C_SN per cell, no extracted bitline parasitics; rows written 0..3 sequentially; read age measured from row write end"
20261005T135350Z,2026-10-05T13:53:50+00:00,2b7fee1,c6d73a35f524070e85faff4a6a9eef49553ebc2b,** ngspice-46 : Circuit level simulation program,fs,-40,fresh,0,0,0110,011,ok,,0.605354,10.000,1.8,0.9,1.100000000e-07,1e-08,0.1,8.900000e-08,8.900000e-08,-9.685425e-04,1.010618e+00,1.010618e+00,-9.684919e-04,-1.170647e-01,8.637008e-01,8.637175e-01,-1.170699e-01,-1.170641e-01,8.636955e-01,8.637122e-01,-1.170693e-01,8.999994e-01,1.808106e-12,1.887989e-12,1.887991e-12,1.223057e-12,4.999037e-12,-1.968850e-07,5.703189e-12,5.703197e-12,4.902783e-12,1.630917e-11,8.988705e-01,8.988673e-01,-1.128935e-03,,rbl_0 never fell 0.1 V below its pre-read level within the 20 ns read window plus tail,2.598086e-06,-1.870969e-05,"schematic-level ASSUMED rbl loading (C_RBL), extracted C_SN per cell, no extracted bitline parasitics; rows written 0..3 sequentially; read age measured from row write end"
20261005T135350Z,2026-10-05T13:53:50+00:00,2b7fee1,c6d73a35f524070e85faff4a6a9eef49553ebc2b,** ngspice-46 : Circuit level simulation program,fs,-40,fresh,0,1,0111,011,ok,,0.605354,10.000,1.8,0.9,1.100000000e-07,1e-08,0.1,8.900000e-08,8.900000e-08,1.010618e+00,1.010618e+00,1.010618e+00,-9.684918e-04,8.636841e-01,8.637008e-01,8.637175e-01,-1.170699e-01,8.636788e-01,8.636955e-01,8.637122e-01,-1.170693e-01,8.999994e-01,1.887990e-12,1.887990e-12,1.887992e-12,1.223059e-12,4.999041e-12,-2.417447e-07,9.011992e-12,9.012003e-12,7.866443e-12,2.589044e-11,8.804864e-01,8.637669e-01,-1.951305e-02,,rbl_0 never fell 0.1 V below its pre-read level within the 20 ns read window plus tail,-2.896699e-03,-2.905041e-03,"schematic-level ASSUMED rbl loading (C_RBL), extracted C_SN per cell, no extracted bitline parasitics; rows written 0..3 sequentially; read age measured from row write end"
20261005T135350Z,2026-10-05T13:53:50+00:00,2b7fee1,c6d73a35f524070e85faff4a6a9eef49553ebc2b,** ngspice-46 : Circuit level simulation program,fs,-40,fresh,0,0,1000,100,ok,,0.605354,10.000,1.8,0.9,1.100000000e-07,1e-08,0.1,8.900000e-08,8.900000e-08,-9.685495e-04,-9.685281e-04,-9.685067e-04,1.010618e+00,-1.170650e-01,-1.170663e-01,-1.170675e-01,8.637353e-01,-1.170644e-01,-1.170657e-01,-1.170669e-01,8.637300e-01,8.999994e-01,8.882507e-11,8.882510e-11,8.882513e-11,7.124681e-11,2.488970e-10,-1.968850e-07,4.902344e-12,4.902341e-12,5.702613e-12,1.550730e-11,8.988707e-01,8.988676e-01,-1.128762e-03,,rbl_0 never fell 0.1 V below its pre-read level within the 20 ns read window plus tail,2.222552e-06,-1.897721e-05,"schematic-level ASSUMED rbl loading (C_RBL), extracted C_SN per cell, no extracted bitline parasitics; rows written 0..3 sequentially; read age measured from row write end"
20261005T135350Z,2026-10-05T13:53:50+00:00,2b7fee1,c6d73a35f524070e85faff4a6a9eef49553ebc2b,** ngspice-46 : Circuit level simulation program,fs,-40,fresh,0,1,1001,100,ok,,0.605354,10.000,1.8,0.9,1.100000000e-07,1e-08,0.1,8.900000e-08,8.900000e-08,1.010618e+00,-9.685278e-04,-9.685066e-04,1.010618e+00,8.636836e-01,-1.170663e-01,-1.170675e-01,8.637353e-01,8.636783e-01,-1.170657e-01,-1.170669e-01,8.637300e-01,8.999994e-01,7.271294e-11,8.881706e-11,8.881709e-11,7.123779e-11,2.488719e-10,-2.417442e-07,7.865661e-12,7.865660e-12,9.011026e-12,2.474235e-11,8.804886e-01,8.637710e-01,-1.951083e-02,,rbl_0 never fell 0.1 V below its pre-read level within the 20 ns read window plus tail,-2.896655e-03,-2.905001e-03,"schematic-level ASSUMED rbl loading (C_RBL), extracted C_SN per cell, no extracted bitline parasitics; rows written 0..3 sequentially; read age measured from row write end"
20261005T135350Z,2026-10-05T13:53:50+00:00,2b7fee1,c6d73a35f524070e85faff4a6a9eef49553ebc2b,** ngspice-46 : Circuit level simulation program,fs,-40,fresh,0,0,1010,101,ok,,0.605354,10.000,1.8,0.9,1.100000000e-07,1e-08,0.1,8.900000e-08,8.900000e-08,-9.685425e-04,1.010618e+00,-9.685064e-04,1.010618e+00,-1.170643e-01,8.637011e-01,-1.170675e-01,8.637353e-01,-1.170637e-01,8.636958e-01,-1.170669e-01,8.637300e-01,8.999994e-01,8.881702e-11,7.271275e-11,8.881709e-11,7.123779e-11,2.327676e-10,-1.968850e-07,5.703292e-12,4.902938e-12,5.703309e-12,1.630954e-11,8.988705e-01,8.988673e-01,-1.128934e-03,,rbl_0 never fell 0.1 V below its pre-read level within the 20 ns read window plus tail,2.210509e-06,-1.899217e-05,"schematic-level ASSUMED rbl loading (C_RBL), extracted C_SN per cell, no extracted bitline parasitics; rows written 0..3 sequentially; read age measured from row write end"
20261005T135350Z,2026-10-05T13:53:50+00:00,2b7fee1,c6d73a35f524070e85faff4a6a9eef49553ebc2b,** ngspice-46 : Circuit level simulation program,fs,-40,fresh,0,1,1011,101,ok,,0.605354,10.000,1.8,0.9,1.100000000e-07,1e-08,0.1,8.900000e-08,8.900000e-08,1.010618e+00,1.010618e+00,-9.685063e-04,1.010618e+00,8.636845e-01,8.637011e-01,-1.170675e-01,8.637353e-01,8.636791e-01,8.636958e-01,-1.170669e-01,8.637300e-01,8.999994e-01,7.270392e-11,7.270373e-11,8.880905e-11,7.122878e-11,2.327416e-10,-2.417447e-07,9.012094e-12,7.866599e-12,9.012118e-12,2.589081e-11,8.804864e-01,8.637669e-01,-1.951305e-02,,rbl_0 never fell 0.1 V below its pre-read level within the 20 ns read window plus tail,-2.896980e-03,-2.905327e-03,"schematic-level ASSUMED rbl loading (C_RBL), extracted C_SN per cell, no extracted bitline parasitics; rows written 0..3 sequentially; read age measured from row write end"
20261005T135350Z,2026-10-05T13:53:50+00:00,2b7fee1,c6d73a35f524070e85faff4a6a9eef49553ebc2b,** ngspice-46 : Circuit level simulation program,fs,-40,fresh,0,0,1100,110,ok,,0.605354,10.000,1.8,0.9,1.100000000e-07,1e-08,0.1,8.900000e-08,8.900000e-08,-9.685425e-04,-9.685211e-04,1.010618e+00,1.010618e+00,-1.170643e-01,-1.170656e-01,8.637186e-01,8.637353e-01,-1.170637e-01,-1.170650e-01,8.637133e-01,8.637300e-01,8.999994e-01,8.881702e-11,8.881705e-11,7.271255e-11,7.123779e-11,2.327674e-10,-1.968850e-07,4.902940e-12,5.703301e-12,5.703309e-12,1.630955e-11,8.988705e-01,8.988673e-01,-1.128934e-03,,rbl_0 never fell 0.1 V below its pre-read level within the 20 ns read window plus tail,2.210509e-06,-1.899217e-05,"schematic-level ASSUMED rbl loading (C_RBL), extracted C_SN per cell, no extracted bitline parasitics; rows written 0..3 sequentially; read age measured from row write end"
20261005T135350Z,2026-10-05T13:53:50+00:00,2b7fee1,c6d73a35f524070e85faff4a6a9eef49553ebc2b,** ngspice-46 : Circuit level simulation program,fs,-40,fresh,0,1,1101,110,ok,,0.605354,10.000,1.8,0.9,1.100000000e-07,1e-08,0.1,8.900000e-08,8.900000e-08,1.010618e+00,-9.685208e-04,1.010618e+00,1.010618e+00,8.636845e-01,-1.170656e-01,8.637186e-01,8.637353e-01,8.636791e-01,-1.170650e-01,8.637133e-01,8.637300e-01,8.999994e-01,7.270391e-11,8.880901e-11,7.270354e-11,7.122878e-11,2.327413e-10,-2.417447e-07,7.866603e-12,9.012107e-12,9.012118e-12,2.589083e-11,8.804864e-01,8.637669e-01,-1.951305e-02,,rbl_0 never fell 0.1 V below its pre-read level within the 20 ns read window plus tail,-2.896980e-03,-2.905327e-03,"schematic-level ASSUMED rbl loading (C_RBL), extracted C_SN per cell, no extracted bitline parasitics; rows written 0..3 sequentially; read age measured from row write end"
20261005T135350Z,2026-10-05T13:53:50+00:00,2b7fee1,c6d73a35f524070e85faff4a6a9eef49553ebc2b,** ngspice-46 : Circuit level simulation program,fs,-40,fresh,0,0,1110,111,ok,,0.605354,10.000,1.8,0.9,1.100000000e-07,1e-08,0.1,8.900000e-08,8.900000e-08,-9.685354e-04,1.010618e+00,1.010618e+00,1.010618e+00,-1.170636e-01,8.637019e-01,8.637186e-01,8.637353e-01,-1.170630e-01,8.636966e-01,8.637133e-01,8.637300e-01,8.999994e-01,8.880897e-11,7.270372e-11,7.270354e-11,7.122878e-11,2.166360e-10,-1.968850e-07,5.703989e-12,5.703997e-12,5.704006e-12,1.711199e-11,8.988703e-01,8.988671e-01,-1.129107e-03,,rbl_0 never fell 0.1 V below its pre-read level within the 20 ns read window plus tail,2.197552e-06,-1.900621e-05,"schematic-level ASSUMED rbl loading (C_RBL), extracted C_SN per cell, no extracted bitline parasitics; rows written 0..3 sequentially; read age measured from row write end"
20261005T135350Z,2026-10-05T13:53:50+00:00,2b7fee1,c6d73a35f524070e85faff4a6a9eef49553ebc2b,** ngspice-46 : Circuit level simulation program,fs,-40,fresh,0,1,1111,111,ok,,0.605354,10.000,1.8,0.9,1.100000000e-07,1e-08,0.1,8.900000e-08,8.900000e-08,1.010618e+00,1.010618e+00,1.010618e+00,1.010618e+00,8.636853e-01,8.637019e-01,8.637186e-01,8.637353e-01,8.636799e-01,8.636966e-01,8.637133e-01,8.637300e-01,8.999994e-01,7.269489e-11,7.269471e-11,7.269452e-11,7.121976e-11,2.166090e-10,-2.417452e-07,9.013188e-12,9.013200e-12,9.013211e-12,2.703960e-11,8.804841e-01,8.637629e-01,-1.951527e-02,,rbl_0 never fell 0.1 V below its pre-read level within the 20 ns read window plus tail,-2.897306e-03,-2.905653e-03,"schematic-level ASSUMED rbl loading (C_RBL), extracted C_SN per cell, no extracted bitline parasitics; rows written 0..3 sequentially; read age measured from row write end"
20261005T135350Z,2026-10-05T13:53:50+00:00,2b7fee1,c6d73a35f524070e85faff4a6a9eef49553ebc2b,** ngspice-46 : Circuit level simulation program,fs,-40,fresh,1,0,0000,000,ok,,0.605354,10.000,1.8,0.9,1.100000000e-07,1e-08,0.1,6.400000e-08,8.900000e-08,-9.685564e-04,-9.685351e-04,-9.685137e-04,-9.684923e-04,-1.170661e-01,-1.170674e-01,-1.170687e-01,-1.170699e-01,-1.170655e-01,-1.170668e-01,-1.170680e-01,-1.170693e-01,8.999995e-01,1.808103e-12,1.808103e-12,1.808103e-12,1.223054e-12,4.839260e-12,4.901594e-12,-1.968850e-07,4.901592e-12,4.901591e-12,1.470478e-11,8.988709e-01,8.988678e-01,-1.128588e-03,,rbl_0 never fell 0.1 V below its pre-read level within the 20 ns read window plus tail,2.623086e-06,1.559526e-06,"schematic-level ASSUMED rbl loading (C_RBL), extracted C_SN per cell, no extracted bitline parasitics; rows written 0..3 sequentially; read age measured from row write end"
20261005T135350Z,2026-10-05T13:53:50+00:00,2b7fee1,c6d73a35f524070e85faff4a6a9eef49553ebc2b,** ngspice-46 : Circuit level simulation program,fs,-40,fresh,1,0,0001,001,ok,,0.605354,10.000,1.8,0.9,1.100000000e-07,1e-08,0.1,6.400000e-08,8.900000e-08,1.010618e+00,-9.685348e-04,-9.685136e-04,-9.684922e-04,8.636825e-01,-1.170674e-01,-1.170687e-01,-1.170699e-01,8.636772e-01,-1.170668e-01,-1.170680e-01,-1.170693e-01,8.999994e-01,1.887985e-12,1.808105e-12,1.808105e-12,1.223055e-12,4.919145e-12,5.702479e-12,-1.968850e-07,4.902186e-12,4.902185e-12,1.550685e-11,8.988707e-01,8.988676e-01,-1.128761e-03,,rbl_0 never fell 0.1 V below its pre-read level within the 20 ns read window plus tail,2.610086e-06,-1.869465e-05,"schematic-level ASSUMED rbl loading (C_RBL), extracted C_SN per cell, no extracted bitline parasitics; rows written 0..3 sequentially; read age measured from row write end"
20261005T135350Z,2026-10-05T13:53:50+00:00,2b7fee1,c6d73a35f524070e85faff4a6a9eef49553ebc2b,** ngspice-46 : Circuit level simulation program,fs,-40,fresh,1,1,0010,000,ok,,0.605354,10.000,1.8,0.9,1.100000000e-07,1e-08,0.1,6.400000e-08,8.900000e-08,-9.685495e-04,1.010618e+00,-9.685135e-04,-9.684922e-04,-1.170654e-01,8.637000e-01,-1.170687e-01,-1.170699e-01,-1.170648e-01,8.636947e-01,-1.170680e-01,-1.170693e-01,8.999994e-01,1.808105e-12,1.887987e-12,1.808105e-12,1.223055e-12,4.839265e-12,7.869477e-12,-2.417567e-07,7.869471e-12,7.869469e-12,2.360842e-11,8.804817e-01,8.637580e-01,-1.951777e-02,,rbl_0 never fell 0.1 V below its pre-read level within the 20 ns read window plus tail,-2.897445e-03,-2.518835e-03,"schematic-level ASSUMED rbl loading (C_RBL), extracted C_SN per cell, no extracted bitline parasitics; rows written 0..3 sequentially; read age measured from row write end"
20261005T135350Z,2026-10-05T13:53:50+00:00,2b7fee1,c6d73a35f524070e85faff4a6a9eef49553ebc2b,** ngspice-46 : Circuit level simulation program,fs,-40,fresh,1,1,0011,001,ok,,0.605354,10.000,1.8,0.9,1.100000000e-07,1e-08,0.1,6.400000e-08,8.900000e-08,1.010618e+00,1.010618e+00,-9.685133e-04,-9.684921e-04,8.636833e-01,8.637000e-01,-1.170687e-01,-1.170699e-01,8.636780e-01,8.636947e-01,-1.170680e-01,-1.170693e-01,8.999994e-01,1.887987e-12,1.887989e-12,1.808105e-12,1.223056e-12,4.919149e-12,9.016219e-12,-2.417566e-07,7.870185e-12,7.870184e-12,2.475659e-11,8.804799e-01,8.637547e-01,-1.951957e-02,,rbl_0 never fell 0.1 V below its pre-read level within the 20 ns read window plus tail,-2.897707e-03,-2.906038e-03,"schematic-level ASSUMED rbl loading (C_RBL), extracted C_SN per cell, no extracted bitline parasitics; rows written 0..3 sequentially; read age measured from row write end"
20261005T135350Z,2026-10-05T13:53:50+00:00,2b7fee1,c6d73a35f524070e85faff4a6a9eef49553ebc2b,** ngspice-46 : Circuit level simulation program,fs,-40,fresh,1,0,0100,010,ok,,0.605354,10.000,1.8,0.9,1.100000000e-07,1e-08,0.1,6.400000e-08,8.900000e-08,-9.685495e-04,-9.685281e-04,1.010618e+00,-9.684921e-04,-1.170654e-01,-1.170667e-01,8.637175e-01,-1.170699e-01,-1.170648e-01,-1.170661e-01,8.637122e-01,-1.170693e-01,8.999994e-01,1.808105e-12,1.808105e-12,1.887988e-12,1.223056e-12,4.919149e-12,4.902191e-12,-1.968850e-07,5.702498e-12,4.902186e-12,1.550687e-11,8.988707e-01,8.988676e-01,-1.128762e-03,,rbl_0 never fell 0.1 V below its pre-read level within the 20 ns read window plus tail,2.610129e-06,-1.869469e-05,"schematic-level ASSUMED rbl loading (C_RBL), extracted C_SN per cell, no extracted bitline parasitics; rows written 0..3 sequentially; read age measured from row write end"
20261005T135350Z,2026-10-05T13:53:50+00:00,2b7fee1,c6d73a35f524070e85faff4a6a9eef49553ebc2b,** ngspice-46 : Circuit level simulation program,fs,-40,fresh,1,0,0101,011,ok,,0.605354,10.000,1.8,0.9,1.100000000e-07,1e-08,0.1,6.400000e-08,8.900000e-08,1.010618e+00,-9.685278e-04,1.010618e+00,-9.684919e-04,8.636833e-01,-1.170667e-01,8.637175e-01,-1.170699e-01,8.636780e-01,-1.170661e-01,8.637122e-01,-1.170693e-01,8.999994e-01,1.887987e-12,1.808106e-12,1.887991e-12,1.223057e-12,4.999035e-12,5.703176e-12,-1.968850e-07,5.703194e-12,4.902780e-12,1.630915e-11,8.988705e-01,8.988673e-01,-1.128934e-03,,rbl_0 never fell 0.1 V below its pre-read level within the 20 ns read window plus tail,2.598086e-06,-1.870965e-05,"schematic-level ASSUMED rbl loading (C_RBL), extracted C_SN per cell, no extracted bitline parasitics; rows written 0..3 sequentially; read age measured from row write end"
20261005T135350Z,2026-10-05T13:53:50+00:00,2b7fee1,c6d73a35f524070e85faff4a6a9eef49553ebc2b,** ngspice-46 : Circuit level simulation program,fs,-40,fresh,1,1,0110,010,ok,,0.605354,10.000,1.8,0.9,1.100000000e-07,1e-08,0.1,6.400000e-08,8.900000e-08,-9.685425e-04,1.010618e+00,1.010618e+00,-9.684919e-04,-1.170647e-01,8.637008e-01,8.637175e-01,-1.170699e-01,-1.170641e-01,8.636955e-01,8.637122e-01,-1.170693e-01,8.999994e-01,1.808106e-12,1.887989e-12,1.887991e-12,1.223057e-12,4.919154e-12,7.870418e-12,-2.417572e-07,9.016500e-12,7.870409e-12,2.475733e-11,8.804794e-01,8.637539e-01,-1.951999e-02,,rbl_0 never fell 0.1 V below its pre-read level within the 20 ns read window plus tail,-2.897771e-03,-2.906110e-03,"schematic-level ASSUMED rbl loading (C_RBL), extracted C_SN per cell, no extracted bitline parasitics; rows written 0..3 sequentially; read age measured from row write end"
20261005T135350Z,2026-10-05T13:53:50+00:00,2b7fee1,c6d73a35f524070e85faff4a6a9eef49553ebc2b,** ngspice-46 : Circuit level simulation program,fs,-40,fresh,1,1,0111,011,ok,,0.605354,10.000,1.8,0.9,1.100000000e-07,1e-08,0.1,6.400000e-08,8.900000e-08,1.010618e+00,1.010618e+00,1.010618e+00,-9.684918e-04,8.636841e-01,8.637008e-01,8.637175e-01,-1.170699e-01,8.636788e-01,8.636955e-01,8.637122e-01,-1.170693e-01,8.999994e-01,1.887990e-12,1.887990e-12,1.887992e-12,1.223059e-12,4.999040e-12,9.017313e-12,-2.417571e-07,9.017338e-12,7.871124e-12,2.590577e-11,8.804776e-01,8.637507e-01,-1.952179e-02,,rbl_0 never fell 0.1 V below its pre-read level within the 20 ns read window plus tail,-2.898033e-03,-2.906372e-03,"schematic-level ASSUMED rbl loading (C_RBL), extracted C_SN per cell, no extracted bitline parasitics; rows written 0..3 sequentially; read age measured from row write end"
20261005T135350Z,2026-10-05T13:53:50+00:00,2b7fee1,c6d73a35f524070e85faff4a6a9eef49553ebc2b,** ngspice-46 : Circuit level simulation program,fs,-40,fresh,1,0,1000,100,ok,,0.605354,10.000,1.8,0.9,1.100000000e-07,1e-08,0.1,6.400000e-08,8.900000e-08,-9.685495e-04,-9.685281e-04,-9.685067e-04,1.010618e+00,-1.170650e-01,-1.170663e-01,-1.170675e-01,8.637353e-01,-1.170644e-01,-1.170657e-01,-1.170669e-01,8.637300e-01,8.999994e-01,8.882507e-11,8.882510e-11,8.882513e-11,7.124681e-11,2.488970e-10,4.902343e-12,-1.968850e-07,4.902341e-12,5.702610e-12,1.550730e-11,8.988707e-01,8.988676e-01,-1.128761e-03,,rbl_0 never fell 0.1 V below its pre-read level within the 20 ns read window plus tail,2.222552e-06,-1.897721e-05,"schematic-level ASSUMED rbl loading (C_RBL), extracted C_SN per cell, no extracted bitline parasitics; rows written 0..3 sequentially; read age measured from row write end"
20261005T135350Z,2026-10-05T13:53:50+00:00,2b7fee1,c6d73a35f524070e85faff4a6a9eef49553ebc2b,** ngspice-46 : Circuit level simulation program,fs,-40,fresh,1,0,1001,101,ok,,0.605354,10.000,1.8,0.9,1.100000000e-07,1e-08,0.1,6.400000e-08,8.900000e-08,1.010618e+00,-9.685278e-04,-9.685066e-04,1.010618e+00,8.636836e-01,-1.170663e-01,-1.170675e-01,8.637353e-01,8.636783e-01,-1.170657e-01,-1.170669e-01,8.637300e-01,8.999994e-01,7.271294e-11,8.881706e-11,8.881709e-11,7.123779e-11,2.327678e-10,5.703280e-12,-1.968850e-07,4.902936e-12,5.703306e-12,1.630952e-11,8.988705e-01,8.988673e-01,-1.128934e-03,,rbl_0 never fell 0.1 V below its pre-read level within the 20 ns read window plus tail,2.210509e-06,-1.899217e-05,"schematic-level ASSUMED rbl loading (C_RBL), extracted C_SN per cell, no extracted bitline parasitics; rows written 0..3 sequentially; read age measured from row write end"
20261005T135350Z,2026-10-05T13:53:50+00:00,2b7fee1,c6d73a35f524070e85faff4a6a9eef49553ebc2b,** ngspice-46 : Circuit level simulation program,fs,-40,fresh,1,1,1010,100,ok,,0.605354,10.000,1.8,0.9,1.100000000e-07,1e-08,0.1,6.400000e-08,8.900000e-08,-9.685425e-04,1.010618e+00,-9.685064e-04,1.010618e+00,-1.170643e-01,8.637011e-01,-1.170675e-01,8.637353e-01,-1.170637e-01,8.636958e-01,-1.170669e-01,8.637300e-01,8.999994e-01,8.881702e-11,7.271275e-11,8.881709e-11,7.123779e-11,2.488719e-10,7.870570e-12,-2.417572e-07,7.870565e-12,9.016615e-12,2.475775e-11,8.804794e-01,8.637540e-01,-1.951999e-02,,rbl_0 never fell 0.1 V below its pre-read level within the 20 ns read window plus tail,-2.898052e-03,-2.906395e-03,"schematic-level ASSUMED rbl loading (C_RBL), extracted C_SN per cell, no extracted bitline parasitics; rows written 0..3 sequentially; read age measured from row write end"
20261005T135350Z,2026-10-05T13:53:50+00:00,2b7fee1,c6d73a35f524070e85faff4a6a9eef49553ebc2b,** ngspice-46 : Circuit level simulation program,fs,-40,fresh,1,1,1011,101,ok,,0.605354,10.000,1.8,0.9,1.100000000e-07,1e-08,0.1,6.400000e-08,8.900000e-08,1.010618e+00,1.010618e+00,-9.685063e-04,1.010618e+00,8.636845e-01,8.637011e-01,-1.170675e-01,8.637353e-01,8.636791e-01,8.636958e-01,-1.170669e-01,8.637300e-01,8.999994e-01,7.270392e-11,7.270373e-11,8.880905e-11,7.122878e-11,2.327417e-10,9.017416e-12,-2.417571e-07,7.871280e-12,9.017451e-12,2.590615e-11,8.804776e-01,8.637507e-01,-1.952179e-02,,rbl_0 never fell 0.1 V below its pre-read level within the 20 ns read window plus tail,-2.898314e-03,-2.906657e-03,"schematic-level ASSUMED rbl loading (C_RBL), extracted C_SN per cell, no extracted bitline parasitics; rows written 0..3 sequentially; read age measured from row write end"
20261005T135350Z,2026-10-05T13:53:50+00:00,2b7fee1,c6d73a35f524070e85faff4a6a9eef49553ebc2b,** ngspice-46 : Circuit level simulation program,fs,-40,fresh,1,0,1100,110,ok,,0.605354,10.000,1.8,0.9,1.100000000e-07,1e-08,0.1,6.400000e-08,8.900000e-08,-9.685425e-04,-9.685211e-04,1.010618e+00,1.010618e+00,-1.170643e-01,-1.170656e-01,8.637186e-01,8.637353e-01,-1.170637e-01,-1.170650e-01,8.637133e-01,8.637300e-01,8.999994e-01,8.881702e-11,8.881705e-11,7.271255e-11,7.123779e-11,2.327674e-10,4.902940e-12,-1.968850e-07,5.703298e-12,5.703307e-12,1.630955e-11,8.988705e-01,8.988673e-01,-1.128934e-03,,rbl_0 never fell 0.1 V below its pre-read level within the 20 ns read window plus tail,2.209552e-06,-1.899217e-05,"schematic-level ASSUMED rbl loading (C_RBL), extracted C_SN per cell, no extracted bitline parasitics; rows written 0..3 sequentially; read age measured from row write end"
20261005T135350Z,2026-10-05T13:53:50+00:00,2b7fee1,c6d73a35f524070e85faff4a6a9eef49553ebc2b,** ngspice-46 : Circuit level simulation program,fs,-40,fresh,1,0,1101,111,ok,,0.605354,10.000,1.8,0.9,1.100000000e-07,1e-08,0.1,6.400000e-08,8.900000e-08,1.010618e+00,-9.685208e-04,1.010618e+00,1.010618e+00,8.636845e-01,-1.170656e-01,8.637186e-01,8.637353e-01,8.636791e-01,-1.170650e-01,8.637133e-01,8.637300e-01,8.999994e-01,7.270391e-11,8.880901e-11,7.270354e-11,7.122878e-11,2.166362e-10,5.703977e-12,-1.968850e-07,5.703994e-12,5.704003e-12,1.711197e-11,8.988703e-01,8.988671e-01,-1.129107e-03,,rbl_0 never fell 0.1 V below its pre-read level within the 20 ns read window plus tail,2.197552e-06,-1.900621e-05,"schematic-level ASSUMED rbl loading (C_RBL), extracted C_SN per cell, no extracted bitline parasitics; rows written 0..3 sequentially; read age measured from row write end"
20261005T135350Z,2026-10-05T13:53:50+00:00,2b7fee1,c6d73a35f524070e85faff4a6a9eef49553ebc2b,** ngspice-46 : Circuit level simulation program,fs,-40,fresh,1,1,1110,110,ok,,0.605354,10.000,1.8,0.9,1.100000000e-07,1e-08,0.1,6.400000e-08,8.900000e-08,-9.685354e-04,1.010618e+00,1.010618e+00,1.010618e+00,-1.170636e-01,8.637019e-01,8.637186e-01,8.637353e-01,-1.170630e-01,8.636966e-01,8.637133e-01,8.637300e-01,8.999994e-01,8.880897e-11,7.270372e-11,7.270354e-11,7.122878e-11,2.327413e-10,7.871512e-12,-2.417577e-07,9.017696e-12,9.017708e-12,2.590692e-11,8.804772e-01,8.637499e-01,-1.952221e-02,,rbl_0 never fell 0.1 V below its pre-read level within the 20 ns read window plus tail,-2.898378e-03,-2.906721e-03,"schematic-level ASSUMED rbl loading (C_RBL), extracted C_SN per cell, no extracted bitline parasitics; rows written 0..3 sequentially; read age measured from row write end"
20261005T135350Z,2026-10-05T13:53:50+00:00,2b7fee1,c6d73a35f524070e85faff4a6a9eef49553ebc2b,** ngspice-46 : Circuit level simulation program,fs,-40,fresh,1,1,1111,111,ok,,0.605354,10.000,1.8,0.9,1.100000000e-07,1e-08,0.1,6.400000e-08,8.900000e-08,1.010618e+00,1.010618e+00,1.010618e+00,1.010618e+00,8.636853e-01,8.637019e-01,8.637186e-01,8.637353e-01,8.636799e-01,8.636966e-01,8.637133e-01,8.637300e-01,8.999994e-01,7.269489e-11,7.269471e-11,7.269452e-11,7.121976e-11,2.166092e-10,9.018510e-12,-2.417575e-07,9.018532e-12,9.018544e-12,2.705559e-11,8.804754e-01,8.637466e-01,-1.952400e-02,,rbl_0 never fell 0.1 V below its pre-read level within the 20 ns read window plus tail,-2.898640e-03,-2.906983e-03,"schematic-level ASSUMED rbl loading (C_RBL), extracted C_SN per cell, no extracted bitline parasitics; rows written 0..3 sequentially; read age measured from row write end"
20261005T135350Z,2026-10-05T13:53:50+00:00,2b7fee1,c6d73a35f524070e85faff4a6a9eef49553ebc2b,** ngspice-46 : Circuit level simulation program,fs,-40,fresh,2,0,0000,000,ok,,0.605354,10.000,1.8,0.9,1.100000000e-07,1e-08,0.1,3.900000e-08,8.900000e-08,-9.685564e-04,-9.685351e-04,-9.685137e-04,-9.684923e-04,-1.170661e-01,-1.170674e-01,-1.170687e-01,-1.170699e-01,-1.170655e-01,-1.170668e-01,-1.170680e-01,-1.170693e-01,8.999995e-01,1.808103e-12,1.808103e-12,1.808103e-12,1.223054e-12,4.839260e-12,4.901592e-12,4.901592e-12,-1.968851e-07,4.901589e-12,1.470477e-11,8.988709e-01,8.988678e-01,-1.128588e-03,,rbl_0 never fell 0.1 V below its pre-read level within the 20 ns read window plus tail,2.624086e-06,1.559526e-06,"schematic-level ASSUMED rbl loading (C_RBL), extracted C_SN per cell, no extracted bitline parasitics; rows written 0..3 sequentially; read age measured from row write end"
20261005T135350Z,2026-10-05T13:53:50+00:00,2b7fee1,c6d73a35f524070e85faff4a6a9eef49553ebc2b,** ngspice-46 : Circuit level simulation program,fs,-40,fresh,2,0,0001,001,ok,,0.605354,10.000,1.8,0.9,1.100000000e-07,1e-08,0.1,3.900000e-08,8.900000e-08,1.010618e+00,-9.685348e-04,-9.685136e-04,-9.684922e-04,8.636825e-01,-1.170674e-01,-1.170687e-01,-1.170699e-01,8.636772e-01,-1.170668e-01,-1.170680e-01,-1.170693e-01,8.999994e-01,1.887985e-12,1.808105e-12,1.808105e-12,1.223055e-12,4.919146e-12,5.702478e-12,4.902186e-12,-1.968851e-07,4.902184e-12,1.550685e-11,8.988707e-01,8.988676e-01,-1.128761e-03,,rbl_0 never fell 0.1 V below its pre-read level within the 20 ns read window plus tail,2.611086e-06,-1.869465e-05,"schematic-level ASSUMED rbl loading (C_RBL), extracted C_SN per cell, no extracted bitline parasitics; rows written 0..3 sequentially; read age measured from row write end"
20261005T135350Z,2026-10-05T13:53:50+00:00,2b7fee1,c6d73a35f524070e85faff4a6a9eef49553ebc2b,** ngspice-46 : Circuit level simulation program,fs,-40,fresh,2,0,0010,010,ok,,0.605354,10.000,1.8,0.9,1.100000000e-07,1e-08,0.1,3.900000e-08,8.900000e-08,-9.685495e-04,1.010618e+00,-9.685135e-04,-9.684922e-04,-1.170654e-01,8.637000e-01,-1.170687e-01,-1.170699e-01,-1.170648e-01,8.636947e-01,-1.170680e-01,-1.170693e-01,8.999994e-01,1.808105e-12,1.887987e-12,1.808105e-12,1.223055e-12,4.919148e-12,4.902188e-12,5.702487e-12,-1.968851e-07,4.902184e-12,1.550686e-11,8.988707e-01,8.988676e-01,-1.128761e-03,,rbl_0 never fell 0.1 V below its pre-read level within the 20 ns read window plus tail,2.610129e-06,-1.869565e-05,"schematic-level ASSUMED rbl loading (C_RBL), extracted C_SN per cell, no extracted bitline parasitics; rows written 0..3 sequentially; read age measured from row write end"
20261005T135350Z,2026-10-05T13:53:50+00:00,2b7fee1,c6d73a35f524070e85faff4a6a9eef49553ebc2b,** ngspice-46 : Circuit level simulation program,fs,-40,fresh,2,0,0011,011,ok,,0.605354,10.000,1.8,0.9,1.100000000e-07,1e-08,0.1,3.900000e-08,8.900000e-08,1.010618e+00,1.010618e+00,-9.685133e-04,-9.684921e-04,8.636833e-01,8.637000e-01,-1.170687e-01,-1.170699e-01,8.636780e-01,8.636947e-01,-1.170680e-01,-1.170693e-01,8.999994e-01,1.887987e-12,1.887989e-12,1.808105e-12,1.223056e-12,4.999032e-12,5.703173e-12,5.703183e-12,-1.968850e-07,4.902778e-12,1.630913e-11,8.988705e-01,8.988673e-01,-1.128934e-03,,rbl_0 never fell 0.1 V below its pre-read level within the 20 ns read window plus tail,2.598129e-06,-1.870969e-05,"schematic-level ASSUMED rbl loading (C_RBL), extracted C_SN per cell, no extracted bitline parasitics; rows written 0..3 sequentially; read age measured from row write end"
20261005T135350Z,2026-10-05T13:53:50+00:00,2b7fee1,c6d73a35f524070e85faff4a6a9eef49553ebc2b,** ngspice-46 : Circuit level simulation program,fs,-40,fresh,2,1,0100,000,ok,,0.605354,10.000,1.8,0.9,1.100000000e-07,1e-08,0.1,3.900000e-08,8.900000e-08,-9.685495e-04,-9.685281e-04,1.010618e+00,-9.684921e-04,-1.170654e-01,-1.170667e-01,8.637175e-01,-1.170699e-01,-1.170648e-01,-1.170661e-01,8.637122e-01,-1.170693e-01,8.999994e-01,1.808105e-12,1.808105e-12,1.887988e-12,1.223056e-12,4.839265e-12,7.874383e-12,7.874381e-12,-2.417697e-07,7.874375e-12,2.362314e-11,8.804725e-01,8.637410e-01,-1.952692e-02,,rbl_0 never fell 0.1 V below its pre-read level within the 20 ns read window plus tail,-2.898842e-03,-2.520052e-03,"schematic-level ASSUMED rbl loading (C_RBL), extracted C_SN per cell, no extracted bitline parasitics; rows written 0..3 sequentially; read age measured from row write end"
20261005T135350Z,2026-10-05T13:53:50+00:00,2b7fee1,c6d73a35f524070e85faff4a6a9eef49553ebc2b,** ngspice-46 : Circuit level simulation program,fs,-40,fresh,2,1,0101,001,ok,,0.605354,10.000,1.8,0.9,1.100000000e-07,1e-08,0.1,3.900000e-08,8.900000e-08,1.010618e+00,-9.685278e-04,1.010618e+00,-9.684919e-04,8.636833e-01,-1.170667e-01,8.637175e-01,-1.170699e-01,8.636780e-01,-1.170661e-01,8.637122e-01,-1.170693e-01,8.999994e-01,1.887987e-12,1.808106e-12,1.887991e-12,1.223057e-12,4.919150e-12,9.021812e-12,7.875096e-12,-2.417696e-07,7.875091e-12,2.477200e-11,8.804707e-01,8.637377e-01,-1.952872e-02,,rbl_0 never fell 0.1 V below its pre-read level within the 20 ns read window plus tail,-2.899104e-03,-2.907432e-03,"schematic-level ASSUMED rbl loading (C_RBL), extracted C_SN per cell, no extracted bitline parasitics; rows written 0..3 sequentially; read age measured from row write end"
20261005T135350Z,2026-10-05T13:53:50+00:00,2b7fee1,c6d73a35f524070e85faff4a6a9eef49553ebc2b,** ngspice-46 : Circuit level simulation program,fs,-40,fresh,2,1,0110,010,ok,,0.605354,10.000,1.8,0.9,1.100000000e-07,1e-08,0.1,3.900000e-08,8.900000e-08,-9.685425e-04,1.010618e+00,1.010618e+00,-9.684919e-04,-1.170647e-01,8.637008e-01,8.637175e-01,-1.170699e-01,-1.170641e-01,8.636955e-01,8.637122e-01,-1.170693e-01,8.999994e-01,1.808106e-12,1.887989e-12,1.887991e-12,1.223057e-12,4.919153e-12,7.875100e-12,9.021824e-12,-2.417696e-07,7.875090e-12,2.477201e-11,8.804707e-01,8.637377e-01,-1.952872e-02,,rbl_0 never fell 0.1 V below its pre-read level within the 20 ns read window plus tail,-2.899104e-03,-2.907437e-03,"schematic-level ASSUMED rbl loading (C_RBL), extracted C_SN per cell, no extracted bitline parasitics; rows written 0..3 sequentially; read age measured from row write end"
20261005T135350Z,2026-10-05T13:53:50+00:00,2b7fee1,c6d73a35f524070e85faff4a6a9eef49553ebc2b,** ngspice-46 : Circuit level simulation program,fs,-40,fresh,2,1,0111,011,ok,,0.605354,10.000,1.8,0.9,1.100000000e-07,1e-08,0.1,3.900000e-08,8.900000e-08,1.010618e+00,1.010618e+00,1.010618e+00,-9.684918e-04,8.636841e-01,8.637008e-01,8.637175e-01,-1.170699e-01,8.636788e-01,8.636955e-01,8.637122e-01,-1.170693e-01,8.999994e-01,1.887990e-12,1.887990e-12,1.887992e-12,1.223059e-12,4.999039e-12,9.022650e-12,9.022660e-12,-2.417695e-07,7.875806e-12,2.592112e-11,8.804689e-01,8.637345e-01,-1.953052e-02,,rbl_0 never fell 0.1 V below its pre-read level within the 20 ns read window plus tail,-2.899366e-03,-2.907699e-03,"schematic-level ASSUMED rbl loading (C_RBL), extracted C_SN per cell, no extracted bitline parasitics; rows written 0..3 sequentially; read age measured from row write end"
20261005T135350Z,2026-10-05T13:53:50+00:00,2b7fee1,c6d73a35f524070e85faff4a6a9eef49553ebc2b,** ngspice-46 : Circuit level simulation program,fs,-40,fresh,2,0,1000,100,ok,,0.605354,10.000,1.8,0.9,1.100000000e-07,1e-08,0.1,3.900000e-08,8.900000e-08,-9.685495e-04,-9.685281e-04,-9.685067e-04,1.010618e+00,-1.170650e-01,-1.170663e-01,-1.170675e-01,8.637353e-01,-1.170644e-01,-1.170657e-01,-1.170669e-01,8.637300e-01,8.999994e-01,8.882507e-11,8.882510e-11,8.882513e-11,7.124681e-11,2.488970e-10,4.902342e-12,4.902341e-12,-1.968850e-07,5.702609e-12,1.550729e-11,8.988707e-01,8.988676e-01,-1.128761e-03,,rbl_0 never fell 0.1 V below its pre-read level within the 20 ns read window plus tail,2.223509e-06,-1.897721e-05,"schematic-level ASSUMED rbl loading (C_RBL), extracted C_SN per cell, no extracted bitline parasitics; rows written 0..3 sequentially; read age measured from row write end"
20261005T135350Z,2026-10-05T13:53:50+00:00,2b7fee1,c6d73a35f524070e85faff4a6a9eef49553ebc2b,** ngspice-46 : Circuit level simulation program,fs,-40,fresh,2,0,1001,101,ok,,0.605354,10.000,1.8,0.9,1.100000000e-07,1e-08,0.1,3.900000e-08,8.900000e-08,1.010618e+00,-9.685278e-04,-9.685066e-04,1.010618e+00,8.636836e-01,-1.170663e-01,-1.170675e-01,8.637353e-01,8.636783e-01,-1.170657e-01,-1.170669e-01,8.637300e-01,8.999994e-01,7.271294e-11,8.881706e-11,8.881709e-11,7.123779e-11,2.327678e-10,5.703278e-12,4.902936e-12,-1.968850e-07,5.703305e-12,1.630952e-11,8.988705e-01,8.988673e-01,-1.128934e-03,,rbl_0 never fell 0.1 V below its pre-read level within the 20 ns read window plus tail,2.210509e-06,-1.899217e-05,"schematic-level ASSUMED rbl loading (C_RBL), extracted C_SN per cell, no extracted bitline parasitics; rows written 0..3 sequentially; read age measured from row write end"
20261005T135350Z,2026-10-05T13:53:50+00:00,2b7fee1,c6d73a35f524070e85faff4a6a9eef49553ebc2b,** ngspice-46 : Circuit level simulation program,fs,-40,fresh,2,0,1010,110,ok,,0.605354,10.000,1.8,0.9,1.100000000e-07,1e-08,0.1,3.900000e-08,8.900000e-08,-9.685425e-04,1.010618e+00,-9.685064e-04,1.010618e+00,-1.170643e-01,8.637011e-01,-1.170675e-01,8.637353e-01,-1.170637e-01,8.636958e-01,-1.170669e-01,8.637300e-01,8.999994e-01,8.881702e-11,7.271275e-11,8.881709e-11,7.123779e-11,2.327676e-10,4.902938e-12,5.703287e-12,-1.968850e-07,5.703304e-12,1.630953e-11,8.988705e-01,8.988673e-01,-1.128934e-03,,rbl_0 never fell 0.1 V below its pre-read level within the 20 ns read window plus tail,2.210509e-06,-1.899217e-05,"schematic-level ASSUMED rbl loading (C_RBL), extracted C_SN per cell, no extracted bitline parasitics; rows written 0..3 sequentially; read age measured from row write end"
20261005T135350Z,2026-10-05T13:53:50+00:00,2b7fee1,c6d73a35f524070e85faff4a6a9eef49553ebc2b,** ngspice-46 : Circuit level simulation program,fs,-40,fresh,2,0,1011,111,ok,,0.605354,10.000,1.8,0.9,1.100000000e-07,1e-08,0.1,3.900000e-08,8.900000e-08,1.010618e+00,1.010618e+00,-9.685063e-04,1.010618e+00,8.636845e-01,8.637011e-01,-1.170675e-01,8.637353e-01,8.636791e-01,8.636958e-01,-1.170669e-01,8.637300e-01,8.999994e-01,7.270392e-11,7.270373e-11,8.880905e-11,7.122878e-11,2.166364e-10,5.703974e-12,5.703983e-12,-1.968850e-07,5.704001e-12,1.711196e-11,8.988703e-01,8.988671e-01,-1.129106e-03,,rbl_0 never fell 0.1 V below its pre-read level within the 20 ns read window plus tail,2.197552e-06,-1.900621e-05,"schematic-level ASSUMED rbl loading (C_RBL), extracted C_SN per cell, no extracted bitline parasitics; rows written 0..3 sequentially; read age measured from row write end"
20261005T135350Z,2026-10-05T13:53:50+00:00,2b7fee1,c6d73a35f524070e85faff4a6a9eef49553ebc2b,** ngspice-46 : Circuit level simulation program,fs,-40,fresh,2,1,1100,100,ok,,0.605354,10.000,1.8,0.9,1.100000000e-07,1e-08,0.1,3.900000e-08,8.900000e-08,-9.685425e-04,-9.685211e-04,1.010618e+00,1.010618e+00,-1.170643e-01,-1.170656e-01,8.637186e-01,8.637353e-01,-1.170637e-01,-1.170650e-01,8.637133e-01,8.637300e-01,8.999994e-01,8.881702e-11,8.881705e-11,7.271255e-11,7.123779e-11,2.488719e-10,7.875479e-12,7.875476e-12,-2.417702e-07,9.022206e-12,2.477316e-11,8.804703e-01,8.637369e-01,-1.952914e-02,,rbl_0 never fell 0.1 V below its pre-read level within the 20 ns read window plus tail,-2.899450e-03,-2.907790e-03,"schematic-level ASSUMED rbl loading (C_RBL), extracted C_SN per cell, no extracted bitline parasitics; rows written 0..3 sequentially; read age measured from row write end"
20261005T135350Z,2026-10-05T13:53:50+00:00,2b7fee1,c6d73a35f524070e85faff4a6a9eef49553ebc2b,** ngspice-46 : Circuit level simulation program,fs,-40,fresh,2,1,1101,101,ok,,0.605354,10.000,1.8,0.9,1.100000000e-07,1e-08,0.1,3.900000e-08,8.900000e-08,1.010618e+00,-9.685208e-04,1.010618e+00,1.010618e+00,8.636845e-01,-1.170656e-01,8.637186e-01,8.637353e-01,8.636791e-01,-1.170650e-01,8.637133e-01,8.637300e-01,8.999994e-01,7.270391e-11,8.880901e-11,7.270354e-11,7.122878e-11,2.327417e-10,9.023009e-12,7.876190e-12,-2.417701e-07,9.023044e-12,2.592224e-11,8.804685e-01,8.637337e-01,-1.953094e-02,,rbl_0 never fell 0.1 V below its pre-read level within the 20 ns read window plus tail,-2.899712e-03,-2.908052e-03,"schematic-level ASSUMED rbl loading (C_RBL), extracted C_SN per cell, no extracted bitline parasitics; rows written 0..3 sequentially; read age measured from row write end"
20261005T135350Z,2026-10-05T13:53:50+00:00,2b7fee1,c6d73a35f524070e85faff4a6a9eef49553ebc2b,** ngspice-46 : Circuit level simulation program,fs,-40,fresh,2,1,1110,110,ok,,0.605354,10.000,1.8,0.9,1.100000000e-07,1e-08,0.1,3.900000e-08,8.900000e-08,-9.685354e-04,1.010618e+00,1.010618e+00,1.010618e+00,-1.170636e-01,8.637019e-01,8.637186e-01,8.637353e-01,-1.170630e-01,8.636966e-01,8.637133e-01,8.637300e-01,8.999994e-01,8.880897e-11,7.270372e-11,7.270354e-11,7.122878e-11,2.327415e-10,7.876195e-12,9.023020e-12,-2.417701e-07,9.023043e-12,2.592226e-11,8.804685e-01,8.637337e-01,-1.953094e-02,,rbl_0 never fell 0.1 V below its pre-read level within the 20 ns read window plus tail,-2.899712e-03,-2.908052e-03,"schematic-level ASSUMED rbl loading (C_RBL), extracted C_SN per cell, no extracted bitline parasitics; rows written 0..3 sequentially; read age measured from row write end"
20261005T135350Z,2026-10-05T13:53:50+00:00,2b7fee1,c6d73a35f524070e85faff4a6a9eef49553ebc2b,** ngspice-46 : Circuit level simulation program,fs,-40,fresh,2,1,1111,111,ok,,0.605354,10.000,1.8,0.9,1.100000000e-07,1e-08,0.1,3.900000e-08,8.900000e-08,1.010618e+00,1.010618e+00,1.010618e+00,1.010618e+00,8.636853e-01,8.637019e-01,8.637186e-01,8.637353e-01,8.636799e-01,8.636966e-01,8.637133e-01,8.637300e-01,8.999994e-01,7.269489e-11,7.269471e-11,7.269452e-11,7.121976e-11,2.166094e-10,9.023845e-12,9.023857e-12,-2.417699e-07,9.023879e-12,2.707158e-11,8.804667e-01,8.637304e-01,-1.953274e-02,,rbl_0 never fell 0.1 V below its pre-read level within the 20 ns read window plus tail,-2.899974e-03,-2.908314e-03,"schematic-level ASSUMED rbl loading (C_RBL), extracted C_SN per cell, no extracted bitline parasitics; rows written 0..3 sequentially; read age measured from row write end"
20261005T135350Z,2026-10-05T13:53:50+00:00,2b7fee1,c6d73a35f524070e85faff4a6a9eef49553ebc2b,** ngspice-46 : Circuit level simulation program,fs,-40,fresh,3,0,0000,000,ok,,0.605354,10.000,1.8,0.9,1.100000000e-07,1e-08,0.1,1.400000e-08,8.900000e-08,-9.685564e-04,-9.685351e-04,-9.685137e-04,-9.684923e-04,-1.170661e-01,-1.170674e-01,-1.170687e-01,-1.170699e-01,-1.170655e-01,-1.170668e-01,-1.170680e-01,-1.170693e-01,8.999995e-01,1.808103e-12,1.808103e-12,1.808103e-12,1.223054e-12,5.424308e-12,4.901591e-12,4.901591e-12,4.901589e-12,-1.968851e-07,1.470477e-11,8.988709e-01,8.988678e-01,-1.128587e-03,,rbl_0 never fell 0.1 V below its pre-read level within the 20 ns read window plus tail,2.623129e-06,1.559526e-06,"schematic-level ASSUMED rbl loading (C_RBL), extracted C_SN per cell, no extracted bitline parasitics; rows written 0..3 sequentially; read age measured from row write end"
20261005T135350Z,2026-10-05T13:53:50+00:00,2b7fee1,c6d73a35f524070e85faff4a6a9eef49553ebc2b,** ngspice-46 : Circuit level simulation program,fs,-40,fresh,3,0,0001,001,ok,,0.605354,10.000,1.8,0.9,1.100000000e-07,1e-08,0.1,1.400000e-08,8.900000e-08,1.010618e+00,-9.685348e-04,-9.685136e-04,-9.684922e-04,8.636825e-01,-1.170674e-01,-1.170687e-01,-1.170699e-01,8.636772e-01,-1.170668e-01,-1.170680e-01,-1.170693e-01,8.999994e-01,1.887985e-12,1.808105e-12,1.808105e-12,1.223055e-12,5.504195e-12,5.702475e-12,4.902185e-12,4.902183e-12,-1.968851e-07,1.550684e-11,8.988707e-01,8.988676e-01,-1.128761e-03,,rbl_0 never fell 0.1 V below its pre-read level within the 20 ns read window plus tail,2.611086e-06,-1.869465e-05,"schematic-level ASSUMED rbl loading (C_RBL), extracted C_SN per cell, no extracted bitline parasitics; rows written 0..3 sequentially; read age measured from row write end"
20261005T135350Z,2026-10-05T13:53:50+00:00,2b7fee1,c6d73a35f524070e85faff4a6a9eef49553ebc2b,** ngspice-46 : Circuit level simulation program,fs,-40,fresh,3,0,0010,010,ok,,0.605354,10.000,1.8,0.9,1.100000000e-07,1e-08,0.1,1.400000e-08,8.900000e-08,-9.685495e-04,1.010618e+00,-9.685135e-04,-9.684922e-04,-1.170654e-01,8.637000e-01,-1.170687e-01,-1.170699e-01,-1.170648e-01,8.636947e-01,-1.170680e-01,-1.170693e-01,8.999994e-01,1.808105e-12,1.887987e-12,1.808105e-12,1.223055e-12,5.504197e-12,4.902186e-12,5.702485e-12,4.902182e-12,-1.968851e-07,1.550685e-11,8.988707e-01,8.988676e-01,-1.128761e-03,,rbl_0 never fell 0.1 V below its pre-read level within the 20 ns read window plus tail,2.611086e-06,-1.869565e-05,"schematic-level ASSUMED rbl loading (C_RBL), extracted C_SN per cell, no extracted bitline parasitics; rows written 0..3 sequentially; read age measured from row write end"
20261005T135350Z,2026-10-05T13:53:50+00:00,2b7fee1,c6d73a35f524070e85faff4a6a9eef49553ebc2b,** ngspice-46 : Circuit level simulation program,fs,-40,fresh,3,0,0011,011,ok,,0.605354,10.000,1.8,0.9,1.100000000e-07,1e-08,0.1,1.400000e-08,8.900000e-08,1.010618e+00,1.010618e+00,-9.685133e-04,-9.684921e-04,8.636833e-01,8.637000e-01,-1.170687e-01,-1.170699e-01,8.636780e-01,8.636947e-01,-1.170680e-01,-1.170693e-01,8.999994e-01,1.887987e-12,1.887989e-12,1.808105e-12,1.223056e-12,5.584081e-12,5.703172e-12,5.703180e-12,4.902777e-12,-1.968851e-07,1.630913e-11,8.988705e-01,8.988673e-01,-1.128933e-03,,rbl_0 never fell 0.1 V below its pre-read level within the 20 ns read window plus tail,2.598086e-06,-1.870969e-05,"schematic-level ASSUMED rbl loading (C_RBL), extracted C_SN per cell, no extracted bitline parasitics; rows written 0..3 sequentially; read age measured from row write end"
20261005T135350Z,2026-10-05T13:53:50+00:00,2b7fee1,c6d73a35f524070e85faff4a6a9eef49553ebc2b,** ngspice-46 : Circuit level simulation program,fs,-40,fresh,3,0,0100,100,ok,,0.605354,10.000,1.8,0.9,1.100000000e-07,1e-08,0.1,1.400000e-08,8.900000e-08,-9.685495e-04,-9.685281e-04,1.010618e+00,-9.684921e-04,-1.170654e-01,-1.170667e-01,8.637175e-01,-1.170699e-01,-1.170648e-01,-1.170661e-01,8.637122e-01,-1.170693e-01,8.999994e-01,1.808105e-12,1.808105e-12,1.887988e-12,1.223056e-12,5.504198e-12,4.902187e-12,4.902185e-12,5.702493e-12,-1.968851e-07,1.550686e-11,8.988707e-01,8.988676e-01,-1.128761e-03,,rbl_0 never fell 0.1 V below its pre-read level within the 20 ns read window plus tail,2.611086e-06,-1.869469e-05,"schematic-level ASSUMED rbl loading (C_RBL), extracted C_SN per cell, no extracted bitline parasitics; rows written 0..3 sequentially; read age measured from row write end"
20261005T135350Z,2026-10-05T13:53:50+00:00,2b7fee1,c6d73a35f524070e85faff4a6a9eef49553ebc2b,** ngspice-46 : Circuit level simulation program,fs,-40,fresh,3,0,0101,101,ok,,0.605354,10.000,1.8,0.9,1.100000000e-07,1e-08,0.1,1.400000e-08,8.900000e-08,1.010618e+00,-9.685278e-04,1.010618e+00,-9.684919e-04,8.636833e-01,-1.170667e-01,8.637175e-01,-1.170699e-01,8.636780e-01,-1.170661e-01,8.637122e-01,-1.170693e-01,8.999994e-01,1.887987e-12,1.808106e-12,1.887991e-12,1.223057e-12,5.584084e-12,5.703172e-12,4.902780e-12,5.703190e-12,-1.968851e-07,1.630914e-11,8.988705e-01,8.988673e-01,-1.128933e-03,,rbl_0 never fell 0.1 V below its pre-read level within the 20 ns read window plus tail,2.598086e-06,-1.870965e-05,"schematic-level ASSUMED rbl loading (C_RBL), extracted C_SN per cell, no extracted bitline parasitics; rows written 0..3 sequentially; read age measured from row write end"
20261005T135350Z,2026-10-05T13:53:50+00:00,2b7fee1,c6d73a35f524070e85faff4a6a9eef49553ebc2b,** ngspice-46 : Circuit level simulation program,fs,-40,fresh,3,0,0110,110,ok,,0.605354,10.000,1.8,0.9,1.100000000e-07,1e-08,0.1,1.400000e-08,8.900000e-08,-9.685425e-04,1.010618e+00,1.010618e+00,-9.684919e-04,-1.170647e-01,8.637008e-01,8.637175e-01,-1.170699e-01,-1.170641e-01,8.636955e-01,8.637122e-01,-1.170693e-01,8.999994e-01,1.808106e-12,1.887989e-12,1.887991e-12,1.223057e-12,5.584086e-12,4.902782e-12,5.703181e-12,5.703189e-12,-1.968851e-07,1.630915e-11,8.988705e-01,8.988673e-01,-1.128933e-03,,rbl_0 never fell 0.1 V below its pre-read level within the 20 ns read window plus tail,2.598086e-06,-1.870969e-05,"schematic-level ASSUMED rbl loading (C_RBL), extracted C_SN per cell, no extracted bitline parasitics; rows written 0..3 sequentially; read age measured from row write end"
20261005T135350Z,2026-10-05T13:53:50+00:00,2b7fee1,c6d73a35f524070e85faff4a6a9eef49553ebc2b,** ngspice-46 : Circuit level simulation program,fs,-40,fresh,3,0,0111,111,ok,,0.605354,10.000,1.8,0.9,1.100000000e-07,1e-08,0.1,1.400000e-08,8.900000e-08,1.010618e+00,1.010618e+00,1.010618e+00,-9.684918e-04,8.636841e-01,8.637008e-01,8.637175e-01,-1.170699e-01,8.636788e-01,8.636955e-01,8.637122e-01,-1.170693e-01,8.999994e-01,1.887990e-12,1.887990e-12,1.887992e-12,1.223059e-12,5.663972e-12,5.703869e-12,5.703877e-12,5.703886e-12,-1.968851e-07,1.711163e-11,8.988703e-01,8.988671e-01,-1.129106e-03,,rbl_0 never fell 0.1 V below its pre-read level within the 20 ns read window plus tail,2.586086e-06,-1.872465e-05,"schematic-level ASSUMED rbl loading (C_RBL), extracted C_SN per cell, no extracted bitline parasitics; rows written 0..3 sequentially; read age measured from row write end"
20261005T135350Z,2026-10-05T13:53:50+00:00,2b7fee1,c6d73a35f524070e85faff4a6a9eef49553ebc2b,** ngspice-46 : Circuit level simulation program,fs,-40,fresh,3,1,1000,000,ok,,0.605354,10.000,1.8,0.9,1.100000000e-07,1e-08,0.1,1.400000e-08,8.900000e-08,-9.685495e-04,-9.685281e-04,-9.685067e-04,1.010618e+00,-1.170650e-01,-1.170663e-01,-1.170675e-01,8.637353e-01,-1.170644e-01,-1.170657e-01,-1.170669e-01,8.637300e-01,8.999994e-01,8.882507e-11,8.882510e-11,8.882513e-11,7.124681e-11,2.664753e-10,7.879445e-12,7.879443e-12,7.879441e-12,-2.417827e-07,2.363833e-11,8.804634e-01,8.637240e-01,-1.953608e-02,,rbl_0 never fell 0.1 V below its pre-read level within the 20 ns read window plus tail,-2.900522e-03,-2.521658e-03,"schematic-level ASSUMED rbl loading (C_RBL), extracted C_SN per cell, no extracted bitline parasitics; rows written 0..3 sequentially; read age measured from row write end"
20261005T135350Z,2026-10-05T13:53:50+00:00,2b7fee1,c6d73a35f524070e85faff4a6a9eef49553ebc2b,** ngspice-46 : Circuit level simulation program,fs,-40,fresh,3,1,1001,001,ok,,0.605354,10.000,1.8,0.9,1.100000000e-07,1e-08,0.1,1.400000e-08,8.900000e-08,1.010618e+00,-9.685278e-04,-9.685066e-04,1.010618e+00,8.636836e-01,-1.170663e-01,-1.170675e-01,8.637353e-01,8.636783e-01,-1.170657e-01,-1.170669e-01,8.637300e-01,8.999994e-01,7.271294e-11,8.881706e-11,8.881709e-11,7.123779e-11,2.503471e-10,9.027509e-12,7.880159e-12,7.880156e-12,-2.417826e-07,2.478782e-11,8.804615e-01,8.637207e-01,-1.953788e-02,,rbl_0 never fell 0.1 V below its pre-read level within the 20 ns read window plus tail,-2.900784e-03,-2.909109e-03,"schematic-level ASSUMED rbl loading (C_RBL), extracted C_SN per cell, no extracted bitline parasitics; rows written 0..3 sequentially; read age measured from row write end"
20261005T135350Z,2026-10-05T13:53:50+00:00,2b7fee1,c6d73a35f524070e85faff4a6a9eef49553ebc2b,** ngspice-46 : Circuit level simulation program,fs,-40,fresh,3,1,1010,010,ok,,0.605354,10.000,1.8,0.9,1.100000000e-07,1e-08,0.1,1.400000e-08,8.900000e-08,-9.685425e-04,1.010618e+00,-9.685064e-04,1.010618e+00,-1.170643e-01,8.637011e-01,-1.170675e-01,8.637353e-01,-1.170637e-01,8.636958e-01,-1.170669e-01,8.637300e-01,8.999994e-01,8.881702e-11,7.271275e-11,8.881709e-11,7.123779e-11,2.503469e-10,7.880162e-12,9.027520e-12,7.880157e-12,-2.417826e-07,2.478784e-11,8.804615e-01,8.637207e-01,-1.953788e-02,,rbl_0 never fell 0.1 V below its pre-read level within the 20 ns read window plus tail,-2.900784e-03,-2.909113e-03,"schematic-level ASSUMED rbl loading (C_RBL), extracted C_SN per cell, no extracted bitline parasitics; rows written 0..3 sequentially; read age measured from row write end"
20261005T135350Z,2026-10-05T13:53:50+00:00,2b7fee1,c6d73a35f524070e85faff4a6a9eef49553ebc2b,** ngspice-46 : Circuit level simulation program,fs,-40,fresh,3,1,1011,011,ok,,0.605354,10.000,1.8,0.9,1.100000000e-07,1e-08,0.1,1.400000e-08,8.900000e-08,1.010618e+00,1.010618e+00,-9.685063e-04,1.010618e+00,8.636845e-01,8.637011e-01,-1.170675e-01,8.637353e-01,8.636791e-01,8.636958e-01,-1.170669e-01,8.637300e-01,8.999994e-01,7.270392e-11,7.270373e-11,8.880905e-11,7.122878e-11,2.342167e-10,9.028346e-12,9.028358e-12,7.880871e-12,-2.417825e-07,2.593757e-11,8.804597e-01,8.637174e-01,-1.953968e-02,,rbl_0 never fell 0.1 V below its pre-read level within the 20 ns read window plus tail,-2.901046e-03,-2.909375e-03,"schematic-level ASSUMED rbl loading (C_RBL), extracted C_SN per cell, no extracted bitline parasitics; rows written 0..3 sequentially; read age measured from row write end"
20261005T135350Z,2026-10-05T13:53:50+00:00,2b7fee1,c6d73a35f524070e85faff4a6a9eef49553ebc2b,** ngspice-46 : Circuit level simulation program,fs,-40,fresh,3,1,1100,100,ok,,0.605354,10.000,1.8,0.9,1.100000000e-07,1e-08,0.1,1.400000e-08,8.900000e-08,-9.685425e-04,-9.685211e-04,1.010618e+00,1.010618e+00,-1.170643e-01,-1.170656e-01,8.637186e-01,8.637353e-01,-1.170637e-01,-1.170650e-01,8.637133e-01,8.637300e-01,8.999994e-01,8.881702e-11,8.881705e-11,7.271255e-11,7.123779e-11,2.503466e-10,7.880162e-12,7.880159e-12,9.027534e-12,-2.417826e-07,2.478785e-11,8.804615e-01,8.637207e-01,-1.953788e-02,,rbl_0 never fell 0.1 V below its pre-read level within the 20 ns read window plus tail,-2.900784e-03,-2.909117e-03,"schematic-level ASSUMED rbl loading (C_RBL), extracted C_SN per cell, no extracted bitline parasitics; rows written 0..3 sequentially; read age measured from row write end"
20261005T135350Z,2026-10-05T13:53:50+00:00,2b7fee1,c6d73a35f524070e85faff4a6a9eef49553ebc2b,** ngspice-46 : Circuit level simulation program,fs,-40,fresh,3,1,1101,101,ok,,0.605354,10.000,1.8,0.9,1.100000000e-07,1e-08,0.1,1.400000e-08,8.900000e-08,1.010618e+00,-9.685208e-04,1.010618e+00,1.010618e+00,8.636845e-01,-1.170656e-01,8.637186e-01,8.637353e-01,8.636791e-01,-1.170650e-01,8.637133e-01,8.637300e-01,8.999994e-01,7.270391e-11,8.880901e-11,7.270354e-11,7.122878e-11,2.342165e-10,9.028346e-12,7.880875e-12,9.028370e-12,-2.417825e-07,2.593759e-11,8.804597e-01,8.637174e-01,-1.953968e-02,,rbl_0 never fell 0.1 V below its pre-read level within the 20 ns read window plus tail,-2.901046e-03,-2.909379e-03,"schematic-level ASSUMED rbl loading (C_RBL), extracted C_SN per cell, no extracted bitline parasitics; rows written 0..3 sequentially; read age measured from row write end"
20261005T135350Z,2026-10-05T13:53:50+00:00,2b7fee1,c6d73a35f524070e85faff4a6a9eef49553ebc2b,** ngspice-46 : Circuit level simulation program,fs,-40,fresh,3,1,1110,110,ok,,0.605354,10.000,1.8,0.9,1.100000000e-07,1e-08,0.1,1.400000e-08,8.900000e-08,-9.685354e-04,1.010618e+00,1.010618e+00,1.010618e+00,-1.170636e-01,8.637019e-01,8.637186e-01,8.637353e-01,-1.170630e-01,8.636966e-01,8.637133e-01,8.637300e-01,8.999994e-01,8.880897e-11,7.270372e-11,7.270354e-11,7.122878e-11,2.342162e-10,7.880879e-12,9.028359e-12,9.028369e-12,-2.417825e-07,2.593761e-11,8.804597e-01,8.637174e-01,-1.953968e-02,,rbl_0 never fell 0.1 V below its pre-read level within the 20 ns read window plus tail,-2.901046e-03,-2.909379e-03,"schematic-level ASSUMED rbl loading (C_RBL), extracted C_SN per cell, no extracted bitline parasitics; rows written 0..3 sequentially; read age measured from row write end"
20261005T135350Z,2026-10-05T13:53:50+00:00,2b7fee1,c6d73a35f524070e85faff4a6a9eef49553ebc2b,** ngspice-46 : Circuit level simulation program,fs,-40,fresh,3,1,1111,111,ok,,0.605354,10.000,1.8,0.9,1.100000000e-07,1e-08,0.1,1.400000e-08,8.900000e-08,1.010618e+00,1.010618e+00,1.010618e+00,1.010618e+00,8.636853e-01,8.637019e-01,8.637186e-01,8.637353e-01,8.636799e-01,8.636966e-01,8.637133e-01,8.637300e-01,8.999994e-01,7.269489e-11,7.269471e-11,7.269452e-11,7.121976e-11,2.180841e-10,9.029184e-12,9.029195e-12,9.029207e-12,-2.417823e-07,2.708759e-11,8.804579e-01,8.637142e-01,-1.954148e-02,,rbl_0 never fell 0.1 V below its pre-read level within the 20 ns read window plus tail,-2.901308e-03,-2.909642e-03,"schematic-level ASSUMED rbl loading (C_RBL), extracted C_SN per cell, no extracted bitline parasitics; rows written 0..3 sequentially; read age measured from row write end"
20261005T135350Z,2026-10-05T13:53:50+00:00,2b7fee1,c6d73a35f524070e85faff4a6a9eef49553ebc2b,** ngspice-46 : Circuit level simulation program,fs,-40,refresh_bound,0,0,0000,000,ok,,0.605354,10.000,1.8,0.9,5.050945000e-06,1e-08,0.1,5.029945e-06,5.029945e-06,-9.685564e-04,-9.685351e-04,-9.685137e-04,-9.684923e-04,-1.170661e-01,-1.170674e-01,-1.170687e-01,-1.170699e-01,-1.166758e-01,-1.166770e-01,-1.166783e-01,-1.166796e-01,8.999995e-01,1.791854e-12,1.791855e-12,1.791853e-12,1.791860e-12,5.375568e-12,-1.968844e-07,4.902540e-12,4.902538e-12,4.902537e-12,1.470761e-11,8.988708e-01,8.988677e-01,-1.128691e-03,,rbl_0 never fell 0.1 V below its pre-read level within the 20 ns read window plus tail,2.615293e-06,1.552907e-06,"schematic-level ASSUMED rbl loading (C_RBL), extracted C_SN per cell, no extracted bitline parasitics; rows written 0..3 sequentially; read age measured from row write end"
20261005T135350Z,2026-10-05T13:53:50+00:00,2b7fee1,c6d73a35f524070e85faff4a6a9eef49553ebc2b,** ngspice-46 : Circuit level simulation program,fs,-40,refresh_bound,0,1,0001,000,ok,,0.605354,10.000,1.8,0.9,5.050945000e-06,1e-08,0.1,5.029945e-06,5.029945e-06,1.010618e+00,-9.685348e-04,-9.685136e-04,-9.684922e-04,8.636825e-01,-1.170674e-01,-1.170687e-01,-1.170699e-01,8.603854e-01,-1.166770e-01,-1.166783e-01,-1.166796e-01,8.999994e-01,1.868785e-12,1.791854e-12,1.791853e-12,1.791861e-12,5.375567e-12,-2.393769e-07,6.986085e-12,6.986083e-12,6.986080e-12,2.095825e-11,8.821414e-01,8.668479e-01,-1.785806e-02,,rbl_0 never fell 0.1 V below its pre-read level within the 20 ns read window plus tail,-2.643454e-03,-2.297825e-03,"schematic-level ASSUMED rbl loading (C_RBL), extracted C_SN per cell, no extracted bitline parasitics; rows written 0..3 sequentially; read age measured from row write end"
20261005T135350Z,2026-10-05T13:53:50+00:00,2b7fee1,c6d73a35f524070e85faff4a6a9eef49553ebc2b,** ngspice-46 : Circuit level simulation program,fs,-40,refresh_bound,0,0,0010,001,ok,,0.605354,10.000,1.8,0.9,5.050945000e-06,1e-08,0.1,5.029945e-06,5.029945e-06,-9.685495e-04,1.010618e+00,-9.685135e-04,-9.684922e-04,-1.170654e-01,8.637000e-01,-1.170687e-01,-1.170699e-01,-1.166751e-01,8.604028e-01,-1.166783e-01,-1.166796e-01,8.999994e-01,1.791853e-12,1.868787e-12,1.791853e-12,1.791861e-12,5.452501e-12,-1.968844e-07,5.701363e-12,4.903132e-12,4.903131e-12,1.550763e-11,8.988706e-01,8.988675e-01,-1.128864e-03,,rbl_0 never fell 0.1 V below its pre-read level within the 20 ns read window plus tail,2.603293e-06,-1.862122e-05,"schematic-level ASSUMED rbl loading (C_RBL), extracted C_SN per cell, no extracted bitline parasitics; rows written 0..3 sequentially; read age measured from row write end"
20261005T135350Z,2026-10-05T13:53:50+00:00,2b7fee1,c6d73a35f524070e85faff4a6a9eef49553ebc2b,** ngspice-46 : Circuit level simulation program,fs,-40,refresh_bound,0,1,0011,001,ok,,0.605354,10.000,1.8,0.9,5.050945000e-06,1e-08,0.1,5.029945e-06,5.029945e-06,1.010618e+00,1.010618e+00,-9.685133e-04,-9.684921e-04,8.636833e-01,8.637000e-01,-1.170687e-01,-1.170699e-01,8.603862e-01,8.604028e-01,-1.166783e-01,-1.166796e-01,8.999994e-01,1.868784e-12,1.868787e-12,1.791854e-12,1.791861e-12,5.452501e-12,-2.393773e-07,8.007096e-12,6.986936e-12,6.986935e-12,2.198097e-11,8.821393e-01,8.668442e-01,-1.786010e-02,,rbl_0 never fell 0.1 V below its pre-read level within the 20 ns read window plus tail,-2.643754e-03,-2.651859e-03,"schematic-level ASSUMED rbl loading (C_RBL), extracted C_SN per cell, no extracted bitline parasitics; rows written 0..3 sequentially; read age measured from row write end"
20261005T135350Z,2026-10-05T13:53:50+00:00,2b7fee1,c6d73a35f524070e85faff4a6a9eef49553ebc2b,** ngspice-46 : Circuit level simulation program,fs,-40,refresh_bound,0,0,0100,010,ok,,0.605354,10.000,1.8,0.9,5.050945000e-06,1e-08,0.1,5.029945e-06,5.029945e-06,-9.685495e-04,-9.685281e-04,1.010618e+00,-9.684921e-04,-1.170654e-01,-1.170667e-01,8.637175e-01,-1.170699e-01,-1.166751e-01,-1.166763e-01,8.604202e-01,-1.166796e-01,8.999994e-01,1.791853e-12,1.791853e-12,1.868788e-12,1.791861e-12,5.452502e-12,-1.968844e-07,4.903135e-12,5.701373e-12,4.903131e-12,1.550764e-11,8.988706e-01,8.988675e-01,-1.128864e-03,,rbl_0 never fell 0.1 V below its pre-read level within the 20 ns read window plus tail,2.603293e-06,-1.862122e-05,"schematic-level ASSUMED rbl loading (C_RBL), extracted C_SN per cell, no extracted bitline parasitics; rows written 0..3 sequentially; read age measured from row write end"
20261005T135350Z,2026-10-05T13:53:50+00:00,2b7fee1,c6d73a35f524070e85faff4a6a9eef49553ebc2b,** ngspice-46 : Circuit level simulation program,fs,-40,refresh_bound,0,1,0101,010,ok,,0.605354,10.000,1.8,0.9,5.050945000e-06,1e-08,0.1,5.029945e-06,5.029945e-06,1.010618e+00,-9.685278e-04,1.010618e+00,-9.684919e-04,8.636833e-01,-1.170667e-01,8.637175e-01,-1.170699e-01,8.603862e-01,-1.166763e-01,8.604202e-01,-1.166796e-01,8.999994e-01,1.868784e-12,1.791854e-12,1.868789e-12,1.791860e-12,5.452503e-12,-2.393773e-07,6.986939e-12,8.007108e-12,6.986934e-12,2.198098e-11,8.821393e-01,8.668442e-01,-1.786010e-02,,rbl_0 never fell 0.1 V below its pre-read level within the 20 ns read window plus tail,-2.643754e-03,-2.651863e-03,"schematic-level ASSUMED rbl loading (C_RBL), extracted C_SN per cell, no extracted bitline parasitics; rows written 0..3 sequentially; read age measured from row write end"
20261005T135350Z,2026-10-05T13:53:50+00:00,2b7fee1,c6d73a35f524070e85faff4a6a9eef49553ebc2b,** ngspice-46 : Circuit level simulation program,fs,-40,refresh_bound,0,0,0110,011,ok,,0.605354,10.000,1.8,0.9,5.050945000e-06,1e-08,0.1,5.029945e-06,5.029945e-06,-9.685425e-04,1.010618e+00,1.010618e+00,-9.684919e-04,-1.170647e-01,8.637008e-01,8.637175e-01,-1.170699e-01,-1.166744e-01,8.604036e-01,8.604202e-01,-1.166796e-01,8.999994e-01,1.791853e-12,1.868787e-12,1.868789e-12,1.791860e-12,5.529436e-12,-1.968844e-07,5.702059e-12,5.702067e-12,4.903725e-12,1.630785e-11,8.988704e-01,8.988672e-01,-1.129036e-03,,rbl_0 never fell 0.1 V below its pre-read level within the 20 ns read window plus tail,2.590381e-06,-1.863622e-05,"schematic-level ASSUMED rbl loading (C_RBL), extracted C_SN per cell, no extracted bitline parasitics; rows written 0..3 sequentially; read age measured from row write end"
20261005T135350Z,2026-10-05T13:53:50+00:00,2b7fee1,c6d73a35f524070e85faff4a6a9eef49553ebc2b,** ngspice-46 : Circuit level simulation program,fs,-40,refresh_bound,0,1,0111,011,ok,,0.605354,10.000,1.8,0.9,5.050945000e-06,1e-08,0.1,5.029945e-06,5.029945e-06,1.010618e+00,1.010618e+00,1.010618e+00,-9.684918e-04,8.636841e-01,8.637008e-01,8.637175e-01,-1.170699e-01,8.603870e-01,8.604036e-01,8.604202e-01,-1.166796e-01,8.999994e-01,1.868785e-12,1.868786e-12,1.868789e-12,1.791861e-12,5.529436e-12,-2.393778e-07,8.008089e-12,8.008100e-12,6.987788e-12,2.300398e-11,8.821373e-01,8.668405e-01,-1.786213e-02,,rbl_0 never fell 0.1 V below its pre-read level within the 20 ns read window plus tail,-2.644053e-03,-2.652162e-03,"schematic-level ASSUMED rbl loading (C_RBL), extracted C_SN per cell, no extracted bitline parasitics; rows written 0..3 sequentially; read age measured from row write end"
20261005T135350Z,2026-10-05T13:53:50+00:00,2b7fee1,c6d73a35f524070e85faff4a6a9eef49553ebc2b,** ngspice-46 : Circuit level simulation program,fs,-40,refresh_bound,0,0,1000,100,ok,,0.605354,10.000,1.8,0.9,5.050945000e-06,1e-08,0.1,5.029945e-06,5.029945e-06,-9.685495e-04,-9.685281e-04,-9.685067e-04,1.010618e+00,-1.170650e-01,-1.170663e-01,-1.170675e-01,8.637353e-01,-1.166751e-01,-1.166763e-01,-1.166776e-01,8.604376e-01,8.999994e-01,1.825212e-12,1.825213e-12,1.825211e-12,1.912014e-12,5.562438e-12,-1.968844e-07,4.903135e-12,4.903133e-12,5.701382e-12,1.550765e-11,8.988706e-01,8.988675e-01,-1.128864e-03,,rbl_0 never fell 0.1 V below its pre-read level within the 20 ns read window plus tail,2.603293e-06,-1.862222e-05,"schematic-level ASSUMED rbl loading (C_RBL), extracted C_SN per cell, no extracted bitline parasitics; rows written 0..3 sequentially; read age measured from row write end"
20261005T135350Z,2026-10-05T13:53:50+00:00,2b7fee1,c6d73a35f524070e85faff4a6a9eef49553ebc2b,** ngspice-46 : Circuit level simulation program,fs,-40,refresh_bound,0,1,1001,100,ok,,0.605354,10.000,1.8,0.9,5.050945000e-06,1e-08,0.1,5.029945e-06,5.029945e-06,1.010618e+00,-9.685278e-04,-9.685066e-04,1.010618e+00,8.636836e-01,-1.170663e-01,-1.170675e-01,8.637353e-01,8.603861e-01,-1.166763e-01,-1.166776e-01,8.604376e-01,8.999994e-01,1.911928e-12,1.825203e-12,1.825204e-12,1.912004e-12,5.562411e-12,-2.393773e-07,6.986932e-12,6.986931e-12,8.007111e-12,2.198097e-11,8.821393e-01,8.668442e-01,-1.786008e-02,,rbl_0 never fell 0.1 V below its pre-read level within the 20 ns read window plus tail,-2.643752e-03,-2.651865e-03,"schematic-level ASSUMED rbl loading (C_RBL), extracted C_SN per cell, no extracted bitline parasitics; rows written 0..3 sequentially; read age measured from row write end"
20261005T135350Z,2026-10-05T13:53:50+00:00,2b7fee1,c6d73a35f524070e85faff4a6a9eef49553ebc2b,** ngspice-46 : Circuit level simulation program,fs,-40,refresh_bound,0,0,1010,101,ok,,0.605354,10.000,1.8,0.9,5.050945000e-06,1e-08,0.1,5.029945e-06,5.029945e-06,-9.685425e-04,1.010618e+00,-9.685064e-04,1.010618e+00,-1.170643e-01,8.637011e-01,-1.170675e-01,8.637353e-01,-1.166744e-01,8.604036e-01,-1.166776e-01,8.604376e-01,8.999994e-01,1.825204e-12,1.911931e-12,1.825203e-12,1.912004e-12,5.649138e-12,-1.968844e-07,5.702059e-12,4.903727e-12,5.702077e-12,1.630786e-11,8.988704e-01,8.988672e-01,-1.129036e-03,,rbl_0 never fell 0.1 V below its pre-read level within the 20 ns read window plus tail,2.590381e-06,-1.863622e-05,"schematic-level ASSUMED rbl loading (C_RBL), extracted C_SN per cell, no extracted bitline parasitics; rows written 0..3 sequentially; read age measured from row write end"
20261005T135350Z,2026-10-05T13:53:50+00:00,2b7fee1,c6d73a35f524070e85faff4a6a9eef49553ebc2b,** ngspice-46 : Circuit level simulation program,fs,-40,refresh_bound,0,1,1011,101,ok,,0.605354,10.000,1.8,0.9,5.050945000e-06,1e-08,0.1,5.029945e-06,5.029945e-06,1.010618e+00,1.010618e+00,-9.685063e-04,1.010618e+00,8.636845e-01,8.637011e-01,-1.170675e-01,8.637353e-01,8.603869e-01,8.604036e-01,-1.166776e-01,8.604376e-01,8.999994e-01,1.911919e-12,1.911922e-12,1.825193e-12,1.911996e-12,5.649110e-12,-2.393778e-07,8.008082e-12,6.987783e-12,8.008104e-12,2.300397e-11,8.821373e-01,8.668405e-01,-1.786212e-02,,rbl_0 never fell 0.1 V below its pre-read level within the 20 ns read window plus tail,-2.644051e-03,-2.652165e-03,"schematic-level ASSUMED rbl loading (C_RBL), extracted C_SN per cell, no extracted bitline parasitics; rows written 0..3 sequentially; read age measured from row write end"
20261005T135350Z,2026-10-05T13:53:50+00:00,2b7fee1,c6d73a35f524070e85faff4a6a9eef49553ebc2b,** ngspice-46 : Circuit level simulation program,fs,-40,refresh_bound,0,0,1100,110,ok,,0.605354,10.000,1.8,0.9,5.050945000e-06,1e-08,0.1,5.029945e-06,5.029945e-06,-9.685425e-04,-9.685211e-04,1.010618e+00,1.010618e+00,-1.170643e-01,-1.170656e-01,8.637186e-01,8.637353e-01,-1.166744e-01,-1.166756e-01,8.604210e-01,8.604376e-01,8.999994e-01,1.825204e-12,1.825204e-12,1.911931e-12,1.912004e-12,5.649140e-12,-1.968844e-07,4.903730e-12,5.702068e-12,5.702077e-12,1.630787e-11,8.988704e-01,8.988672e-01,-1.129036e-03,,rbl_0 never fell 0.1 V below its pre-read level within the 20 ns read window plus tail,2.590381e-06,-1.863622e-05,"schematic-level ASSUMED rbl loading (C_RBL), extracted C_SN per cell, no extracted bitline parasitics; rows written 0..3 sequentially; read age measured from row write end"
20261005T135350Z,2026-10-05T13:53:50+00:00,2b7fee1,c6d73a35f524070e85faff4a6a9eef49553ebc2b,** ngspice-46 : Circuit level simulation program,fs,-40,refresh_bound,0,1,1101,110,ok,,0.605354,10.000,1.8,0.9,5.050945000e-06,1e-08,0.1,5.029945e-06,5.029945e-06,1.010618e+00,-9.685208e-04,1.010618e+00,1.010618e+00,8.636845e-01,-1.170656e-01,8.637186e-01,8.637353e-01,8.603869e-01,-1.166756e-01,8.604210e-01,8.604376e-01,8.999994e-01,1.911920e-12,1.825195e-12,1.911923e-12,1.911996e-12,5.649114e-12,-2.393778e-07,6.987786e-12,8.008093e-12,8.008104e-12,2.300398e-11,8.821373e-01,8.668405e-01,-1.786212e-02,,rbl_0 never fell 0.1 V below its pre-read level within the 20 ns read window plus tail,-2.644051e-03,-2.652165e-03,"schematic-level ASSUMED rbl loading (C_RBL), extracted C_SN per cell, no extracted bitline parasitics; rows written 0..3 sequentially; read age measured from row write end"
20261005T135350Z,2026-10-05T13:53:50+00:00,2b7fee1,c6d73a35f524070e85faff4a6a9eef49553ebc2b,** ngspice-46 : Circuit level simulation program,fs,-40,refresh_bound,0,0,1110,111,ok,,0.605354,10.000,1.8,0.9,5.050945000e-06,1e-08,0.1,5.029945e-06,5.029945e-06,-9.685354e-04,1.010618e+00,1.010618e+00,1.010618e+00,-1.170636e-01,8.637019e-01,8.637186e-01,8.637353e-01,-1.166737e-01,8.604044e-01,8.604210e-01,8.604376e-01,8.999994e-01,1.825195e-12,1.911921e-12,1.911923e-12,1.911996e-12,5.735840e-12,-1.968844e-07,5.702754e-12,5.702763e-12,5.702771e-12,1.710829e-11,8.988702e-01,8.988670e-01,-1.129208e-03,,rbl_0 never fell 0.1 V below its pre-read level within the 20 ns read window plus tail,2.578293e-06,-1.865122e-05,"schematic-level ASSUMED rbl loading (C_RBL), extracted C_SN per cell, no extracted bitline parasitics; rows written 0..3 sequentially; read age measured from row write end"
20261005T135350Z,2026-10-05T13:53:50+00:00,2b7fee1,c6d73a35f524070e85faff4a6a9eef49553ebc2b,** ngspice-46 : Circuit level simulation program,fs,-40,refresh_bound,0,1,1111,111,ok,,0.605354,10.000,1.8,0.9,5.050945000e-06,1e-08,0.1,5.029945e-06,5.029945e-06,1.010618e+00,1.010618e+00,1.010618e+00,1.010618e+00,8.636853e-01,8.637019e-01,8.637186e-01,8.637353e-01,8.603878e-01,8.604044e-01,8.604210e-01,8.604376e-01,8.999994e-01,1.911911e-12,1.911913e-12,1.911914e-12,1.911987e-12,5.735814e-12,-2.393782e-07,8.009075e-12,8.009086e-12,8.009097e-12,2.402726e-11,8.821352e-01,8.668368e-01,-1.786416e-02,,rbl_0 never fell 0.1 V below its pre-read level within the 20 ns read window plus tail,-2.644351e-03,-2.652464e-03,"schematic-level ASSUMED rbl loading (C_RBL), extracted C_SN per cell, no extracted bitline parasitics; rows written 0..3 sequentially; read age measured from row write end"
20261005T135350Z,2026-10-05T13:53:50+00:00,2b7fee1,c6d73a35f524070e85faff4a6a9eef49553ebc2b,** ngspice-46 : Circuit level simulation program,fs,-40,refresh_bound,1,0,0000,000,ok,,0.605354,10.000,1.8,0.9,5.050945000e-06,1e-08,0.1,5.004945e-06,5.029945e-06,-9.685564e-04,-9.685351e-04,-9.685137e-04,-9.684923e-04,-1.170661e-01,-1.170674e-01,-1.170687e-01,-1.170699e-01,-1.166758e-01,-1.166770e-01,-1.166783e-01,-1.166796e-01,8.999995e-01,1.791854e-12,1.791855e-12,1.791853e-12,1.791860e-12,5.375567e-12,4.902539e-12,-1.968844e-07,4.902536e-12,4.902536e-12,1.470761e-11,8.988708e-01,8.988677e-01,-1.128690e-03,,rbl_0 never fell 0.1 V below its pre-read level within the 20 ns read window plus tail,2.615381e-06,1.552907e-06,"schematic-level ASSUMED rbl loading (C_RBL), extracted C_SN per cell, no extracted bitline parasitics; rows written 0..3 sequentially; read age measured from row write end"
20261005T135350Z,2026-10-05T13:53:50+00:00,2b7fee1,c6d73a35f524070e85faff4a6a9eef49553ebc2b,** ngspice-46 : Circuit level simulation program,fs,-40,refresh_bound,1,0,0001,001,ok,,0.605354,10.000,1.8,0.9,5.050945000e-06,1e-08,0.1,5.004945e-06,5.029945e-06,1.010618e+00,-9.685348e-04,-9.685136e-04,-9.684922e-04,8.636825e-01,-1.170674e-01,-1.170687e-01,-1.170699e-01,8.603854e-01,-1.166770e-01,-1.166783e-01,-1.166796e-01,8.999994e-01,1.868785e-12,1.791854e-12,1.791853e-12,1.791861e-12,5.452498e-12,5.701352e-12,-1.968844e-07,4.903130e-12,4.903129e-12,1.550761e-11,8.988706e-01,8.988675e-01,-1.128863e-03,,rbl_0 never fell 0.1 V below its pre-read level within the 20 ns read window plus tail,2.603293e-06,-1.862122e-05,"schematic-level ASSUMED rbl loading (C_RBL), extracted C_SN per cell, no extracted bitline parasitics; rows written 0..3 sequentially; read age measured from row write end"
20261005T135350Z,2026-10-05T13:53:50+00:00,2b7fee1,c6d73a35f524070e85faff4a6a9eef49553ebc2b,** ngspice-46 : Circuit level simulation program,fs,-40,refresh_bound,1,1,0010,000,ok,,0.605354,10.000,1.8,0.9,5.050945000e-06,1e-08,0.1,5.004945e-06,5.029945e-06,-9.685495e-04,1.010618e+00,-9.685135e-04,-9.684922e-04,-1.170654e-01,8.637000e-01,-1.170687e-01,-1.170699e-01,-1.166751e-01,8.604028e-01,-1.166783e-01,-1.166796e-01,8.999994e-01,1.791853e-12,1.868787e-12,1.791853e-12,1.791861e-12,5.375566e-12,6.990518e-12,-2.393890e-07,6.990514e-12,6.990511e-12,2.097154e-11,8.821330e-01,8.668323e-01,-1.786643e-02,,rbl_0 never fell 0.1 V below its pre-read level within the 20 ns read window plus tail,-2.644739e-03,-2.298945e-03,"schematic-level ASSUMED rbl loading (C_RBL), extracted C_SN per cell, no extracted bitline parasitics; rows written 0..3 sequentially; read age measured from row write end"
20261005T135350Z,2026-10-05T13:53:50+00:00,2b7fee1,c6d73a35f524070e85faff4a6a9eef49553ebc2b,** ngspice-46 : Circuit level simulation program,fs,-40,refresh_bound,1,1,0011,001,ok,,0.605354,10.000,1.8,0.9,5.050945000e-06,1e-08,0.1,5.004945e-06,5.029945e-06,1.010618e+00,1.010618e+00,-9.685133e-04,-9.684921e-04,8.636833e-01,8.637000e-01,-1.170687e-01,-1.170699e-01,8.603862e-01,8.604028e-01,-1.166783e-01,-1.166796e-01,8.999994e-01,1.868784e-12,1.868787e-12,1.791854e-12,1.791861e-12,5.452499e-12,8.011898e-12,-2.393889e-07,6.991162e-12,6.991160e-12,2.199422e-11,8.821313e-01,8.668293e-01,-1.786809e-02,,rbl_0 never fell 0.1 V below its pre-read level within the 20 ns read window plus tail,-2.644979e-03,-2.653078e-03,"schematic-level ASSUMED rbl loading (C_RBL), extracted C_SN per cell, no extracted bitline parasitics; rows written 0..3 sequentially; read age measured from row write end"
20261005T135350Z,2026-10-05T13:53:50+00:00,2b7fee1,c6d73a35f524070e85faff4a6a9eef49553ebc2b,** ngspice-46 : Circuit level simulation program,fs,-40,refresh_bound,1,0,0100,010,ok,,0.605354,10.000,1.8,0.9,5.050945000e-06,1e-08,0.1,5.004945e-06,5.029945e-06,-9.685495e-04,-9.685281e-04,1.010618e+00,-9.684921e-04,-1.170654e-01,-1.170667e-01,8.637175e-01,-1.170699e-01,-1.166751e-01,-1.166763e-01,8.604202e-01,-1.166796e-01,8.999994e-01,1.791853e-12,1.791853e-12,1.868788e-12,1.791861e-12,5.452502e-12,4.903134e-12,-1.968844e-07,5.701371e-12,4.903130e-12,1.550763e-11,8.988706e-01,8.988675e-01,-1.128863e-03,,rbl_0 never fell 0.1 V below its pre-read level within the 20 ns read window plus tail,2.602381e-06,-1.862122e-05,"schematic-level ASSUMED rbl loading (C_RBL), extracted C_SN per cell, no extracted bitline parasitics; rows written 0..3 sequentially; read age measured from row write end"
20261005T135350Z,2026-10-05T13:53:50+00:00,2b7fee1,c6d73a35f524070e85faff4a6a9eef49553ebc2b,** ngspice-46 : Circuit level simulation program,fs,-40,refresh_bound,1,0,0101,011,ok,,0.605354,10.000,1.8,0.9,5.050945000e-06,1e-08,0.1,5.004945e-06,5.029945e-06,1.010618e+00,-9.685278e-04,1.010618e+00,-9.684919e-04,8.636833e-01,-1.170667e-01,8.637175e-01,-1.170699e-01,8.603862e-01,-1.166763e-01,8.604202e-01,-1.166796e-01,8.999994e-01,1.868784e-12,1.791854e-12,1.868789e-12,1.791860e-12,5.529434e-12,5.702047e-12,-1.968844e-07,5.702065e-12,4.903723e-12,1.630783e-11,8.988704e-01,8.988672e-01,-1.129035e-03,,rbl_0 never fell 0.1 V below its pre-read level within the 20 ns read window plus tail,2.590293e-06,-1.863622e-05,"schematic-level ASSUMED rbl loading (C_RBL), extracted C_SN per cell, no extracted bitline parasitics; rows written 0..3 sequentially; read age measured from row write end"
20261005T135350Z,2026-10-05T13:53:50+00:00,2b7fee1,c6d73a35f524070e85faff4a6a9eef49553ebc2b,** ngspice-46 : Circuit level simulation program,fs,-40,refresh_bound,1,1,0110,010,ok,,0.605354,10.000,1.8,0.9,5.050945000e-06,1e-08,0.1,5.004945e-06,5.029945e-06,-9.685425e-04,1.010618e+00,1.010618e+00,-9.684919e-04,-1.170647e-01,8.637008e-01,8.637175e-01,-1.170699e-01,-1.166744e-01,8.604036e-01,8.604202e-01,-1.166796e-01,8.999994e-01,1.791853e-12,1.868787e-12,1.868789e-12,1.791860e-12,5.452502e-12,6.991372e-12,-2.393895e-07,8.012154e-12,6.991364e-12,2.199489e-11,8.821310e-01,8.668286e-01,-1.786847e-02,,rbl_0 never fell 0.1 V below its pre-read level within the 20 ns read window plus tail,-2.645038e-03,-2.653144e-03,"schematic-level ASSUMED rbl loading (C_RBL), extracted C_SN per cell, no extracted bitline parasitics; rows written 0..3 sequentially; read age measured from row write end"
20261005T135350Z,2026-10-05T13:53:50+00:00,2b7fee1,c6d73a35f524070e85faff4a6a9eef49553ebc2b,** ngspice-46 : Circuit level simulation program,fs,-40,refresh_bound,1,1,0111,011,ok,,0.605354,10.000,1.8,0.9,5.050945000e-06,1e-08,0.1,5.004945e-06,5.029945e-06,1.010618e+00,1.010618e+00,1.010618e+00,-9.684918e-04,8.636841e-01,8.637008e-01,8.637175e-01,-1.170699e-01,8.603870e-01,8.604036e-01,8.604202e-01,-1.166796e-01,8.999994e-01,1.868785e-12,1.868786e-12,1.868789e-12,1.791861e-12,5.529435e-12,8.012894e-12,-2.393894e-07,8.012913e-12,6.992014e-12,2.301782e-11,8.821293e-01,8.668256e-01,-1.787012e-02,,rbl_0 never fell 0.1 V below its pre-read level within the 20 ns read window plus tail,-2.645278e-03,-2.653385e-03,"schematic-level ASSUMED rbl loading (C_RBL), extracted C_SN per cell, no extracted bitline parasitics; rows written 0..3 sequentially; read age measured from row write end"
20261005T135350Z,2026-10-05T13:53:50+00:00,2b7fee1,c6d73a35f524070e85faff4a6a9eef49553ebc2b,** ngspice-46 : Circuit level simulation program,fs,-40,refresh_bound,1,0,1000,100,ok,,0.605354,10.000,1.8,0.9,5.050945000e-06,1e-08,0.1,5.004945e-06,5.029945e-06,-9.685495e-04,-9.685281e-04,-9.685067e-04,1.010618e+00,-1.170650e-01,-1.170663e-01,-1.170675e-01,8.637353e-01,-1.166751e-01,-1.166763e-01,-1.166776e-01,8.604376e-01,8.999994e-01,1.825212e-12,1.825213e-12,1.825211e-12,1.912014e-12,5.562438e-12,4.903135e-12,-1.968844e-07,4.903131e-12,5.701380e-12,1.550765e-11,8.988706e-01,8.988675e-01,-1.128863e-03,,rbl_0 never fell 0.1 V below its pre-read level within the 20 ns read window plus tail,2.602381e-06,-1.862222e-05,"schematic-level ASSUMED rbl loading (C_RBL), extracted C_SN per cell, no extracted bitline parasitics; rows written 0..3 sequentially; read age measured from row write end"
20261005T135350Z,2026-10-05T13:53:50+00:00,2b7fee1,c6d73a35f524070e85faff4a6a9eef49553ebc2b,** ngspice-46 : Circuit level simulation program,fs,-40,refresh_bound,1,0,1001,101,ok,,0.605354,10.000,1.8,0.9,5.050945000e-06,1e-08,0.1,5.004945e-06,5.029945e-06,1.010618e+00,-9.685278e-04,-9.685066e-04,1.010618e+00,8.636836e-01,-1.170663e-01,-1.170675e-01,8.637353e-01,8.603861e-01,-1.166763e-01,-1.166776e-01,8.604376e-01,8.999994e-01,1.911928e-12,1.825203e-12,1.825204e-12,1.912004e-12,5.649136e-12,5.702047e-12,-1.968844e-07,4.903724e-12,5.702074e-12,1.630784e-11,8.988704e-01,8.988672e-01,-1.129035e-03,,rbl_0 never fell 0.1 V below its pre-read level within the 20 ns read window plus tail,2.590381e-06,-1.863622e-05,"schematic-level ASSUMED rbl loading (C_RBL), extracted C_SN per cell, no extracted bitline parasitics; rows written 0..3 sequentially; read age measured from row write end"
20261005T135350Z,2026-10-05T13:53:50+00:00,2b7fee1,c6d73a35f524070e85faff4a6a9eef49553ebc2b,** ngspice-46 : Circuit level simulation program,fs,-40,refresh_bound,1,1,1010,100,ok,,0.605354,10.000,1.8,0.9,5.050945000e-06,1e-08,0.1,5.004945e-06,5.029945e-06,-9.685425e-04,1.010618e+00,-9.685064e-04,1.010618e+00,-1.170643e-01,8.637011e-01,-1.170675e-01,8.637353e-01,-1.166744e-01,8.604036e-01,-1.166776e-01,8.604376e-01,8.999994e-01,1.825204e-12,1.911931e-12,1.825203e-12,1.912004e-12,5.562412e-12,6.991365e-12,-2.393895e-07,6.991361e-12,8.012157e-12,2.199488e-11,8.821310e-01,8.668286e-01,-1.786846e-02,,rbl_0 never fell 0.1 V below its pre-read level within the 20 ns read window plus tail,-2.645036e-03,-2.653147e-03,"schematic-level ASSUMED rbl loading (C_RBL), extracted C_SN per cell, no extracted bitline parasitics; rows written 0..3 sequentially; read age measured from row write end"
20261005T135350Z,2026-10-05T13:53:50+00:00,2b7fee1,c6d73a35f524070e85faff4a6a9eef49553ebc2b,** ngspice-46 : Circuit level simulation program,fs,-40,refresh_bound,1,1,1011,101,ok,,0.605354,10.000,1.8,0.9,5.050945000e-06,1e-08,0.1,5.004945e-06,5.029945e-06,1.010618e+00,1.010618e+00,-9.685063e-04,1.010618e+00,8.636845e-01,8.637011e-01,-1.170675e-01,8.637353e-01,8.603869e-01,8.604036e-01,-1.166776e-01,8.604376e-01,8.999994e-01,1.911919e-12,1.911922e-12,1.825193e-12,1.911996e-12,5.649108e-12,8.012885e-12,-2.393893e-07,6.992011e-12,8.012918e-12,2.301781e-11,8.821293e-01,8.668256e-01,-1.787011e-02,,rbl_0 never fell 0.1 V below its pre-read level within the 20 ns read window plus tail,-2.645276e-03,-2.653388e-03,"schematic-level ASSUMED rbl loading (C_RBL), extracted C_SN per cell, no extracted bitline parasitics; rows written 0..3 sequentially; read age measured from row write end"
20261005T135350Z,2026-10-05T13:53:50+00:00,2b7fee1,c6d73a35f524070e85faff4a6a9eef49553ebc2b,** ngspice-46 : Circuit level simulation program,fs,-40,refresh_bound,1,0,1100,110,ok,,0.605354,10.000,1.8,0.9,5.050945000e-06,1e-08,0.1,5.004945e-06,5.029945e-06,-9.685425e-04,-9.685211e-04,1.010618e+00,1.010618e+00,-1.170643e-01,-1.170656e-01,8.637186e-01,8.637353e-01,-1.166744e-01,-1.166756e-01,8.604210e-01,8.604376e-01,8.999994e-01,1.825204e-12,1.825204e-12,1.911931e-12,1.912004e-12,5.649140e-12,4.903730e-12,-1.968844e-07,5.702065e-12,5.702074e-12,1.630787e-11,8.988704e-01,8.988672e-01,-1.129035e-03,,rbl_0 never fell 0.1 V below its pre-read level within the 20 ns read window plus tail,2.590381e-06,-1.863622e-05,"schematic-level ASSUMED rbl loading (C_RBL), extracted C_SN per cell, no extracted bitline parasitics; rows written 0..3 sequentially; read age measured from row write end"
20261005T135350Z,2026-10-05T13:53:50+00:00,2b7fee1,c6d73a35f524070e85faff4a6a9eef49553ebc2b,** ngspice-46 : Circuit level simulation program,fs,-40,refresh_bound,1,0,1101,111,ok,,0.605354,10.000,1.8,0.9,5.050945000e-06,1e-08,0.1,5.004945e-06,5.029945e-06,1.010618e+00,-9.685208e-04,1.010618e+00,1.010618e+00,8.636845e-01,-1.170656e-01,8.637186e-01,8.637353e-01,8.603869e-01,-1.166756e-01,8.604210e-01,8.604376e-01,8.999994e-01,1.911920e-12,1.825195e-12,1.911923e-12,1.911996e-12,5.735838e-12,5.702743e-12,-1.968844e-07,5.702761e-12,5.702769e-12,1.710827e-11,8.988702e-01,8.988670e-01,-1.129207e-03,,rbl_0 never fell 0.1 V below its pre-read level within the 20 ns read window plus tail,2.577293e-06,-1.865122e-05,"schematic-level ASSUMED rbl loading (C_RBL), extracted C_SN per cell, no extracted bitline parasitics; rows written 0..3 sequentially; read age measured from row write end"
20261005T135350Z,2026-10-05T13:53:50+00:00,2b7fee1,c6d73a35f524070e85faff4a6a9eef49553ebc2b,** ngspice-46 : Circuit level simulation program,fs,-40,refresh_bound,1,1,1110,110,ok,,0.605354,10.000,1.8,0.9,5.050945000e-06,1e-08,0.1,5.004945e-06,5.029945e-06,-9.685354e-04,1.010618e+00,1.010618e+00,1.010618e+00,-1.170636e-01,8.637019e-01,8.637186e-01,8.637353e-01,-1.166737e-01,8.604044e-01,8.604210e-01,8.604376e-01,8.999994e-01,1.825195e-12,1.911921e-12,1.911923e-12,1.911996e-12,5.649113e-12,6.992219e-12,-2.393899e-07,8.013138e-12,8.013150e-12,2.301851e-11,8.821289e-01,8.668249e-01,-1.787050e-02,,rbl_0 never fell 0.1 V below its pre-read level within the 20 ns read window plus tail,-2.645335e-03,-2.653447e-03,"schematic-level ASSUMED rbl loading (C_RBL), extracted C_SN per cell, no extracted bitline parasitics; rows written 0..3 sequentially; read age measured from row write end"
20261005T135350Z,2026-10-05T13:53:50+00:00,2b7fee1,c6d73a35f524070e85faff4a6a9eef49553ebc2b,** ngspice-46 : Circuit level simulation program,fs,-40,refresh_bound,1,1,1111,111,ok,,0.605354,10.000,1.8,0.9,5.050945000e-06,1e-08,0.1,5.004945e-06,5.029945e-06,1.010618e+00,1.010618e+00,1.010618e+00,1.010618e+00,8.636853e-01,8.637019e-01,8.637186e-01,8.637353e-01,8.603878e-01,8.604044e-01,8.604210e-01,8.604376e-01,8.999994e-01,1.911911e-12,1.911913e-12,1.911914e-12,1.911987e-12,5.735812e-12,8.013880e-12,-2.393898e-07,8.013902e-12,8.013910e-12,2.404169e-11,8.821273e-01,8.668219e-01,-1.787215e-02,,rbl_0 never fell 0.1 V below its pre-read level within the 20 ns read window plus tail,-2.645576e-03,-2.653687e-03,"schematic-level ASSUMED rbl loading (C_RBL), extracted C_SN per cell, no extracted bitline parasitics; rows written 0..3 sequentially; read age measured from row write end"
20261005T135350Z,2026-10-05T13:53:50+00:00,2b7fee1,c6d73a35f524070e85faff4a6a9eef49553ebc2b,** ngspice-46 : Circuit level simulation program,fs,-40,refresh_bound,2,0,0000,000,ok,,0.605354,10.000,1.8,0.9,5.050945000e-06,1e-08,0.1,4.979945e-06,5.029945e-06,-9.685564e-04,-9.685351e-04,-9.685137e-04,-9.684923e-04,-1.170661e-01,-1.170674e-01,-1.170687e-01,-1.170699e-01,-1.166758e-01,-1.166770e-01,-1.166783e-01,-1.166796e-01,8.999995e-01,1.791854e-12,1.791855e-12,1.791853e-12,1.791860e-12,5.375569e-12,4.902538e-12,4.902537e-12,-1.968844e-07,4.902534e-12,1.470761e-11,8.988708e-01,8.988677e-01,-1.128690e-03,,rbl_0 never fell 0.1 V below its pre-read level within the 20 ns read window plus tail,2.615381e-06,1.552907e-06,"schematic-level ASSUMED rbl loading (C_RBL), extracted C_SN per cell, no extracted bitline parasitics; rows written 0..3 sequentially; read age measured from row write end"
20261005T135350Z,2026-10-05T13:53:50+00:00,2b7fee1,c6d73a35f524070e85faff4a6a9eef49553ebc2b,** ngspice-46 : Circuit level simulation program,fs,-40,refresh_bound,2,0,0001,001,ok,,0.605354,10.000,1.8,0.9,5.050945000e-06,1e-08,0.1,4.979945e-06,5.029945e-06,1.010618e+00,-9.685348e-04,-9.685136e-04,-9.684922e-04,8.636825e-01,-1.170674e-01,-1.170687e-01,-1.170699e-01,8.603854e-01,-1.166770e-01,-1.166783e-01,-1.166796e-01,8.999994e-01,1.868785e-12,1.791854e-12,1.791853e-12,1.791861e-12,5.452499e-12,5.701350e-12,4.903130e-12,-1.968844e-07,4.903127e-12,1.550761e-11,8.988706e-01,8.988675e-01,-1.128863e-03,,rbl_0 never fell 0.1 V below its pre-read level within the 20 ns read window plus tail,2.602381e-06,-1.862122e-05,"schematic-level ASSUMED rbl loading (C_RBL), extracted C_SN per cell, no extracted bitline parasitics; rows written 0..3 sequentially; read age measured from row write end"
20261005T135350Z,2026-10-05T13:53:50+00:00,2b7fee1,c6d73a35f524070e85faff4a6a9eef49553ebc2b,** ngspice-46 : Circuit level simulation program,fs,-40,refresh_bound,2,0,0010,010,ok,,0.605354,10.000,1.8,0.9,5.050945000e-06,1e-08,0.1,4.979945e-06,5.029945e-06,-9.685495e-04,1.010618e+00,-9.685135e-04,-9.684922e-04,-1.170654e-01,8.637000e-01,-1.170687e-01,-1.170699e-01,-1.166751e-01,8.604028e-01,-1.166783e-01,-1.166796e-01,8.999994e-01,1.791853e-12,1.868787e-12,1.791853e-12,1.791861e-12,5.452500e-12,4.903133e-12,5.701359e-12,-1.968844e-07,4.903127e-12,1.550762e-11,8.988706e-01,8.988675e-01,-1.128863e-03,,rbl_0 never fell 0.1 V below its pre-read level within the 20 ns read window plus tail,2.602381e-06,-1.862122e-05,"schematic-level ASSUMED rbl loading (C_RBL), extracted C_SN per cell, no extracted bitline parasitics; rows written 0..3 sequentially; read age measured from row write end"
20261005T135350Z,2026-10-05T13:53:50+00:00,2b7fee1,c6d73a35f524070e85faff4a6a9eef49553ebc2b,** ngspice-46 : Circuit level simulation program,fs,-40,refresh_bound,2,0,0011,011,ok,,0.605354,10.000,1.8,0.9,5.050945000e-06,1e-08,0.1,4.979945e-06,5.029945e-06,1.010618e+00,1.010618e+00,-9.685133e-04,-9.684921e-04,8.636833e-01,8.637000e-01,-1.170687e-01,-1.170699e-01,8.603862e-01,8.604028e-01,-1.166783e-01,-1.166796e-01,8.999994e-01,1.868784e-12,1.868787e-12,1.791854e-12,1.791861e-12,5.529432e-12,5.702044e-12,5.702052e-12,-1.968844e-07,4.903721e-12,1.630782e-11,8.988704e-01,8.988672e-01,-1.129035e-03,,rbl_0 never fell 0.1 V below its pre-read level within the 20 ns read window plus tail,2.590381e-06,-1.863622e-05,"schematic-level ASSUMED rbl loading (C_RBL), extracted C_SN per cell, no extracted bitline parasitics; rows written 0..3 sequentially; read age measured from row write end"
20261005T135350Z,2026-10-05T13:53:50+00:00,2b7fee1,c6d73a35f524070e85faff4a6a9eef49553ebc2b,** ngspice-46 : Circuit level simulation program,fs,-40,refresh_bound,2,1,0100,000,ok,,0.605354,10.000,1.8,0.9,5.050945000e-06,1e-08,0.1,4.979945e-06,5.029945e-06,-9.685495e-04,-9.685281e-04,1.010618e+00,-9.684921e-04,-1.170654e-01,-1.170667e-01,8.637175e-01,-1.170699e-01,-1.166751e-01,-1.166763e-01,8.604202e-01,-1.166796e-01,8.999994e-01,1.791853e-12,1.791853e-12,1.868788e-12,1.791861e-12,5.375567e-12,6.994951e-12,6.994949e-12,-2.394012e-07,6.994944e-12,2.098484e-11,8.821246e-01,8.668167e-01,-1.787481e-02,,rbl_0 never fell 0.1 V below its pre-read level within the 20 ns read window plus tail,-2.646023e-03,-2.300064e-03,"schematic-level ASSUMED rbl loading (C_RBL), extracted C_SN per cell, no extracted bitline parasitics; rows written 0..3 sequentially; read age measured from row write end"
20261005T135350Z,2026-10-05T13:53:50+00:00,2b7fee1,c6d73a35f524070e85faff4a6a9eef49553ebc2b,** ngspice-46 : Circuit level simulation program,fs,-40,refresh_bound,2,1,0101,001,ok,,0.605354,10.000,1.8,0.9,5.050945000e-06,1e-08,0.1,4.979945e-06,5.029945e-06,1.010618e+00,-9.685278e-04,1.010618e+00,-9.684919e-04,8.636833e-01,-1.170667e-01,8.637175e-01,-1.170699e-01,8.603862e-01,-1.166763e-01,8.604202e-01,-1.166796e-01,8.999994e-01,1.868784e-12,1.791854e-12,1.868789e-12,1.791860e-12,5.452499e-12,8.016948e-12,6.995598e-12,-2.394011e-07,6.995594e-12,2.200814e-11,8.821230e-01,8.668137e-01,-1.787646e-02,,rbl_0 never fell 0.1 V below its pre-read level within the 20 ns read window plus tail,-2.646264e-03,-2.654360e-03,"schematic-level ASSUMED rbl loading (C_RBL), extracted C_SN per cell, no extracted bitline parasitics; rows written 0..3 sequentially; read age measured from row write end"
20261005T135350Z,2026-10-05T13:53:50+00:00,2b7fee1,c6d73a35f524070e85faff4a6a9eef49553ebc2b,** ngspice-46 : Circuit level simulation program,fs,-40,refresh_bound,2,1,0110,010,ok,,0.605354,10.000,1.8,0.9,5.050945000e-06,1e-08,0.1,4.979945e-06,5.029945e-06,-9.685425e-04,1.010618e+00,1.010618e+00,-9.684919e-04,-1.170647e-01,8.637008e-01,8.637175e-01,-1.170699e-01,-1.166744e-01,8.604036e-01,8.604202e-01,-1.166796e-01,8.999994e-01,1.791853e-12,1.868787e-12,1.868789e-12,1.791860e-12,5.452500e-12,6.995602e-12,8.016959e-12,-2.394011e-07,6.995593e-12,2.200815e-11,8.821230e-01,8.668137e-01,-1.787646e-02,,rbl_0 never fell 0.1 V below its pre-read level within the 20 ns read window plus tail,-2.646264e-03,-2.654364e-03,"schematic-level ASSUMED rbl loading (C_RBL), extracted C_SN per cell, no extracted bitline parasitics; rows written 0..3 sequentially; read age measured from row write end"
20261005T135350Z,2026-10-05T13:53:50+00:00,2b7fee1,c6d73a35f524070e85faff4a6a9eef49553ebc2b,** ngspice-46 : Circuit level simulation program,fs,-40,refresh_bound,2,1,0111,011,ok,,0.605354,10.000,1.8,0.9,5.050945000e-06,1e-08,0.1,4.979945e-06,5.029945e-06,1.010618e+00,1.010618e+00,1.010618e+00,-9.684918e-04,8.636841e-01,8.637008e-01,8.637175e-01,-1.170699e-01,8.603870e-01,8.604036e-01,8.604202e-01,-1.166796e-01,8.999994e-01,1.868785e-12,1.868786e-12,1.868789e-12,1.791861e-12,5.529432e-12,8.017710e-12,8.017720e-12,-2.394010e-07,6.996243e-12,2.303167e-11,8.821213e-01,8.668107e-01,-1.787812e-02,,rbl_0 never fell 0.1 V below its pre-read level within the 20 ns read window plus tail,-2.646505e-03,-2.654604e-03,"schematic-level ASSUMED rbl loading (C_RBL), extracted C_SN per cell, no extracted bitline parasitics; rows written 0..3 sequentially; read age measured from row write end"
20261005T135350Z,2026-10-05T13:53:50+00:00,2b7fee1,c6d73a35f524070e85faff4a6a9eef49553ebc2b,** ngspice-46 : Circuit level simulation program,fs,-40,refresh_bound,2,0,1000,100,ok,,0.605354,10.000,1.8,0.9,5.050945000e-06,1e-08,0.1,4.979945e-06,5.029945e-06,-9.685495e-04,-9.685281e-04,-9.685067e-04,1.010618e+00,-1.170650e-01,-1.170663e-01,-1.170675e-01,8.637353e-01,-1.166751e-01,-1.166763e-01,-1.166776e-01,8.604376e-01,8.999994e-01,1.825212e-12,1.825213e-12,1.825211e-12,1.912014e-12,5.562439e-12,4.903133e-12,4.903132e-12,-1.968844e-07,5.701378e-12,1.550764e-11,8.988706e-01,8.988675e-01,-1.128863e-03,,rbl_0 never fell 0.1 V below its pre-read level within the 20 ns read window plus tail,2.603293e-06,-1.862222e-05,"schematic-level ASSUMED rbl loading (C_RBL), extracted C_SN per cell, no extracted bitline parasitics; rows written 0..3 sequentially; read age measured from row write end"
20261005T135350Z,2026-10-05T13:53:50+00:00,2b7fee1,c6d73a35f524070e85faff4a6a9eef49553ebc2b,** ngspice-46 : Circuit level simulation program,fs,-40,refresh_bound,2,0,1001,101,ok,,0.605354,10.000,1.8,0.9,5.050945000e-06,1e-08,0.1,4.979945e-06,5.029945e-06,1.010618e+00,-9.685278e-04,-9.685066e-04,1.010618e+00,8.636836e-01,-1.170663e-01,-1.170675e-01,8.637353e-01,8.603861e-01,-1.166763e-01,-1.166776e-01,8.604376e-01,8.999994e-01,1.911928e-12,1.825203e-12,1.825204e-12,1.912004e-12,5.649136e-12,5.702045e-12,4.903725e-12,-1.968844e-07,5.702072e-12,1.630784e-11,8.988704e-01,8.988672e-01,-1.129035e-03,,rbl_0 never fell 0.1 V below its pre-read level within the 20 ns read window plus tail,2.590293e-06,-1.863622e-05,"schematic-level ASSUMED rbl loading (C_RBL), extracted C_SN per cell, no extracted bitline parasitics; rows written 0..3 sequentially; read age measured from row write end"
20261005T135350Z,2026-10-05T13:53:50+00:00,2b7fee1,c6d73a35f524070e85faff4a6a9eef49553ebc2b,** ngspice-46 : Circuit level simulation program,fs,-40,refresh_bound,2,0,1010,110,ok,,0.605354,10.000,1.8,0.9,5.050945000e-06,1e-08,0.1,4.979945e-06,5.029945e-06,-9.685425e-04,1.010618e+00,-9.685064e-04,1.010618e+00,-1.170643e-01,8.637011e-01,-1.170675e-01,8.637353e-01,-1.166744e-01,8.604036e-01,-1.166776e-01,8.604376e-01,8.999994e-01,1.825204e-12,1.911931e-12,1.825203e-12,1.912004e-12,5.649139e-12,4.903727e-12,5.702054e-12,-1.968844e-07,5.702072e-12,1.630785e-11,8.988704e-01,8.988672e-01,-1.129035e-03,,rbl_0 never fell 0.1 V below its pre-read level within the 20 ns read window plus tail,2.590293e-06,-1.863622e-05,"schematic-level ASSUMED rbl loading (C_RBL), extracted C_SN per cell, no extracted bitline parasitics; rows written 0..3 sequentially; read age measured from row write end"
20261005T135350Z,2026-10-05T13:53:50+00:00,2b7fee1,c6d73a35f524070e85faff4a6a9eef49553ebc2b,** ngspice-46 : Circuit level simulation program,fs,-40,refresh_bound,2,0,1011,111,ok,,0.605354,10.000,1.8,0.9,5.050945000e-06,1e-08,0.1,4.979945e-06,5.029945e-06,1.010618e+00,1.010618e+00,-9.685063e-04,1.010618e+00,8.636845e-01,8.637011e-01,-1.170675e-01,8.637353e-01,8.603869e-01,8.604036e-01,-1.166776e-01,8.604376e-01,8.999994e-01,1.911919e-12,1.911922e-12,1.825193e-12,1.911996e-12,5.735837e-12,5.702740e-12,5.702748e-12,-1.968844e-07,5.702765e-12,1.710825e-11,8.988702e-01,8.988670e-01,-1.129207e-03,,rbl_0 never fell 0.1 V below its pre-read level within the 20 ns read window plus tail,2.578293e-06,-1.865122e-05,"schematic-level ASSUMED rbl loading (C_RBL), extracted C_SN per cell, no extracted bitline parasitics; rows written 0..3 sequentially; read age measured from row write end"
20261005T135350Z,2026-10-05T13:53:50+00:00,2b7fee1,c6d73a35f524070e85faff4a6a9eef49553ebc2b,** ngspice-46 : Circuit level simulation program,fs,-40,refresh_bound,2,1,1100,100,ok,,0.605354,10.000,1.8,0.9,5.050945000e-06,1e-08,0.1,4.979945e-06,5.029945e-06,-9.685425e-04,-9.685211e-04,1.010618e+00,1.010618e+00,-1.170643e-01,-1.170656e-01,8.637186e-01,8.637353e-01,-1.166744e-01,-1.166756e-01,8.604210e-01,8.604376e-01,8.999994e-01,1.825204e-12,1.825204e-12,1.911931e-12,1.912004e-12,5.562413e-12,6.995798e-12,6.995797e-12,-2.394016e-07,8.017205e-12,2.200880e-11,8.821226e-01,8.668130e-01,-1.787684e-02,,rbl_0 never fell 0.1 V below its pre-read level within the 20 ns read window plus tail,-2.646321e-03,-2.654429e-03,"schematic-level ASSUMED rbl loading (C_RBL), extracted C_SN per cell, no extracted bitline parasitics; rows written 0..3 sequentially; read age measured from row write end"
20261005T135350Z,2026-10-05T13:53:50+00:00,2b7fee1,c6d73a35f524070e85faff4a6a9eef49553ebc2b,** ngspice-46 : Circuit level simulation program,fs,-40,refresh_bound,2,1,1101,101,ok,,0.605354,10.000,1.8,0.9,5.050945000e-06,1e-08,0.1,4.979945e-06,5.029945e-06,1.010618e+00,-9.685208e-04,1.010618e+00,1.010618e+00,8.636845e-01,-1.170656e-01,8.637186e-01,8.637353e-01,8.603869e-01,-1.166756e-01,8.604210e-01,8.604376e-01,8.999994e-01,1.911920e-12,1.825195e-12,1.911923e-12,1.911996e-12,5.649111e-12,8.017934e-12,6.996447e-12,-2.394015e-07,8.017966e-12,2.303235e-11,8.821209e-01,8.668100e-01,-1.787849e-02,,rbl_0 never fell 0.1 V below its pre-read level within the 20 ns read window plus tail,-2.646562e-03,-2.654670e-03,"schematic-level ASSUMED rbl loading (C_RBL), extracted C_SN per cell, no extracted bitline parasitics; rows written 0..3 sequentially; read age measured from row write end"
20261005T135350Z,2026-10-05T13:53:50+00:00,2b7fee1,c6d73a35f524070e85faff4a6a9eef49553ebc2b,** ngspice-46 : Circuit level simulation program,fs,-40,refresh_bound,2,1,1110,110,ok,,0.605354,10.000,1.8,0.9,5.050945000e-06,1e-08,0.1,4.979945e-06,5.029945e-06,-9.685354e-04,1.010618e+00,1.010618e+00,1.010618e+00,-1.170636e-01,8.637019e-01,8.637186e-01,8.637353e-01,-1.166737e-01,8.604044e-01,8.604210e-01,8.604376e-01,8.999994e-01,1.825195e-12,1.911921e-12,1.911923e-12,1.911996e-12,5.649112e-12,6.996450e-12,8.017946e-12,-2.394015e-07,8.017967e-12,2.303236e-11,8.821209e-01,8.668100e-01,-1.787849e-02,,rbl_0 never fell 0.1 V below its pre-read level within the 20 ns read window plus tail,-2.646562e-03,-2.654670e-03,"schematic-level ASSUMED rbl loading (C_RBL), extracted C_SN per cell, no extracted bitline parasitics; rows written 0..3 sequentially; read age measured from row write end"
20261005T135350Z,2026-10-05T13:53:50+00:00,2b7fee1,c6d73a35f524070e85faff4a6a9eef49553ebc2b,** ngspice-46 : Circuit level simulation program,fs,-40,refresh_bound,2,1,1111,111,ok,,0.605354,10.000,1.8,0.9,5.050945000e-06,1e-08,0.1,4.979945e-06,5.029945e-06,1.010618e+00,1.010618e+00,1.010618e+00,1.010618e+00,8.636853e-01,8.637019e-01,8.637186e-01,8.637353e-01,8.603878e-01,8.604044e-01,8.604210e-01,8.604376e-01,8.999994e-01,1.911911e-12,1.911913e-12,1.911914e-12,1.911987e-12,5.735810e-12,8.018696e-12,8.018707e-12,-2.394014e-07,8.018728e-12,2.405613e-11,8.821193e-01,8.668070e-01,-1.788014e-02,,rbl_0 never fell 0.1 V below its pre-read level within the 20 ns read window plus tail,-2.646802e-03,-2.654911e-03,"schematic-level ASSUMED rbl loading (C_RBL), extracted C_SN per cell, no extracted bitline parasitics; rows written 0..3 sequentially; read age measured from row write end"
20261005T135350Z,2026-10-05T13:53:50+00:00,2b7fee1,c6d73a35f524070e85faff4a6a9eef49553ebc2b,** ngspice-46 : Circuit level simulation program,fs,-40,refresh_bound,3,0,0000,000,ok,,0.605354,10.000,1.8,0.9,5.050945000e-06,1e-08,0.1,4.954945e-06,5.029945e-06,-9.685564e-04,-9.685351e-04,-9.685137e-04,-9.684923e-04,-1.170661e-01,-1.170674e-01,-1.170687e-01,-1.170699e-01,-1.166758e-01,-1.166770e-01,-1.166783e-01,-1.166796e-01,8.999995e-01,1.791854e-12,1.791855e-12,1.791853e-12,1.791860e-12,5.375561e-12,4.902536e-12,4.902535e-12,4.902532e-12,-1.968844e-07,1.470760e-11,8.988708e-01,8.988677e-01,-1.128690e-03,,rbl_0 never fell 0.1 V below its pre-read level within the 20 ns read window plus tail,2.615381e-06,1.552907e-06,"schematic-level ASSUMED rbl loading (C_RBL), extracted C_SN per cell, no extracted bitline parasitics; rows written 0..3 sequentially; read age measured from row write end"
20261005T135350Z,2026-10-05T13:53:50+00:00,2b7fee1,c6d73a35f524070e85faff4a6a9eef49553ebc2b,** ngspice-46 : Circuit level simulation program,fs,-40,refresh_bound,3,0,0001,001,ok,,0.605354,10.000,1.8,0.9,5.050945000e-06,1e-08,0.1,4.954945e-06,5.029945e-06,1.010618e+00,-9.685348e-04,-9.685136e-04,-9.684922e-04,8.636825e-01,-1.170674e-01,-1.170687e-01,-1.170699e-01,8.603854e-01,-1.166770e-01,-1.166783e-01,-1.166796e-01,8.999994e-01,1.868785e-12,1.791854e-12,1.791853e-12,1.791861e-12,5.452491e-12,5.701348e-12,4.903128e-12,4.903125e-12,-1.968844e-07,1.550760e-11,8.988706e-01,8.988675e-01,-1.128862e-03,,rbl_0 never fell 0.1 V below its pre-read level within the 20 ns read window plus tail,2.602381e-06,-1.862122e-05,"schematic-level ASSUMED rbl loading (C_RBL), extracted C_SN per cell, no extracted bitline parasitics; rows written 0..3 sequentially; read age measured from row write end"
20261005T135350Z,2026-10-05T13:53:50+00:00,2b7fee1,c6d73a35f524070e85faff4a6a9eef49553ebc2b,** ngspice-46 : Circuit level simulation program,fs,-40,refresh_bound,3,0,0010,010,ok,,0.605354,10.000,1.8,0.9,5.050945000e-06,1e-08,0.1,4.954945e-06,5.029945e-06,-9.685495e-04,1.010618e+00,-9.685135e-04,-9.684922e-04,-1.170654e-01,8.637000e-01,-1.170687e-01,-1.170699e-01,-1.166751e-01,8.604028e-01,-1.166783e-01,-1.166796e-01,8.999994e-01,1.791853e-12,1.868787e-12,1.791853e-12,1.791861e-12,5.452492e-12,4.903131e-12,5.701357e-12,4.903125e-12,-1.968844e-07,1.550761e-11,8.988706e-01,8.988675e-01,-1.128862e-03,,rbl_0 never fell 0.1 V below its pre-read level within the 20 ns read window plus tail,2.602381e-06,-1.862122e-05,"schematic-level ASSUMED rbl loading (C_RBL), extracted C_SN per cell, no extracted bitline parasitics; rows written 0..3 sequentially; read age measured from row write end"
20261005T135350Z,2026-10-05T13:53:50+00:00,2b7fee1,c6d73a35f524070e85faff4a6a9eef49553ebc2b,** ngspice-46 : Circuit level simulation program,fs,-40,refresh_bound,3,0,0011,011,ok,,0.605354,10.000,1.8,0.9,5.050945000e-06,1e-08,0.1,4.954945e-06,5.029945e-06,1.010618e+00,1.010618e+00,-9.685133e-04,-9.684921e-04,8.636833e-01,8.637000e-01,-1.170687e-01,-1.170699e-01,8.603862e-01,8.604028e-01,-1.166783e-01,-1.166796e-01,8.999994e-01,1.868784e-12,1.868787e-12,1.791854e-12,1.791861e-12,5.529425e-12,5.702042e-12,5.702050e-12,4.903721e-12,-1.968844e-07,1.630781e-11,8.988704e-01,8.988672e-01,-1.129034e-03,,rbl_0 never fell 0.1 V below its pre-read level within the 20 ns read window plus tail,2.590381e-06,-1.863622e-05,"schematic-level ASSUMED rbl loading (C_RBL), extracted C_SN per cell, no extracted bitline parasitics; rows written 0..3 sequentially; read age measured from row write end"
20261005T135350Z,2026-10-05T13:53:50+00:00,2b7fee1,c6d73a35f524070e85faff4a6a9eef49553ebc2b,** ngspice-46 : Circuit level simulation program,fs,-40,refresh_bound,3,0,0100,100,ok,,0.605354,10.000,1.8,0.9,5.050945000e-06,1e-08,0.1,4.954945e-06,5.029945e-06,-9.685495e-04,-9.685281e-04,1.010618e+00,-9.684921e-04,-1.170654e-01,-1.170667e-01,8.637175e-01,-1.170699e-01,-1.166751e-01,-1.166763e-01,8.604202e-01,-1.166796e-01,8.999994e-01,1.791853e-12,1.791853e-12,1.868788e-12,1.791861e-12,5.452494e-12,4.903131e-12,4.903129e-12,5.701367e-12,-1.968844e-07,1.550763e-11,8.988706e-01,8.988675e-01,-1.128862e-03,,rbl_0 never fell 0.1 V below its pre-read level within the 20 ns read window plus tail,2.602381e-06,-1.862122e-05,"schematic-level ASSUMED rbl loading (C_RBL), extracted C_SN per cell, no extracted bitline parasitics; rows written 0..3 sequentially; read age measured from row write end"
20261005T135350Z,2026-10-05T13:53:50+00:00,2b7fee1,c6d73a35f524070e85faff4a6a9eef49553ebc2b,** ngspice-46 : Circuit level simulation program,fs,-40,refresh_bound,3,0,0101,101,ok,,0.605354,10.000,1.8,0.9,5.050945000e-06,1e-08,0.1,4.954945e-06,5.029945e-06,1.010618e+00,-9.685278e-04,1.010618e+00,-9.684919e-04,8.636833e-01,-1.170667e-01,8.637175e-01,-1.170699e-01,8.603862e-01,-1.166763e-01,8.604202e-01,-1.166796e-01,8.999994e-01,1.868784e-12,1.791854e-12,1.868789e-12,1.791860e-12,5.529427e-12,5.702042e-12,4.903723e-12,5.702060e-12,-1.968844e-07,1.630783e-11,8.988704e-01,8.988672e-01,-1.129034e-03,,rbl_0 never fell 0.1 V below its pre-read level within the 20 ns read window plus tail,2.590381e-06,-1.863622e-05,"schematic-level ASSUMED rbl loading (C_RBL), extracted C_SN per cell, no extracted bitline parasitics; rows written 0..3 sequentially; read age measured from row write end"
20261005T135350Z,2026-10-05T13:53:50+00:00,2b7fee1,c6d73a35f524070e85faff4a6a9eef49553ebc2b,** ngspice-46 : Circuit level simulation program,fs,-40,refresh_bound,3,0,0110,110,ok,,0.605354,10.000,1.8,0.9,5.050945000e-06,1e-08,0.1,4.954945e-06,5.029945e-06,-9.685425e-04,1.010618e+00,1.010618e+00,-9.684919e-04,-1.170647e-01,8.637008e-01,8.637175e-01,-1.170699e-01,-1.166744e-01,8.604036e-01,8.604202e-01,-1.166796e-01,8.999994e-01,1.791853e-12,1.868787e-12,1.868789e-12,1.791860e-12,5.529429e-12,4.903725e-12,5.702051e-12,5.702060e-12,-1.968844e-07,1.630784e-11,8.988704e-01,8.988672e-01,-1.129034e-03,,rbl_0 never fell 0.1 V below its pre-read level within the 20 ns read window plus tail,2.590381e-06,-1.863622e-05,"schematic-level ASSUMED rbl loading (C_RBL), extracted C_SN per cell, no extracted bitline parasitics; rows written 0..3 sequentially; read age measured from row write end"
20261005T135350Z,2026-10-05T13:53:50+00:00,2b7fee1,c6d73a35f524070e85faff4a6a9eef49553ebc2b,** ngspice-46 : Circuit level simulation program,fs,-40,refresh_bound,3,0,0111,111,ok,,0.605354,10.000,1.8,0.9,5.050945000e-06,1e-08,0.1,4.954945e-06,5.029945e-06,1.010618e+00,1.010618e+00,1.010618e+00,-9.684918e-04,8.636841e-01,8.637008e-01,8.637175e-01,-1.170699e-01,8.603870e-01,8.604036e-01,8.604202e-01,-1.166796e-01,8.999994e-01,1.868785e-12,1.868786e-12,1.868789e-12,1.791861e-12,5.606360e-12,5.702737e-12,5.702746e-12,5.702754e-12,-1.968844e-07,1.710824e-11,8.988702e-01,8.988670e-01,-1.129206e-03,,rbl_0 never fell 0.1 V below its pre-read level within the 20 ns read window plus tail,2.577381e-06,-1.865022e-05,"schematic-level ASSUMED rbl loading (C_RBL), extracted C_SN per cell, no extracted bitline parasitics; rows written 0..3 sequentially; read age measured from row write end"
20261005T135350Z,2026-10-05T13:53:50+00:00,2b7fee1,c6d73a35f524070e85faff4a6a9eef49553ebc2b,** ngspice-46 : Circuit level simulation program,fs,-40,refresh_bound,3,1,1000,000,ok,,0.605354,10.000,1.8,0.9,5.050945000e-06,1e-08,0.1,4.954945e-06,5.029945e-06,-9.685495e-04,-9.685281e-04,-9.685067e-04,1.010618e+00,-1.170650e-01,-1.170663e-01,-1.170675e-01,8.637353e-01,-1.166751e-01,-1.166763e-01,-1.166776e-01,8.604376e-01,8.999994e-01,1.825212e-12,1.825213e-12,1.825211e-12,1.912014e-12,5.475636e-12,6.999378e-12,6.999376e-12,6.999374e-12,-2.394133e-07,2.099813e-11,8.821163e-01,8.668011e-01,-1.788318e-02,,rbl_0 never fell 0.1 V below its pre-read level within the 20 ns read window plus tail,-2.647307e-03,-2.301183e-03,"schematic-level ASSUMED rbl loading (C_RBL), extracted C_SN per cell, no extracted bitline parasitics; rows written 0..3 sequentially; read age measured from row write end"
20261005T135350Z,2026-10-05T13:53:50+00:00,2b7fee1,c6d73a35f524070e85faff4a6a9eef49553ebc2b,** ngspice-46 : Circuit level simulation program,fs,-40,refresh_bound,3,1,1001,001,ok,,0.605354,10.000,1.8,0.9,5.050945000e-06,1e-08,0.1,4.954945e-06,5.029945e-06,1.010618e+00,-9.685278e-04,-9.685066e-04,1.010618e+00,8.636836e-01,-1.170663e-01,-1.170675e-01,8.637353e-01,8.603861e-01,-1.166763e-01,-1.166776e-01,8.604376e-01,8.999994e-01,1.911928e-12,1.825203e-12,1.825204e-12,1.912004e-12,5.562335e-12,8.021991e-12,7.000027e-12,7.000025e-12,-2.394132e-07,2.202204e-11,8.821146e-01,8.667981e-01,-1.788483e-02,,rbl_0 never fell 0.1 V below its pre-read level within the 20 ns read window plus tail,-2.647548e-03,-2.655641e-03,"schematic-level ASSUMED rbl loading (C_RBL), extracted C_SN per cell, no extracted bitline parasitics; rows written 0..3 sequentially; read age measured from row write end"
20261005T135350Z,2026-10-05T13:53:50+00:00,2b7fee1,c6d73a35f524070e85faff4a6a9eef49553ebc2b,** ngspice-46 : Circuit level simulation program,fs,-40,refresh_bound,3,1,1010,010,ok,,0.605354,10.000,1.8,0.9,5.050945000e-06,1e-08,0.1,4.954945e-06,5.029945e-06,-9.685425e-04,1.010618e+00,-9.685064e-04,1.010618e+00,-1.170643e-01,8.637011e-01,-1.170675e-01,8.637353e-01,-1.166744e-01,8.604036e-01,-1.166776e-01,8.604376e-01,8.999994e-01,1.825204e-12,1.911931e-12,1.825203e-12,1.912004e-12,5.562338e-12,7.000030e-12,8.022003e-12,7.000025e-12,-2.394132e-07,2.202206e-11,8.821146e-01,8.667981e-01,-1.788483e-02,,rbl_0 never fell 0.1 V below its pre-read level within the 20 ns read window plus tail,-2.647548e-03,-2.655644e-03,"schematic-level ASSUMED rbl loading (C_RBL), extracted C_SN per cell, no extracted bitline parasitics; rows written 0..3 sequentially; read age measured from row write end"
20261005T135350Z,2026-10-05T13:53:50+00:00,2b7fee1,c6d73a35f524070e85faff4a6a9eef49553ebc2b,** ngspice-46 : Circuit level simulation program,fs,-40,refresh_bound,3,1,1011,011,ok,,0.605354,10.000,1.8,0.9,5.050945000e-06,1e-08,0.1,4.954945e-06,5.029945e-06,1.010618e+00,1.010618e+00,-9.685063e-04,1.010618e+00,8.636845e-01,8.637011e-01,-1.170675e-01,8.637353e-01,8.603869e-01,8.604036e-01,-1.166776e-01,8.604376e-01,8.999994e-01,1.911919e-12,1.911922e-12,1.825193e-12,1.911996e-12,5.649034e-12,8.022753e-12,8.022765e-12,7.000675e-12,-2.394131e-07,2.304619e-11,8.821129e-01,8.667951e-01,-1.788649e-02,,rbl_0 never fell 0.1 V below its pre-read level within the 20 ns read window plus tail,-2.647789e-03,-2.655885e-03,"schematic-level ASSUMED rbl loading (C_RBL), extracted C_SN per cell, no extracted bitline parasitics; rows written 0..3 sequentially; read age measured from row write end"
20261005T135350Z,2026-10-05T13:53:50+00:00,2b7fee1,c6d73a35f524070e85faff4a6a9eef49553ebc2b,** ngspice-46 : Circuit level simulation program,fs,-40,refresh_bound,3,1,1100,100,ok,,0.605354,10.000,1.8,0.9,5.050945000e-06,1e-08,0.1,4.954945e-06,5.029945e-06,-9.685425e-04,-9.685211e-04,1.010618e+00,1.010618e+00,-1.170643e-01,-1.170656e-01,8.637186e-01,8.637353e-01,-1.166744e-01,-1.166756e-01,8.604210e-01,8.604376e-01,8.999994e-01,1.825204e-12,1.825204e-12,1.911931e-12,1.912004e-12,5.562340e-12,7.000030e-12,7.000028e-12,8.022013e-12,-2.394132e-07,2.202207e-11,8.821146e-01,8.667981e-01,-1.788483e-02,,rbl_0 never fell 0.1 V below its pre-read level within the 20 ns read window plus tail,-2.647548e-03,-2.655648e-03,"schematic-level ASSUMED rbl loading (C_RBL), extracted C_SN per cell, no extracted bitline parasitics; rows written 0..3 sequentially; read age measured from row write end"
20261005T135350Z,2026-10-05T13:53:50+00:00,2b7fee1,c6d73a35f524070e85faff4a6a9eef49553ebc2b,** ngspice-46 : Circuit level simulation program,fs,-40,refresh_bound,3,1,1101,101,ok,,0.605354,10.000,1.8,0.9,5.050945000e-06,1e-08,0.1,4.954945e-06,5.029945e-06,1.010618e+00,-9.685208e-04,1.010618e+00,1.010618e+00,8.636845e-01,-1.170656e-01,8.637186e-01,8.637353e-01,8.603869e-01,-1.166756e-01,8.604210e-01,8.604376e-01,8.999994e-01,1.911920e-12,1.825195e-12,1.911923e-12,1.911996e-12,5.649037e-12,8.022754e-12,7.000679e-12,8.022775e-12,-2.394131e-07,2.304621e-11,8.821129e-01,8.667951e-01,-1.788649e-02,,rbl_0 never fell 0.1 V below its pre-read level within the 20 ns read window plus tail,-2.647789e-03,-2.655889e-03,"schematic-level ASSUMED rbl loading (C_RBL), extracted C_SN per cell, no extracted bitline parasitics; rows written 0..3 sequentially; read age measured from row write end"
20261005T135350Z,2026-10-05T13:53:50+00:00,2b7fee1,c6d73a35f524070e85faff4a6a9eef49553ebc2b,** ngspice-46 : Circuit level simulation program,fs,-40,refresh_bound,3,1,1110,110,ok,,0.605354,10.000,1.8,0.9,5.050945000e-06,1e-08,0.1,4.954945e-06,5.029945e-06,-9.685354e-04,1.010618e+00,1.010618e+00,1.010618e+00,-1.170636e-01,8.637019e-01,8.637186e-01,8.637353e-01,-1.166737e-01,8.604044e-01,8.604210e-01,8.604376e-01,8.999994e-01,1.825195e-12,1.911921e-12,1.911923e-12,1.911996e-12,5.649039e-12,7.000682e-12,8.022766e-12,8.022775e-12,-2.394131e-07,2.304622e-11,8.821129e-01,8.667951e-01,-1.788649e-02,,rbl_0 never fell 0.1 V below its pre-read level within the 20 ns read window plus tail,-2.647789e-03,-2.655889e-03,"schematic-level ASSUMED rbl loading (C_RBL), extracted C_SN per cell, no extracted bitline parasitics; rows written 0..3 sequentially; read age measured from row write end"
20261005T135350Z,2026-10-05T13:53:50+00:00,2b7fee1,c6d73a35f524070e85faff4a6a9eef49553ebc2b,** ngspice-46 : Circuit level simulation program,fs,-40,refresh_bound,3,1,1111,111,ok,,0.605354,10.000,1.8,0.9,5.050945000e-06,1e-08,0.1,4.954945e-06,5.029945e-06,1.010618e+00,1.010618e+00,1.010618e+00,1.010618e+00,8.636853e-01,8.637019e-01,8.637186e-01,8.637353e-01,8.603878e-01,8.604044e-01,8.604210e-01,8.604376e-01,8.999994e-01,1.911911e-12,1.911913e-12,1.911914e-12,1.911987e-12,5.735737e-12,8.023517e-12,8.023527e-12,8.023539e-12,-2.394130e-07,2.407058e-11,8.821113e-01,8.667920e-01,-1.788814e-02,,rbl_0 never fell 0.1 V below its pre-read level within the 20 ns read window plus tail,-2.648030e-03,-2.656130e-03,"schematic-level ASSUMED rbl loading (C_RBL), extracted C_SN per cell, no extracted bitline parasitics; rows written 0..3 sequentially; read age measured from row write end"
20261005T135350Z,2026-10-05T13:53:50+00:00,2b7fee1,c6d73a35f524070e85faff4a6a9eef49553ebc2b,** ngspice-46 : Circuit level simulation program,ss,-40,fresh,0,0,0000,000,ok,,0.605354,10.000,1.8,0.9,1.100000000e-07,1e-08,0.1,8.900000e-08,8.900000e-08,-7.490656e-04,-7.490466e-04,-7.490275e-04,-7.490085e-04,-1.242380e-01,-1.242386e-01,-1.242392e-01,-1.242398e-01,-1.242373e-01,-1.242379e-01,-1.242385e-01,-1.242391e-01,8.999994e-01,1.802916e-12,1.802916e-12,1.802916e-12,1.616501e-12,5.222333e-12,-1.790493e-07,4.561810e-12,4.561810e-12,4.561809e-12,1.368543e-11,8.989158e-01,8.989128e-01,-1.083612e-03,,rbl_0 never fell 0.1 V below its pre-read level within the 20 ns read window plus tail,3.030102e-06,1.748526e-06,"schematic-level ASSUMED rbl loading (C_RBL), extracted C_SN per cell, no extracted bitline parasitics; rows written 0..3 sequentially; read age measured from row write end"
20261005T135350Z,2026-10-05T13:53:50+00:00,2b7fee1,c6d73a35f524070e85faff4a6a9eef49553ebc2b,** ngspice-46 : Circuit level simulation program,ss,-40,fresh,0,1,0001,000,ok,,0.605354,10.000,1.8,0.9,1.100000000e-07,1e-08,0.1,8.900000e-08,8.900000e-08,1.040966e+00,-7.490463e-04,-7.490274e-04,-7.490084e-04,8.962619e-01,-1.242386e-01,-1.242392e-01,-1.242398e-01,8.962562e-01,-1.242379e-01,-1.242385e-01,-1.242391e-01,8.999994e-01,1.884081e-12,1.802916e-12,1.802917e-12,1.616501e-12,5.222334e-12,-3.378602e-07,5.867136e-11,5.867135e-11,5.867135e-11,1.760141e-10,7.776732e-01,6.909064e-01,-1.223262e-01,7.919014e-09,,-1.677010e-02,-1.463403e-02,"schematic-level ASSUMED rbl loading (C_RBL), extracted C_SN per cell, no extracted bitline parasitics; rows written 0..3 sequentially; read age measured from row write end"
20261005T135350Z,2026-10-05T13:53:50+00:00,2b7fee1,c6d73a35f524070e85faff4a6a9eef49553ebc2b,** ngspice-46 : Circuit level simulation program,ss,-40,fresh,0,0,0010,001,ok,,0.605354,10.000,1.8,0.9,1.100000000e-07,1e-08,0.1,8.900000e-08,8.900000e-08,-7.490580e-04,1.040966e+00,-7.490273e-04,-7.490084e-04,-1.242365e-01,8.962813e-01,-1.242392e-01,-1.242398e-01,-1.242358e-01,8.962757e-01,-1.242385e-01,-1.242391e-01,8.999994e-01,1.802917e-12,1.884082e-12,1.802916e-12,1.616501e-12,5.303499e-12,-1.790493e-07,5.277970e-12,4.562322e-12,4.562321e-12,1.440261e-11,8.989157e-01,8.989126e-01,-1.083778e-03,,rbl_0 never fell 0.1 V below its pre-read level within the 20 ns read window plus tail,3.018016e-06,-1.978065e-05,"schematic-level ASSUMED rbl loading (C_RBL), extracted C_SN per cell, no extracted bitline parasitics; rows written 0..3 sequentially; read age measured from row write end"
20261005T135350Z,2026-10-05T13:53:50+00:00,2b7fee1,c6d73a35f524070e85faff4a6a9eef49553ebc2b,** ngspice-46 : Circuit level simulation program,ss,-40,fresh,0,1,0011,001,ok,,0.605354,10.000,1.8,0.9,1.100000000e-07,1e-08,0.1,8.900000e-08,8.900000e-08,1.040966e+00,1.040966e+00,-7.490272e-04,-7.490083e-04,8.962636e-01,8.962813e-01,-1.242392e-01,-1.242398e-01,8.962580e-01,8.962757e-01,-1.242385e-01,-1.242391e-01,8.999994e-01,1.884082e-12,1.884083e-12,1.802917e-12,1.616501e-12,5.303502e-12,-3.378609e-07,6.681335e-11,5.867622e-11,5.867622e-11,1.841658e-10,7.776601e-01,6.908867e-01,-1.223393e-01,7.918029e-09,,-1.677168e-02,-1.676843e-02,"schematic-level ASSUMED rbl loading (C_RBL), extracted C_SN per cell, no extracted bitline parasitics; rows written 0..3 sequentially; read age measured from row write end"
20261005T135350Z,2026-10-05T13:53:50+00:00,2b7fee1,c6d73a35f524070e85faff4a6a9eef49553ebc2b,** ngspice-46 : Circuit level simulation program,ss,-40,fresh,0,0,0100,010,ok,,0.605354,10.000,1.8,0.9,1.100000000e-07,1e-08,0.1,8.900000e-08,8.900000e-08,-7.490580e-04,-7.490390e-04,1.040966e+00,-7.490082e-04,-1.242365e-01,-1.242371e-01,8.963008e-01,-1.242398e-01,-1.242358e-01,-1.242364e-01,8.962951e-01,-1.242391e-01,8.999994e-01,1.802917e-12,1.802917e-12,1.884085e-12,1.616501e-12,5.303503e-12,-1.790493e-07,4.562323e-12,5.277979e-12,4.562322e-12,1.440262e-11,8.989157e-01,8.989126e-01,-1.083778e-03,,rbl_0 never fell 0.1 V below its pre-read level within the 20 ns read window plus tail,3.018016e-06,-1.978156e-05,"schematic-level ASSUMED rbl loading (C_RBL), extracted C_SN per cell, no extracted bitline parasitics; rows written 0..3 sequentially; read age measured from row write end"
20261005T135350Z,2026-10-05T13:53:50+00:00,2b7fee1,c6d73a35f524070e85faff4a6a9eef49553ebc2b,** ngspice-46 : Circuit level simulation program,ss,-40,fresh,0,1,0101,010,ok,,0.605354,10.000,1.8,0.9,1.100000000e-07,1e-08,0.1,8.900000e-08,8.900000e-08,1.040966e+00,-7.490387e-04,1.040966e+00,-7.490081e-04,8.962636e-01,-1.242371e-01,8.963008e-01,-1.242398e-01,8.962580e-01,-1.242364e-01,8.962951e-01,-1.242391e-01,8.999994e-01,1.884083e-12,1.802917e-12,1.884085e-12,1.616502e-12,5.303504e-12,-3.378609e-07,5.867625e-11,6.681342e-11,5.867622e-11,1.841659e-10,7.776601e-01,6.908867e-01,-1.223393e-01,7.918029e-09,,-1.677168e-02,-1.676845e-02,"schematic-level ASSUMED rbl loading (C_RBL), extracted C_SN per cell, no extracted bitline parasitics; rows written 0..3 sequentially; read age measured from row write end"
20261005T135350Z,2026-10-05T13:53:50+00:00,2b7fee1,c6d73a35f524070e85faff4a6a9eef49553ebc2b,** ngspice-46 : Circuit level simulation program,ss,-40,fresh,0,0,0110,011,ok,,0.605354,10.000,1.8,0.9,1.100000000e-07,1e-08,0.1,8.900000e-08,8.900000e-08,-7.490504e-04,1.040966e+00,1.040966e+00,-7.490081e-04,-1.242349e-01,8.962831e-01,8.963008e-01,-1.242398e-01,-1.242342e-01,8.962774e-01,8.962951e-01,-1.242391e-01,8.999994e-01,1.802917e-12,1.884083e-12,1.884085e-12,1.616502e-12,5.384670e-12,-1.790493e-07,5.278568e-12,5.278576e-12,4.562833e-12,1.511998e-11,8.989155e-01,8.989123e-01,-1.083943e-03,,rbl_0 never fell 0.1 V below its pre-read level within the 20 ns read window plus tail,3.005016e-06,-1.979560e-05,"schematic-level ASSUMED rbl loading (C_RBL), extracted C_SN per cell, no extracted bitline parasitics; rows written 0..3 sequentially; read age measured from row write end"
20261005T135350Z,2026-10-05T13:53:50+00:00,2b7fee1,c6d73a35f524070e85faff4a6a9eef49553ebc2b,** ngspice-46 : Circuit level simulation program,ss,-40,fresh,0,1,0111,011,ok,,0.605354,10.000,1.8,0.9,1.100000000e-07,1e-08,0.1,8.900000e-08,8.900000e-08,1.040966e+00,1.040966e+00,1.040966e+00,-7.490080e-04,8.962654e-01,8.962831e-01,8.963008e-01,-1.242398e-01,8.962597e-01,8.962774e-01,8.962951e-01,-1.242391e-01,8.999994e-01,1.884084e-12,1.884084e-12,1.884086e-12,1.616502e-12,5.384673e-12,-3.378617e-07,6.681891e-11,6.681897e-11,5.868109e-11,1.923190e-10,7.776471e-01,6.908670e-01,-1.223523e-01,7.917043e-09,,-1.677325e-02,-1.677002e-02,"schematic-level ASSUMED rbl loading (C_RBL), extracted C_SN per cell, no extracted bitline parasitics; rows written 0..3 sequentially; read age measured from row write end"
20261005T135350Z,2026-10-05T13:53:50+00:00,2b7fee1,c6d73a35f524070e85faff4a6a9eef49553ebc2b,** ngspice-46 : Circuit level simulation program,ss,-40,fresh,0,0,1000,100,ok,,0.605354,10.000,1.8,0.9,1.100000000e-07,1e-08,0.1,8.900000e-08,8.900000e-08,-7.490580e-04,-7.490390e-04,-7.490199e-04,1.040966e+00,-1.242361e-01,-1.242367e-01,-1.242373e-01,8.963205e-01,-1.242355e-01,-1.242360e-01,-1.242366e-01,8.963149e-01,8.999994e-01,8.065926e-11,8.065927e-11,8.065929e-11,6.334851e-11,2.246671e-10,-1.790493e-07,4.562444e-12,4.562444e-12,5.278065e-12,1.440295e-11,8.989157e-01,8.989126e-01,-1.083778e-03,,rbl_0 never fell 0.1 V below its pre-read level within the 20 ns read window plus tail,2.674348e-06,-2.002566e-05,"schematic-level ASSUMED rbl loading (C_RBL), extracted C_SN per cell, no extracted bitline parasitics; rows written 0..3 sequentially; read age measured from row write end"
20261005T135350Z,2026-10-05T13:53:50+00:00,2b7fee1,c6d73a35f524070e85faff4a6a9eef49553ebc2b,** ngspice-46 : Circuit level simulation program,ss,-40,fresh,0,1,1001,100,ok,,0.605354,10.000,1.8,0.9,1.100000000e-07,1e-08,0.1,8.900000e-08,8.900000e-08,1.040966e+00,-7.490387e-04,-7.490198e-04,1.040966e+00,8.962639e-01,-1.242367e-01,-1.242373e-01,8.963205e-01,8.962582e-01,-1.242360e-01,-1.242366e-01,8.963149e-01,8.999994e-01,6.457391e-11,8.065194e-11,8.065195e-11,6.334028e-11,2.246442e-10,-3.378609e-07,5.867637e-11,5.867636e-11,6.681356e-11,1.841663e-10,7.776601e-01,6.908867e-01,-1.223393e-01,7.918029e-09,,-1.677192e-02,-1.676872e-02,"schematic-level ASSUMED rbl loading (C_RBL), extracted C_SN per cell, no extracted bitline parasitics; rows written 0..3 sequentially; read age measured from row write end"
20261005T135350Z,2026-10-05T13:53:50+00:00,2b7fee1,c6d73a35f524070e85faff4a6a9eef49553ebc2b,** ngspice-46 : Circuit level simulation program,ss,-40,fresh,0,0,1010,101,ok,,0.605354,10.000,1.8,0.9,1.100000000e-07,1e-08,0.1,8.900000e-08,8.900000e-08,-7.490504e-04,1.040966e+00,-7.490196e-04,1.040966e+00,-1.242346e-01,8.962834e-01,-1.242373e-01,8.963205e-01,-1.242339e-01,8.962777e-01,-1.242366e-01,8.963149e-01,8.999994e-01,8.065189e-11,6.457371e-11,8.065195e-11,6.334028e-11,2.085659e-10,-1.790493e-07,5.278646e-12,4.562956e-12,5.278662e-12,1.512026e-11,8.989155e-01,8.989123e-01,-1.083943e-03,,rbl_0 never fell 0.1 V below its pre-read level within the 20 ns read window plus tail,2.661348e-06,-2.003970e-05,"schematic-level ASSUMED rbl loading (C_RBL), extracted C_SN per cell, no extracted bitline parasitics; rows written 0..3 sequentially; read age measured from row write end"
20261005T135350Z,2026-10-05T13:53:50+00:00,2b7fee1,c6d73a35f524070e85faff4a6a9eef49553ebc2b,** ngspice-46 : Circuit level simulation program,ss,-40,fresh,0,1,1011,101,ok,,0.605354,10.000,1.8,0.9,1.100000000e-07,1e-08,0.1,8.900000e-08,8.900000e-08,1.040966e+00,1.040966e+00,-7.490195e-04,1.040966e+00,8.962657e-01,8.962834e-01,-1.242373e-01,8.963205e-01,8.962600e-01,8.962777e-01,-1.242366e-01,8.963149e-01,8.999994e-01,6.456566e-11,6.456548e-11,8.064461e-11,6.333205e-11,2.085421e-10,-3.378617e-07,6.681899e-11,5.868124e-11,6.681911e-11,1.923193e-10,7.776471e-01,6.908670e-01,-1.223523e-01,7.917043e-09,,-1.677349e-02,-1.677030e-02,"schematic-level ASSUMED rbl loading (C_RBL), extracted C_SN per cell, no extracted bitline parasitics; rows written 0..3 sequentially; read age measured from row write end"
20261005T135350Z,2026-10-05T13:53:50+00:00,2b7fee1,c6d73a35f524070e85faff4a6a9eef49553ebc2b,** ngspice-46 : Circuit level simulation program,ss,-40,fresh,0,0,1100,110,ok,,0.605354,10.000,1.8,0.9,1.100000000e-07,1e-08,0.1,8.900000e-08,8.900000e-08,-7.490504e-04,-7.490313e-04,1.040966e+00,1.040966e+00,-1.242346e-01,-1.242352e-01,8.963028e-01,8.963205e-01,-1.242339e-01,-1.242345e-01,8.962972e-01,8.963149e-01,8.999994e-01,8.065189e-11,8.065190e-11,6.457352e-11,6.334028e-11,2.085657e-10,-1.790493e-07,4.562957e-12,5.278656e-12,5.278662e-12,1.512028e-11,8.989155e-01,8.989123e-01,-1.083943e-03,,rbl_0 never fell 0.1 V below its pre-read level within the 20 ns read window plus tail,2.661348e-06,-2.003970e-05,"schematic-level ASSUMED rbl loading (C_RBL), extracted C_SN per cell, no extracted bitline parasitics; rows written 0..3 sequentially; read age measured from row write end"
20261005T135350Z,2026-10-05T13:53:50+00:00,2b7fee1,c6d73a35f524070e85faff4a6a9eef49553ebc2b,** ngspice-46 : Circuit level simulation program,ss,-40,fresh,0,1,1101,110,ok,,0.605354,10.000,1.8,0.9,1.100000000e-07,1e-08,0.1,8.900000e-08,8.900000e-08,1.040966e+00,-7.490311e-04,1.040966e+00,1.040966e+00,8.962657e-01,-1.242352e-01,8.963028e-01,8.963205e-01,8.962600e-01,-1.242345e-01,8.962972e-01,8.963149e-01,8.999994e-01,6.456566e-11,8.064456e-11,6.456528e-11,6.333205e-11,2.085419e-10,-3.378617e-07,5.868126e-11,6.681905e-11,6.681911e-11,1.923194e-10,7.776471e-01,6.908670e-01,-1.223523e-01,7.917043e-09,,-1.677349e-02,-1.677030e-02,"schematic-level ASSUMED rbl loading (C_RBL), extracted C_SN per cell, no extracted bitline parasitics; rows written 0..3 sequentially; read age measured from row write end"
20261005T135350Z,2026-10-05T13:53:50+00:00,2b7fee1,c6d73a35f524070e85faff4a6a9eef49553ebc2b,** ngspice-46 : Circuit level simulation program,ss,-40,fresh,0,0,1110,111,ok,,0.605354,10.000,1.8,0.9,1.100000000e-07,1e-08,0.1,8.900000e-08,8.900000e-08,-7.490427e-04,1.040966e+00,1.040966e+00,1.040966e+00,-1.242330e-01,8.962851e-01,8.963028e-01,8.963205e-01,-1.242323e-01,8.962795e-01,8.962972e-01,8.963149e-01,8.999994e-01,8.064452e-11,6.456546e-11,6.456528e-11,6.333205e-11,1.924628e-10,-1.790493e-07,5.279245e-12,5.279254e-12,5.279261e-12,1.583776e-11,8.989153e-01,8.989121e-01,-1.084109e-03,,rbl_0 never fell 0.1 V below its pre-read level within the 20 ns read window plus tail,2.647434e-06,-2.005470e-05,"schematic-level ASSUMED rbl loading (C_RBL), extracted C_SN per cell, no extracted bitline parasitics; rows written 0..3 sequentially; read age measured from row write end"
20261005T135350Z,2026-10-05T13:53:50+00:00,2b7fee1,c6d73a35f524070e85faff4a6a9eef49553ebc2b,** ngspice-46 : Circuit level simulation program,ss,-40,fresh,0,1,1111,111,ok,,0.605354,10.000,1.8,0.9,1.100000000e-07,1e-08,0.1,8.900000e-08,8.900000e-08,1.040966e+00,1.040966e+00,1.040966e+00,1.040966e+00,8.962674e-01,8.962851e-01,8.963028e-01,8.963205e-01,8.962617e-01,8.962795e-01,8.962972e-01,8.963149e-01,8.999994e-01,6.455740e-11,6.455723e-11,6.455705e-11,6.332381e-11,1.924381e-10,-3.378624e-07,6.682455e-11,6.682461e-11,6.682467e-11,2.004738e-10,7.776340e-01,6.908474e-01,-1.223654e-01,7.916058e-09,,-1.677507e-02,-1.677187e-02,"schematic-level ASSUMED rbl loading (C_RBL), extracted C_SN per cell, no extracted bitline parasitics; rows written 0..3 sequentially; read age measured from row write end"
20261005T135350Z,2026-10-05T13:53:50+00:00,2b7fee1,c6d73a35f524070e85faff4a6a9eef49553ebc2b,** ngspice-46 : Circuit level simulation program,ss,-40,fresh,1,0,0000,000,ok,,0.605354,10.000,1.8,0.9,1.100000000e-07,1e-08,0.1,6.400000e-08,8.900000e-08,-7.490656e-04,-7.490466e-04,-7.490275e-04,-7.490085e-04,-1.242380e-01,-1.242386e-01,-1.242392e-01,-1.242398e-01,-1.242373e-01,-1.242379e-01,-1.242385e-01,-1.242391e-01,8.999994e-01,1.802916e-12,1.802916e-12,1.802916e-12,1.616501e-12,5.222333e-12,4.561810e-12,-1.790493e-07,4.561810e-12,4.561808e-12,1.368543e-11,8.989158e-01,8.989128e-01,-1.083612e-03,,rbl_0 never fell 0.1 V below its pre-read level within the 20 ns read window plus tail,3.031016e-06,1.748526e-06,"schematic-level ASSUMED rbl loading (C_RBL), extracted C_SN per cell, no extracted bitline parasitics; rows written 0..3 sequentially; read age measured from row write end"
20261005T135350Z,2026-10-05T13:53:50+00:00,2b7fee1,c6d73a35f524070e85faff4a6a9eef49553ebc2b,** ngspice-46 : Circuit level simulation program,ss,-40,fresh,1,0,0001,001,ok,,0.605354,10.000,1.8,0.9,1.100000000e-07,1e-08,0.1,6.400000e-08,8.900000e-08,1.040966e+00,-7.490463e-04,-7.490274e-04,-7.490084e-04,8.962619e-01,-1.242386e-01,-1.242392e-01,-1.242398e-01,8.962562e-01,-1.242379e-01,-1.242385e-01,-1.242391e-01,8.999994e-01,1.884081e-12,1.802916e-12,1.802917e-12,1.616501e-12,5.303499e-12,5.277958e-12,-1.790493e-07,4.562320e-12,4.562319e-12,1.440260e-11,8.989157e-01,8.989126e-01,-1.083777e-03,,rbl_0 never fell 0.1 V below its pre-read level within the 20 ns read window plus tail,3.018059e-06,-1.978056e-05,"schematic-level ASSUMED rbl loading (C_RBL), extracted C_SN per cell, no extracted bitline parasitics; rows written 0..3 sequentially; read age measured from row write end"
20261005T135350Z,2026-10-05T13:53:50+00:00,2b7fee1,c6d73a35f524070e85faff4a6a9eef49553ebc2b,** ngspice-46 : Circuit level simulation program,ss,-40,fresh,1,1,0010,000,ok,,0.605354,10.000,1.8,0.9,1.100000000e-07,1e-08,0.1,6.400000e-08,8.900000e-08,-7.490580e-04,1.040966e+00,-7.490273e-04,-7.490084e-04,-1.242365e-01,8.962813e-01,-1.242392e-01,-1.242398e-01,-1.242358e-01,8.962757e-01,-1.242385e-01,-1.242391e-01,8.999994e-01,1.802917e-12,1.884082e-12,1.802916e-12,1.616501e-12,5.222334e-12,5.869159e-11,-3.379015e-07,5.869155e-11,5.869155e-11,1.760747e-10,7.776285e-01,6.908375e-01,-1.223709e-01,7.915650e-09,,-1.677564e-02,-1.463885e-02,"schematic-level ASSUMED rbl loading (C_RBL), extracted C_SN per cell, no extracted bitline parasitics; rows written 0..3 sequentially; read age measured from row write end"
20261005T135350Z,2026-10-05T13:53:50+00:00,2b7fee1,c6d73a35f524070e85faff4a6a9eef49553ebc2b,** ngspice-46 : Circuit level simulation program,ss,-40,fresh,1,1,0011,001,ok,,0.605354,10.000,1.8,0.9,1.100000000e-07,1e-08,0.1,6.400000e-08,8.900000e-08,1.040966e+00,1.040966e+00,-7.490272e-04,-7.490083e-04,8.962636e-01,8.962813e-01,-1.242392e-01,-1.242398e-01,8.962580e-01,8.962757e-01,-1.242385e-01,-1.242391e-01,8.999994e-01,1.884082e-12,1.884083e-12,1.802917e-12,1.616501e-12,5.303501e-12,6.683416e-11,-3.378985e-07,5.869459e-11,5.869459e-11,1.842233e-10,7.776195e-01,6.908241e-01,-1.223799e-01,7.914971e-09,,-1.677671e-02,-1.677342e-02,"schematic-level ASSUMED rbl loading (C_RBL), extracted C_SN per cell, no extracted bitline parasitics; rows written 0..3 sequentially; read age measured from row write end"
20261005T135350Z,2026-10-05T13:53:50+00:00,2b7fee1,c6d73a35f524070e85faff4a6a9eef49553ebc2b,** ngspice-46 : Circuit level simulation program,ss,-40,fresh,1,0,0100,010,ok,,0.605354,10.000,1.8,0.9,1.100000000e-07,1e-08,0.1,6.400000e-08,8.900000e-08,-7.490580e-04,-7.490390e-04,1.040966e+00,-7.490082e-04,-1.242365e-01,-1.242371e-01,8.963008e-01,-1.242398e-01,-1.242358e-01,-1.242364e-01,8.962951e-01,-1.242391e-01,8.999994e-01,1.802917e-12,1.802917e-12,1.884085e-12,1.616501e-12,5.303503e-12,4.562324e-12,-1.790493e-07,5.277978e-12,4.562320e-12,1.440262e-11,8.989157e-01,8.989126e-01,-1.083778e-03,,rbl_0 never fell 0.1 V below its pre-read level within the 20 ns read window plus tail,3.017102e-06,-1.978156e-05,"schematic-level ASSUMED rbl loading (C_RBL), extracted C_SN per cell, no extracted bitline parasitics; rows written 0..3 sequentially; read age measured from row write end"
20261005T135350Z,2026-10-05T13:53:50+00:00,2b7fee1,c6d73a35f524070e85faff4a6a9eef49553ebc2b,** ngspice-46 : Circuit level simulation program,ss,-40,fresh,1,0,0101,011,ok,,0.605354,10.000,1.8,0.9,1.100000000e-07,1e-08,0.1,6.400000e-08,8.900000e-08,1.040966e+00,-7.490387e-04,1.040966e+00,-7.490081e-04,8.962636e-01,-1.242371e-01,8.963008e-01,-1.242398e-01,8.962580e-01,-1.242364e-01,8.962951e-01,-1.242391e-01,8.999994e-01,1.884083e-12,1.802917e-12,1.884085e-12,1.616502e-12,5.384669e-12,5.278557e-12,-1.790493e-07,5.278574e-12,4.562831e-12,1.511996e-11,8.989155e-01,8.989123e-01,-1.083943e-03,,rbl_0 never fell 0.1 V below its pre-read level within the 20 ns read window plus tail,3.005059e-06,-1.979560e-05,"schematic-level ASSUMED rbl loading (C_RBL), extracted C_SN per cell, no extracted bitline parasitics; rows written 0..3 sequentially; read age measured from row write end"
20261005T135350Z,2026-10-05T13:53:50+00:00,2b7fee1,c6d73a35f524070e85faff4a6a9eef49553ebc2b,** ngspice-46 : Circuit level simulation program,ss,-40,fresh,1,1,0110,010,ok,,0.605354,10.000,1.8,0.9,1.100000000e-07,1e-08,0.1,6.400000e-08,8.900000e-08,-7.490504e-04,1.040966e+00,1.040966e+00,-7.490081e-04,-1.242349e-01,8.962831e-01,8.963008e-01,-1.242398e-01,-1.242342e-01,8.962774e-01,8.962951e-01,-1.242391e-01,8.999994e-01,1.802917e-12,1.884083e-12,1.884085e-12,1.616502e-12,5.303504e-12,5.869648e-11,-3.379023e-07,6.683636e-11,5.869642e-11,1.842293e-10,7.776154e-01,6.908179e-01,-1.223840e-01,7.914665e-09,,-1.677722e-02,-1.677397e-02,"schematic-level ASSUMED rbl loading (C_RBL), extracted C_SN per cell, no extracted bitline parasitics; rows written 0..3 sequentially; read age measured from row write end"
20261005T135350Z,2026-10-05T13:53:50+00:00,2b7fee1,c6d73a35f524070e85faff4a6a9eef49553ebc2b,** ngspice-46 : Circuit level simulation program,ss,-40,fresh,1,1,0111,011,ok,,0.605354,10.000,1.8,0.9,1.100000000e-07,1e-08,0.1,6.400000e-08,8.900000e-08,1.040966e+00,1.040966e+00,1.040966e+00,-7.490080e-04,8.962654e-01,8.962831e-01,8.963008e-01,-1.242398e-01,8.962597e-01,8.962774e-01,8.962951e-01,-1.242391e-01,8.999994e-01,1.884084e-12,1.884084e-12,1.884086e-12,1.616502e-12,5.384672e-12,6.683971e-11,-3.378993e-07,6.683983e-11,5.869946e-11,1.923790e-10,7.776065e-01,6.908044e-01,-1.223930e-01,7.913986e-09,,-1.677829e-02,-1.677504e-02,"schematic-level ASSUMED rbl loading (C_RBL), extracted C_SN per cell, no extracted bitline parasitics; rows written 0..3 sequentially; read age measured from row write end"
20261005T135350Z,2026-10-05T13:53:50+00:00,2b7fee1,c6d73a35f524070e85faff4a6a9eef49553ebc2b,** ngspice-46 : Circuit level simulation program,ss,-40,fresh,1,0,1000,100,ok,,0.605354,10.000,1.8,0.9,1.100000000e-07,1e-08,0.1,6.400000e-08,8.900000e-08,-7.490580e-04,-7.490390e-04,-7.490199e-04,1.040966e+00,-1.242361e-01,-1.242367e-01,-1.242373e-01,8.963205e-01,-1.242355e-01,-1.242360e-01,-1.242366e-01,8.963149e-01,8.999994e-01,8.065926e-11,8.065927e-11,8.065929e-11,6.334851e-11,2.246671e-10,4.562444e-12,-1.790493e-07,4.562443e-12,5.278066e-12,1.440295e-11,8.989157e-01,8.989126e-01,-1.083777e-03,,rbl_0 never fell 0.1 V below its pre-read level within the 20 ns read window plus tail,2.673391e-06,-2.002566e-05,"schematic-level ASSUMED rbl loading (C_RBL), extracted C_SN per cell, no extracted bitline parasitics; rows written 0..3 sequentially; read age measured from row write end"
20261005T135350Z,2026-10-05T13:53:50+00:00,2b7fee1,c6d73a35f524070e85faff4a6a9eef49553ebc2b,** ngspice-46 : Circuit level simulation program,ss,-40,fresh,1,0,1001,101,ok,,0.605354,10.000,1.8,0.9,1.100000000e-07,1e-08,0.1,6.400000e-08,8.900000e-08,1.040966e+00,-7.490387e-04,-7.490198e-04,1.040966e+00,8.962639e-01,-1.242367e-01,-1.242373e-01,8.963205e-01,8.962582e-01,-1.242360e-01,-1.242366e-01,8.963149e-01,8.999994e-01,6.457391e-11,8.065194e-11,8.065195e-11,6.334028e-11,2.085661e-10,5.278635e-12,-1.790493e-07,4.562954e-12,5.278660e-12,1.512025e-11,8.989155e-01,8.989123e-01,-1.083943e-03,,rbl_0 never fell 0.1 V below its pre-read level within the 20 ns read window plus tail,2.661348e-06,-2.003970e-05,"schematic-level ASSUMED rbl loading (C_RBL), extracted C_SN per cell, no extracted bitline parasitics; rows written 0..3 sequentially; read age measured from row write end"
20261005T135350Z,2026-10-05T13:53:50+00:00,2b7fee1,c6d73a35f524070e85faff4a6a9eef49553ebc2b,** ngspice-46 : Circuit level simulation program,ss,-40,fresh,1,1,1010,100,ok,,0.605354,10.000,1.8,0.9,1.100000000e-07,1e-08,0.1,6.400000e-08,8.900000e-08,-7.490504e-04,1.040966e+00,-7.490196e-04,1.040966e+00,-1.242346e-01,8.962834e-01,-1.242373e-01,8.963205e-01,-1.242339e-01,8.962777e-01,-1.242366e-01,8.963149e-01,8.999994e-01,8.065189e-11,6.457371e-11,8.065195e-11,6.334028e-11,2.246441e-10,5.869660e-11,-3.379023e-07,5.869656e-11,6.683651e-11,1.842297e-10,7.776154e-01,6.908179e-01,-1.223840e-01,7.914665e-09,,-1.677746e-02,-1.677424e-02,"schematic-level ASSUMED rbl loading (C_RBL), extracted C_SN per cell, no extracted bitline parasitics; rows written 0..3 sequentially; read age measured from row write end"
20261005T135350Z,2026-10-05T13:53:50+00:00,2b7fee1,c6d73a35f524070e85faff4a6a9eef49553ebc2b,** ngspice-46 : Circuit level simulation program,ss,-40,fresh,1,1,1011,101,ok,,0.605354,10.000,1.8,0.9,1.100000000e-07,1e-08,0.1,6.400000e-08,8.900000e-08,1.040966e+00,1.040966e+00,-7.490195e-04,1.040966e+00,8.962657e-01,8.962834e-01,-1.242373e-01,8.963205e-01,8.962600e-01,8.962777e-01,-1.242366e-01,8.963149e-01,8.999994e-01,6.456566e-11,6.456548e-11,8.064461e-11,6.333205e-11,2.085423e-10,6.683979e-11,-3.378993e-07,5.869960e-11,6.683998e-11,1.923794e-10,7.776065e-01,6.908044e-01,-1.223930e-01,7.913986e-09,,-1.677853e-02,-1.677531e-02,"schematic-level ASSUMED rbl loading (C_RBL), extracted C_SN per cell, no extracted bitline parasitics; rows written 0..3 sequentially; read age measured from row write end"
20261005T135350Z,2026-10-05T13:53:50+00:00,2b7fee1,c6d73a35f524070e85faff4a6a9eef49553ebc2b,** ngspice-46 : Circuit level simulation program,ss,-40,fresh,1,0,1100,110,ok,,0.605354,10.000,1.8,0.9,1.100000000e-07,1e-08,0.1,6.400000e-08,8.900000e-08,-7.490504e-04,-7.490313e-04,1.040966e+00,1.040966e+00,-1.242346e-01,-1.242352e-01,8.963028e-01,8.963205e-01,-1.242339e-01,-1.242345e-01,8.962972e-01,8.963149e-01,8.999994e-01,8.065189e-11,8.065190e-11,6.457352e-11,6.334028e-11,2.085657e-10,4.562958e-12,-1.790493e-07,5.278655e-12,5.278662e-12,1.512028e-11,8.989155e-01,8.989123e-01,-1.083943e-03,,rbl_0 never fell 0.1 V below its pre-read level within the 20 ns read window plus tail,2.661348e-06,-2.003970e-05,"schematic-level ASSUMED rbl loading (C_RBL), extracted C_SN per cell, no extracted bitline parasitics; rows written 0..3 sequentially; read age measured from row write end"
20261005T135350Z,2026-10-05T13:53:50+00:00,2b7fee1,c6d73a35f524070e85faff4a6a9eef49553ebc2b,** ngspice-46 : Circuit level simulation program,ss,-40,fresh,1,0,1101,111,ok,,0.605354,10.000,1.8,0.9,1.100000000e-07,1e-08,0.1,6.400000e-08,8.900000e-08,1.040966e+00,-7.490311e-04,1.040966e+00,1.040966e+00,8.962657e-01,-1.242352e-01,8.963028e-01,8.963205e-01,8.962600e-01,-1.242345e-01,8.962972e-01,8.963149e-01,8.999994e-01,6.456566e-11,8.064456e-11,6.456528e-11,6.333205e-11,1.924630e-10,5.279234e-12,-1.790493e-07,5.279251e-12,5.279258e-12,1.583774e-11,8.989153e-01,8.989121e-01,-1.084109e-03,,rbl_0 never fell 0.1 V below its pre-read level within the 20 ns read window plus tail,2.648391e-06,-2.005470e-05,"schematic-level ASSUMED rbl loading (C_RBL), extracted C_SN per cell, no extracted bitline parasitics; rows written 0..3 sequentially; read age measured from row write end"
20261005T135350Z,2026-10-05T13:53:50+00:00,2b7fee1,c6d73a35f524070e85faff4a6a9eef49553ebc2b,** ngspice-46 : Circuit level simulation program,ss,-40,fresh,1,1,1110,110,ok,,0.605354,10.000,1.8,0.9,1.100000000e-07,1e-08,0.1,6.400000e-08,8.900000e-08,-7.490427e-04,1.040966e+00,1.040966e+00,1.040966e+00,-1.242330e-01,8.962851e-01,8.963028e-01,8.963205e-01,-1.242323e-01,8.962795e-01,8.962972e-01,8.963149e-01,8.999994e-01,8.064452e-11,6.456546e-11,6.456528e-11,6.333205e-11,2.085418e-10,5.870149e-11,-3.379030e-07,6.684200e-11,6.684206e-11,1.923856e-10,7.776024e-01,6.907982e-01,-1.223970e-01,7.913680e-09,,-1.677903e-02,-1.677581e-02,"schematic-level ASSUMED rbl loading (C_RBL), extracted C_SN per cell, no extracted bitline parasitics; rows written 0..3 sequentially; read age measured from row write end"
20261005T135350Z,2026-10-05T13:53:50+00:00,2b7fee1,c6d73a35f524070e85faff4a6a9eef49553ebc2b,** ngspice-46 : Circuit level simulation program,ss,-40,fresh,1,1,1111,111,ok,,0.605354,10.000,1.8,0.9,1.100000000e-07,1e-08,0.1,6.400000e-08,8.900000e-08,1.040966e+00,1.040966e+00,1.040966e+00,1.040966e+00,8.962674e-01,8.962851e-01,8.963028e-01,8.963205e-01,8.962617e-01,8.962795e-01,8.962972e-01,8.963149e-01,8.999994e-01,6.455740e-11,6.455723e-11,6.455705e-11,6.332381e-11,1.924383e-10,6.684535e-11,-3.379000e-07,6.684547e-11,6.684553e-11,2.005364e-10,7.775934e-01,6.907847e-01,-1.224060e-01,7.913000e-09,,-1.678010e-02,-1.677688e-02,"schematic-level ASSUMED rbl loading (C_RBL), extracted C_SN per cell, no extracted bitline parasitics; rows written 0..3 sequentially; read age measured from row write end"
20261005T135350Z,2026-10-05T13:53:50+00:00,2b7fee1,c6d73a35f524070e85faff4a6a9eef49553ebc2b,** ngspice-46 : Circuit level simulation program,ss,-40,fresh,2,0,0000,000,ok,,0.605354,10.000,1.8,0.9,1.100000000e-07,1e-08,0.1,3.900000e-08,8.900000e-08,-7.490656e-04,-7.490466e-04,-7.490275e-04,-7.490085e-04,-1.242380e-01,-1.242386e-01,-1.242392e-01,-1.242398e-01,-1.242373e-01,-1.242379e-01,-1.242385e-01,-1.242391e-01,8.999994e-01,1.802916e-12,1.802916e-12,1.802916e-12,1.616501e-12,5.222332e-12,4.561809e-12,4.561809e-12,-1.790493e-07,4.561808e-12,1.368543e-11,8.989158e-01,8.989128e-01,-1.083612e-03,,rbl_0 never fell 0.1 V below its pre-read level within the 20 ns read window plus tail,3.031059e-06,1.748526e-06,"schematic-level ASSUMED rbl loading (C_RBL), extracted C_SN per cell, no extracted bitline parasitics; rows written 0..3 sequentially; read age measured from row write end"
20261005T135350Z,2026-10-05T13:53:50+00:00,2b7fee1,c6d73a35f524070e85faff4a6a9eef49553ebc2b,** ngspice-46 : Circuit level simulation program,ss,-40,fresh,2,0,0001,001,ok,,0.605354,10.000,1.8,0.9,1.100000000e-07,1e-08,0.1,3.900000e-08,8.900000e-08,1.040966e+00,-7.490463e-04,-7.490274e-04,-7.490084e-04,8.962619e-01,-1.242386e-01,-1.242392e-01,-1.242398e-01,8.962562e-01,-1.242379e-01,-1.242385e-01,-1.242391e-01,8.999994e-01,1.884081e-12,1.802916e-12,1.802917e-12,1.616501e-12,5.303499e-12,5.277957e-12,4.562319e-12,-1.790493e-07,4.562318e-12,1.440259e-11,8.989157e-01,8.989126e-01,-1.083777e-03,,rbl_0 never fell 0.1 V below its pre-read level within the 20 ns read window plus tail,3.017102e-06,-1.978056e-05,"schematic-level ASSUMED rbl loading (C_RBL), extracted C_SN per cell, no extracted bitline parasitics; rows written 0..3 sequentially; read age measured from row write end"
20261005T135350Z,2026-10-05T13:53:50+00:00,2b7fee1,c6d73a35f524070e85faff4a6a9eef49553ebc2b,** ngspice-46 : Circuit level simulation program,ss,-40,fresh,2,0,0010,010,ok,,0.605354,10.000,1.8,0.9,1.100000000e-07,1e-08,0.1,3.900000e-08,8.900000e-08,-7.490580e-04,1.040966e+00,-7.490273e-04,-7.490084e-04,-1.242365e-01,8.962813e-01,-1.242392e-01,-1.242398e-01,-1.242358e-01,8.962757e-01,-1.242385e-01,-1.242391e-01,8.999994e-01,1.802917e-12,1.884082e-12,1.802916e-12,1.616501e-12,5.303500e-12,4.562322e-12,5.277966e-12,-1.790493e-07,4.562318e-12,1.440261e-11,8.989157e-01,8.989126e-01,-1.083777e-03,,rbl_0 never fell 0.1 V below its pre-read level within the 20 ns read window plus tail,3.017102e-06,-1.978065e-05,"schematic-level ASSUMED rbl loading (C_RBL), extracted C_SN per cell, no extracted bitline parasitics; rows written 0..3 sequentially; read age measured from row write end"
20261005T135350Z,2026-10-05T13:53:50+00:00,2b7fee1,c6d73a35f524070e85faff4a6a9eef49553ebc2b,** ngspice-46 : Circuit level simulation program,ss,-40,fresh,2,0,0011,011,ok,,0.605354,10.000,1.8,0.9,1.100000000e-07,1e-08,0.1,3.900000e-08,8.900000e-08,1.040966e+00,1.040966e+00,-7.490272e-04,-7.490083e-04,8.962636e-01,8.962813e-01,-1.242392e-01,-1.242398e-01,8.962580e-01,8.962757e-01,-1.242385e-01,-1.242391e-01,8.999994e-01,1.884082e-12,1.884083e-12,1.802917e-12,1.616501e-12,5.384667e-12,5.278555e-12,5.278563e-12,-1.790493e-07,4.562829e-12,1.511995e-11,8.989155e-01,8.989123e-01,-1.083942e-03,,rbl_0 never fell 0.1 V below its pre-read level within the 20 ns read window plus tail,3.005059e-06,-1.979465e-05,"schematic-level ASSUMED rbl loading (C_RBL), extracted C_SN per cell, no extracted bitline parasitics; rows written 0..3 sequentially; read age measured from row write end"
20261005T135350Z,2026-10-05T13:53:50+00:00,2b7fee1,c6d73a35f524070e85faff4a6a9eef49553ebc2b,** ngspice-46 : Circuit level simulation program,ss,-40,fresh,2,1,0100,000,ok,,0.605354,10.000,1.8,0.9,1.100000000e-07,1e-08,0.1,3.900000e-08,8.900000e-08,-7.490580e-04,-7.490390e-04,1.040966e+00,-7.490082e-04,-1.242365e-01,-1.242371e-01,8.963008e-01,-1.242398e-01,-1.242358e-01,-1.242364e-01,8.962951e-01,-1.242391e-01,8.999994e-01,1.802917e-12,1.802917e-12,1.884085e-12,1.616501e-12,5.222335e-12,5.871179e-11,5.871178e-11,-3.379429e-07,5.871175e-11,1.761353e-10,7.775838e-01,6.907687e-01,-1.224156e-01,7.912288e-09,,-1.678119e-02,-1.464366e-02,"schematic-level ASSUMED rbl loading (C_RBL), extracted C_SN per cell, no extracted bitline parasitics; rows written 0..3 sequentially; read age measured from row write end"
20261005T135350Z,2026-10-05T13:53:50+00:00,2b7fee1,c6d73a35f524070e85faff4a6a9eef49553ebc2b,** ngspice-46 : Circuit level simulation program,ss,-40,fresh,2,1,0101,001,ok,,0.605354,10.000,1.8,0.9,1.100000000e-07,1e-08,0.1,3.900000e-08,8.900000e-08,1.040966e+00,-7.490387e-04,1.040966e+00,-7.490081e-04,8.962636e-01,-1.242371e-01,8.963008e-01,-1.242398e-01,8.962580e-01,-1.242364e-01,8.962951e-01,-1.242391e-01,8.999994e-01,1.884083e-12,1.802917e-12,1.884085e-12,1.616502e-12,5.303502e-12,6.685710e-11,5.871482e-11,-3.379399e-07,5.871479e-11,1.842867e-10,7.775748e-01,6.907552e-01,-1.224246e-01,7.911608e-09,,-1.678226e-02,-1.677893e-02,"schematic-level ASSUMED rbl loading (C_RBL), extracted C_SN per cell, no extracted bitline parasitics; rows written 0..3 sequentially; read age measured from row write end"
20261005T135350Z,2026-10-05T13:53:50+00:00,2b7fee1,c6d73a35f524070e85faff4a6a9eef49553ebc2b,** ngspice-46 : Circuit level simulation program,ss,-40,fresh,2,1,0110,010,ok,,0.605354,10.000,1.8,0.9,1.100000000e-07,1e-08,0.1,3.900000e-08,8.900000e-08,-7.490504e-04,1.040966e+00,1.040966e+00,-7.490081e-04,-1.242349e-01,8.962831e-01,8.963008e-01,-1.242398e-01,-1.242342e-01,8.962774e-01,8.962951e-01,-1.242391e-01,8.999994e-01,1.802917e-12,1.884083e-12,1.884085e-12,1.616502e-12,5.303502e-12,5.871485e-11,6.685717e-11,-3.379399e-07,5.871479e-11,1.842868e-10,7.775748e-01,6.907552e-01,-1.224246e-01,7.911608e-09,,-1.678226e-02,-1.677896e-02,"schematic-level ASSUMED rbl loading (C_RBL), extracted C_SN per cell, no extracted bitline parasitics; rows written 0..3 sequentially; read age measured from row write end"
20261005T135350Z,2026-10-05T13:53:50+00:00,2b7fee1,c6d73a35f524070e85faff4a6a9eef49553ebc2b,** ngspice-46 : Circuit level simulation program,ss,-40,fresh,2,1,0111,011,ok,,0.605354,10.000,1.8,0.9,1.100000000e-07,1e-08,0.1,3.900000e-08,8.900000e-08,1.040966e+00,1.040966e+00,1.040966e+00,-7.490080e-04,8.962654e-01,8.962831e-01,8.963008e-01,-1.242398e-01,8.962597e-01,8.962774e-01,8.962951e-01,-1.242391e-01,8.999994e-01,1.884084e-12,1.884084e-12,1.884086e-12,1.616502e-12,5.384670e-12,6.686058e-11,6.686064e-11,-3.379369e-07,5.871783e-11,1.924390e-10,7.775658e-01,6.907418e-01,-1.224336e-01,7.910929e-09,,-1.678333e-02,-1.678003e-02,"schematic-level ASSUMED rbl loading (C_RBL), extracted C_SN per cell, no extracted bitline parasitics; rows written 0..3 sequentially; read age measured from row write end"
20261005T135350Z,2026-10-05T13:53:50+00:00,2b7fee1,c6d73a35f524070e85faff4a6a9eef49553ebc2b,** ngspice-46 : Circuit level simulation program,ss,-40,fresh,2,0,1000,100,ok,,0.605354,10.000,1.8,0.9,1.100000000e-07,1e-08,0.1,3.900000e-08,8.900000e-08,-7.490580e-04,-7.490390e-04,-7.490199e-04,1.040966e+00,-1.242361e-01,-1.242367e-01,-1.242373e-01,8.963205e-01,-1.242355e-01,-1.242360e-01,-1.242366e-01,8.963149e-01,8.999994e-01,8.065926e-11,8.065927e-11,8.065929e-11,6.334851e-11,2.246670e-10,4.562443e-12,4.562443e-12,-1.790493e-07,5.278065e-12,1.440295e-11,8.989157e-01,8.989126e-01,-1.083777e-03,,rbl_0 never fell 0.1 V below its pre-read level within the 20 ns read window plus tail,2.673391e-06,-2.002566e-05,"schematic-level ASSUMED rbl loading (C_RBL), extracted C_SN per cell, no extracted bitline parasitics; rows written 0..3 sequentially; read age measured from row write end"
20261005T135350Z,2026-10-05T13:53:50+00:00,2b7fee1,c6d73a35f524070e85faff4a6a9eef49553ebc2b,** ngspice-46 : Circuit level simulation program,ss,-40,fresh,2,0,1001,101,ok,,0.605354,10.000,1.8,0.9,1.100000000e-07,1e-08,0.1,3.900000e-08,8.900000e-08,1.040966e+00,-7.490387e-04,-7.490198e-04,1.040966e+00,8.962639e-01,-1.242367e-01,-1.242373e-01,8.963205e-01,8.962582e-01,-1.242360e-01,-1.242366e-01,8.963149e-01,8.999994e-01,6.457391e-11,8.065194e-11,8.065195e-11,6.334028e-11,2.085661e-10,5.278634e-12,4.562953e-12,-1.790493e-07,5.278660e-12,1.512025e-11,8.989155e-01,8.989123e-01,-1.083943e-03,,rbl_0 never fell 0.1 V below its pre-read level within the 20 ns read window plus tail,2.660391e-06,-2.003970e-05,"schematic-level ASSUMED rbl loading (C_RBL), extracted C_SN per cell, no extracted bitline parasitics; rows written 0..3 sequentially; read age measured from row write end"
20261005T135350Z,2026-10-05T13:53:50+00:00,2b7fee1,c6d73a35f524070e85faff4a6a9eef49553ebc2b,** ngspice-46 : Circuit level simulation program,ss,-40,fresh,2,0,1010,110,ok,,0.605354,10.000,1.8,0.9,1.100000000e-07,1e-08,0.1,3.900000e-08,8.900000e-08,-7.490504e-04,1.040966e+00,-7.490196e-04,1.040966e+00,-1.242346e-01,8.962834e-01,-1.242373e-01,8.963205e-01,-1.242339e-01,8.962777e-01,-1.242366e-01,8.963149e-01,8.999994e-01,8.065189e-11,6.457371e-11,8.065195e-11,6.334028e-11,2.085659e-10,4.562956e-12,5.278643e-12,-1.790493e-07,5.278660e-12,1.512026e-11,8.989155e-01,8.989123e-01,-1.083943e-03,,rbl_0 never fell 0.1 V below its pre-read level within the 20 ns read window plus tail,2.661348e-06,-2.003970e-05,"schematic-level ASSUMED rbl loading (C_RBL), extracted C_SN per cell, no extracted bitline parasitics; rows written 0..3 sequentially; read age measured from row write end"
20261005T135350Z,2026-10-05T13:53:50+00:00,2b7fee1,c6d73a35f524070e85faff4a6a9eef49553ebc2b,** ngspice-46 : Circuit level simulation program,ss,-40,fresh,2,0,1011,111,ok,,0.605354,10.000,1.8,0.9,1.100000000e-07,1e-08,0.1,3.900000e-08,8.900000e-08,1.040966e+00,1.040966e+00,-7.490195e-04,1.040966e+00,8.962657e-01,8.962834e-01,-1.242373e-01,8.963205e-01,8.962600e-01,8.962777e-01,-1.242366e-01,8.963149e-01,8.999994e-01,6.456566e-11,6.456548e-11,8.064461e-11,6.333205e-11,1.924632e-10,5.279231e-12,5.279239e-12,-1.790493e-07,5.279256e-12,1.583773e-11,8.989153e-01,8.989121e-01,-1.084108e-03,,rbl_0 never fell 0.1 V below its pre-read level within the 20 ns read window plus tail,2.648348e-06,-2.005470e-05,"schematic-level ASSUMED rbl loading (C_RBL), extracted C_SN per cell, no extracted bitline parasitics; rows written 0..3 sequentially; read age measured from row write end"
20261005T135350Z,2026-10-05T13:53:50+00:00,2b7fee1,c6d73a35f524070e85faff4a6a9eef49553ebc2b,** ngspice-46 : Circuit level simulation program,ss,-40,fresh,2,1,1100,100,ok,,0.605354,10.000,1.8,0.9,1.100000000e-07,1e-08,0.1,3.900000e-08,8.900000e-08,-7.490504e-04,-7.490313e-04,1.040966e+00,1.040966e+00,-1.242346e-01,-1.242352e-01,8.963028e-01,8.963205e-01,-1.242339e-01,-1.242345e-01,8.962972e-01,8.963149e-01,8.999994e-01,8.065189e-11,8.065190e-11,6.457352e-11,6.334028e-11,2.246441e-10,5.871680e-11,5.871680e-11,-3.379436e-07,6.685945e-11,1.842931e-10,7.775707e-01,6.907490e-01,-1.224287e-01,7.911303e-09,,-1.678300e-02,-1.677975e-02,"schematic-level ASSUMED rbl loading (C_RBL), extracted C_SN per cell, no extracted bitline parasitics; rows written 0..3 sequentially; read age measured from row write end"
20261005T135350Z,2026-10-05T13:53:50+00:00,2b7fee1,c6d73a35f524070e85faff4a6a9eef49553ebc2b,** ngspice-46 : Circuit level simulation program,ss,-40,fresh,2,1,1101,101,ok,,0.605354,10.000,1.8,0.9,1.100000000e-07,1e-08,0.1,3.900000e-08,8.900000e-08,1.040966e+00,-7.490311e-04,1.040966e+00,1.040966e+00,8.962657e-01,-1.242352e-01,8.963028e-01,8.963205e-01,8.962600e-01,-1.242345e-01,8.962972e-01,8.963149e-01,8.999994e-01,6.456566e-11,8.064456e-11,6.456528e-11,6.333205e-11,2.085423e-10,6.686274e-11,5.871984e-11,-3.379406e-07,6.686292e-11,1.924455e-10,7.775617e-01,6.907356e-01,-1.224377e-01,7.910624e-09,,-1.678407e-02,-1.678082e-02,"schematic-level ASSUMED rbl loading (C_RBL), extracted C_SN per cell, no extracted bitline parasitics; rows written 0..3 sequentially; read age measured from row write end"
20261005T135350Z,2026-10-05T13:53:50+00:00,2b7fee1,c6d73a35f524070e85faff4a6a9eef49553ebc2b,** ngspice-46 : Circuit level simulation program,ss,-40,fresh,2,1,1110,110,ok,,0.605354,10.000,1.8,0.9,1.100000000e-07,1e-08,0.1,3.900000e-08,8.900000e-08,-7.490427e-04,1.040966e+00,1.040966e+00,1.040966e+00,-1.242330e-01,8.962851e-01,8.963028e-01,8.963205e-01,-1.242323e-01,8.962795e-01,8.962972e-01,8.963149e-01,8.999994e-01,8.064452e-11,6.456546e-11,6.456528e-11,6.333205e-11,2.085420e-10,5.871986e-11,6.686281e-11,-3.379406e-07,6.686292e-11,1.924456e-10,7.775617e-01,6.907356e-01,-1.224377e-01,7.910624e-09,,-1.678407e-02,-1.678082e-02,"schematic-level ASSUMED rbl loading (C_RBL), extracted C_SN per cell, no extracted bitline parasitics; rows written 0..3 sequentially; read age measured from row write end"
20261005T135350Z,2026-10-05T13:53:50+00:00,2b7fee1,c6d73a35f524070e85faff4a6a9eef49553ebc2b,** ngspice-46 : Circuit level simulation program,ss,-40,fresh,2,1,1111,111,ok,,0.605354,10.000,1.8,0.9,1.100000000e-07,1e-08,0.1,3.900000e-08,8.900000e-08,1.040966e+00,1.040966e+00,1.040966e+00,1.040966e+00,8.962674e-01,8.962851e-01,8.963028e-01,8.963205e-01,8.962617e-01,8.962795e-01,8.962972e-01,8.963149e-01,8.999994e-01,6.455740e-11,6.455723e-11,6.455705e-11,6.332381e-11,1.924384e-10,6.686622e-11,6.686628e-11,-3.379376e-07,6.686639e-11,2.005989e-10,7.775528e-01,6.907221e-01,-1.224466e-01,7.909944e-09,,-1.678514e-02,-1.678189e-02,"schematic-level ASSUMED rbl loading (C_RBL), extracted C_SN per cell, no extracted bitline parasitics; rows written 0..3 sequentially; read age measured from row write end"
20261005T135350Z,2026-10-05T13:53:50+00:00,2b7fee1,c6d73a35f524070e85faff4a6a9eef49553ebc2b,** ngspice-46 : Circuit level simulation program,ss,-40,fresh,3,0,0000,000,ok,,0.605354,10.000,1.8,0.9,1.100000000e-07,1e-08,0.1,1.400000e-08,8.900000e-08,-7.490656e-04,-7.490466e-04,-7.490275e-04,-7.490085e-04,-1.242380e-01,-1.242386e-01,-1.242392e-01,-1.242398e-01,-1.242373e-01,-1.242379e-01,-1.242385e-01,-1.242391e-01,8.999994e-01,1.802916e-12,1.802916e-12,1.802916e-12,1.616501e-12,5.408748e-12,4.561809e-12,4.561809e-12,4.561808e-12,-1.790493e-07,1.368543e-11,8.989158e-01,8.989128e-01,-1.083612e-03,,rbl_0 never fell 0.1 V below its pre-read level within the 20 ns read window plus tail,3.031059e-06,1.748526e-06,"schematic-level ASSUMED rbl loading (C_RBL), extracted C_SN per cell, no extracted bitline parasitics; rows written 0..3 sequentially; read age measured from row write end"
20261005T135350Z,2026-10-05T13:53:50+00:00,2b7fee1,c6d73a35f524070e85faff4a6a9eef49553ebc2b,** ngspice-46 : Circuit level simulation program,ss,-40,fresh,3,0,0001,001,ok,,0.605354,10.000,1.8,0.9,1.100000000e-07,1e-08,0.1,1.400000e-08,8.900000e-08,1.040966e+00,-7.490463e-04,-7.490274e-04,-7.490084e-04,8.962619e-01,-1.242386e-01,-1.242392e-01,-1.242398e-01,8.962562e-01,-1.242379e-01,-1.242385e-01,-1.242391e-01,8.999994e-01,1.884081e-12,1.802916e-12,1.802917e-12,1.616501e-12,5.489914e-12,5.277956e-12,4.562318e-12,4.562318e-12,-1.790493e-07,1.440259e-11,8.989157e-01,8.989126e-01,-1.083777e-03,,rbl_0 never fell 0.1 V below its pre-read level within the 20 ns read window plus tail,3.018059e-06,-1.978056e-05,"schematic-level ASSUMED rbl loading (C_RBL), extracted C_SN per cell, no extracted bitline parasitics; rows written 0..3 sequentially; read age measured from row write end"
20261005T135350Z,2026-10-05T13:53:50+00:00,2b7fee1,c6d73a35f524070e85faff4a6a9eef49553ebc2b,** ngspice-46 : Circuit level simulation program,ss,-40,fresh,3,0,0010,010,ok,,0.605354,10.000,1.8,0.9,1.100000000e-07,1e-08,0.1,1.400000e-08,8.900000e-08,-7.490580e-04,1.040966e+00,-7.490273e-04,-7.490084e-04,-1.242365e-01,8.962813e-01,-1.242392e-01,-1.242398e-01,-1.242358e-01,8.962757e-01,-1.242385e-01,-1.242391e-01,8.999994e-01,1.802917e-12,1.884082e-12,1.802916e-12,1.616501e-12,5.489915e-12,4.562321e-12,5.277966e-12,4.562318e-12,-1.790493e-07,1.440261e-11,8.989157e-01,8.989126e-01,-1.083777e-03,,rbl_0 never fell 0.1 V below its pre-read level within the 20 ns read window plus tail,3.018059e-06,-1.978065e-05,"schematic-level ASSUMED rbl loading (C_RBL), extracted C_SN per cell, no extracted bitline parasitics; rows written 0..3 sequentially; read age measured from row write end"
20261005T135350Z,2026-10-05T13:53:50+00:00,2b7fee1,c6d73a35f524070e85faff4a6a9eef49553ebc2b,** ngspice-46 : Circuit level simulation program,ss,-40,fresh,3,0,0011,011,ok,,0.605354,10.000,1.8,0.9,1.100000000e-07,1e-08,0.1,1.400000e-08,8.900000e-08,1.040966e+00,1.040966e+00,-7.490272e-04,-7.490083e-04,8.962636e-01,8.962813e-01,-1.242392e-01,-1.242398e-01,8.962580e-01,8.962757e-01,-1.242385e-01,-1.242391e-01,8.999994e-01,1.884082e-12,1.884083e-12,1.802917e-12,1.616501e-12,5.571083e-12,5.278553e-12,5.278562e-12,4.562829e-12,-1.790493e-07,1.511994e-11,8.989155e-01,8.989123e-01,-1.083942e-03,,rbl_0 never fell 0.1 V below its pre-read level within the 20 ns read window plus tail,3.005059e-06,-1.979465e-05,"schematic-level ASSUMED rbl loading (C_RBL), extracted C_SN per cell, no extracted bitline parasitics; rows written 0..3 sequentially; read age measured from row write end"
20261005T135350Z,2026-10-05T13:53:50+00:00,2b7fee1,c6d73a35f524070e85faff4a6a9eef49553ebc2b,** ngspice-46 : Circuit level simulation program,ss,-40,fresh,3,0,0100,100,ok,,0.605354,10.000,1.8,0.9,1.100000000e-07,1e-08,0.1,1.400000e-08,8.900000e-08,-7.490580e-04,-7.490390e-04,1.040966e+00,-7.490082e-04,-1.242365e-01,-1.242371e-01,8.963008e-01,-1.242398e-01,-1.242358e-01,-1.242364e-01,8.962951e-01,-1.242391e-01,8.999994e-01,1.802917e-12,1.802917e-12,1.884085e-12,1.616501e-12,5.489919e-12,4.562321e-12,4.562320e-12,5.277975e-12,-1.790493e-07,1.440262e-11,8.989157e-01,8.989126e-01,-1.083777e-03,,rbl_0 never fell 0.1 V below its pre-read level within the 20 ns read window plus tail,3.018059e-06,-1.978156e-05,"schematic-level ASSUMED rbl loading (C_RBL), extracted C_SN per cell, no extracted bitline parasitics; rows written 0..3 sequentially; read age measured from row write end"
20261005T135350Z,2026-10-05T13:53:50+00:00,2b7fee1,c6d73a35f524070e85faff4a6a9eef49553ebc2b,** ngspice-46 : Circuit level simulation program,ss,-40,fresh,3,0,0101,101,ok,,0.605354,10.000,1.8,0.9,1.100000000e-07,1e-08,0.1,1.400000e-08,8.900000e-08,1.040966e+00,-7.490387e-04,1.040966e+00,-7.490081e-04,8.962636e-01,-1.242371e-01,8.963008e-01,-1.242398e-01,8.962580e-01,-1.242364e-01,8.962951e-01,-1.242391e-01,8.999994e-01,1.884083e-12,1.802917e-12,1.884085e-12,1.616502e-12,5.571085e-12,5.278554e-12,4.562831e-12,5.278570e-12,-1.790493e-07,1.511995e-11,8.989155e-01,8.989123e-01,-1.083942e-03,,rbl_0 never fell 0.1 V below its pre-read level within the 20 ns read window plus tail,3.005059e-06,-1.979560e-05,"schematic-level ASSUMED rbl loading (C_RBL), extracted C_SN per cell, no extracted bitline parasitics; rows written 0..3 sequentially; read age measured from row write end"
20261005T135350Z,2026-10-05T13:53:50+00:00,2b7fee1,c6d73a35f524070e85faff4a6a9eef49553ebc2b,** ngspice-46 : Circuit level simulation program,ss,-40,fresh,3,0,0110,110,ok,,0.605354,10.000,1.8,0.9,1.100000000e-07,1e-08,0.1,1.400000e-08,8.900000e-08,-7.490504e-04,1.040966e+00,1.040966e+00,-7.490081e-04,-1.242349e-01,8.962831e-01,8.963008e-01,-1.242398e-01,-1.242342e-01,8.962774e-01,8.962951e-01,-1.242391e-01,8.999994e-01,1.802917e-12,1.884083e-12,1.884085e-12,1.616502e-12,5.571085e-12,4.562833e-12,5.278562e-12,5.278571e-12,-1.790493e-07,1.511997e-11,8.989155e-01,8.989123e-01,-1.083942e-03,,rbl_0 never fell 0.1 V below its pre-read level within the 20 ns read window plus tail,3.005059e-06,-1.979560e-05,"schematic-level ASSUMED rbl loading (C_RBL), extracted C_SN per cell, no extracted bitline parasitics; rows written 0..3 sequentially; read age measured from row write end"
20261005T135350Z,2026-10-05T13:53:50+00:00,2b7fee1,c6d73a35f524070e85faff4a6a9eef49553ebc2b,** ngspice-46 : Circuit level simulation program,ss,-40,fresh,3,0,0111,111,ok,,0.605354,10.000,1.8,0.9,1.100000000e-07,1e-08,0.1,1.400000e-08,8.900000e-08,1.040966e+00,1.040966e+00,1.040966e+00,-7.490080e-04,8.962654e-01,8.962831e-01,8.963008e-01,-1.242398e-01,8.962597e-01,8.962774e-01,8.962951e-01,-1.242391e-01,8.999994e-01,1.884084e-12,1.884084e-12,1.884086e-12,1.616502e-12,5.652254e-12,5.279150e-12,5.279158e-12,5.279166e-12,-1.790493e-07,1.583747e-11,8.989153e-01,8.989121e-01,-1.084108e-03,,rbl_0 never fell 0.1 V below its pre-read level within the 20 ns read window plus tail,2.992059e-06,-1.981060e-05,"schematic-level ASSUMED rbl loading (C_RBL), extracted C_SN per cell, no extracted bitline parasitics; rows written 0..3 sequentially; read age measured from row write end"
20261005T135350Z,2026-10-05T13:53:50+00:00,2b7fee1,c6d73a35f524070e85faff4a6a9eef49553ebc2b,** ngspice-46 : Circuit level simulation program,ss,-40,fresh,3,1,1000,000,ok,,0.605354,10.000,1.8,0.9,1.100000000e-07,1e-08,0.1,1.400000e-08,8.900000e-08,-7.490580e-04,-7.490390e-04,-7.490199e-04,1.040966e+00,-1.242361e-01,-1.242367e-01,-1.242373e-01,8.963205e-01,-1.242355e-01,-1.242360e-01,-1.242366e-01,8.963149e-01,8.999994e-01,8.065926e-11,8.065927e-11,8.065929e-11,6.334851e-11,2.419778e-10,5.873212e-11,5.873211e-11,5.873210e-11,-3.379843e-07,1.761963e-10,7.775391e-01,6.906998e-01,-1.224604e-01,7.908927e-09,,-1.678697e-02,-1.464881e-02,"schematic-level ASSUMED rbl loading (C_RBL), extracted C_SN per cell, no extracted bitline parasitics; rows written 0..3 sequentially; read age measured from row write end"
20261005T135350Z,2026-10-05T13:53:50+00:00,2b7fee1,c6d73a35f524070e85faff4a6a9eef49553ebc2b,** ngspice-46 : Circuit level simulation program,ss,-40,fresh,3,1,1001,001,ok,,0.605354,10.000,1.8,0.9,1.100000000e-07,1e-08,0.1,1.400000e-08,8.900000e-08,1.040966e+00,-7.490387e-04,-7.490198e-04,1.040966e+00,8.962639e-01,-1.242367e-01,-1.242373e-01,8.963205e-01,8.962582e-01,-1.242360e-01,-1.242366e-01,8.963149e-01,8.999994e-01,6.457391e-11,8.065194e-11,8.065195e-11,6.334028e-11,2.258778e-10,6.688013e-11,5.873515e-11,5.873514e-11,-3.379813e-07,1.843504e-10,7.775301e-01,6.906864e-01,-1.224693e-01,7.908248e-09,,-1.678804e-02,-1.678469e-02,"schematic-level ASSUMED rbl loading (C_RBL), extracted C_SN per cell, no extracted bitline parasitics; rows written 0..3 sequentially; read age measured from row write end"
20261005T135350Z,2026-10-05T13:53:50+00:00,2b7fee1,c6d73a35f524070e85faff4a6a9eef49553ebc2b,** ngspice-46 : Circuit level simulation program,ss,-40,fresh,3,1,1010,010,ok,,0.605354,10.000,1.8,0.9,1.100000000e-07,1e-08,0.1,1.400000e-08,8.900000e-08,-7.490504e-04,1.040966e+00,-7.490196e-04,1.040966e+00,-1.242346e-01,8.962834e-01,-1.242373e-01,8.963205e-01,-1.242339e-01,8.962777e-01,-1.242366e-01,8.963149e-01,8.999994e-01,8.065189e-11,6.457371e-11,8.065195e-11,6.334028e-11,2.258775e-10,5.873518e-11,6.688020e-11,5.873514e-11,-3.379813e-07,1.843505e-10,7.775301e-01,6.906864e-01,-1.224693e-01,7.908248e-09,,-1.678804e-02,-1.678471e-02,"schematic-level ASSUMED rbl loading (C_RBL), extracted C_SN per cell, no extracted bitline parasitics; rows written 0..3 sequentially; read age measured from row write end"
20261005T135350Z,2026-10-05T13:53:50+00:00,2b7fee1,c6d73a35f524070e85faff4a6a9eef49553ebc2b,** ngspice-46 : Circuit level simulation program,ss,-40,fresh,3,1,1011,011,ok,,0.605354,10.000,1.8,0.9,1.100000000e-07,1e-08,0.1,1.400000e-08,8.900000e-08,1.040966e+00,1.040966e+00,-7.490195e-04,1.040966e+00,8.962657e-01,8.962834e-01,-1.242373e-01,8.963205e-01,8.962600e-01,8.962777e-01,-1.242366e-01,8.963149e-01,8.999994e-01,6.456566e-11,6.456548e-11,8.064461e-11,6.333205e-11,2.097757e-10,6.688361e-11,6.688367e-11,5.873818e-11,-3.379782e-07,1.925055e-10,7.775211e-01,6.906729e-01,-1.224783e-01,7.907568e-09,,-1.678911e-02,-1.678578e-02,"schematic-level ASSUMED rbl loading (C_RBL), extracted C_SN per cell, no extracted bitline parasitics; rows written 0..3 sequentially; read age measured from row write end"
20261005T135350Z,2026-10-05T13:53:50+00:00,2b7fee1,c6d73a35f524070e85faff4a6a9eef49553ebc2b,** ngspice-46 : Circuit level simulation program,ss,-40,fresh,3,1,1100,100,ok,,0.605354,10.000,1.8,0.9,1.100000000e-07,1e-08,0.1,1.400000e-08,8.900000e-08,-7.490504e-04,-7.490313e-04,1.040966e+00,1.040966e+00,-1.242346e-01,-1.242352e-01,8.963028e-01,8.963205e-01,-1.242339e-01,-1.242345e-01,8.962972e-01,8.963149e-01,8.999994e-01,8.065189e-11,8.065190e-11,6.457352e-11,6.334028e-11,2.258773e-10,5.873517e-11,5.873517e-11,6.688026e-11,-3.379813e-07,1.843506e-10,7.775301e-01,6.906864e-01,-1.224693e-01,7.908248e-09,,-1.678804e-02,-1.678474e-02,"schematic-level ASSUMED rbl loading (C_RBL), extracted C_SN per cell, no extracted bitline parasitics; rows written 0..3 sequentially; read age measured from row write end"
20261005T135350Z,2026-10-05T13:53:50+00:00,2b7fee1,c6d73a35f524070e85faff4a6a9eef49553ebc2b,** ngspice-46 : Circuit level simulation program,ss,-40,fresh,3,1,1101,101,ok,,0.605354,10.000,1.8,0.9,1.100000000e-07,1e-08,0.1,1.400000e-08,8.900000e-08,1.040966e+00,-7.490311e-04,1.040966e+00,1.040966e+00,8.962657e-01,-1.242352e-01,8.963028e-01,8.963205e-01,8.962600e-01,-1.242345e-01,8.962972e-01,8.963149e-01,8.999994e-01,6.456566e-11,8.064456e-11,6.456528e-11,6.333205e-11,2.097755e-10,6.688361e-11,5.873821e-11,6.688373e-11,-3.379782e-07,1.925055e-10,7.775211e-01,6.906729e-01,-1.224783e-01,7.907568e-09,,-1.678911e-02,-1.678581e-02,"schematic-level ASSUMED rbl loading (C_RBL), extracted C_SN per cell, no extracted bitline parasitics; rows written 0..3 sequentially; read age measured from row write end"
20261005T135350Z,2026-10-05T13:53:50+00:00,2b7fee1,c6d73a35f524070e85faff4a6a9eef49553ebc2b,** ngspice-46 : Circuit level simulation program,ss,-40,fresh,3,1,1110,110,ok,,0.605354,10.000,1.8,0.9,1.100000000e-07,1e-08,0.1,1.400000e-08,8.900000e-08,-7.490427e-04,1.040966e+00,1.040966e+00,1.040966e+00,-1.242330e-01,8.962851e-01,8.963028e-01,8.963205e-01,-1.242323e-01,8.962795e-01,8.962972e-01,8.963149e-01,8.999994e-01,8.064452e-11,6.456546e-11,6.456528e-11,6.333205e-11,2.097753e-10,5.873823e-11,6.688367e-11,6.688373e-11,-3.379782e-07,1.925056e-10,7.775211e-01,6.906729e-01,-1.224783e-01,7.907568e-09,,-1.678911e-02,-1.678581e-02,"schematic-level ASSUMED rbl loading (C_RBL), extracted C_SN per cell, no extracted bitline parasitics; rows written 0..3 sequentially; read age measured from row write end"
20261005T135350Z,2026-10-05T13:53:50+00:00,2b7fee1,c6d73a35f524070e85faff4a6a9eef49553ebc2b,** ngspice-46 : Circuit level simulation program,ss,-40,fresh,3,1,1111,111,ok,,0.605354,10.000,1.8,0.9,1.100000000e-07,1e-08,0.1,1.400000e-08,8.900000e-08,1.040966e+00,1.040966e+00,1.040966e+00,1.040966e+00,8.962674e-01,8.962851e-01,8.963028e-01,8.963205e-01,8.962617e-01,8.962795e-01,8.962972e-01,8.963149e-01,8.999994e-01,6.455740e-11,6.455723e-11,6.455705e-11,6.332381e-11,1.936717e-10,6.688708e-11,6.688714e-11,6.688720e-11,-3.379752e-07,2.006614e-10,7.775121e-01,6.906595e-01,-1.224873e-01,7.906889e-09,,-1.679018e-02,-1.678688e-02,"schematic-level ASSUMED rbl loading (C_RBL), extracted C_SN per cell, no extracted bitline parasitics; rows written 0..3 sequentially; read age measured from row write end"
20261005T135350Z,2026-10-05T13:53:50+00:00,2b7fee1,c6d73a35f524070e85faff4a6a9eef49553ebc2b,** ngspice-46 : Circuit level simulation program,ss,-40,refresh_bound,0,0,0000,000,ok,,0.605354,10.000,1.8,0.9,5.050945000e-06,1e-08,0.1,5.029945e-06,5.029945e-06,-7.490656e-04,-7.490466e-04,-7.490275e-04,-7.490085e-04,-1.242380e-01,-1.242386e-01,-1.242392e-01,-1.242398e-01,-1.238138e-01,-1.238144e-01,-1.238150e-01,-1.238156e-01,8.999994e-01,1.791458e-12,1.791458e-12,1.791458e-12,1.791460e-12,5.374376e-12,-1.790487e-07,4.562695e-12,4.562695e-12,4.562694e-12,1.368809e-11,8.989157e-01,8.989127e-01,-1.083713e-03,,rbl_0 never fell 0.1 V below its pre-read level within the 20 ns read window plus tail,3.019704e-06,1.741170e-06,"schematic-level ASSUMED rbl loading (C_RBL), extracted C_SN per cell, no extracted bitline parasitics; rows written 0..3 sequentially; read age measured from row write end"
20261005T135350Z,2026-10-05T13:53:50+00:00,2b7fee1,c6d73a35f524070e85faff4a6a9eef49553ebc2b,** ngspice-46 : Circuit level simulation program,ss,-40,refresh_bound,0,1,0001,000,ok,,0.605354,10.000,1.8,0.9,5.050945000e-06,1e-08,0.1,5.029945e-06,5.029945e-06,1.040966e+00,-7.490463e-04,-7.490274e-04,-7.490084e-04,8.962619e-01,-1.242386e-01,-1.242392e-01,-1.242398e-01,8.927654e-01,-1.238144e-01,-1.238150e-01,-1.238156e-01,8.999994e-01,1.870374e-12,1.791458e-12,1.791458e-12,1.791460e-12,5.374376e-12,-3.305321e-07,5.510431e-11,5.510431e-11,5.510430e-11,1.653129e-10,7.855032e-01,7.030380e-01,-1.144962e-01,8.553945e-09,,-1.579395e-02,-1.378757e-02,"schematic-level ASSUMED rbl loading (C_RBL), extracted C_SN per cell, no extracted bitline parasitics; rows written 0..3 sequentially; read age measured from row write end"
20261005T135350Z,2026-10-05T13:53:50+00:00,2b7fee1,c6d73a35f524070e85faff4a6a9eef49553ebc2b,** ngspice-46 : Circuit level simulation program,ss,-40,refresh_bound,0,0,0010,001,ok,,0.605354,10.000,1.8,0.9,5.050945000e-06,1e-08,0.1,5.029945e-06,5.029945e-06,-7.490580e-04,1.040966e+00,-7.490273e-04,-7.490084e-04,-1.242365e-01,8.962813e-01,-1.242392e-01,-1.242398e-01,-1.238123e-01,8.927848e-01,-1.238150e-01,-1.238156e-01,8.999994e-01,1.791459e-12,1.870377e-12,1.791459e-12,1.791460e-12,5.453296e-12,-1.790487e-07,5.276957e-12,4.563206e-12,4.563205e-12,1.440337e-11,8.989156e-01,8.989125e-01,-1.083878e-03,,rbl_0 never fell 0.1 V below its pre-read level within the 20 ns read window plus tail,3.006704e-06,-1.970046e-05,"schematic-level ASSUMED rbl loading (C_RBL), extracted C_SN per cell, no extracted bitline parasitics; rows written 0..3 sequentially; read age measured from row write end"
20261005T135350Z,2026-10-05T13:53:50+00:00,2b7fee1,c6d73a35f524070e85faff4a6a9eef49553ebc2b,** ngspice-46 : Circuit level simulation program,ss,-40,refresh_bound,0,1,0011,001,ok,,0.605354,10.000,1.8,0.9,5.050945000e-06,1e-08,0.1,5.029945e-06,5.029945e-06,1.040966e+00,1.040966e+00,-7.490272e-04,-7.490083e-04,8.962636e-01,8.962813e-01,-1.242392e-01,-1.242398e-01,8.927672e-01,8.927848e-01,-1.238150e-01,-1.238156e-01,8.999994e-01,1.870375e-12,1.870377e-12,1.791458e-12,1.791460e-12,5.453295e-12,-3.305331e-07,6.274336e-11,5.510903e-11,5.510902e-11,1.729614e-10,7.854909e-01,7.030192e-01,-1.145086e-01,8.552866e-09,,-1.579546e-02,-1.579249e-02,"schematic-level ASSUMED rbl loading (C_RBL), extracted C_SN per cell, no extracted bitline parasitics; rows written 0..3 sequentially; read age measured from row write end"
20261005T135350Z,2026-10-05T13:53:50+00:00,2b7fee1,c6d73a35f524070e85faff4a6a9eef49553ebc2b,** ngspice-46 : Circuit level simulation program,ss,-40,refresh_bound,0,0,0100,010,ok,,0.605354,10.000,1.8,0.9,5.050945000e-06,1e-08,0.1,5.029945e-06,5.029945e-06,-7.490580e-04,-7.490390e-04,1.040966e+00,-7.490082e-04,-1.242365e-01,-1.242371e-01,8.963008e-01,-1.242398e-01,-1.238123e-01,-1.238129e-01,8.928042e-01,-1.238156e-01,8.999994e-01,1.791459e-12,1.791458e-12,1.870378e-12,1.791460e-12,5.453296e-12,-1.790487e-07,4.563208e-12,5.276967e-12,4.563205e-12,1.440338e-11,8.989156e-01,8.989125e-01,-1.083878e-03,,rbl_0 never fell 0.1 V below its pre-read level within the 20 ns read window plus tail,3.006704e-06,-1.970046e-05,"schematic-level ASSUMED rbl loading (C_RBL), extracted C_SN per cell, no extracted bitline parasitics; rows written 0..3 sequentially; read age measured from row write end"
20261005T135350Z,2026-10-05T13:53:50+00:00,2b7fee1,c6d73a35f524070e85faff4a6a9eef49553ebc2b,** ngspice-46 : Circuit level simulation program,ss,-40,refresh_bound,0,1,0101,010,ok,,0.605354,10.000,1.8,0.9,5.050945000e-06,1e-08,0.1,5.029945e-06,5.029945e-06,1.040966e+00,-7.490387e-04,1.040966e+00,-7.490081e-04,8.962636e-01,-1.242371e-01,8.963008e-01,-1.242398e-01,8.927672e-01,-1.238129e-01,8.928042e-01,-1.238156e-01,8.999994e-01,1.870374e-12,1.791458e-12,1.870378e-12,1.791460e-12,5.453297e-12,-3.305331e-07,5.510905e-11,6.274342e-11,5.510902e-11,1.729615e-10,7.854909e-01,7.030192e-01,-1.145086e-01,8.552866e-09,,-1.579546e-02,-1.579252e-02,"schematic-level ASSUMED rbl loading (C_RBL), extracted C_SN per cell, no extracted bitline parasitics; rows written 0..3 sequentially; read age measured from row write end"
20261005T135350Z,2026-10-05T13:53:50+00:00,2b7fee1,c6d73a35f524070e85faff4a6a9eef49553ebc2b,** ngspice-46 : Circuit level simulation program,ss,-40,refresh_bound,0,0,0110,011,ok,,0.605354,10.000,1.8,0.9,5.050945000e-06,1e-08,0.1,5.029945e-06,5.029945e-06,-7.490504e-04,1.040966e+00,1.040966e+00,-7.490081e-04,-1.242349e-01,8.962831e-01,8.963008e-01,-1.242398e-01,-1.238107e-01,8.927866e-01,8.928042e-01,-1.238156e-01,8.999994e-01,1.791459e-12,1.870376e-12,1.870378e-12,1.791460e-12,5.532214e-12,-1.790487e-07,5.277554e-12,5.277563e-12,4.563716e-12,1.511883e-11,8.989154e-01,8.989122e-01,-1.084043e-03,,rbl_0 never fell 0.1 V below its pre-read level within the 20 ns read window plus tail,2.993704e-06,-1.971546e-05,"schematic-level ASSUMED rbl loading (C_RBL), extracted C_SN per cell, no extracted bitline parasitics; rows written 0..3 sequentially; read age measured from row write end"
20261005T135350Z,2026-10-05T13:53:50+00:00,2b7fee1,c6d73a35f524070e85faff4a6a9eef49553ebc2b,** ngspice-46 : Circuit level simulation program,ss,-40,refresh_bound,0,1,0111,011,ok,,0.605354,10.000,1.8,0.9,5.050945000e-06,1e-08,0.1,5.029945e-06,5.029945e-06,1.040966e+00,1.040966e+00,1.040966e+00,-7.490080e-04,8.962654e-01,8.962831e-01,8.963008e-01,-1.242398e-01,8.927690e-01,8.927866e-01,8.928042e-01,-1.238156e-01,8.999994e-01,1.870374e-12,1.870376e-12,1.870378e-12,1.791459e-12,5.532213e-12,-3.305341e-07,6.274875e-11,6.274881e-11,5.511374e-11,1.806113e-10,7.854785e-01,7.030003e-01,-1.145209e-01,8.551788e-09,,-1.579697e-02,-1.579403e-02,"schematic-level ASSUMED rbl loading (C_RBL), extracted C_SN per cell, no extracted bitline parasitics; rows written 0..3 sequentially; read age measured from row write end"
20261005T135350Z,2026-10-05T13:53:50+00:00,2b7fee1,c6d73a35f524070e85faff4a6a9eef49553ebc2b,** ngspice-46 : Circuit level simulation program,ss,-40,refresh_bound,0,0,1000,100,ok,,0.605354,10.000,1.8,0.9,5.050945000e-06,1e-08,0.1,5.029945e-06,5.029945e-06,-7.490580e-04,-7.490390e-04,-7.490199e-04,1.040966e+00,-1.242361e-01,-1.242367e-01,-1.242373e-01,8.963205e-01,-1.238123e-01,-1.238129e-01,-1.238135e-01,8.928236e-01,8.999994e-01,1.830105e-12,1.830104e-12,1.830105e-12,1.922514e-12,5.582723e-12,-1.790487e-07,4.563208e-12,4.563208e-12,5.276974e-12,1.440339e-11,8.989156e-01,8.989125e-01,-1.083878e-03,,rbl_0 never fell 0.1 V below its pre-read level within the 20 ns read window plus tail,3.007616e-06,-1.970046e-05,"schematic-level ASSUMED rbl loading (C_RBL), extracted C_SN per cell, no extracted bitline parasitics; rows written 0..3 sequentially; read age measured from row write end"
20261005T135350Z,2026-10-05T13:53:50+00:00,2b7fee1,c6d73a35f524070e85faff4a6a9eef49553ebc2b,** ngspice-46 : Circuit level simulation program,ss,-40,refresh_bound,0,1,1001,100,ok,,0.605354,10.000,1.8,0.9,5.050945000e-06,1e-08,0.1,5.029945e-06,5.029945e-06,1.040966e+00,-7.490387e-04,-7.490198e-04,1.040966e+00,8.962639e-01,-1.242367e-01,-1.242373e-01,8.963205e-01,8.927672e-01,-1.238129e-01,-1.238135e-01,8.928236e-01,8.999994e-01,1.922410e-12,1.830094e-12,1.830094e-12,1.922502e-12,5.582690e-12,-3.305331e-07,5.510903e-11,5.510903e-11,6.274347e-11,1.729615e-10,7.854909e-01,7.030192e-01,-1.145085e-01,8.552870e-09,,-1.579545e-02,-1.579254e-02,"schematic-level ASSUMED rbl loading (C_RBL), extracted C_SN per cell, no extracted bitline parasitics; rows written 0..3 sequentially; read age measured from row write end"
20261005T135350Z,2026-10-05T13:53:50+00:00,2b7fee1,c6d73a35f524070e85faff4a6a9eef49553ebc2b,** ngspice-46 : Circuit level simulation program,ss,-40,refresh_bound,0,0,1010,101,ok,,0.605354,10.000,1.8,0.9,5.050945000e-06,1e-08,0.1,5.029945e-06,5.029945e-06,-7.490504e-04,1.040966e+00,-7.490196e-04,1.040966e+00,-1.242346e-01,8.962834e-01,-1.242373e-01,8.963205e-01,-1.238107e-01,8.927866e-01,-1.238135e-01,8.928236e-01,8.999994e-01,1.830094e-12,1.922412e-12,1.830094e-12,1.922502e-12,5.675008e-12,-1.790487e-07,5.277554e-12,4.563718e-12,5.277570e-12,1.511884e-11,8.989154e-01,8.989122e-01,-1.084043e-03,,rbl_0 never fell 0.1 V below its pre-read level within the 20 ns read window plus tail,2.994704e-06,-1.971546e-05,"schematic-level ASSUMED rbl loading (C_RBL), extracted C_SN per cell, no extracted bitline parasitics; rows written 0..3 sequentially; read age measured from row write end"
20261005T135350Z,2026-10-05T13:53:50+00:00,2b7fee1,c6d73a35f524070e85faff4a6a9eef49553ebc2b,** ngspice-46 : Circuit level simulation program,ss,-40,refresh_bound,0,1,1011,101,ok,,0.605354,10.000,1.8,0.9,5.050945000e-06,1e-08,0.1,5.029945e-06,5.029945e-06,1.040966e+00,1.040966e+00,-7.490195e-04,1.040966e+00,8.962657e-01,8.962834e-01,-1.242373e-01,8.963205e-01,8.927689e-01,8.927866e-01,-1.238135e-01,8.928236e-01,8.999994e-01,1.922400e-12,1.922402e-12,1.830083e-12,1.922492e-12,5.674977e-12,-3.305340e-07,6.274873e-11,5.511375e-11,6.274885e-11,1.806113e-10,7.854786e-01,7.030003e-01,-1.145208e-01,8.551791e-09,,-1.579696e-02,-1.579404e-02,"schematic-level ASSUMED rbl loading (C_RBL), extracted C_SN per cell, no extracted bitline parasitics; rows written 0..3 sequentially; read age measured from row write end"
20261005T135350Z,2026-10-05T13:53:50+00:00,2b7fee1,c6d73a35f524070e85faff4a6a9eef49553ebc2b,** ngspice-46 : Circuit level simulation program,ss,-40,refresh_bound,0,0,1100,110,ok,,0.605354,10.000,1.8,0.9,5.050945000e-06,1e-08,0.1,5.029945e-06,5.029945e-06,-7.490504e-04,-7.490313e-04,1.040966e+00,1.040966e+00,-1.242346e-01,-1.242352e-01,8.963028e-01,8.963205e-01,-1.238107e-01,-1.238113e-01,8.928060e-01,8.928236e-01,8.999994e-01,1.830095e-12,1.830094e-12,1.922414e-12,1.922503e-12,5.675011e-12,-1.790487e-07,4.563721e-12,5.277563e-12,5.277570e-12,1.511885e-11,8.989154e-01,8.989122e-01,-1.084043e-03,,rbl_0 never fell 0.1 V below its pre-read level within the 20 ns read window plus tail,2.994704e-06,-1.971546e-05,"schematic-level ASSUMED rbl loading (C_RBL), extracted C_SN per cell, no extracted bitline parasitics; rows written 0..3 sequentially; read age measured from row write end"
20261005T135350Z,2026-10-05T13:53:50+00:00,2b7fee1,c6d73a35f524070e85faff4a6a9eef49553ebc2b,** ngspice-46 : Circuit level simulation program,ss,-40,refresh_bound,0,1,1101,110,ok,,0.605354,10.000,1.8,0.9,5.050945000e-06,1e-08,0.1,5.029945e-06,5.029945e-06,1.040966e+00,-7.490311e-04,1.040966e+00,1.040966e+00,8.962657e-01,-1.242352e-01,8.963028e-01,8.963205e-01,8.927689e-01,-1.238113e-01,8.928060e-01,8.928236e-01,8.999994e-01,1.922400e-12,1.830084e-12,1.922403e-12,1.922492e-12,5.674978e-12,-3.305340e-07,5.511377e-11,6.274879e-11,6.274885e-11,1.806114e-10,7.854786e-01,7.030003e-01,-1.145208e-01,8.551791e-09,,-1.579696e-02,-1.579405e-02,"schematic-level ASSUMED rbl loading (C_RBL), extracted C_SN per cell, no extracted bitline parasitics; rows written 0..3 sequentially; read age measured from row write end"
20261005T135350Z,2026-10-05T13:53:50+00:00,2b7fee1,c6d73a35f524070e85faff4a6a9eef49553ebc2b,** ngspice-46 : Circuit level simulation program,ss,-40,refresh_bound,0,0,1110,111,ok,,0.605354,10.000,1.8,0.9,5.050945000e-06,1e-08,0.1,5.029945e-06,5.029945e-06,-7.490427e-04,1.040966e+00,1.040966e+00,1.040966e+00,-1.242330e-01,8.962851e-01,8.963028e-01,8.963205e-01,-1.238092e-01,8.927883e-01,8.928060e-01,8.928236e-01,8.999994e-01,1.830084e-12,1.922402e-12,1.922403e-12,1.922492e-12,5.767297e-12,-1.790487e-07,5.278151e-12,5.278160e-12,5.278167e-12,1.583448e-11,8.989152e-01,8.989120e-01,-1.084209e-03,,rbl_0 never fell 0.1 V below its pre-read level within the 20 ns read window plus tail,2.981616e-06,-1.973046e-05,"schematic-level ASSUMED rbl loading (C_RBL), extracted C_SN per cell, no extracted bitline parasitics; rows written 0..3 sequentially; read age measured from row write end"
20261005T135350Z,2026-10-05T13:53:50+00:00,2b7fee1,c6d73a35f524070e85faff4a6a9eef49553ebc2b,** ngspice-46 : Circuit level simulation program,ss,-40,refresh_bound,0,1,1111,111,ok,,0.605354,10.000,1.8,0.9,5.050945000e-06,1e-08,0.1,5.029945e-06,5.029945e-06,1.040966e+00,1.040966e+00,1.040966e+00,1.040966e+00,8.962674e-01,8.962851e-01,8.963028e-01,8.963205e-01,8.927707e-01,8.927883e-01,8.928060e-01,8.928236e-01,8.999994e-01,1.922389e-12,1.922392e-12,1.922394e-12,1.922481e-12,5.767267e-12,-3.305350e-07,6.275412e-11,6.275418e-11,6.275424e-11,1.882625e-10,7.854662e-01,7.029815e-01,-1.145332e-01,8.550712e-09,,-1.579847e-02,-1.579555e-02,"schematic-level ASSUMED rbl loading (C_RBL), extracted C_SN per cell, no extracted bitline parasitics; rows written 0..3 sequentially; read age measured from row write end"
20261005T135350Z,2026-10-05T13:53:50+00:00,2b7fee1,c6d73a35f524070e85faff4a6a9eef49553ebc2b,** ngspice-46 : Circuit level simulation program,ss,-40,refresh_bound,1,0,0000,000,ok,,0.605354,10.000,1.8,0.9,5.050945000e-06,1e-08,0.1,5.004945e-06,5.029945e-06,-7.490656e-04,-7.490466e-04,-7.490275e-04,-7.490085e-04,-1.242380e-01,-1.242386e-01,-1.242392e-01,-1.242398e-01,-1.238138e-01,-1.238144e-01,-1.238150e-01,-1.238156e-01,8.999994e-01,1.791458e-12,1.791458e-12,1.791458e-12,1.791460e-12,5.374376e-12,4.562696e-12,-1.790487e-07,4.562694e-12,4.562694e-12,1.368808e-11,8.989157e-01,8.989127e-01,-1.083713e-03,,rbl_0 never fell 0.1 V below its pre-read level within the 20 ns read window plus tail,3.019704e-06,1.741170e-06,"schematic-level ASSUMED rbl loading (C_RBL), extracted C_SN per cell, no extracted bitline parasitics; rows written 0..3 sequentially; read age measured from row write end"
20261005T135350Z,2026-10-05T13:53:50+00:00,2b7fee1,c6d73a35f524070e85faff4a6a9eef49553ebc2b,** ngspice-46 : Circuit level simulation program,ss,-40,refresh_bound,1,0,0001,001,ok,,0.605354,10.000,1.8,0.9,5.050945000e-06,1e-08,0.1,5.004945e-06,5.029945e-06,1.040966e+00,-7.490463e-04,-7.490274e-04,-7.490084e-04,8.962619e-01,-1.242386e-01,-1.242392e-01,-1.242398e-01,8.927654e-01,-1.238144e-01,-1.238150e-01,-1.238156e-01,8.999994e-01,1.870374e-12,1.791458e-12,1.791458e-12,1.791460e-12,5.453292e-12,5.276946e-12,-1.790487e-07,4.563203e-12,4.563203e-12,1.440335e-11,8.989156e-01,8.989125e-01,-1.083878e-03,,rbl_0 never fell 0.1 V below its pre-read level within the 20 ns read window plus tail,3.007704e-06,-1.970037e-05,"schematic-level ASSUMED rbl loading (C_RBL), extracted C_SN per cell, no extracted bitline parasitics; rows written 0..3 sequentially; read age measured from row write end"
20261005T135350Z,2026-10-05T13:53:50+00:00,2b7fee1,c6d73a35f524070e85faff4a6a9eef49553ebc2b,** ngspice-46 : Circuit level simulation program,ss,-40,refresh_bound,1,1,0010,000,ok,,0.605354,10.000,1.8,0.9,5.050945000e-06,1e-08,0.1,5.004945e-06,5.029945e-06,-7.490580e-04,1.040966e+00,-7.490273e-04,-7.490084e-04,-1.242365e-01,8.962813e-01,-1.242392e-01,-1.242398e-01,-1.238123e-01,8.927848e-01,-1.238150e-01,-1.238156e-01,8.999994e-01,1.791459e-12,1.870377e-12,1.791459e-12,1.791460e-12,5.374377e-12,5.512390e-11,-3.305724e-07,5.512387e-11,5.512386e-11,1.653716e-10,7.854607e-01,7.029718e-01,-1.145387e-01,8.550239e-09,,-1.579928e-02,-1.379220e-02,"schematic-level ASSUMED rbl loading (C_RBL), extracted C_SN per cell, no extracted bitline parasitics; rows written 0..3 sequentially; read age measured from row write end"
20261005T135350Z,2026-10-05T13:53:50+00:00,2b7fee1,c6d73a35f524070e85faff4a6a9eef49553ebc2b,** ngspice-46 : Circuit level simulation program,ss,-40,refresh_bound,1,1,0011,001,ok,,0.605354,10.000,1.8,0.9,5.050945000e-06,1e-08,0.1,5.004945e-06,5.029945e-06,1.040966e+00,1.040966e+00,-7.490272e-04,-7.490083e-04,8.962636e-01,8.962813e-01,-1.242392e-01,-1.242398e-01,8.927672e-01,8.927848e-01,-1.238150e-01,-1.238156e-01,8.999994e-01,1.870375e-12,1.870377e-12,1.791458e-12,1.791460e-12,5.453292e-12,6.276351e-11,-3.305697e-07,5.512681e-11,5.512681e-11,1.730171e-10,7.854522e-01,7.029589e-01,-1.145472e-01,8.549497e-09,,-1.580030e-02,-1.579729e-02,"schematic-level ASSUMED rbl loading (C_RBL), extracted C_SN per cell, no extracted bitline parasitics; rows written 0..3 sequentially; read age measured from row write end"
20261005T135350Z,2026-10-05T13:53:50+00:00,2b7fee1,c6d73a35f524070e85faff4a6a9eef49553ebc2b,** ngspice-46 : Circuit level simulation program,ss,-40,refresh_bound,1,0,0100,010,ok,,0.605354,10.000,1.8,0.9,5.050945000e-06,1e-08,0.1,5.004945e-06,5.029945e-06,-7.490580e-04,-7.490390e-04,1.040966e+00,-7.490082e-04,-1.242365e-01,-1.242371e-01,8.963008e-01,-1.242398e-01,-1.238123e-01,-1.238129e-01,8.928042e-01,-1.238156e-01,8.999994e-01,1.791459e-12,1.791458e-12,1.870378e-12,1.791460e-12,5.453297e-12,4.563208e-12,-1.790487e-07,5.276966e-12,4.563204e-12,1.440338e-11,8.989156e-01,8.989125e-01,-1.083878e-03,,rbl_0 never fell 0.1 V below its pre-read level within the 20 ns read window plus tail,3.006704e-06,-1.970046e-05,"schematic-level ASSUMED rbl loading (C_RBL), extracted C_SN per cell, no extracted bitline parasitics; rows written 0..3 sequentially; read age measured from row write end"
20261005T135350Z,2026-10-05T13:53:50+00:00,2b7fee1,c6d73a35f524070e85faff4a6a9eef49553ebc2b,** ngspice-46 : Circuit level simulation program,ss,-40,refresh_bound,1,0,0101,011,ok,,0.605354,10.000,1.8,0.9,5.050945000e-06,1e-08,0.1,5.004945e-06,5.029945e-06,1.040966e+00,-7.490387e-04,1.040966e+00,-7.490081e-04,8.962636e-01,-1.242371e-01,8.963008e-01,-1.242398e-01,8.927672e-01,-1.238129e-01,8.928042e-01,-1.238156e-01,8.999994e-01,1.870374e-12,1.791458e-12,1.870378e-12,1.791460e-12,5.532212e-12,5.277543e-12,-1.790487e-07,5.277559e-12,4.563714e-12,1.511882e-11,8.989154e-01,8.989122e-01,-1.084043e-03,,rbl_0 never fell 0.1 V below its pre-read level within the 20 ns read window plus tail,2.994661e-06,-1.971546e-05,"schematic-level ASSUMED rbl loading (C_RBL), extracted C_SN per cell, no extracted bitline parasitics; rows written 0..3 sequentially; read age measured from row write end"
20261005T135350Z,2026-10-05T13:53:50+00:00,2b7fee1,c6d73a35f524070e85faff4a6a9eef49553ebc2b,** ngspice-46 : Circuit level simulation program,ss,-40,refresh_bound,1,1,0110,010,ok,,0.605354,10.000,1.8,0.9,5.050945000e-06,1e-08,0.1,5.004945e-06,5.029945e-06,-7.490504e-04,1.040966e+00,1.040966e+00,-7.490081e-04,-1.242349e-01,8.962831e-01,8.963008e-01,-1.242398e-01,-1.238107e-01,8.927866e-01,8.928042e-01,-1.238156e-01,8.999994e-01,1.791459e-12,1.870376e-12,1.870378e-12,1.791460e-12,5.453297e-12,5.512864e-11,-3.305733e-07,6.276566e-11,5.512858e-11,1.730229e-10,7.854484e-01,7.029529e-01,-1.145511e-01,8.549161e-09,,-1.580079e-02,-1.579782e-02,"schematic-level ASSUMED rbl loading (C_RBL), extracted C_SN per cell, no extracted bitline parasitics; rows written 0..3 sequentially; read age measured from row write end"
20261005T135350Z,2026-10-05T13:53:50+00:00,2b7fee1,c6d73a35f524070e85faff4a6a9eef49553ebc2b,** ngspice-46 : Circuit level simulation program,ss,-40,refresh_bound,1,1,0111,011,ok,,0.605354,10.000,1.8,0.9,5.050945000e-06,1e-08,0.1,5.004945e-06,5.029945e-06,1.040966e+00,1.040966e+00,1.040966e+00,-7.490080e-04,8.962654e-01,8.962831e-01,8.963008e-01,-1.242398e-01,8.927690e-01,8.927866e-01,8.928042e-01,-1.238156e-01,8.999994e-01,1.870374e-12,1.870376e-12,1.870378e-12,1.791459e-12,5.532212e-12,6.276890e-11,-3.305706e-07,6.276902e-11,5.513153e-11,1.806694e-10,7.854399e-01,7.029401e-01,-1.145595e-01,8.548419e-09,,-1.580181e-02,-1.579885e-02,"schematic-level ASSUMED rbl loading (C_RBL), extracted C_SN per cell, no extracted bitline parasitics; rows written 0..3 sequentially; read age measured from row write end"
20261005T135350Z,2026-10-05T13:53:50+00:00,2b7fee1,c6d73a35f524070e85faff4a6a9eef49553ebc2b,** ngspice-46 : Circuit level simulation program,ss,-40,refresh_bound,1,0,1000,100,ok,,0.605354,10.000,1.8,0.9,5.050945000e-06,1e-08,0.1,5.004945e-06,5.029945e-06,-7.490580e-04,-7.490390e-04,-7.490199e-04,1.040966e+00,-1.242361e-01,-1.242367e-01,-1.242373e-01,8.963205e-01,-1.238123e-01,-1.238129e-01,-1.238135e-01,8.928236e-01,8.999994e-01,1.830105e-12,1.830104e-12,1.830105e-12,1.922514e-12,5.582723e-12,4.563208e-12,-1.790487e-07,4.563207e-12,5.276973e-12,1.440339e-11,8.989156e-01,8.989125e-01,-1.083878e-03,,rbl_0 never fell 0.1 V below its pre-read level within the 20 ns read window plus tail,3.007704e-06,-1.970046e-05,"schematic-level ASSUMED rbl loading (C_RBL), extracted C_SN per cell, no extracted bitline parasitics; rows written 0..3 sequentially; read age measured from row write end"
20261005T135350Z,2026-10-05T13:53:50+00:00,2b7fee1,c6d73a35f524070e85faff4a6a9eef49553ebc2b,** ngspice-46 : Circuit level simulation program,ss,-40,refresh_bound,1,0,1001,101,ok,,0.605354,10.000,1.8,0.9,5.050945000e-06,1e-08,0.1,5.004945e-06,5.029945e-06,1.040966e+00,-7.490387e-04,-7.490198e-04,1.040966e+00,8.962639e-01,-1.242367e-01,-1.242373e-01,8.963205e-01,8.927672e-01,-1.238129e-01,-1.238135e-01,8.928236e-01,8.999994e-01,1.922410e-12,1.830094e-12,1.830094e-12,1.922502e-12,5.675006e-12,5.277543e-12,-1.790487e-07,4.563715e-12,5.277568e-12,1.511883e-11,8.989154e-01,8.989122e-01,-1.084043e-03,,rbl_0 never fell 0.1 V below its pre-read level within the 20 ns read window plus tail,2.994704e-06,-1.971546e-05,"schematic-level ASSUMED rbl loading (C_RBL), extracted C_SN per cell, no extracted bitline parasitics; rows written 0..3 sequentially; read age measured from row write end"
20261005T135350Z,2026-10-05T13:53:50+00:00,2b7fee1,c6d73a35f524070e85faff4a6a9eef49553ebc2b,** ngspice-46 : Circuit level simulation program,ss,-40,refresh_bound,1,1,1010,100,ok,,0.605354,10.000,1.8,0.9,5.050945000e-06,1e-08,0.1,5.004945e-06,5.029945e-06,-7.490504e-04,1.040966e+00,-7.490196e-04,1.040966e+00,-1.242346e-01,8.962834e-01,-1.242373e-01,8.963205e-01,-1.238107e-01,8.927866e-01,-1.238135e-01,8.928236e-01,8.999994e-01,1.830094e-12,1.922412e-12,1.830094e-12,1.922502e-12,5.582691e-12,5.512862e-11,-3.305733e-07,5.512859e-11,6.276570e-11,1.730229e-10,7.854484e-01,7.029530e-01,-1.145510e-01,8.549164e-09,,-1.580078e-02,-1.579784e-02,"schematic-level ASSUMED rbl loading (C_RBL), extracted C_SN per cell, no extracted bitline parasitics; rows written 0..3 sequentially; read age measured from row write end"
20261005T135350Z,2026-10-05T13:53:50+00:00,2b7fee1,c6d73a35f524070e85faff4a6a9eef49553ebc2b,** ngspice-46 : Circuit level simulation program,ss,-40,refresh_bound,1,1,1011,101,ok,,0.605354,10.000,1.8,0.9,5.050945000e-06,1e-08,0.1,5.004945e-06,5.029945e-06,1.040966e+00,1.040966e+00,-7.490195e-04,1.040966e+00,8.962657e-01,8.962834e-01,-1.242373e-01,8.963205e-01,8.927689e-01,8.927866e-01,-1.238135e-01,8.928236e-01,8.999994e-01,1.922400e-12,1.922402e-12,1.830083e-12,1.922492e-12,5.674975e-12,6.276888e-11,-3.305706e-07,5.513154e-11,6.276906e-11,1.806695e-10,7.854399e-01,7.029401e-01,-1.145595e-01,8.548422e-09,,-1.580181e-02,-1.579887e-02,"schematic-level ASSUMED rbl loading (C_RBL), extracted C_SN per cell, no extracted bitline parasitics; rows written 0..3 sequentially; read age measured from row write end"
20261005T135350Z,2026-10-05T13:53:50+00:00,2b7fee1,c6d73a35f524070e85faff4a6a9eef49553ebc2b,** ngspice-46 : Circuit level simulation program,ss,-40,refresh_bound,1,0,1100,110,ok,,0.605354,10.000,1.8,0.9,5.050945000e-06,1e-08,0.1,5.004945e-06,5.029945e-06,-7.490504e-04,-7.490313e-04,1.040966e+00,1.040966e+00,-1.242346e-01,-1.242352e-01,8.963028e-01,8.963205e-01,-1.238107e-01,-1.238113e-01,8.928060e-01,8.928236e-01,8.999994e-01,1.830095e-12,1.830094e-12,1.922414e-12,1.922503e-12,5.675012e-12,4.563720e-12,-1.790487e-07,5.277563e-12,5.277570e-12,1.511885e-11,8.989154e-01,8.989122e-01,-1.084043e-03,,rbl_0 never fell 0.1 V below its pre-read level within the 20 ns read window plus tail,2.994704e-06,-1.971546e-05,"schematic-level ASSUMED rbl loading (C_RBL), extracted C_SN per cell, no extracted bitline parasitics; rows written 0..3 sequentially; read age measured from row write end"
20261005T135350Z,2026-10-05T13:53:50+00:00,2b7fee1,c6d73a35f524070e85faff4a6a9eef49553ebc2b,** ngspice-46 : Circuit level simulation program,ss,-40,refresh_bound,1,0,1101,111,ok,,0.605354,10.000,1.8,0.9,5.050945000e-06,1e-08,0.1,5.004945e-06,5.029945e-06,1.040966e+00,-7.490311e-04,1.040966e+00,1.040966e+00,8.962657e-01,-1.242352e-01,8.963028e-01,8.963205e-01,8.927689e-01,-1.238113e-01,8.928060e-01,8.928236e-01,8.999994e-01,1.922400e-12,1.830084e-12,1.922403e-12,1.922492e-12,5.767294e-12,5.278140e-12,-1.790487e-07,5.278157e-12,5.278165e-12,1.583446e-11,8.989152e-01,8.989120e-01,-1.084208e-03,,rbl_0 never fell 0.1 V below its pre-read level within the 20 ns read window plus tail,2.981616e-06,-1.973046e-05,"schematic-level ASSUMED rbl loading (C_RBL), extracted C_SN per cell, no extracted bitline parasitics; rows written 0..3 sequentially; read age measured from row write end"
20261005T135350Z,2026-10-05T13:53:50+00:00,2b7fee1,c6d73a35f524070e85faff4a6a9eef49553ebc2b,** ngspice-46 : Circuit level simulation program,ss,-40,refresh_bound,1,1,1110,110,ok,,0.605354,10.000,1.8,0.9,5.050945000e-06,1e-08,0.1,5.004945e-06,5.029945e-06,-7.490427e-04,1.040966e+00,1.040966e+00,1.040966e+00,-1.242330e-01,8.962851e-01,8.963028e-01,8.963205e-01,-1.238092e-01,8.927883e-01,8.928060e-01,8.928236e-01,8.999994e-01,1.830084e-12,1.922402e-12,1.922403e-12,1.922492e-12,5.674979e-12,5.513336e-11,-3.305742e-07,6.277103e-11,6.277108e-11,1.806755e-10,7.854361e-01,7.029341e-01,-1.145634e-01,8.548086e-09,,-1.580229e-02,-1.579935e-02,"schematic-level ASSUMED rbl loading (C_RBL), extracted C_SN per cell, no extracted bitline parasitics; rows written 0..3 sequentially; read age measured from row write end"
20261005T135350Z,2026-10-05T13:53:50+00:00,2b7fee1,c6d73a35f524070e85faff4a6a9eef49553ebc2b,** ngspice-46 : Circuit level simulation program,ss,-40,refresh_bound,1,1,1111,111,ok,,0.605354,10.000,1.8,0.9,5.050945000e-06,1e-08,0.1,5.004945e-06,5.029945e-06,1.040966e+00,1.040966e+00,1.040966e+00,1.040966e+00,8.962674e-01,8.962851e-01,8.963028e-01,8.963205e-01,8.927707e-01,8.927883e-01,8.928060e-01,8.928236e-01,8.999994e-01,1.922389e-12,1.922392e-12,1.922394e-12,1.922481e-12,5.767264e-12,6.277427e-11,-3.305715e-07,6.277439e-11,6.277445e-11,1.883231e-10,7.854276e-01,7.029212e-01,-1.145718e-01,8.547344e-09,,-1.580331e-02,-1.580037e-02,"schematic-level ASSUMED rbl loading (C_RBL), extracted C_SN per cell, no extracted bitline parasitics; rows written 0..3 sequentially; read age measured from row write end"
20261005T135350Z,2026-10-05T13:53:50+00:00,2b7fee1,c6d73a35f524070e85faff4a6a9eef49553ebc2b,** ngspice-46 : Circuit level simulation program,ss,-40,refresh_bound,2,0,0000,000,ok,,0.605354,10.000,1.8,0.9,5.050945000e-06,1e-08,0.1,4.979945e-06,5.029945e-06,-7.490656e-04,-7.490466e-04,-7.490275e-04,-7.490085e-04,-1.242380e-01,-1.242386e-01,-1.242392e-01,-1.242398e-01,-1.238138e-01,-1.238144e-01,-1.238150e-01,-1.238156e-01,8.999994e-01,1.791458e-12,1.791458e-12,1.791458e-12,1.791460e-12,5.374376e-12,4.562695e-12,4.562694e-12,-1.790487e-07,4.562694e-12,1.368808e-11,8.989157e-01,8.989127e-01,-1.083713e-03,,rbl_0 never fell 0.1 V below its pre-read level within the 20 ns read window plus tail,3.020616e-06,1.740258e-06,"schematic-level ASSUMED rbl loading (C_RBL), extracted C_SN per cell, no extracted bitline parasitics; rows written 0..3 sequentially; read age measured from row write end"
20261005T135350Z,2026-10-05T13:53:50+00:00,2b7fee1,c6d73a35f524070e85faff4a6a9eef49553ebc2b,** ngspice-46 : Circuit level simulation program,ss,-40,refresh_bound,2,0,0001,001,ok,,0.605354,10.000,1.8,0.9,5.050945000e-06,1e-08,0.1,4.979945e-06,5.029945e-06,1.040966e+00,-7.490463e-04,-7.490274e-04,-7.490084e-04,8.962619e-01,-1.242386e-01,-1.242392e-01,-1.242398e-01,8.927654e-01,-1.238144e-01,-1.238150e-01,-1.238156e-01,8.999994e-01,1.870374e-12,1.791458e-12,1.791458e-12,1.791460e-12,5.453292e-12,5.276946e-12,4.563204e-12,-1.790487e-07,4.563203e-12,1.440335e-11,8.989156e-01,8.989125e-01,-1.083878e-03,,rbl_0 never fell 0.1 V below its pre-read level within the 20 ns read window plus tail,3.006704e-06,-1.970037e-05,"schematic-level ASSUMED rbl loading (C_RBL), extracted C_SN per cell, no extracted bitline parasitics; rows written 0..3 sequentially; read age measured from row write end"
20261005T135350Z,2026-10-05T13:53:50+00:00,2b7fee1,c6d73a35f524070e85faff4a6a9eef49553ebc2b,** ngspice-46 : Circuit level simulation program,ss,-40,refresh_bound,2,0,0010,010,ok,,0.605354,10.000,1.8,0.9,5.050945000e-06,1e-08,0.1,4.979945e-06,5.029945e-06,-7.490580e-04,1.040966e+00,-7.490273e-04,-7.490084e-04,-1.242365e-01,8.962813e-01,-1.242392e-01,-1.242398e-01,-1.238123e-01,8.927848e-01,-1.238150e-01,-1.238156e-01,8.999994e-01,1.791459e-12,1.870377e-12,1.791459e-12,1.791460e-12,5.453296e-12,4.563206e-12,5.276953e-12,-1.790487e-07,4.563203e-12,1.440336e-11,8.989156e-01,8.989125e-01,-1.083878e-03,,rbl_0 never fell 0.1 V below its pre-read level within the 20 ns read window plus tail,3.006704e-06,-1.970046e-05,"schematic-level ASSUMED rbl loading (C_RBL), extracted C_SN per cell, no extracted bitline parasitics; rows written 0..3 sequentially; read age measured from row write end"
20261005T135350Z,2026-10-05T13:53:50+00:00,2b7fee1,c6d73a35f524070e85faff4a6a9eef49553ebc2b,** ngspice-46 : Circuit level simulation program,ss,-40,refresh_bound,2,0,0011,011,ok,,0.605354,10.000,1.8,0.9,5.050945000e-06,1e-08,0.1,4.979945e-06,5.029945e-06,1.040966e+00,1.040966e+00,-7.490272e-04,-7.490083e-04,8.962636e-01,8.962813e-01,-1.242392e-01,-1.242398e-01,8.927672e-01,8.927848e-01,-1.238150e-01,-1.238156e-01,8.999994e-01,1.870375e-12,1.870377e-12,1.791458e-12,1.791460e-12,5.532211e-12,5.277541e-12,5.277549e-12,-1.790487e-07,4.563712e-12,1.511880e-11,8.989154e-01,8.989122e-01,-1.084042e-03,,rbl_0 never fell 0.1 V below its pre-read level within the 20 ns read window plus tail,2.994661e-06,-1.971446e-05,"schematic-level ASSUMED rbl loading (C_RBL), extracted C_SN per cell, no extracted bitline parasitics; rows written 0..3 sequentially; read age measured from row write end"
20261005T135350Z,2026-10-05T13:53:50+00:00,2b7fee1,c6d73a35f524070e85faff4a6a9eef49553ebc2b,** ngspice-46 : Circuit level simulation program,ss,-40,refresh_bound,2,1,0100,000,ok,,0.605354,10.000,1.8,0.9,5.050945000e-06,1e-08,0.1,4.979945e-06,5.029945e-06,-7.490580e-04,-7.490390e-04,1.040966e+00,-7.490082e-04,-1.242365e-01,-1.242371e-01,8.963008e-01,-1.242398e-01,-1.238123e-01,-1.238129e-01,8.928042e-01,-1.238156e-01,8.999994e-01,1.791459e-12,1.791458e-12,1.870378e-12,1.791460e-12,5.374377e-12,5.514347e-11,5.514346e-11,-3.306126e-07,5.514343e-11,1.654304e-10,7.854182e-01,7.029056e-01,-1.145812e-01,8.546535e-09,,-1.580461e-02,-1.379683e-02,"schematic-level ASSUMED rbl loading (C_RBL), extracted C_SN per cell, no extracted bitline parasitics; rows written 0..3 sequentially; read age measured from row write end"
20261005T135350Z,2026-10-05T13:53:50+00:00,2b7fee1,c6d73a35f524070e85faff4a6a9eef49553ebc2b,** ngspice-46 : Circuit level simulation program,ss,-40,refresh_bound,2,1,0101,001,ok,,0.605354,10.000,1.8,0.9,5.050945000e-06,1e-08,0.1,4.979945e-06,5.029945e-06,1.040966e+00,-7.490387e-04,1.040966e+00,-7.490081e-04,8.962636e-01,-1.242371e-01,8.963008e-01,-1.242398e-01,8.927672e-01,-1.238129e-01,8.928042e-01,-1.238156e-01,8.999994e-01,1.870374e-12,1.791458e-12,1.870378e-12,1.791460e-12,5.453292e-12,6.278575e-11,5.514640e-11,-3.306099e-07,5.514637e-11,1.730785e-10,7.854097e-01,7.028927e-01,-1.145897e-01,8.545793e-09,,-1.580563e-02,-1.580260e-02,"schematic-level ASSUMED rbl loading (C_RBL), extracted C_SN per cell, no extracted bitline parasitics; rows written 0..3 sequentially; read age measured from row write end"
20261005T135350Z,2026-10-05T13:53:50+00:00,2b7fee1,c6d73a35f524070e85faff4a6a9eef49553ebc2b,** ngspice-46 : Circuit level simulation program,ss,-40,refresh_bound,2,1,0110,010,ok,,0.605354,10.000,1.8,0.9,5.050945000e-06,1e-08,0.1,4.979945e-06,5.029945e-06,-7.490504e-04,1.040966e+00,1.040966e+00,-7.490081e-04,-1.242349e-01,8.962831e-01,8.963008e-01,-1.242398e-01,-1.238107e-01,8.927866e-01,8.928042e-01,-1.238156e-01,8.999994e-01,1.791459e-12,1.870376e-12,1.870378e-12,1.791460e-12,5.453295e-12,5.514643e-11,6.278581e-11,-3.306099e-07,5.514637e-11,1.730786e-10,7.854097e-01,7.028927e-01,-1.145897e-01,8.545793e-09,,-1.580563e-02,-1.580262e-02,"schematic-level ASSUMED rbl loading (C_RBL), extracted C_SN per cell, no extracted bitline parasitics; rows written 0..3 sequentially; read age measured from row write end"
20261005T135350Z,2026-10-05T13:53:50+00:00,2b7fee1,c6d73a35f524070e85faff4a6a9eef49553ebc2b,** ngspice-46 : Circuit level simulation program,ss,-40,refresh_bound,2,1,0111,011,ok,,0.605354,10.000,1.8,0.9,5.050945000e-06,1e-08,0.1,4.979945e-06,5.029945e-06,1.040966e+00,1.040966e+00,1.040966e+00,-7.490080e-04,8.962654e-01,8.962831e-01,8.963008e-01,-1.242398e-01,8.927690e-01,8.927866e-01,8.928042e-01,-1.238156e-01,8.999994e-01,1.870374e-12,1.870376e-12,1.870378e-12,1.791459e-12,5.532209e-12,6.278912e-11,6.278917e-11,-3.306072e-07,5.514932e-11,1.807276e-10,7.854012e-01,7.028799e-01,-1.145982e-01,8.545052e-09,,-1.580666e-02,-1.580365e-02,"schematic-level ASSUMED rbl loading (C_RBL), extracted C_SN per cell, no extracted bitline parasitics; rows written 0..3 sequentially; read age measured from row write end"
20261005T135350Z,2026-10-05T13:53:50+00:00,2b7fee1,c6d73a35f524070e85faff4a6a9eef49553ebc2b,** ngspice-46 : Circuit level simulation program,ss,-40,refresh_bound,2,0,1000,100,ok,,0.605354,10.000,1.8,0.9,5.050945000e-06,1e-08,0.1,4.979945e-06,5.029945e-06,-7.490580e-04,-7.490390e-04,-7.490199e-04,1.040966e+00,-1.242361e-01,-1.242367e-01,-1.242373e-01,8.963205e-01,-1.238123e-01,-1.238129e-01,-1.238135e-01,8.928236e-01,8.999994e-01,1.830105e-12,1.830104e-12,1.830105e-12,1.922514e-12,5.582723e-12,4.563207e-12,4.563207e-12,-1.790487e-07,5.276973e-12,1.440339e-11,8.989156e-01,8.989125e-01,-1.083878e-03,,rbl_0 never fell 0.1 V below its pre-read level within the 20 ns read window plus tail,3.007661e-06,-1.970046e-05,"schematic-level ASSUMED rbl loading (C_RBL), extracted C_SN per cell, no extracted bitline parasitics; rows written 0..3 sequentially; read age measured from row write end"
20261005T135350Z,2026-10-05T13:53:50+00:00,2b7fee1,c6d73a35f524070e85faff4a6a9eef49553ebc2b,** ngspice-46 : Circuit level simulation program,ss,-40,refresh_bound,2,0,1001,101,ok,,0.605354,10.000,1.8,0.9,5.050945000e-06,1e-08,0.1,4.979945e-06,5.029945e-06,1.040966e+00,-7.490387e-04,-7.490198e-04,1.040966e+00,8.962639e-01,-1.242367e-01,-1.242373e-01,8.963205e-01,8.927672e-01,-1.238129e-01,-1.238135e-01,8.928236e-01,8.999994e-01,1.922410e-12,1.830094e-12,1.830094e-12,1.922502e-12,5.675006e-12,5.277542e-12,4.563715e-12,-1.790487e-07,5.277567e-12,1.511882e-11,8.989154e-01,8.989122e-01,-1.084043e-03,,rbl_0 never fell 0.1 V below its pre-read level within the 20 ns read window plus tail,2.994704e-06,-1.971546e-05,"schematic-level ASSUMED rbl loading (C_RBL), extracted C_SN per cell, no extracted bitline parasitics; rows written 0..3 sequentially; read age measured from row write end"
20261005T135350Z,2026-10-05T13:53:50+00:00,2b7fee1,c6d73a35f524070e85faff4a6a9eef49553ebc2b,** ngspice-46 : Circuit level simulation program,ss,-40,refresh_bound,2,0,1010,110,ok,,0.605354,10.000,1.8,0.9,5.050945000e-06,1e-08,0.1,4.979945e-06,5.029945e-06,-7.490504e-04,1.040966e+00,-7.490196e-04,1.040966e+00,-1.242346e-01,8.962834e-01,-1.242373e-01,8.963205e-01,-1.238107e-01,8.927866e-01,-1.238135e-01,8.928236e-01,8.999994e-01,1.830094e-12,1.922412e-12,1.830094e-12,1.922502e-12,5.675008e-12,4.563718e-12,5.277551e-12,-1.790487e-07,5.277567e-12,1.511884e-11,8.989154e-01,8.989122e-01,-1.084043e-03,,rbl_0 never fell 0.1 V below its pre-read level within the 20 ns read window plus tail,2.994704e-06,-1.971546e-05,"schematic-level ASSUMED rbl loading (C_RBL), extracted C_SN per cell, no extracted bitline parasitics; rows written 0..3 sequentially; read age measured from row write end"
20261005T135350Z,2026-10-05T13:53:50+00:00,2b7fee1,c6d73a35f524070e85faff4a6a9eef49553ebc2b,** ngspice-46 : Circuit level simulation program,ss,-40,refresh_bound,2,0,1011,111,ok,,0.605354,10.000,1.8,0.9,5.050945000e-06,1e-08,0.1,4.979945e-06,5.029945e-06,1.040966e+00,1.040966e+00,-7.490195e-04,1.040966e+00,8.962657e-01,8.962834e-01,-1.242373e-01,8.963205e-01,8.927689e-01,8.927866e-01,-1.238135e-01,8.928236e-01,8.999994e-01,1.922400e-12,1.922402e-12,1.830083e-12,1.922492e-12,5.767294e-12,5.278137e-12,5.278145e-12,-1.790487e-07,5.278162e-12,1.583444e-11,8.989152e-01,8.989120e-01,-1.084208e-03,,rbl_0 never fell 0.1 V below its pre-read level within the 20 ns read window plus tail,2.981704e-06,-1.973046e-05,"schematic-level ASSUMED rbl loading (C_RBL), extracted C_SN per cell, no extracted bitline parasitics; rows written 0..3 sequentially; read age measured from row write end"
20261005T135350Z,2026-10-05T13:53:50+00:00,2b7fee1,c6d73a35f524070e85faff4a6a9eef49553ebc2b,** ngspice-46 : Circuit level simulation program,ss,-40,refresh_bound,2,1,1100,100,ok,,0.605354,10.000,1.8,0.9,5.050945000e-06,1e-08,0.1,4.979945e-06,5.029945e-06,-7.490504e-04,-7.490313e-04,1.040966e+00,1.040966e+00,-1.242346e-01,-1.242352e-01,8.963028e-01,8.963205e-01,-1.238107e-01,-1.238113e-01,8.928060e-01,8.928236e-01,8.999994e-01,1.830095e-12,1.830094e-12,1.922414e-12,1.922503e-12,5.582692e-12,5.514819e-11,5.514818e-11,-3.306135e-07,6.278793e-11,1.730843e-10,7.854059e-01,7.028868e-01,-1.145935e-01,8.545460e-09,,-1.580611e-02,-1.580314e-02,"schematic-level ASSUMED rbl loading (C_RBL), extracted C_SN per cell, no extracted bitline parasitics; rows written 0..3 sequentially; read age measured from row write end"
20261005T135350Z,2026-10-05T13:53:50+00:00,2b7fee1,c6d73a35f524070e85faff4a6a9eef49553ebc2b,** ngspice-46 : Circuit level simulation program,ss,-40,refresh_bound,2,1,1101,101,ok,,0.605354,10.000,1.8,0.9,5.050945000e-06,1e-08,0.1,4.979945e-06,5.029945e-06,1.040966e+00,-7.490311e-04,1.040966e+00,1.040966e+00,8.962657e-01,-1.242352e-01,8.963028e-01,8.963205e-01,8.927689e-01,-1.238113e-01,8.928060e-01,8.928236e-01,8.999994e-01,1.922400e-12,1.830084e-12,1.922403e-12,1.922492e-12,5.674975e-12,6.279112e-11,5.515113e-11,-3.306108e-07,6.279130e-11,1.807335e-10,7.853974e-01,7.028739e-01,-1.146020e-01,8.544719e-09,,-1.580713e-02,-1.580417e-02,"schematic-level ASSUMED rbl loading (C_RBL), extracted C_SN per cell, no extracted bitline parasitics; rows written 0..3 sequentially; read age measured from row write end"
20261005T135350Z,2026-10-05T13:53:50+00:00,2b7fee1,c6d73a35f524070e85faff4a6a9eef49553ebc2b,** ngspice-46 : Circuit level simulation program,ss,-40,refresh_bound,2,1,1110,110,ok,,0.605354,10.000,1.8,0.9,5.050945000e-06,1e-08,0.1,4.979945e-06,5.029945e-06,-7.490427e-04,1.040966e+00,1.040966e+00,1.040966e+00,-1.242330e-01,8.962851e-01,8.963028e-01,8.963205e-01,-1.238092e-01,8.927883e-01,8.928060e-01,8.928236e-01,8.999994e-01,1.830084e-12,1.922402e-12,1.922403e-12,1.922492e-12,5.674978e-12,5.515115e-11,6.279118e-11,-3.306108e-07,6.279130e-11,1.807336e-10,7.853974e-01,7.028739e-01,-1.146020e-01,8.544719e-09,,-1.580713e-02,-1.580417e-02,"schematic-level ASSUMED rbl loading (C_RBL), extracted C_SN per cell, no extracted bitline parasitics; rows written 0..3 sequentially; read age measured from row write end"
20261005T135350Z,2026-10-05T13:53:50+00:00,2b7fee1,c6d73a35f524070e85faff4a6a9eef49553ebc2b,** ngspice-46 : Circuit level simulation program,ss,-40,refresh_bound,2,1,1111,111,ok,,0.605354,10.000,1.8,0.9,5.050945000e-06,1e-08,0.1,4.979945e-06,5.029945e-06,1.040966e+00,1.040966e+00,1.040966e+00,1.040966e+00,8.962674e-01,8.962851e-01,8.963028e-01,8.963205e-01,8.927707e-01,8.927883e-01,8.928060e-01,8.928236e-01,8.999994e-01,1.922389e-12,1.922392e-12,1.922394e-12,1.922481e-12,5.767262e-12,6.279448e-11,6.279454e-11,-3.306081e-07,6.279466e-11,1.883837e-10,7.853889e-01,7.028610e-01,-1.146105e-01,8.543977e-09,,-1.580816e-02,-1.580519e-02,"schematic-level ASSUMED rbl loading (C_RBL), extracted C_SN per cell, no extracted bitline parasitics; rows written 0..3 sequentially; read age measured from row write end"
20261005T135350Z,2026-10-05T13:53:50+00:00,2b7fee1,c6d73a35f524070e85faff4a6a9eef49553ebc2b,** ngspice-46 : Circuit level simulation program,ss,-40,refresh_bound,3,0,0000,000,ok,,0.605354,10.000,1.8,0.9,5.050945000e-06,1e-08,0.1,4.954945e-06,5.029945e-06,-7.490656e-04,-7.490466e-04,-7.490275e-04,-7.490085e-04,-1.242380e-01,-1.242386e-01,-1.242392e-01,-1.242398e-01,-1.238138e-01,-1.238144e-01,-1.238150e-01,-1.238156e-01,8.999994e-01,1.791458e-12,1.791458e-12,1.791458e-12,1.791460e-12,5.374374e-12,4.562694e-12,4.562694e-12,4.562695e-12,-1.790487e-07,1.368808e-11,8.989157e-01,8.989127e-01,-1.083713e-03,,rbl_0 never fell 0.1 V below its pre-read level within the 20 ns read window plus tail,3.020661e-06,1.741170e-06,"schematic-level ASSUMED rbl loading (C_RBL), extracted C_SN per cell, no extracted bitline parasitics; rows written 0..3 sequentially; read age measured from row write end"
20261005T135350Z,2026-10-05T13:53:50+00:00,2b7fee1,c6d73a35f524070e85faff4a6a9eef49553ebc2b,** ngspice-46 : Circuit level simulation program,ss,-40,refresh_bound,3,0,0001,001,ok,,0.605354,10.000,1.8,0.9,5.050945000e-06,1e-08,0.1,4.954945e-06,5.029945e-06,1.040966e+00,-7.490463e-04,-7.490274e-04,-7.490084e-04,8.962619e-01,-1.242386e-01,-1.242392e-01,-1.242398e-01,8.927654e-01,-1.238144e-01,-1.238150e-01,-1.238156e-01,8.999994e-01,1.870374e-12,1.791458e-12,1.791458e-12,1.791460e-12,5.453290e-12,5.276945e-12,4.563203e-12,4.563203e-12,-1.790487e-07,1.440335e-11,8.989156e-01,8.989125e-01,-1.083877e-03,,rbl_0 never fell 0.1 V below its pre-read level within the 20 ns read window plus tail,3.007704e-06,-1.970037e-05,"schematic-level ASSUMED rbl loading (C_RBL), extracted C_SN per cell, no extracted bitline parasitics; rows written 0..3 sequentially; read age measured from row write end"
20261005T135350Z,2026-10-05T13:53:50+00:00,2b7fee1,c6d73a35f524070e85faff4a6a9eef49553ebc2b,** ngspice-46 : Circuit level simulation program,ss,-40,refresh_bound,3,0,0010,010,ok,,0.605354,10.000,1.8,0.9,5.050945000e-06,1e-08,0.1,4.954945e-06,5.029945e-06,-7.490580e-04,1.040966e+00,-7.490273e-04,-7.490084e-04,-1.242365e-01,8.962813e-01,-1.242392e-01,-1.242398e-01,-1.238123e-01,8.927848e-01,-1.238150e-01,-1.238156e-01,8.999994e-01,1.791459e-12,1.870377e-12,1.791459e-12,1.791460e-12,5.453294e-12,4.563204e-12,5.276953e-12,4.563203e-12,-1.790487e-07,1.440336e-11,8.989156e-01,8.989125e-01,-1.083877e-03,,rbl_0 never fell 0.1 V below its pre-read level within the 20 ns read window plus tail,3.007704e-06,-1.970046e-05,"schematic-level ASSUMED rbl loading (C_RBL), extracted C_SN per cell, no extracted bitline parasitics; rows written 0..3 sequentially; read age measured from row write end"
20261005T135350Z,2026-10-05T13:53:50+00:00,2b7fee1,c6d73a35f524070e85faff4a6a9eef49553ebc2b,** ngspice-46 : Circuit level simulation program,ss,-40,refresh_bound,3,0,0011,011,ok,,0.605354,10.000,1.8,0.9,5.050945000e-06,1e-08,0.1,4.954945e-06,5.029945e-06,1.040966e+00,1.040966e+00,-7.490272e-04,-7.490083e-04,8.962636e-01,8.962813e-01,-1.242392e-01,-1.242398e-01,8.927672e-01,8.927848e-01,-1.238150e-01,-1.238156e-01,8.999994e-01,1.870375e-12,1.870377e-12,1.791458e-12,1.791460e-12,5.532209e-12,5.277540e-12,5.277547e-12,4.563711e-12,-1.790487e-07,1.511880e-11,8.989154e-01,8.989122e-01,-1.084042e-03,,rbl_0 never fell 0.1 V below its pre-read level within the 20 ns read window plus tail,2.994704e-06,-1.971446e-05,"schematic-level ASSUMED rbl loading (C_RBL), extracted C_SN per cell, no extracted bitline parasitics; rows written 0..3 sequentially; read age measured from row write end"
20261005T135350Z,2026-10-05T13:53:50+00:00,2b7fee1,c6d73a35f524070e85faff4a6a9eef49553ebc2b,** ngspice-46 : Circuit level simulation program,ss,-40,refresh_bound,3,0,0100,100,ok,,0.605354,10.000,1.8,0.9,5.050945000e-06,1e-08,0.1,4.954945e-06,5.029945e-06,-7.490580e-04,-7.490390e-04,1.040966e+00,-7.490082e-04,-1.242365e-01,-1.242371e-01,8.963008e-01,-1.242398e-01,-1.238123e-01,-1.238129e-01,8.928042e-01,-1.238156e-01,8.999994e-01,1.791459e-12,1.791458e-12,1.870378e-12,1.791460e-12,5.453295e-12,4.563205e-12,4.563204e-12,5.276962e-12,-1.790487e-07,1.440337e-11,8.989156e-01,8.989125e-01,-1.083877e-03,,rbl_0 never fell 0.1 V below its pre-read level within the 20 ns read window plus tail,3.007704e-06,-1.970046e-05,"schematic-level ASSUMED rbl loading (C_RBL), extracted C_SN per cell, no extracted bitline parasitics; rows written 0..3 sequentially; read age measured from row write end"
20261005T135350Z,2026-10-05T13:53:50+00:00,2b7fee1,c6d73a35f524070e85faff4a6a9eef49553ebc2b,** ngspice-46 : Circuit level simulation program,ss,-40,refresh_bound,3,0,0101,101,ok,,0.605354,10.000,1.8,0.9,5.050945000e-06,1e-08,0.1,4.954945e-06,5.029945e-06,1.040966e+00,-7.490387e-04,1.040966e+00,-7.490081e-04,8.962636e-01,-1.242371e-01,8.963008e-01,-1.242398e-01,8.927672e-01,-1.238129e-01,8.928042e-01,-1.238156e-01,8.999994e-01,1.870374e-12,1.791458e-12,1.870378e-12,1.791460e-12,5.532211e-12,5.277540e-12,4.563714e-12,5.277557e-12,-1.790487e-07,1.511881e-11,8.989154e-01,8.989122e-01,-1.084042e-03,,rbl_0 never fell 0.1 V below its pre-read level within the 20 ns read window plus tail,2.994704e-06,-1.971546e-05,"schematic-level ASSUMED rbl loading (C_RBL), extracted C_SN per cell, no extracted bitline parasitics; rows written 0..3 sequentially; read age measured from row write end"
20261005T135350Z,2026-10-05T13:53:50+00:00,2b7fee1,c6d73a35f524070e85faff4a6a9eef49553ebc2b,** ngspice-46 : Circuit level simulation program,ss,-40,refresh_bound,3,0,0110,110,ok,,0.605354,10.000,1.8,0.9,5.050945000e-06,1e-08,0.1,4.954945e-06,5.029945e-06,-7.490504e-04,1.040966e+00,1.040966e+00,-7.490081e-04,-1.242349e-01,8.962831e-01,8.963008e-01,-1.242398e-01,-1.238107e-01,8.927866e-01,8.928042e-01,-1.238156e-01,8.999994e-01,1.791459e-12,1.870376e-12,1.870378e-12,1.791460e-12,5.532213e-12,4.563715e-12,5.277548e-12,5.277557e-12,-1.790487e-07,1.511882e-11,8.989154e-01,8.989122e-01,-1.084042e-03,,rbl_0 never fell 0.1 V below its pre-read level within the 20 ns read window plus tail,2.994704e-06,-1.971546e-05,"schematic-level ASSUMED rbl loading (C_RBL), extracted C_SN per cell, no extracted bitline parasitics; rows written 0..3 sequentially; read age measured from row write end"
20261005T135350Z,2026-10-05T13:53:50+00:00,2b7fee1,c6d73a35f524070e85faff4a6a9eef49553ebc2b,** ngspice-46 : Circuit level simulation program,ss,-40,refresh_bound,3,0,0111,111,ok,,0.605354,10.000,1.8,0.9,5.050945000e-06,1e-08,0.1,4.954945e-06,5.029945e-06,1.040966e+00,1.040966e+00,1.040966e+00,-7.490080e-04,8.962654e-01,8.962831e-01,8.963008e-01,-1.242398e-01,8.927690e-01,8.927866e-01,8.928042e-01,-1.238156e-01,8.999994e-01,1.870374e-12,1.870376e-12,1.870378e-12,1.791459e-12,5.611128e-12,5.278135e-12,5.278142e-12,5.278149e-12,-1.790487e-07,1.583443e-11,8.989152e-01,8.989120e-01,-1.084207e-03,,rbl_0 never fell 0.1 V below its pre-read level within the 20 ns read window plus tail,2.981704e-06,-1.973046e-05,"schematic-level ASSUMED rbl loading (C_RBL), extracted C_SN per cell, no extracted bitline parasitics; rows written 0..3 sequentially; read age measured from row write end"
20261005T135350Z,2026-10-05T13:53:50+00:00,2b7fee1,c6d73a35f524070e85faff4a6a9eef49553ebc2b,** ngspice-46 : Circuit level simulation program,ss,-40,refresh_bound,3,1,1000,000,ok,,0.605354,10.000,1.8,0.9,5.050945000e-06,1e-08,0.1,4.954945e-06,5.029945e-06,-7.490580e-04,-7.490390e-04,-7.490199e-04,1.040966e+00,-1.242361e-01,-1.242367e-01,-1.242373e-01,8.963205e-01,-1.238123e-01,-1.238129e-01,-1.238135e-01,8.928236e-01,8.999994e-01,1.830105e-12,1.830104e-12,1.830105e-12,1.922514e-12,5.490314e-12,5.516302e-11,5.516301e-11,5.516300e-11,-3.306528e-07,1.654890e-10,7.853757e-01,7.028394e-01,-1.146237e-01,8.542835e-09,,-1.580993e-02,-1.380146e-02,"schematic-level ASSUMED rbl loading (C_RBL), extracted C_SN per cell, no extracted bitline parasitics; rows written 0..3 sequentially; read age measured from row write end"
20261005T135350Z,2026-10-05T13:53:50+00:00,2b7fee1,c6d73a35f524070e85faff4a6a9eef49553ebc2b,** ngspice-46 : Circuit level simulation program,ss,-40,refresh_bound,3,1,1001,001,ok,,0.605354,10.000,1.8,0.9,5.050945000e-06,1e-08,0.1,4.954945e-06,5.029945e-06,1.040966e+00,-7.490387e-04,-7.490198e-04,1.040966e+00,8.962639e-01,-1.242367e-01,-1.242373e-01,8.963205e-01,8.927672e-01,-1.238129e-01,-1.238135e-01,8.928236e-01,8.999994e-01,1.922410e-12,1.830094e-12,1.830094e-12,1.922502e-12,5.582598e-12,6.280796e-11,5.516596e-11,5.516595e-11,-3.306501e-07,1.731399e-10,7.853672e-01,7.028265e-01,-1.146322e-01,8.542094e-09,,-1.581095e-02,-1.580789e-02,"schematic-level ASSUMED rbl loading (C_RBL), extracted C_SN per cell, no extracted bitline parasitics; rows written 0..3 sequentially; read age measured from row write end"
20261005T135350Z,2026-10-05T13:53:50+00:00,2b7fee1,c6d73a35f524070e85faff4a6a9eef49553ebc2b,** ngspice-46 : Circuit level simulation program,ss,-40,refresh_bound,3,1,1010,010,ok,,0.605354,10.000,1.8,0.9,5.050945000e-06,1e-08,0.1,4.954945e-06,5.029945e-06,-7.490504e-04,1.040966e+00,-7.490196e-04,1.040966e+00,-1.242346e-01,8.962834e-01,-1.242373e-01,8.963205e-01,-1.238107e-01,8.927866e-01,-1.238135e-01,8.928236e-01,8.999994e-01,1.830094e-12,1.922412e-12,1.830094e-12,1.922502e-12,5.582600e-12,5.516598e-11,6.280803e-11,5.516595e-11,-3.306501e-07,1.731400e-10,7.853672e-01,7.028265e-01,-1.146322e-01,8.542094e-09,,-1.581095e-02,-1.580792e-02,"schematic-level ASSUMED rbl loading (C_RBL), extracted C_SN per cell, no extracted bitline parasitics; rows written 0..3 sequentially; read age measured from row write end"
20261005T135350Z,2026-10-05T13:53:50+00:00,2b7fee1,c6d73a35f524070e85faff4a6a9eef49553ebc2b,** ngspice-46 : Circuit level simulation program,ss,-40,refresh_bound,3,1,1011,011,ok,,0.605354,10.000,1.8,0.9,5.050945000e-06,1e-08,0.1,4.954945e-06,5.029945e-06,1.040966e+00,1.040966e+00,-7.490195e-04,1.040966e+00,8.962657e-01,8.962834e-01,-1.242373e-01,8.963205e-01,8.927689e-01,8.927866e-01,-1.238135e-01,8.928236e-01,8.999994e-01,1.922400e-12,1.922402e-12,1.830083e-12,1.922492e-12,5.674885e-12,6.281133e-11,6.281139e-11,5.516890e-11,-3.306474e-07,1.807916e-10,7.853588e-01,7.028137e-01,-1.146407e-01,8.541353e-09,,-1.581198e-02,-1.580894e-02,"schematic-level ASSUMED rbl loading (C_RBL), extracted C_SN per cell, no extracted bitline parasitics; rows written 0..3 sequentially; read age measured from row write end"
20261005T135350Z,2026-10-05T13:53:50+00:00,2b7fee1,c6d73a35f524070e85faff4a6a9eef49553ebc2b,** ngspice-46 : Circuit level simulation program,ss,-40,refresh_bound,3,1,1100,100,ok,,0.605354,10.000,1.8,0.9,5.050945000e-06,1e-08,0.1,4.954945e-06,5.029945e-06,-7.490504e-04,-7.490313e-04,1.040966e+00,1.040966e+00,-1.242346e-01,-1.242352e-01,8.963028e-01,8.963205e-01,-1.238107e-01,-1.238113e-01,8.928060e-01,8.928236e-01,8.999994e-01,1.830095e-12,1.830094e-12,1.922414e-12,1.922503e-12,5.582604e-12,5.516598e-11,5.516597e-11,6.280809e-11,-3.306501e-07,1.731400e-10,7.853672e-01,7.028265e-01,-1.146322e-01,8.542094e-09,,-1.581095e-02,-1.580794e-02,"schematic-level ASSUMED rbl loading (C_RBL), extracted C_SN per cell, no extracted bitline parasitics; rows written 0..3 sequentially; read age measured from row write end"
20261005T135350Z,2026-10-05T13:53:50+00:00,2b7fee1,c6d73a35f524070e85faff4a6a9eef49553ebc2b,** ngspice-46 : Circuit level simulation program,ss,-40,refresh_bound,3,1,1101,101,ok,,0.605354,10.000,1.8,0.9,5.050945000e-06,1e-08,0.1,4.954945e-06,5.029945e-06,1.040966e+00,-7.490311e-04,1.040966e+00,1.040966e+00,8.962657e-01,-1.242352e-01,8.963028e-01,8.963205e-01,8.927689e-01,-1.238113e-01,8.928060e-01,8.928236e-01,8.999994e-01,1.922400e-12,1.830084e-12,1.922403e-12,1.922492e-12,5.674886e-12,6.281133e-11,5.516892e-11,6.281146e-11,-3.306474e-07,1.807917e-10,7.853588e-01,7.028137e-01,-1.146407e-01,8.541353e-09,,-1.581198e-02,-1.580897e-02,"schematic-level ASSUMED rbl loading (C_RBL), extracted C_SN per cell, no extracted bitline parasitics; rows written 0..3 sequentially; read age measured from row write end"
20261005T135350Z,2026-10-05T13:53:50+00:00,2b7fee1,c6d73a35f524070e85faff4a6a9eef49553ebc2b,** ngspice-46 : Circuit level simulation program,ss,-40,refresh_bound,3,1,1110,110,ok,,0.605354,10.000,1.8,0.9,5.050945000e-06,1e-08,0.1,4.954945e-06,5.029945e-06,-7.490427e-04,1.040966e+00,1.040966e+00,1.040966e+00,-1.242330e-01,8.962851e-01,8.963028e-01,8.963205e-01,-1.238092e-01,8.927883e-01,8.928060e-01,8.928236e-01,8.999994e-01,1.830084e-12,1.922402e-12,1.922403e-12,1.922492e-12,5.674888e-12,5.516894e-11,6.281140e-11,6.281146e-11,-3.306474e-07,1.807918e-10,7.853588e-01,7.028137e-01,-1.146407e-01,8.541353e-09,,-1.581198e-02,-1.580897e-02,"schematic-level ASSUMED rbl loading (C_RBL), extracted C_SN per cell, no extracted bitline parasitics; rows written 0..3 sequentially; read age measured from row write end"
20261005T135350Z,2026-10-05T13:53:50+00:00,2b7fee1,c6d73a35f524070e85faff4a6a9eef49553ebc2b,** ngspice-46 : Circuit level simulation program,ss,-40,refresh_bound,3,1,1111,111,ok,,0.605354,10.000,1.8,0.9,5.050945000e-06,1e-08,0.1,4.954945e-06,5.029945e-06,1.040966e+00,1.040966e+00,1.040966e+00,1.040966e+00,8.962674e-01,8.962851e-01,8.963028e-01,8.963205e-01,8.927707e-01,8.927883e-01,8.928060e-01,8.928236e-01,8.999994e-01,1.922389e-12,1.922392e-12,1.922394e-12,1.922481e-12,5.767174e-12,6.281470e-11,6.281476e-11,6.281482e-11,-3.306447e-07,1.884443e-10,7.853503e-01,7.028008e-01,-1.146491e-01,8.540612e-09,,-1.581301e-02,-1.580999e-02,"schematic-level ASSUMED rbl loading (C_RBL), extracted C_SN per cell, no extracted bitline parasitics; rows written 0..3 sequentially; read age measured from row write end"
