corner,temp_c,sample_index,mc_seed,klt_status,instance,kind,ref_offset_v,nominal_d_mv,sn_level_v,replica,din_v,dend_v,tdec_s,expected,decided,correct,resolves_in_window
fs_mm,27,0,1449292110,pass,c0_r050_0000_0,cell0,0.05,,0.0,0,0.050605,1.8,3.10689e-10,0,0,True,True
fs_mm,27,0,1449292110,pass,c0_r050_0000_1,cell0,0.05,,0.0,1,0.0509427,1.8,1.93134e-10,0,0,True,True
fs_mm,27,0,1449292110,pass,c0_r050_0000_2,cell0,0.05,,0.0,2,0.0512874,1.79999,2.38536e-10,0,0,True,True
fs_mm,27,0,1449292110,pass,c0_r050_0000_3,cell0,0.05,,0.0,3,0.0488138,1.8,2.18809e-10,0,0,True,True
fs_mm,27,0,1449292110,pass,c1_r050_0600_0,cell1,0.05,,0.6,0,0.0474366,1.79973,1.90741e-10,1,0,False,False
fs_mm,27,0,1449292110,pass,c1_r050_0600_1,cell1,0.05,,0.6,1,0.0476991,1.7998,2.15281e-10,1,0,False,False
fs_mm,27,0,1449292110,pass,c1_r050_0600_2,cell1,0.05,,0.6,2,0.0432412,1.79968,2.79081e-10,1,0,False,False
fs_mm,27,0,1449292110,pass,c1_r050_0600_3,cell1,0.05,,0.6,3,-0.00620022,-1.79983,3.35807e-10,1,1,True,True
fs_mm,27,0,1449292110,pass,c1_r050_0650_0,cell1,0.05,,0.65,0,0.0384656,1.7995,2.34095e-10,1,0,False,False
fs_mm,27,0,1449292110,pass,c1_r050_0650_1,cell1,0.05,,0.65,1,0.00843601,1.79867,3.21441e-10,1,0,False,False
fs_mm,27,0,1449292110,pass,c1_r050_0650_2,cell1,0.05,,0.65,2,-0.0689739,-1.79774,1.76331e-10,1,1,True,True
fs_mm,27,0,1449292110,pass,c1_r050_0650_3,cell1,0.05,,0.65,3,0.0240822,1.79906,2.01846e-10,1,0,False,False
fs_mm,27,0,1449292110,pass,c1_r050_0700_0,cell1,0.05,,0.7,0,0.0432972,1.79959,1.97945e-10,1,0,False,False
fs_mm,27,0,1449292110,pass,c1_r050_0700_1,cell1,0.05,,0.7,1,-0.0528711,-1.79217,1.94432e-10,1,1,True,True
fs_mm,27,0,1449292110,pass,c1_r050_0700_2,cell1,0.05,,0.7,2,0.0249686,1.7991,2.77954e-10,1,0,False,False
fs_mm,27,0,1449292110,pass,c1_r050_0700_3,cell1,0.05,,0.7,3,-0.476976,-1.79765,8.01648e-11,1,1,True,True
fs_mm,27,0,1449292110,pass,c1_r050_0750_0,cell1,0.05,,0.75,0,-0.156071,-1.79555,1.51271e-10,1,1,True,True
fs_mm,27,0,1449292110,pass,c1_r050_0750_1,cell1,0.05,,0.75,1,-0.0261726,-1.7802,2.40626e-10,1,1,True,True
fs_mm,27,0,1449292110,pass,c1_r050_0750_2,cell1,0.05,,0.75,2,-0.156892,-1.79247,1.46299e-10,1,1,True,True
fs_mm,27,0,1449292110,pass,c1_r050_0750_3,cell1,0.05,,0.75,3,-0.247008,-1.79604,1.18198e-10,1,1,True,True
fs_mm,27,0,1449292110,pass,c1_r050_0800_0,cell1,0.05,,0.8,0,-0.0602446,-1.79021,1.7588e-10,1,1,True,True
fs_mm,27,0,1449292110,pass,c1_r050_0800_1,cell1,0.05,,0.8,1,0.0154081,1.79881,2.19418e-10,1,0,False,False
fs_mm,27,0,1449292110,pass,c1_r050_0800_2,cell1,0.05,,0.8,2,-0.717747,-1.78682,4.86076e-11,1,1,True,True
fs_mm,27,0,1449292110,pass,c1_r050_0800_3,cell1,0.05,,0.8,3,-0.0880644,-1.79022,1.62715e-10,1,1,True,True
fs_mm,27,0,1449292110,pass,c1_r050_0850_0,cell1,0.05,,0.85,0,-0.502956,-1.78264,7.64447e-11,1,1,True,True
fs_mm,27,0,1449292110,pass,c1_r050_0850_1,cell1,0.05,,0.85,1,-0.480467,-1.76572,7.78948e-11,1,1,True,True
fs_mm,27,0,1449292110,pass,c1_r050_0850_2,cell1,0.05,,0.85,2,-0.763499,-1.79125,3.93133e-11,1,1,True,True
fs_mm,27,0,1449292110,pass,c1_r050_0850_3,cell1,0.05,,0.85,3,-0.72817,-1.78888,4.6209e-11,1,1,True,True
fs_mm,27,0,1449292110,pass,c1_r050_0900_0,cell1,0.05,,0.9,0,-0.624847,-1.74978,5.95222e-11,1,1,True,True
fs_mm,27,0,1449292110,pass,c1_r050_0900_1,cell1,0.05,,0.9,1,-0.641109,-1.76643,5.8913e-11,1,1,True,True
fs_mm,27,0,1449292110,pass,c1_r050_0900_2,cell1,0.05,,0.9,2,-0.666477,-1.76942,5.47428e-11,1,1,True,True
fs_mm,27,0,1449292110,pass,c1_r050_0900_3,cell1,0.05,,0.9,3,-0.678251,-1.77105,5.48855e-11,1,1,True,True
fs_mm,27,0,1449292110,pass,c1_r050_0950_0,cell1,0.05,,0.95,0,-0.656584,-1.75497,5.50816e-11,1,1,True,True
fs_mm,27,0,1449292110,pass,c1_r050_0950_1,cell1,0.05,,0.95,1,-0.721549,-1.76582,4.75958e-11,1,1,True,True
fs_mm,27,0,1449292110,pass,c1_r050_0950_2,cell1,0.05,,0.95,2,-0.675622,-1.76224,5.39912e-11,1,1,True,True
fs_mm,27,0,1449292110,pass,c1_r050_0950_3,cell1,0.05,,0.95,3,-0.640685,-1.75571,5.78017e-11,1,1,True,True
fs_mm,27,0,1449292110,pass,c1_r050_1000_0,cell1,0.05,,1.0,0,-0.547435,-1.72625,6.80572e-11,1,1,True,True
fs_mm,27,0,1449292110,pass,c1_r050_1000_1,cell1,0.05,,1.0,1,-0.689857,-1.75207,5.14444e-11,1,1,True,True
fs_mm,27,0,1449292110,pass,c1_r050_1000_2,cell1,0.05,,1.0,2,-0.541991,-1.73222,6.94102e-11,1,1,True,True
fs_mm,27,0,1449292110,pass,c1_r050_1000_3,cell1,0.05,,1.0,3,-0.59166,-1.72828,6.42806e-11,1,1,True,True
fs_mm,27,0,1449292110,pass,c0_r100_0000_0,cell0,0.1,,0.0,0,0.107059,1.79999,1.63692e-10,0,0,True,True
fs_mm,27,0,1449292110,pass,c0_r100_0000_1,cell0,0.1,,0.0,1,0.106563,1.8,1.84282e-10,0,0,True,True
fs_mm,27,0,1449292110,pass,c0_r100_0000_2,cell0,0.1,,0.0,2,0.106845,1.79999,1.63316e-10,0,0,True,True
fs_mm,27,0,1449292110,pass,c0_r100_0000_3,cell0,0.1,,0.0,3,0.107894,1.79999,1.54089e-10,0,0,True,True
fs_mm,27,0,1449292110,pass,c1_r100_0600_0,cell1,0.1,,0.6,0,0.0280334,1.79769,2.34188e-10,1,0,False,False
fs_mm,27,0,1449292110,pass,c1_r100_0600_1,cell1,0.1,,0.6,1,0.104983,1.79986,1.52943e-10,1,0,False,False
fs_mm,27,0,1449292110,pass,c1_r100_0600_2,cell1,0.1,,0.6,2,0.107618,1.79997,1.54028e-10,1,0,False,False
fs_mm,27,0,1449292110,pass,c1_r100_0600_3,cell1,0.1,,0.6,3,0.10633,1.79995,1.64864e-10,1,0,False,False
fs_mm,27,0,1449292110,pass,c1_r100_0650_0,cell1,0.1,,0.65,0,0.0765507,1.79896,1.86609e-10,1,0,False,False
fs_mm,27,0,1449292110,pass,c1_r100_0650_1,cell1,0.1,,0.65,1,0.0812064,1.79915,1.81349e-10,1,0,False,False
fs_mm,27,0,1449292110,pass,c1_r100_0650_2,cell1,0.1,,0.65,2,0.0878552,1.79933,1.71015e-10,1,0,False,False
fs_mm,27,0,1449292110,pass,c1_r100_0650_3,cell1,0.1,,0.65,3,0.0892596,1.7994,1.8623e-10,1,0,False,False
fs_mm,27,0,1449292110,pass,c1_r100_0700_0,cell1,0.1,,0.7,0,0.101852,1.79974,1.61306e-10,1,0,False,False
fs_mm,27,0,1449292110,pass,c1_r100_0700_1,cell1,0.1,,0.7,1,0.0958352,1.79955,1.7897e-10,1,0,False,False
fs_mm,27,0,1449292110,pass,c1_r100_0700_2,cell1,0.1,,0.7,2,0.0551167,1.79841,2.18585e-10,1,0,False,False
fs_mm,27,0,1449292110,pass,c1_r100_0700_3,cell1,0.1,,0.7,3,-0.032845,-1.79575,2.13482e-10,1,1,True,True
fs_mm,27,0,1449292110,pass,c1_r100_0750_0,cell1,0.1,,0.75,0,-0.313954,-1.79203,1.06825e-10,1,1,True,True
fs_mm,27,0,1449292110,pass,c1_r100_0750_1,cell1,0.1,,0.75,1,-0.377463,-1.78515,9.28301e-11,1,1,True,True
fs_mm,27,0,1449292110,pass,c1_r100_0750_2,cell1,0.1,,0.75,2,-0.228813,-1.79173,1.20396e-10,1,1,True,True
fs_mm,27,0,1449292110,pass,c1_r100_0750_3,cell1,0.1,,0.75,3,0.0335868,1.79777,2.22856e-10,1,0,False,False
fs_mm,27,0,1449292110,pass,c1_r100_0800_0,cell1,0.1,,0.8,0,-0.455474,-1.7927,7.83937e-11,1,1,True,True
fs_mm,27,0,1449292110,pass,c1_r100_0800_1,cell1,0.1,,0.8,1,-0.0846034,-1.77788,1.59427e-10,1,1,True,True
fs_mm,27,0,1449292110,pass,c1_r100_0800_2,cell1,0.1,,0.8,2,-0.400951,-1.77281,9.05232e-11,1,1,True,True
fs_mm,27,0,1449292110,pass,c1_r100_0800_3,cell1,0.1,,0.8,3,-0.0769752,-1.78591,1.97733e-10,1,1,True,True
fs_mm,27,0,1449292110,pass,c1_r100_0850_0,cell1,0.1,,0.85,0,-0.159612,-1.78067,1.41736e-10,1,1,True,True
fs_mm,27,0,1449292110,pass,c1_r100_0850_1,cell1,0.1,,0.85,1,-0.638791,-1.78166,5.89977e-11,1,1,True,True
fs_mm,27,0,1449292110,pass,c1_r100_0850_2,cell1,0.1,,0.85,2,-0.0807436,-1.77795,1.82757e-10,1,1,True,True
fs_mm,27,0,1449292110,pass,c1_r100_0850_3,cell1,0.1,,0.85,3,-0.61767,-1.78259,6.01597e-11,1,1,True,True
fs_mm,27,0,1449292110,pass,c1_r100_0900_0,cell1,0.1,,0.9,0,-0.552244,-1.76655,7.08694e-11,1,1,True,True
fs_mm,27,0,1449292110,pass,c1_r100_0900_1,cell1,0.1,,0.9,1,-0.655392,-1.77956,5.63783e-11,1,1,True,True
fs_mm,27,0,1449292110,pass,c1_r100_0900_2,cell1,0.1,,0.9,2,-0.689068,-1.77219,5.14606e-11,1,1,True,True
fs_mm,27,0,1449292110,pass,c1_r100_0900_3,cell1,0.1,,0.9,3,-0.649508,-1.77337,5.78942e-11,1,1,True,True
fs_mm,27,0,1449292110,pass,c1_r100_0950_0,cell1,0.1,,0.95,0,-0.585475,-1.76512,6.32012e-11,1,1,True,True
fs_mm,27,0,1449292110,pass,c1_r100_0950_1,cell1,0.1,,0.95,1,-0.565749,-1.74238,6.68523e-11,1,1,True,True
fs_mm,27,0,1449292110,pass,c1_r100_0950_2,cell1,0.1,,0.95,2,-0.622336,-1.76739,5.94536e-11,1,1,True,True
fs_mm,27,0,1449292110,pass,c1_r100_0950_3,cell1,0.1,,0.95,3,-0.614416,-1.75395,5.97823e-11,1,1,True,True
fs_mm,27,0,1449292110,pass,c1_r100_1000_0,cell1,0.1,,1.0,0,-0.516154,-1.72969,7.28597e-11,1,1,True,True
fs_mm,27,0,1449292110,pass,c1_r100_1000_1,cell1,0.1,,1.0,1,-0.454854,-1.73214,8.33216e-11,1,1,True,True
fs_mm,27,0,1449292110,pass,c1_r100_1000_2,cell1,0.1,,1.0,2,-0.577408,-1.73754,6.46849e-11,1,1,True,True
fs_mm,27,0,1449292110,pass,c1_r100_1000_3,cell1,0.1,,1.0,3,-0.610143,-1.73844,6.17402e-11,1,1,True,True
fs_mm,27,1,867179335,pass,c0_r050_0000_0,cell0,0.05,,0.0,0,0.0525955,1.80001,2.02784e-10,0,0,True,True
fs_mm,27,1,867179335,pass,c0_r050_0000_1,cell0,0.05,,0.0,1,0.0541475,1.8,1.90731e-10,0,0,True,True
fs_mm,27,1,867179335,pass,c0_r050_0000_2,cell0,0.05,,0.0,2,0.052342,1.8,2.19868e-10,0,0,True,True
fs_mm,27,1,867179335,pass,c0_r050_0000_3,cell0,0.05,,0.0,3,0.052606,1.80001,2.04914e-10,0,0,True,True
fs_mm,27,1,867179335,pass,c1_r050_0600_0,cell1,0.05,,0.6,0,-0.00470994,-1.79981,2.77197e-10,1,1,True,True
fs_mm,27,1,867179335,pass,c1_r050_0600_1,cell1,0.05,,0.6,1,0.00845115,-1.79944,2.73441e-10,1,1,True,True
fs_mm,27,1,867179335,pass,c1_r050_0600_2,cell1,0.05,,0.6,2,0.0509527,1.79995,2.2782e-10,1,0,False,False
fs_mm,27,1,867179335,pass,c1_r050_0600_3,cell1,0.05,,0.6,3,0.0442874,1.79959,1.9458e-10,1,0,False,False
fs_mm,27,1,867179335,pass,c1_r050_0650_0,cell1,0.05,,0.65,0,0.0463055,1.79971,2.22274e-10,1,0,False,False
fs_mm,27,1,867179335,pass,c1_r050_0650_1,cell1,0.05,,0.65,1,0.0174122,1.79891,2.92518e-10,1,0,False,False
fs_mm,27,1,867179335,pass,c1_r050_0650_2,cell1,0.05,,0.65,2,0.0169473,1.79885,2.50945e-10,1,0,False,False
fs_mm,27,1,867179335,pass,c1_r050_0650_3,cell1,0.05,,0.65,3,0.0492693,1.79982,2.58215e-10,1,0,False,False
fs_mm,27,1,867179335,pass,c1_r050_0700_0,cell1,0.05,,0.7,0,-0.25739,-1.79703,1.11884e-10,1,1,True,True
fs_mm,27,1,867179335,pass,c1_r050_0700_1,cell1,0.05,,0.7,1,-0.0327379,-1.79733,2.47201e-10,1,1,True,True
fs_mm,27,1,867179335,pass,c1_r050_0700_2,cell1,0.05,,0.7,2,0.0281795,1.79908,1.8744e-10,1,0,False,False
fs_mm,27,1,867179335,pass,c1_r050_0700_3,cell1,0.05,,0.7,3,-0.018761,-1.79461,3.05469e-10,1,1,True,True
fs_mm,27,1,867179335,pass,c1_r050_0750_0,cell1,0.05,,0.75,0,-0.0522256,-1.79473,2.54158e-10,1,1,True,True
fs_mm,27,1,867179335,pass,c1_r050_0750_1,cell1,0.05,,0.75,1,-0.131242,-1.79539,1.77747e-10,1,1,True,True
fs_mm,27,1,867179335,pass,c1_r050_0750_2,cell1,0.05,,0.75,2,-0.0326458,-1.78477,2.11103e-10,1,1,True,True
fs_mm,27,1,867179335,pass,c1_r050_0750_3,cell1,0.05,,0.75,3,0.00873542,1.79859,2.53062e-10,1,0,False,False
fs_mm,27,1,867179335,pass,c1_r050_0800_0,cell1,0.05,,0.8,0,-0.137576,-1.78738,1.46737e-10,1,1,True,True
fs_mm,27,1,867179335,pass,c1_r050_0800_1,cell1,0.05,,0.8,1,-0.0880689,-1.78972,1.68189e-10,1,1,True,True
fs_mm,27,1,867179335,pass,c1_r050_0800_2,cell1,0.05,,0.8,2,-0.254928,-1.78581,1.16106e-10,1,1,True,True
fs_mm,27,1,867179335,pass,c1_r050_0800_3,cell1,0.05,,0.8,3,-0.180228,-1.78891,1.3865e-10,1,1,True,True
fs_mm,27,1,867179335,pass,c1_r050_0850_0,cell1,0.05,,0.85,0,-0.662584,-1.76781,5.586e-11,1,1,True,True
fs_mm,27,1,867179335,pass,c1_r050_0850_1,cell1,0.05,,0.85,1,-0.303889,-1.78028,1.09788e-10,1,1,True,True
fs_mm,27,1,867179335,pass,c1_r050_0850_2,cell1,0.05,,0.85,2,-0.52003,-1.77173,7.39253e-11,1,1,True,True
fs_mm,27,1,867179335,pass,c1_r050_0850_3,cell1,0.05,,0.85,3,-0.363892,-1.7659,9.54662e-11,1,1,True,True
fs_mm,27,1,867179335,pass,c1_r050_0900_0,cell1,0.05,,0.9,0,-0.685882,-1.7806,5.21165e-11,1,1,True,True
fs_mm,27,1,867179335,pass,c1_r050_0900_1,cell1,0.05,,0.9,1,-0.68799,-1.75768,5.2687e-11,1,1,True,True
fs_mm,27,1,867179335,pass,c1_r050_0900_2,cell1,0.05,,0.9,2,-0.393561,-1.76883,9.11017e-11,1,1,True,True
fs_mm,27,1,867179335,pass,c1_r050_0900_3,cell1,0.05,,0.9,3,-0.649514,-1.76674,5.78425e-11,1,1,True,True
fs_mm,27,1,867179335,pass,c1_r050_0950_0,cell1,0.05,,0.95,0,-0.574517,-1.74713,6.72103e-11,1,1,True,True
fs_mm,27,1,867179335,pass,c1_r050_0950_1,cell1,0.05,,0.95,1,-0.615038,-1.74966,6.15232e-11,1,1,True,True
fs_mm,27,1,867179335,pass,c1_r050_0950_2,cell1,0.05,,0.95,2,-0.625798,-1.75167,6.01866e-11,1,1,True,True
fs_mm,27,1,867179335,pass,c1_r050_0950_3,cell1,0.05,,0.95,3,-0.618276,-1.74461,6.05268e-11,1,1,True,True
fs_mm,27,1,867179335,pass,c1_r050_1000_0,cell1,0.05,,1.0,0,-0.597384,-1.71782,6.39236e-11,1,1,True,True
fs_mm,27,1,867179335,pass,c1_r050_1000_1,cell1,0.05,,1.0,1,-0.569009,-1.73247,6.81781e-11,1,1,True,True
fs_mm,27,1,867179335,pass,c1_r050_1000_2,cell1,0.05,,1.0,2,-0.602309,-1.73288,6.03371e-11,1,1,True,True
fs_mm,27,1,867179335,pass,c1_r050_1000_3,cell1,0.05,,1.0,3,-0.617884,-1.7298,6.06132e-11,1,1,True,True
fs_mm,27,1,867179335,pass,c0_r100_0000_0,cell0,0.1,,0.0,0,0.106438,1.8,1.90387e-10,0,0,True,True
fs_mm,27,1,867179335,pass,c0_r100_0000_1,cell0,0.1,,0.0,1,0.106273,1.8,1.75071e-10,0,0,True,True
fs_mm,27,1,867179335,pass,c0_r100_0000_2,cell0,0.1,,0.0,2,0.107295,1.79999,1.54206e-10,0,0,True,True
fs_mm,27,1,867179335,pass,c0_r100_0000_3,cell0,0.1,,0.0,3,0.106507,1.8,1.76454e-10,0,0,True,True
fs_mm,27,1,867179335,pass,c1_r100_0600_0,cell1,0.1,,0.6,0,0.0868526,1.79933,1.92617e-10,1,0,False,False
fs_mm,27,1,867179335,pass,c1_r100_0600_1,cell1,0.1,,0.6,1,0.104088,1.7999,1.76085e-10,1,0,False,False
fs_mm,27,1,867179335,pass,c1_r100_0600_2,cell1,0.1,,0.6,2,0.0858862,1.7994,1.83077e-10,1,0,False,False
fs_mm,27,1,867179335,pass,c1_r100_0600_3,cell1,0.1,,0.6,3,0.105788,1.79988,1.67605e-10,1,0,False,False
fs_mm,27,1,867179335,pass,c1_r100_0650_0,cell1,0.1,,0.65,0,0.107776,1.79996,1.45774e-10,1,0,False,False
fs_mm,27,1,867179335,pass,c1_r100_0650_1,cell1,0.1,,0.65,1,0.0778642,1.79904,1.84089e-10,1,0,False,False
fs_mm,27,1,867179335,pass,c1_r100_0650_2,cell1,0.1,,0.65,2,0.0934775,1.79948,1.64621e-10,1,0,False,False
fs_mm,27,1,867179335,pass,c1_r100_0650_3,cell1,0.1,,0.65,3,0.0983387,1.79962,1.53649e-10,1,0,False,False
fs_mm,27,1,867179335,pass,c1_r100_0700_0,cell1,0.1,,0.7,0,0.0675633,1.7987,1.83127e-10,1,0,False,False
fs_mm,27,1,867179335,pass,c1_r100_0700_1,cell1,0.1,,0.7,1,0.0904109,1.79945,1.82911e-10,1,0,False,False
fs_mm,27,1,867179335,pass,c1_r100_0700_2,cell1,0.1,,0.7,2,0.0866417,1.79934,1.85858e-10,1,0,False,False
fs_mm,27,1,867179335,pass,c1_r100_0700_3,cell1,0.1,,0.7,3,-0.0088837,-1.79616,3.06615e-10,1,1,True,True
fs_mm,27,1,867179335,pass,c1_r100_0750_0,cell1,0.1,,0.75,0,-0.00444678,-1.79752,2.21796e-10,1,1,True,True
fs_mm,27,1,867179335,pass,c1_r100_0750_1,cell1,0.1,,0.75,1,0.0270803,1.7977,2.36424e-10,1,0,False,False
fs_mm,27,1,867179335,pass,c1_r100_0750_2,cell1,0.1,,0.75,2,0.026707,-1.79664,2.86418e-10,1,1,True,True
fs_mm,27,1,867179335,pass,c1_r100_0750_3,cell1,0.1,,0.75,3,-0.111062,-1.7925,1.66777e-10,1,1,True,True
fs_mm,27,1,867179335,pass,c1_r100_0800_0,cell1,0.1,,0.8,0,-0.088963,-1.79181,1.68065e-10,1,1,True,True
fs_mm,27,1,867179335,pass,c1_r100_0800_1,cell1,0.1,,0.8,1,-0.127148,-1.79087,1.53151e-10,1,1,True,True
fs_mm,27,1,867179335,pass,c1_r100_0800_2,cell1,0.1,,0.8,2,0.0218677,1.79753,2.22702e-10,1,0,False,False
fs_mm,27,1,867179335,pass,c1_r100_0800_3,cell1,0.1,,0.8,3,-0.542396,-1.7844,6.87635e-11,1,1,True,True
fs_mm,27,1,867179335,pass,c1_r100_0850_0,cell1,0.1,,0.85,0,-0.256281,-1.7788,1.14209e-10,1,1,True,True
fs_mm,27,1,867179335,pass,c1_r100_0850_1,cell1,0.1,,0.85,1,-0.636508,-1.76961,5.92307e-11,1,1,True,True
fs_mm,27,1,867179335,pass,c1_r100_0850_2,cell1,0.1,,0.85,2,-0.284126,-1.76747,1.0636e-10,1,1,True,True
fs_mm,27,1,867179335,pass,c1_r100_0850_3,cell1,0.1,,0.85,3,0.0400263,1.79806,2.57977e-10,1,0,False,False
fs_mm,27,1,867179335,pass,c1_r100_0900_0,cell1,0.1,,0.9,0,-0.515006,-1.77276,7.17844e-11,1,1,True,True
fs_mm,27,1,867179335,pass,c1_r100_0900_1,cell1,0.1,,0.9,1,-0.656881,-1.77938,5.66104e-11,1,1,True,True
fs_mm,27,1,867179335,pass,c1_r100_0900_2,cell1,0.1,,0.9,2,0.0356414,1.79791,2.22488e-10,1,0,False,False
fs_mm,27,1,867179335,pass,c1_r100_0900_3,cell1,0.1,,0.9,3,-0.3862,-1.76838,9.45494e-11,1,1,True,True
fs_mm,27,1,867179335,pass,c1_r100_0950_0,cell1,0.1,,0.95,0,-0.491727,-1.747,7.63298e-11,1,1,True,True
fs_mm,27,1,867179335,pass,c1_r100_0950_1,cell1,0.1,,0.95,1,-0.628733,-1.768,5.81456e-11,1,1,True,True
fs_mm,27,1,867179335,pass,c1_r100_0950_2,cell1,0.1,,0.95,2,-0.62904,-1.756,6.07577e-11,1,1,True,True
fs_mm,27,1,867179335,pass,c1_r100_0950_3,cell1,0.1,,0.95,3,-0.605735,-1.74996,6.25063e-11,1,1,True,True
fs_mm,27,1,867179335,pass,c1_r100_1000_0,cell1,0.1,,1.0,0,-0.564034,-1.72296,7.0361e-11,1,1,True,True
fs_mm,27,1,867179335,pass,c1_r100_1000_1,cell1,0.1,,1.0,1,-0.4999,-1.74069,7.5581e-11,1,1,True,True
fs_mm,27,1,867179335,pass,c1_r100_1000_2,cell1,0.1,,1.0,2,-0.469209,-1.72407,7.794e-11,1,1,True,True
fs_mm,27,1,867179335,pass,c1_r100_1000_3,cell1,0.1,,1.0,3,-0.573316,-1.73582,6.5178e-11,1,1,True,True
fs_mm,27,2,1779930214,pass,c0_r050_0000_0,cell0,0.05,,0.0,0,0.0545259,1.8,2.18692e-10,0,0,True,True
fs_mm,27,2,1779930214,pass,c0_r050_0000_1,cell0,0.05,,0.0,1,0.0533513,1.80001,2.08067e-10,0,0,True,True
fs_mm,27,2,1779930214,pass,c0_r050_0000_2,cell0,0.05,,0.0,2,0.0536874,1.79999,1.75271e-10,0,0,True,True
fs_mm,27,2,1779930214,pass,c0_r050_0000_3,cell0,0.05,,0.0,3,0.051338,1.8,2.22425e-10,0,0,True,True
fs_mm,27,2,1779930214,pass,c1_r050_0600_0,cell1,0.05,,0.6,0,0.0212053,-1.79981,3.00749e-10,1,1,True,True
fs_mm,27,2,1779930214,pass,c1_r050_0600_1,cell1,0.05,,0.6,1,0.0480753,1.79972,1.80273e-10,1,0,False,False
fs_mm,27,2,1779930214,pass,c1_r050_0600_2,cell1,0.05,,0.6,2,0.0506702,1.79992,1.83339e-10,1,0,False,False
fs_mm,27,2,1779930214,pass,c1_r050_0600_3,cell1,0.05,,0.6,3,0.0410961,1.79961,2.42327e-10,1,0,False,False
fs_mm,27,2,1779930214,pass,c1_r050_0650_0,cell1,0.05,,0.65,0,0.0411771,1.79966,2.18721e-10,1,0,False,False
fs_mm,27,2,1779930214,pass,c1_r050_0650_1,cell1,0.05,,0.65,1,0.025286,1.79904,2.50481e-10,1,0,False,False
fs_mm,27,2,1779930214,pass,c1_r050_0650_2,cell1,0.05,,0.65,2,0.0492992,1.79986,1.90865e-10,1,0,False,False
fs_mm,27,2,1779930214,pass,c1_r050_0650_3,cell1,0.05,,0.65,3,0.0259146,1.79905,2.20035e-10,1,0,False,False
fs_mm,27,2,1779930214,pass,c1_r050_0700_0,cell1,0.05,,0.7,0,-0.00508843,1.79824,3.12821e-10,1,0,False,False
fs_mm,27,2,1779930214,pass,c1_r050_0700_1,cell1,0.05,,0.7,1,0.0251681,1.79906,2.7285e-10,1,0,False,False
fs_mm,27,2,1779930214,pass,c1_r050_0700_2,cell1,0.05,,0.7,2,0.0258471,-1.79004,2.93647e-10,1,1,True,True
fs_mm,27,2,1779930214,pass,c1_r050_0700_3,cell1,0.05,,0.7,3,-0.101825,-1.79496,1.55757e-10,1,1,True,True
fs_mm,27,2,1779930214,pass,c1_r050_0750_0,cell1,0.05,,0.75,0,-0.404622,-1.79264,8.88053e-11,1,1,True,True
fs_mm,27,2,1779930214,pass,c1_r050_0750_1,cell1,0.05,,0.75,1,0.0405177,1.79957,2.02112e-10,1,0,False,False
fs_mm,27,2,1779930214,pass,c1_r050_0750_2,cell1,0.05,,0.75,2,-0.0474128,-1.79731,1.9849e-10,1,1,True,True
fs_mm,27,2,1779930214,pass,c1_r050_0750_3,cell1,0.05,,0.75,3,-0.0596519,-1.79636,2.06565e-10,1,1,True,True
fs_mm,27,2,1779930214,pass,c1_r050_0800_0,cell1,0.05,,0.8,0,-0.341707,-1.78562,1.04276e-10,1,1,True,True
fs_mm,27,2,1779930214,pass,c1_r050_0800_1,cell1,0.05,,0.8,1,-0.0368811,-1.79125,1.92134e-10,1,1,True,True
fs_mm,27,2,1779930214,pass,c1_r050_0800_2,cell1,0.05,,0.8,2,-0.504731,-1.77976,7.41522e-11,1,1,True,True
fs_mm,27,2,1779930214,pass,c1_r050_0800_3,cell1,0.05,,0.8,3,-0.334296,-1.79161,9.77019e-11,1,1,True,True
fs_mm,27,2,1779930214,pass,c1_r050_0850_0,cell1,0.05,,0.85,0,-0.61215,-1.78489,6.12384e-11,1,1,True,True
fs_mm,27,2,1779930214,pass,c1_r050_0850_1,cell1,0.05,,0.85,1,-0.620788,-1.77024,6.15987e-11,1,1,True,True
fs_mm,27,2,1779930214,pass,c1_r050_0850_2,cell1,0.05,,0.85,2,-0.687371,-1.78005,5.31829e-11,1,1,True,True
fs_mm,27,2,1779930214,pass,c1_r050_0850_3,cell1,0.05,,0.85,3,-0.638625,-1.78384,5.73756e-11,1,1,True,True
fs_mm,27,2,1779930214,pass,c1_r050_0900_0,cell1,0.05,,0.9,0,-0.66429,-1.76529,5.54726e-11,1,1,True,True
fs_mm,27,2,1779930214,pass,c1_r050_0900_1,cell1,0.05,,0.9,1,-0.697404,-1.77603,4.95121e-11,1,1,True,True
fs_mm,27,2,1779930214,pass,c1_r050_0900_2,cell1,0.05,,0.9,2,-0.738873,-1.77693,4.29386e-11,1,1,True,True
fs_mm,27,2,1779930214,pass,c1_r050_0900_3,cell1,0.05,,0.9,3,-0.260332,-1.76269,1.14466e-10,1,1,True,True
fs_mm,27,2,1779930214,pass,c1_r050_0950_0,cell1,0.05,,0.95,0,-0.593155,-1.74074,6.31847e-11,1,1,True,True
fs_mm,27,2,1779930214,pass,c1_r050_0950_1,cell1,0.05,,0.95,1,-0.712573,-1.76591,4.91675e-11,1,1,True,True
fs_mm,27,2,1779930214,pass,c1_r050_0950_2,cell1,0.05,,0.95,2,-0.578014,-1.74601,6.76426e-11,1,1,True,True
fs_mm,27,2,1779930214,pass,c1_r050_0950_3,cell1,0.05,,0.95,3,-0.70031,-1.76547,5.02664e-11,1,1,True,True
fs_mm,27,2,1779930214,pass,c1_r050_1000_0,cell1,0.05,,1.0,0,-0.645269,-1.74997,5.67496e-11,1,1,True,True
fs_mm,27,2,1779930214,pass,c1_r050_1000_1,cell1,0.05,,1.0,1,-0.648486,-1.74088,5.75815e-11,1,1,True,True
fs_mm,27,2,1779930214,pass,c1_r050_1000_2,cell1,0.05,,1.0,2,-0.505855,-1.73092,7.39442e-11,1,1,True,True
fs_mm,27,2,1779930214,pass,c1_r050_1000_3,cell1,0.05,,1.0,3,-0.586528,-1.71199,6.40743e-11,1,1,True,True
fs_mm,27,2,1779930214,pass,c0_r100_0000_0,cell0,0.1,,0.0,0,0.105029,1.79999,1.6644e-10,0,0,True,True
fs_mm,27,2,1779930214,pass,c0_r100_0000_1,cell0,0.1,,0.0,1,0.1069,1.8,1.80116e-10,0,0,True,True
fs_mm,27,2,1779930214,pass,c0_r100_0000_2,cell0,0.1,,0.0,2,0.106879,1.8,1.82499e-10,0,0,True,True
fs_mm,27,2,1779930214,pass,c0_r100_0000_3,cell0,0.1,,0.0,3,0.109105,1.79999,1.59048e-10,0,0,True,True
fs_mm,27,2,1779930214,pass,c1_r100_0600_0,cell1,0.1,,0.6,0,0.104987,1.79992,1.74135e-10,1,0,False,False
fs_mm,27,2,1779930214,pass,c1_r100_0600_1,cell1,0.1,,0.6,1,0.0977563,1.79961,1.66035e-10,1,0,False,False
fs_mm,27,2,1779930214,pass,c1_r100_0600_2,cell1,0.1,,0.6,2,0.0677065,1.79875,1.79174e-10,1,0,False,False
fs_mm,27,2,1779930214,pass,c1_r100_0600_3,cell1,0.1,,0.6,3,0.0986698,1.79966,1.81272e-10,1,0,False,False
fs_mm,27,2,1779930214,pass,c1_r100_0650_0,cell1,0.1,,0.65,0,-0.0817227,-1.79739,1.65934e-10,1,1,True,True
fs_mm,27,2,1779930214,pass,c1_r100_0650_1,cell1,0.1,,0.65,1,0.0856353,1.7993,1.84727e-10,1,0,False,False
fs_mm,27,2,1779930214,pass,c1_r100_0650_2,cell1,0.1,,0.65,2,0.0740486,1.79896,1.8077e-10,1,0,False,False
fs_mm,27,2,1779930214,pass,c1_r100_0650_3,cell1,0.1,,0.65,3,0.0969478,1.79962,1.82552e-10,1,0,False,False
fs_mm,27,2,1779930214,pass,c1_r100_0700_0,cell1,0.1,,0.7,0,0.0863946,1.79929,1.6413e-10,1,0,False,False
fs_mm,27,2,1779930214,pass,c1_r100_0700_1,cell1,0.1,,0.7,1,0.0627219,1.79862,2.12059e-10,1,0,False,False
fs_mm,27,2,1779930214,pass,c1_r100_0700_2,cell1,0.1,,0.7,2,0.0357081,1.79788,2.24097e-10,1,0,False,False
fs_mm,27,2,1779930214,pass,c1_r100_0700_3,cell1,0.1,,0.7,3,0.063816,1.79865,1.92948e-10,1,0,False,False
fs_mm,27,2,1779930214,pass,c1_r100_0750_0,cell1,0.1,,0.75,0,-0.212545,-1.79526,1.30878e-10,1,1,True,True
fs_mm,27,2,1779930214,pass,c1_r100_0750_1,cell1,0.1,,0.75,1,-0.701403,-1.79549,5.03127e-11,1,1,True,True
fs_mm,27,2,1779930214,pass,c1_r100_0750_2,cell1,0.1,,0.75,2,-0.200169,-1.78799,1.37125e-10,1,1,True,True
fs_mm,27,2,1779930214,pass,c1_r100_0750_3,cell1,0.1,,0.75,3,0.00528457,-1.79653,3.71787e-10,1,1,True,True
fs_mm,27,2,1779930214,pass,c1_r100_0800_0,cell1,0.1,,0.8,0,-0.580968,-1.78168,6.35948e-11,1,1,True,True
fs_mm,27,2,1779930214,pass,c1_r100_0800_1,cell1,0.1,,0.8,1,-0.14554,-1.7805,1.49587e-10,1,1,True,True
fs_mm,27,2,1779930214,pass,c1_r100_0800_2,cell1,0.1,,0.8,2,-0.292229,-1.77998,1.06048e-10,1,1,True,True
fs_mm,27,2,1779930214,pass,c1_r100_0800_3,cell1,0.1,,0.8,3,-0.554712,-1.78235,6.85558e-11,1,1,True,True
fs_mm,27,2,1779930214,pass,c1_r100_0850_0,cell1,0.1,,0.85,0,-0.0775656,-1.76866,1.85817e-10,1,1,True,True
fs_mm,27,2,1779930214,pass,c1_r100_0850_1,cell1,0.1,,0.85,1,-0.566477,-1.77264,6.75675e-11,1,1,True,True
fs_mm,27,2,1779930214,pass,c1_r100_0850_2,cell1,0.1,,0.85,2,-0.623127,-1.77368,5.89801e-11,1,1,True,True
fs_mm,27,2,1779930214,pass,c1_r100_0850_3,cell1,0.1,,0.85,3,-0.710337,-1.78365,4.86036e-11,1,1,True,True
fs_mm,27,2,1779930214,pass,c1_r100_0900_0,cell1,0.1,,0.9,0,-0.647168,-1.76306,5.8404e-11,1,1,True,True
fs_mm,27,2,1779930214,pass,c1_r100_0900_1,cell1,0.1,,0.9,1,-0.670106,-1.78141,5.18009e-11,1,1,True,True
fs_mm,27,2,1779930214,pass,c1_r100_0900_2,cell1,0.1,,0.9,2,-0.513434,-1.77163,7.24505e-11,1,1,True,True
fs_mm,27,2,1779930214,pass,c1_r100_0900_3,cell1,0.1,,0.9,3,-0.392647,-1.77319,8.93768e-11,1,1,True,True
fs_mm,27,2,1779930214,pass,c1_r100_0950_0,cell1,0.1,,0.95,0,-0.602079,-1.75361,6.47677e-11,1,1,True,True
fs_mm,27,2,1779930214,pass,c1_r100_0950_1,cell1,0.1,,0.95,1,-0.481925,-1.74686,7.76844e-11,1,1,True,True
fs_mm,27,2,1779930214,pass,c1_r100_0950_2,cell1,0.1,,0.95,2,-0.603601,-1.76264,6.2064e-11,1,1,True,True
fs_mm,27,2,1779930214,pass,c1_r100_0950_3,cell1,0.1,,0.95,3,-0.665701,-1.76876,5.52628e-11,1,1,True,True
fs_mm,27,2,1779930214,pass,c1_r100_1000_0,cell1,0.1,,1.0,0,-0.554741,-1.72892,6.81837e-11,1,1,True,True
fs_mm,27,2,1779930214,pass,c1_r100_1000_1,cell1,0.1,,1.0,1,-0.595813,-1.73544,6.35004e-11,1,1,True,True
fs_mm,27,2,1779930214,pass,c1_r100_1000_2,cell1,0.1,,1.0,2,-0.557563,-1.72682,6.84044e-11,1,1,True,True
fs_mm,27,2,1779930214,pass,c1_r100_1000_3,cell1,0.1,,1.0,3,-0.550192,-1.73139,6.89539e-11,1,1,True,True
fs_mm,27,3,1515073258,pass,c0_r050_0000_0,cell0,0.05,,0.0,0,0.0522802,1.80001,2.02213e-10,0,0,True,True
fs_mm,27,3,1515073258,pass,c0_r050_0000_1,cell0,0.05,,0.0,1,0.0543458,1.8,2.25686e-10,0,0,True,True
fs_mm,27,3,1515073258,pass,c0_r050_0000_2,cell0,0.05,,0.0,2,0.0553333,1.8,1.80545e-10,0,0,True,True
fs_mm,27,3,1515073258,pass,c0_r050_0000_3,cell0,0.05,,0.0,3,0.0538443,1.8,1.80428e-10,0,0,True,True
fs_mm,27,3,1515073258,pass,c1_r050_0600_0,cell1,0.05,,0.6,0,0.0456761,1.79972,1.85821e-10,1,0,False,False
fs_mm,27,3,1515073258,pass,c1_r050_0600_1,cell1,0.05,,0.6,1,0.0538518,1.79995,1.98224e-10,1,0,False,False
fs_mm,27,3,1515073258,pass,c1_r050_0600_2,cell1,0.05,,0.6,2,0.0494407,1.79981,2.28936e-10,1,0,False,False
fs_mm,27,3,1515073258,pass,c1_r050_0600_3,cell1,0.05,,0.6,3,0.0530324,1.79995,2.66504e-10,1,0,False,False
fs_mm,27,3,1515073258,pass,c1_r050_0650_0,cell1,0.05,,0.65,0,0.0518398,1.79989,1.98214e-10,1,0,False,False
fs_mm,27,3,1515073258,pass,c1_r050_0650_1,cell1,0.05,,0.65,1,0.00226393,-1.79962,1.94018e-10,1,1,True,True
fs_mm,27,3,1515073258,pass,c1_r050_0650_2,cell1,0.05,,0.65,2,0.0489046,1.79981,2.14395e-10,1,0,False,False
fs_mm,27,3,1515073258,pass,c1_r050_0650_3,cell1,0.05,,0.65,3,0.0278169,1.79917,2.39681e-10,1,0,False,False
fs_mm,27,3,1515073258,pass,c1_r050_0700_0,cell1,0.05,,0.7,0,-0.178299,-1.79736,1.30432e-10,1,1,True,True
fs_mm,27,3,1515073258,pass,c1_r050_0700_1,cell1,0.05,,0.7,1,-0.00813217,-1.79727,3.38239e-10,1,1,True,True
fs_mm,27,3,1515073258,pass,c1_r050_0700_2,cell1,0.05,,0.7,2,0.0399064,1.79956,2.09741e-10,1,0,False,False
fs_mm,27,3,1515073258,pass,c1_r050_0700_3,cell1,0.05,,0.7,3,-0.0278714,-1.79543,2.30312e-10,1,1,True,True
fs_mm,27,3,1515073258,pass,c1_r050_0750_0,cell1,0.05,,0.75,0,-0.15976,-1.79496,1.48004e-10,1,1,True,True
fs_mm,27,3,1515073258,pass,c1_r050_0750_1,cell1,0.05,,0.75,1,-0.0330673,-1.79074,1.92834e-10,1,1,True,True
fs_mm,27,3,1515073258,pass,c1_r050_0750_2,cell1,0.05,,0.75,2,0.047723,1.79978,2.06687e-10,1,0,False,False
fs_mm,27,3,1515073258,pass,c1_r050_0750_3,cell1,0.05,,0.75,3,-0.282182,-1.78835,1.08475e-10,1,1,True,True
fs_mm,27,3,1515073258,pass,c1_r050_0800_0,cell1,0.05,,0.8,0,-0.0176037,1.7979,3.1986e-10,1,0,False,False
fs_mm,27,3,1515073258,pass,c1_r050_0800_1,cell1,0.05,,0.8,1,-0.0529136,-1.79065,1.84354e-10,1,1,True,True
fs_mm,27,3,1515073258,pass,c1_r050_0800_2,cell1,0.05,,0.8,2,-0.57919,-1.77822,6.30264e-11,1,1,True,True
fs_mm,27,3,1515073258,pass,c1_r050_0800_3,cell1,0.05,,0.8,3,-0.390504,-1.78243,9.33069e-11,1,1,True,True
fs_mm,27,3,1515073258,pass,c1_r050_0850_0,cell1,0.05,,0.85,0,-0.489799,-1.77447,7.62253e-11,1,1,True,True
fs_mm,27,3,1515073258,pass,c1_r050_0850_1,cell1,0.05,,0.85,1,-0.588478,-1.78011,6.49399e-11,1,1,True,True
fs_mm,27,3,1515073258,pass,c1_r050_0850_2,cell1,0.05,,0.85,2,-0.696795,-1.77813,5.17525e-11,1,1,True,True
fs_mm,27,3,1515073258,pass,c1_r050_0850_3,cell1,0.05,,0.85,3,-0.647965,-1.78582,5.62063e-11,1,1,True,True
fs_mm,27,3,1515073258,pass,c1_r050_0900_0,cell1,0.05,,0.9,0,-0.320755,-1.78062,1.02588e-10,1,1,True,True
fs_mm,27,3,1515073258,pass,c1_r050_0900_1,cell1,0.05,,0.9,1,-0.626039,-1.75977,6.1025e-11,1,1,True,True
fs_mm,27,3,1515073258,pass,c1_r050_0900_2,cell1,0.05,,0.9,2,-0.707826,-1.76583,5.012e-11,1,1,True,True
fs_mm,27,3,1515073258,pass,c1_r050_0900_3,cell1,0.05,,0.9,3,-0.426263,-1.76698,8.24651e-11,1,1,True,True
fs_mm,27,3,1515073258,pass,c1_r050_0950_0,cell1,0.05,,0.95,0,-0.597621,-1.75226,6.50498e-11,1,1,True,True
fs_mm,27,3,1515073258,pass,c1_r050_0950_1,cell1,0.05,,0.95,1,-0.622552,-1.74828,6.30711e-11,1,1,True,True
fs_mm,27,3,1515073258,pass,c1_r050_0950_2,cell1,0.05,,0.95,2,-0.643527,-1.75581,5.79167e-11,1,1,True,True
fs_mm,27,3,1515073258,pass,c1_r050_0950_3,cell1,0.05,,0.95,3,-0.607831,-1.75357,6.21661e-11,1,1,True,True
fs_mm,27,3,1515073258,pass,c1_r050_1000_0,cell1,0.05,,1.0,0,-0.595536,-1.73164,6.58075e-11,1,1,True,True
fs_mm,27,3,1515073258,pass,c1_r050_1000_1,cell1,0.05,,1.0,1,-0.653174,-1.73126,5.61436e-11,1,1,True,True
fs_mm,27,3,1515073258,pass,c1_r050_1000_2,cell1,0.05,,1.0,2,-0.513715,-1.71775,7.48807e-11,1,1,True,True
fs_mm,27,3,1515073258,pass,c1_r050_1000_3,cell1,0.05,,1.0,3,-0.659194,-1.74034,5.58726e-11,1,1,True,True
fs_mm,27,3,1515073258,pass,c0_r100_0000_0,cell0,0.1,,0.0,0,0.108373,1.79999,1.63433e-10,0,0,True,True
fs_mm,27,3,1515073258,pass,c0_r100_0000_1,cell0,0.1,,0.0,1,0.107432,1.79999,1.46438e-10,0,0,True,True
fs_mm,27,3,1515073258,pass,c0_r100_0000_2,cell0,0.1,,0.0,2,0.10769,1.79999,1.56715e-10,0,0,True,True
fs_mm,27,3,1515073258,pass,c0_r100_0000_3,cell0,0.1,,0.0,3,0.106516,1.79999,1.69e-10,0,0,True,True
fs_mm,27,3,1515073258,pass,c1_r100_0600_0,cell1,0.1,,0.6,0,0.104017,1.79988,1.54821e-10,1,0,False,False
fs_mm,27,3,1515073258,pass,c1_r100_0600_1,cell1,0.1,,0.6,1,0.107745,1.79997,1.58455e-10,1,0,False,False
fs_mm,27,3,1515073258,pass,c1_r100_0600_2,cell1,0.1,,0.6,2,0.106124,1.79995,1.69296e-10,1,0,False,False
fs_mm,27,3,1515073258,pass,c1_r100_0600_3,cell1,0.1,,0.6,3,0.081318,1.79913,1.69042e-10,1,0,False,False
fs_mm,27,3,1515073258,pass,c1_r100_0650_0,cell1,0.1,,0.65,0,0.0523193,1.79834,1.97676e-10,1,0,False,False
fs_mm,27,3,1515073258,pass,c1_r100_0650_1,cell1,0.1,,0.65,1,0.0776657,1.79904,1.70967e-10,1,0,False,False
fs_mm,27,3,1515073258,pass,c1_r100_0650_2,cell1,0.1,,0.65,2,0.036851,1.79797,2.67192e-10,1,0,False,False
fs_mm,27,3,1515073258,pass,c1_r100_0650_3,cell1,0.1,,0.65,3,0.104429,1.79988,1.72595e-10,1,0,False,False
fs_mm,27,3,1515073258,pass,c1_r100_0700_0,cell1,0.1,,0.7,0,0.0878692,1.79937,1.83854e-10,1,0,False,False
fs_mm,27,3,1515073258,pass,c1_r100_0700_1,cell1,0.1,,0.7,1,0.0101604,1.79725,2.75408e-10,1,0,False,False
fs_mm,27,3,1515073258,pass,c1_r100_0700_2,cell1,0.1,,0.7,2,-0.120445,-1.79689,1.53586e-10,1,1,True,True
fs_mm,27,3,1515073258,pass,c1_r100_0700_3,cell1,0.1,,0.7,3,0.0686177,1.79877,2.21346e-10,1,0,False,False
fs_mm,27,3,1515073258,pass,c1_r100_0750_0,cell1,0.1,,0.75,0,-0.00575074,1.7968,2.87919e-10,1,0,False,False
fs_mm,27,3,1515073258,pass,c1_r100_0750_1,cell1,0.1,,0.75,1,-0.57056,-1.78946,6.64343e-11,1,1,True,True
fs_mm,27,3,1515073258,pass,c1_r100_0750_2,cell1,0.1,,0.75,2,-0.518814,-1.79267,7.28064e-11,1,1,True,True
fs_mm,27,3,1515073258,pass,c1_r100_0750_3,cell1,0.1,,0.75,3,-0.40075,-1.78938,8.70083e-11,1,1,True,True
fs_mm,27,3,1515073258,pass,c1_r100_0800_0,cell1,0.1,,0.8,0,0.0317307,1.79782,2.9206e-10,1,0,False,False
fs_mm,27,3,1515073258,pass,c1_r100_0800_1,cell1,0.1,,0.8,1,-0.0105826,-1.79119,2.06565e-10,1,1,True,True
fs_mm,27,3,1515073258,pass,c1_r100_0800_2,cell1,0.1,,0.8,2,-0.0474549,-1.78664,2.05667e-10,1,1,True,True
fs_mm,27,3,1515073258,pass,c1_r100_0800_3,cell1,0.1,,0.8,3,-0.0675117,-1.78625,1.97802e-10,1,1,True,True
fs_mm,27,3,1515073258,pass,c1_r100_0850_0,cell1,0.1,,0.85,0,-0.329121,-1.78476,9.58135e-11,1,1,True,True
fs_mm,27,3,1515073258,pass,c1_r100_0850_1,cell1,0.1,,0.85,1,-0.455312,-1.78278,8.04709e-11,1,1,True,True
fs_mm,27,3,1515073258,pass,c1_r100_0850_2,cell1,0.1,,0.85,2,-0.21094,-1.78798,1.25998e-10,1,1,True,True
fs_mm,27,3,1515073258,pass,c1_r100_0850_3,cell1,0.1,,0.85,3,-0.612094,-1.775,6.09202e-11,1,1,True,True
fs_mm,27,3,1515073258,pass,c1_r100_0900_0,cell1,0.1,,0.9,0,-0.687341,-1.76863,5.24055e-11,1,1,True,True
fs_mm,27,3,1515073258,pass,c1_r100_0900_1,cell1,0.1,,0.9,1,-0.601834,-1.75871,6.14052e-11,1,1,True,True
fs_mm,27,3,1515073258,pass,c1_r100_0900_2,cell1,0.1,,0.9,2,-0.621439,-1.77171,6.01904e-11,1,1,True,True
fs_mm,27,3,1515073258,pass,c1_r100_0900_3,cell1,0.1,,0.9,3,-0.398484,-1.76432,8.97815e-11,1,1,True,True
fs_mm,27,3,1515073258,pass,c1_r100_0950_0,cell1,0.1,,0.95,0,-0.626844,-1.73921,5.84399e-11,1,1,True,True
fs_mm,27,3,1515073258,pass,c1_r100_0950_1,cell1,0.1,,0.95,1,-0.651049,-1.75874,5.66078e-11,1,1,True,True
fs_mm,27,3,1515073258,pass,c1_r100_0950_2,cell1,0.1,,0.95,2,-0.568535,-1.74521,6.82705e-11,1,1,True,True
fs_mm,27,3,1515073258,pass,c1_r100_0950_3,cell1,0.1,,0.95,3,-0.647085,-1.75381,5.59871e-11,1,1,True,True
fs_mm,27,3,1515073258,pass,c1_r100_1000_0,cell1,0.1,,1.0,0,-0.489458,-1.73896,7.74035e-11,1,1,True,True
fs_mm,27,3,1515073258,pass,c1_r100_1000_1,cell1,0.1,,1.0,1,-0.516132,-1.73183,7.32809e-11,1,1,True,True
fs_mm,27,3,1515073258,pass,c1_r100_1000_2,cell1,0.1,,1.0,2,-0.55431,-1.73091,6.73151e-11,1,1,True,True
fs_mm,27,3,1515073258,pass,c1_r100_1000_3,cell1,0.1,,1.0,3,-0.602148,-1.73666,6.34561e-11,1,1,True,True
fs_mm,27,4,1616334244,pass,c0_r050_0000_0,cell0,0.05,,0.0,0,0.0518951,1.8,1.93075e-10,0,0,True,True
fs_mm,27,4,1616334244,pass,c0_r050_0000_1,cell0,0.05,,0.0,1,0.0553215,1.8,1.81505e-10,0,0,True,True
fs_mm,27,4,1616334244,pass,c0_r050_0000_2,cell0,0.05,,0.0,2,0.0551534,1.8,1.83568e-10,0,0,True,True
fs_mm,27,4,1616334244,pass,c0_r050_0000_3,cell0,0.05,,0.0,3,0.051575,1.8,2.21732e-10,0,0,True,True
fs_mm,27,4,1616334244,pass,c1_r050_0600_0,cell1,0.05,,0.6,0,0.0369953,1.7994,2.51592e-10,1,0,False,False
fs_mm,27,4,1616334244,pass,c1_r050_0600_1,cell1,0.05,,0.6,1,0.0157209,1.79888,2.66122e-10,1,0,False,False
fs_mm,27,4,1616334244,pass,c1_r050_0600_2,cell1,0.05,,0.6,2,0.0319678,1.79927,1.99318e-10,1,0,False,False
fs_mm,27,4,1616334244,pass,c1_r050_0600_3,cell1,0.05,,0.6,3,-0.00345889,-1.79982,2.29156e-10,1,1,True,True
fs_mm,27,4,1616334244,pass,c1_r050_0650_0,cell1,0.05,,0.65,0,0.0496123,1.79981,2.06685e-10,1,0,False,False
fs_mm,27,4,1616334244,pass,c1_r050_0650_1,cell1,0.05,,0.65,1,0.0533788,1.79989,1.95028e-10,1,0,False,False
fs_mm,27,4,1616334244,pass,c1_r050_0650_2,cell1,0.05,,0.65,2,0.0465831,1.79975,1.84074e-10,1,0,False,False
fs_mm,27,4,1616334244,pass,c1_r050_0650_3,cell1,0.05,,0.65,3,0.0286739,1.79914,2.11755e-10,1,0,False,False
fs_mm,27,4,1616334244,pass,c1_r050_0700_0,cell1,0.05,,0.7,0,0.0469675,1.79974,1.95715e-10,1,0,False,False
fs_mm,27,4,1616334244,pass,c1_r050_0700_1,cell1,0.05,,0.7,1,0.0373294,1.79946,2.53422e-10,1,0,False,False
fs_mm,27,4,1616334244,pass,c1_r050_0700_2,cell1,0.05,,0.7,2,-0.0127087,-1.79625,2.45363e-10,1,1,True,True
fs_mm,27,4,1616334244,pass,c1_r050_0700_3,cell1,0.05,,0.7,3,-0.0396836,-1.79426,2.16379e-10,1,1,True,True
fs_mm,27,4,1616334244,pass,c1_r050_0750_0,cell1,0.05,,0.75,0,-0.140425,-1.78396,1.54984e-10,1,1,True,True
fs_mm,27,4,1616334244,pass,c1_r050_0750_1,cell1,0.05,,0.75,1,-0.579583,-1.79169,6.50685e-11,1,1,True,True
fs_mm,27,4,1616334244,pass,c1_r050_0750_2,cell1,0.05,,0.75,2,0.0216317,-1.79256,2.54481e-10,1,1,True,True
fs_mm,27,4,1616334244,pass,c1_r050_0750_3,cell1,0.05,,0.75,3,-0.119876,-1.79629,1.59455e-10,1,1,True,True
fs_mm,27,4,1616334244,pass,c1_r050_0800_0,cell1,0.05,,0.8,0,-0.228332,-1.7776,1.28115e-10,1,1,True,True
fs_mm,27,4,1616334244,pass,c1_r050_0800_1,cell1,0.05,,0.8,1,-0.572988,-1.77864,6.49277e-11,1,1,True,True
fs_mm,27,4,1616334244,pass,c1_r050_0800_2,cell1,0.05,,0.8,2,-0.0960341,-1.78332,1.64917e-10,1,1,True,True
fs_mm,27,4,1616334244,pass,c1_r050_0800_3,cell1,0.05,,0.8,3,-0.685929,-1.77826,5.28519e-11,1,1,True,True
fs_mm,27,4,1616334244,pass,c1_r050_0850_0,cell1,0.05,,0.85,0,-0.600574,-1.75766,6.62163e-11,1,1,True,True
fs_mm,27,4,1616334244,pass,c1_r050_0850_1,cell1,0.05,,0.85,1,-0.481604,-1.77271,7.70275e-11,1,1,True,True
fs_mm,27,4,1616334244,pass,c1_r050_0850_2,cell1,0.05,,0.85,2,-0.636851,-1.78262,5.81667e-11,1,1,True,True
fs_mm,27,4,1616334244,pass,c1_r050_0850_3,cell1,0.05,,0.85,3,-0.387706,-1.77587,9.14072e-11,1,1,True,True
fs_mm,27,4,1616334244,pass,c1_r050_0900_0,cell1,0.05,,0.9,0,-0.724229,-1.76895,4.72241e-11,1,1,True,True
fs_mm,27,4,1616334244,pass,c1_r050_0900_1,cell1,0.05,,0.9,1,-0.452052,-1.76744,8.08742e-11,1,1,True,True
fs_mm,27,4,1616334244,pass,c1_r050_0900_2,cell1,0.05,,0.9,2,-0.63288,-1.76576,5.8256e-11,1,1,True,True
fs_mm,27,4,1616334244,pass,c1_r050_0900_3,cell1,0.05,,0.9,3,-0.587404,-1.74996,6.52134e-11,1,1,True,True
fs_mm,27,4,1616334244,pass,c1_r050_0950_0,cell1,0.05,,0.95,0,-0.601503,-1.74209,6.39479e-11,1,1,True,True
fs_mm,27,4,1616334244,pass,c1_r050_0950_1,cell1,0.05,,0.95,1,-0.602886,-1.73055,6.36902e-11,1,1,True,True
fs_mm,27,4,1616334244,pass,c1_r050_0950_2,cell1,0.05,,0.95,2,-0.634155,-1.75818,6.08995e-11,1,1,True,True
fs_mm,27,4,1616334244,pass,c1_r050_0950_3,cell1,0.05,,0.95,3,-0.633602,-1.7634,5.68472e-11,1,1,True,True
fs_mm,27,4,1616334244,pass,c1_r050_1000_0,cell1,0.05,,1.0,0,-0.663229,-1.74263,5.47049e-11,1,1,True,True
fs_mm,27,4,1616334244,pass,c1_r050_1000_1,cell1,0.05,,1.0,1,-0.620193,-1.73874,6.05954e-11,1,1,True,True
fs_mm,27,4,1616334244,pass,c1_r050_1000_2,cell1,0.05,,1.0,2,-0.695924,-1.74771,5.03985e-11,1,1,True,True
fs_mm,27,4,1616334244,pass,c1_r050_1000_3,cell1,0.05,,1.0,3,-0.655036,-1.74043,5.49831e-11,1,1,True,True
fs_mm,27,4,1616334244,pass,c0_r100_0000_0,cell0,0.1,,0.0,0,0.108525,1.79999,1.53846e-10,0,0,True,True
fs_mm,27,4,1616334244,pass,c0_r100_0000_1,cell0,0.1,,0.0,1,0.10708,1.79999,1.68968e-10,0,0,True,True
fs_mm,27,4,1616334244,pass,c0_r100_0000_2,cell0,0.1,,0.0,2,0.107384,1.79999,1.69346e-10,0,0,True,True
fs_mm,27,4,1616334244,pass,c0_r100_0000_3,cell0,0.1,,0.0,3,0.107154,1.79999,1.65819e-10,0,0,True,True
fs_mm,27,4,1616334244,pass,c1_r100_0600_0,cell1,0.1,,0.6,0,0.103253,1.79983,1.68965e-10,1,0,False,False
fs_mm,27,4,1616334244,pass,c1_r100_0600_1,cell1,0.1,,0.6,1,0.10559,1.79996,1.58441e-10,1,0,False,False
fs_mm,27,4,1616334244,pass,c1_r100_0600_2,cell1,0.1,,0.6,2,0.103594,1.79979,1.67846e-10,1,0,False,False
fs_mm,27,4,1616334244,pass,c1_r100_0600_3,cell1,0.1,,0.6,3,0.107212,1.79994,1.63589e-10,1,0,False,False
fs_mm,27,4,1616334244,pass,c1_r100_0650_0,cell1,0.1,,0.65,0,0.105283,1.79988,1.71609e-10,1,0,False,False
fs_mm,27,4,1616334244,pass,c1_r100_0650_1,cell1,0.1,,0.65,1,0.0623766,1.79863,1.93165e-10,1,0,False,False
fs_mm,27,4,1616334244,pass,c1_r100_0650_2,cell1,0.1,,0.65,2,0.0933979,1.79953,2.0588e-10,1,0,False,False
fs_mm,27,4,1616334244,pass,c1_r100_0650_3,cell1,0.1,,0.65,3,0.105425,1.79994,1.74149e-10,1,0,False,False
fs_mm,27,4,1616334244,pass,c1_r100_0700_0,cell1,0.1,,0.7,0,-0.0149485,-1.7933,3.0664e-10,1,1,True,True
fs_mm,27,4,1616334244,pass,c1_r100_0700_1,cell1,0.1,,0.7,1,0.0707109,1.79885,2.0171e-10,1,0,False,False
fs_mm,27,4,1616334244,pass,c1_r100_0700_2,cell1,0.1,,0.7,2,0.0433646,1.79811,2.04925e-10,1,0,False,False
fs_mm,27,4,1616334244,pass,c1_r100_0700_3,cell1,0.1,,0.7,3,-0.444801,-1.79103,8.50315e-11,1,1,True,True
fs_mm,27,4,1616334244,pass,c1_r100_0750_0,cell1,0.1,,0.75,0,-0.062715,-1.79391,2.06485e-10,1,1,True,True
fs_mm,27,4,1616334244,pass,c1_r100_0750_1,cell1,0.1,,0.75,1,-0.14984,-1.79076,1.51763e-10,1,1,True,True
fs_mm,27,4,1616334244,pass,c1_r100_0750_2,cell1,0.1,,0.75,2,-0.171408,-1.78086,1.4076e-10,1,1,True,True
fs_mm,27,4,1616334244,pass,c1_r100_0750_3,cell1,0.1,,0.75,3,-0.602963,-1.79225,6.20952e-11,1,1,True,True
fs_mm,27,4,1616334244,pass,c1_r100_0800_0,cell1,0.1,,0.8,0,-0.0677078,-1.78775,1.77259e-10,1,1,True,True
fs_mm,27,4,1616334244,pass,c1_r100_0800_1,cell1,0.1,,0.8,1,-0.0494316,-1.79047,1.94149e-10,1,1,True,True
fs_mm,27,4,1616334244,pass,c1_r100_0800_2,cell1,0.1,,0.8,2,-0.00390924,1.79687,3.13374e-10,1,0,False,False
fs_mm,27,4,1616334244,pass,c1_r100_0800_3,cell1,0.1,,0.8,3,-0.142399,-1.7907,1.50287e-10,1,1,True,True
fs_mm,27,4,1616334244,pass,c1_r100_0850_0,cell1,0.1,,0.85,0,-0.547043,-1.77986,6.82965e-11,1,1,True,True
fs_mm,27,4,1616334244,pass,c1_r100_0850_1,cell1,0.1,,0.85,1,-0.349164,-1.77908,9.91355e-11,1,1,True,True
fs_mm,27,4,1616334244,pass,c1_r100_0850_2,cell1,0.1,,0.85,2,0.0187486,1.79743,2.43599e-10,1,0,False,False
fs_mm,27,4,1616334244,pass,c1_r100_0850_3,cell1,0.1,,0.85,3,-0.619297,-1.76616,6.11392e-11,1,1,True,True
fs_mm,27,4,1616334244,pass,c1_r100_0900_0,cell1,0.1,,0.9,0,-0.522036,-1.75409,7.15319e-11,1,1,True,True
fs_mm,27,4,1616334244,pass,c1_r100_0900_1,cell1,0.1,,0.9,1,-0.536975,-1.75683,6.93545e-11,1,1,True,True
fs_mm,27,4,1616334244,pass,c1_r100_0900_2,cell1,0.1,,0.9,2,-0.597924,-1.76731,6.20801e-11,1,1,True,True
fs_mm,27,4,1616334244,pass,c1_r100_0900_3,cell1,0.1,,0.9,3,-0.471382,-1.76106,8.10597e-11,1,1,True,True
fs_mm,27,4,1616334244,pass,c1_r100_0950_0,cell1,0.1,,0.95,0,-0.582649,-1.76112,6.40551e-11,1,1,True,True
fs_mm,27,4,1616334244,pass,c1_r100_0950_1,cell1,0.1,,0.95,1,-0.532306,-1.74828,7.12328e-11,1,1,True,True
fs_mm,27,4,1616334244,pass,c1_r100_0950_2,cell1,0.1,,0.95,2,-0.546242,-1.74679,7.19813e-11,1,1,True,True
fs_mm,27,4,1616334244,pass,c1_r100_0950_3,cell1,0.1,,0.95,3,-0.616769,-1.75655,6.14746e-11,1,1,True,True
fs_mm,27,4,1616334244,pass,c1_r100_1000_0,cell1,0.1,,1.0,0,-0.544912,-1.74885,7.13484e-11,1,1,True,True
fs_mm,27,4,1616334244,pass,c1_r100_1000_1,cell1,0.1,,1.0,1,-0.552569,-1.74079,6.74079e-11,1,1,True,True
fs_mm,27,4,1616334244,pass,c1_r100_1000_2,cell1,0.1,,1.0,2,-0.590765,-1.72191,6.49097e-11,1,1,True,True
fs_mm,27,4,1616334244,pass,c1_r100_1000_3,cell1,0.1,,1.0,3,-0.59782,-1.74555,6.25666e-11,1,1,True,True
fs_mm,27,5,1024251891,pass,c0_r050_0000_0,cell0,0.05,,0.0,0,0.0553692,1.8,1.8335e-10,0,0,True,True
fs_mm,27,5,1024251891,pass,c0_r050_0000_1,cell0,0.05,,0.0,1,0.0532613,1.80001,1.96916e-10,0,0,True,True
fs_mm,27,5,1024251891,pass,c0_r050_0000_2,cell0,0.05,,0.0,2,0.0538865,1.8,1.91458e-10,0,0,True,True
fs_mm,27,5,1024251891,pass,c0_r050_0000_3,cell0,0.05,,0.0,3,0.052488,1.8,1.92065e-10,0,0,True,True
fs_mm,27,5,1024251891,pass,c1_r050_0600_0,cell1,0.05,,0.6,0,0.0499665,1.7998,1.99106e-10,1,0,False,False
fs_mm,27,5,1024251891,pass,c1_r050_0600_1,cell1,0.05,,0.6,1,0.0503522,1.79994,1.98049e-10,1,0,False,False
fs_mm,27,5,1024251891,pass,c1_r050_0600_2,cell1,0.05,,0.6,2,0.0426727,1.79956,1.97915e-10,1,0,False,False
fs_mm,27,5,1024251891,pass,c1_r050_0600_3,cell1,0.05,,0.6,3,0.0335459,1.79934,2.36037e-10,1,0,False,False
fs_mm,27,5,1024251891,pass,c1_r050_0650_0,cell1,0.05,,0.65,0,0.0521723,1.79994,1.90613e-10,1,0,False,False
fs_mm,27,5,1024251891,pass,c1_r050_0650_1,cell1,0.05,,0.65,1,0.0508443,1.79993,2.26036e-10,1,0,False,False
fs_mm,27,5,1024251891,pass,c1_r050_0650_2,cell1,0.05,,0.65,2,0.0410443,1.79962,2.10866e-10,1,0,False,False
fs_mm,27,5,1024251891,pass,c1_r050_0650_3,cell1,0.05,,0.65,3,0.0139573,1.7988,2.44383e-10,1,0,False,False
fs_mm,27,5,1024251891,pass,c1_r050_0700_0,cell1,0.05,,0.7,0,0.0432326,1.7996,2.26126e-10,1,0,False,False
fs_mm,27,5,1024251891,pass,c1_r050_0700_1,cell1,0.05,,0.7,1,-0.0200853,-1.79725,2.01785e-10,1,1,True,True
fs_mm,27,5,1024251891,pass,c1_r050_0700_2,cell1,0.05,,0.7,2,0.00970687,1.79861,2.45442e-10,1,0,False,False
fs_mm,27,5,1024251891,pass,c1_r050_0700_3,cell1,0.05,,0.7,3,-0.0275572,-1.79837,2.32172e-10,1,1,True,True
fs_mm,27,5,1024251891,pass,c1_r050_0750_0,cell1,0.05,,0.75,0,0.00706691,1.79854,2.71635e-10,1,0,False,False
fs_mm,27,5,1024251891,pass,c1_r050_0750_1,cell1,0.05,,0.75,1,-0.0385498,-1.79439,2.00005e-10,1,1,True,True
fs_mm,27,5,1024251891,pass,c1_r050_0750_2,cell1,0.05,,0.75,2,0.0311866,1.79922,3.39926e-10,1,0,False,False
fs_mm,27,5,1024251891,pass,c1_r050_0750_3,cell1,0.05,,0.75,3,-0.10352,-1.79304,1.47221e-10,1,1,True,True
fs_mm,27,5,1024251891,pass,c1_r050_0800_0,cell1,0.05,,0.8,0,-0.27925,-1.78178,1.2e-10,1,1,True,True
fs_mm,27,5,1024251891,pass,c1_r050_0800_1,cell1,0.05,,0.8,1,-0.479052,-1.77619,7.7879e-11,1,1,True,True
fs_mm,27,5,1024251891,pass,c1_r050_0800_2,cell1,0.05,,0.8,2,-0.179749,-1.78966,1.38997e-10,1,1,True,True
fs_mm,27,5,1024251891,pass,c1_r050_0800_3,cell1,0.05,,0.8,3,-0.506568,-1.78621,7.45001e-11,1,1,True,True
fs_mm,27,5,1024251891,pass,c1_r050_0850_0,cell1,0.05,,0.85,0,-0.378211,-1.77649,9.36115e-11,1,1,True,True
fs_mm,27,5,1024251891,pass,c1_r050_0850_1,cell1,0.05,,0.85,1,-0.552384,-1.77415,6.83086e-11,1,1,True,True
fs_mm,27,5,1024251891,pass,c1_r050_0850_2,cell1,0.05,,0.85,2,-0.665916,-1.77728,5.57295e-11,1,1,True,True
fs_mm,27,5,1024251891,pass,c1_r050_0850_3,cell1,0.05,,0.85,3,-0.297407,-1.75673,1.1081e-10,1,1,True,True
fs_mm,27,5,1024251891,pass,c1_r050_0900_0,cell1,0.05,,0.9,0,-0.701725,-1.78119,5.10903e-11,1,1,True,True
fs_mm,27,5,1024251891,pass,c1_r050_0900_1,cell1,0.05,,0.9,1,-0.6074,-1.74461,6.12595e-11,1,1,True,True
fs_mm,27,5,1024251891,pass,c1_r050_0900_2,cell1,0.05,,0.9,2,-0.62783,-1.75671,6.00774e-11,1,1,True,True
fs_mm,27,5,1024251891,pass,c1_r050_0900_3,cell1,0.05,,0.9,3,-0.692485,-1.76545,5.08216e-11,1,1,True,True
fs_mm,27,5,1024251891,pass,c1_r050_0950_0,cell1,0.05,,0.95,0,-0.581697,-1.75274,6.62546e-11,1,1,True,True
fs_mm,27,5,1024251891,pass,c1_r050_0950_1,cell1,0.05,,0.95,1,-0.624845,-1.75386,5.87535e-11,1,1,True,True
fs_mm,27,5,1024251891,pass,c1_r050_0950_2,cell1,0.05,,0.95,2,-0.722551,-1.76959,4.68158e-11,1,1,True,True
fs_mm,27,5,1024251891,pass,c1_r050_0950_3,cell1,0.05,,0.95,3,-0.642976,-1.74473,5.65406e-11,1,1,True,True
fs_mm,27,5,1024251891,pass,c1_r050_1000_0,cell1,0.05,,1.0,0,-0.68582,-1.7427,5.32241e-11,1,1,True,True
fs_mm,27,5,1024251891,pass,c1_r050_1000_1,cell1,0.05,,1.0,1,-0.604731,-1.73734,6.43091e-11,1,1,True,True
fs_mm,27,5,1024251891,pass,c1_r050_1000_2,cell1,0.05,,1.0,2,-0.527261,-1.72919,7.27796e-11,1,1,True,True
fs_mm,27,5,1024251891,pass,c1_r050_1000_3,cell1,0.05,,1.0,3,-0.648551,-1.7397,5.78784e-11,1,1,True,True
fs_mm,27,5,1024251891,pass,c0_r100_0000_0,cell0,0.1,,0.0,0,0.106548,1.79999,1.68529e-10,0,0,True,True
fs_mm,27,5,1024251891,pass,c0_r100_0000_1,cell0,0.1,,0.0,1,0.10771,1.79999,1.63025e-10,0,0,True,True
fs_mm,27,5,1024251891,pass,c0_r100_0000_2,cell0,0.1,,0.0,2,0.104468,1.79999,1.76447e-10,0,0,True,True
fs_mm,27,5,1024251891,pass,c0_r100_0000_3,cell0,0.1,,0.0,3,0.107866,1.8,1.87438e-10,0,0,True,True
fs_mm,27,5,1024251891,pass,c1_r100_0600_0,cell1,0.1,,0.6,0,0.105576,1.79992,1.83699e-10,1,0,False,False
fs_mm,27,5,1024251891,pass,c1_r100_0600_1,cell1,0.1,,0.6,1,0.10484,1.79999,1.8197e-10,1,0,False,False
fs_mm,27,5,1024251891,pass,c1_r100_0600_2,cell1,0.1,,0.6,2,0.0935385,1.79954,1.74786e-10,1,0,False,False
fs_mm,27,5,1024251891,pass,c1_r100_0600_3,cell1,0.1,,0.6,3,0.104854,1.79993,1.69625e-10,1,0,False,False
fs_mm,27,5,1024251891,pass,c1_r100_0650_0,cell1,0.1,,0.65,0,-0.111826,-1.79939,1.61306e-10,1,1,True,True
fs_mm,27,5,1024251891,pass,c1_r100_0650_1,cell1,0.1,,0.65,1,-0.032943,-1.79944,2.59741e-10,1,1,True,True
fs_mm,27,5,1024251891,pass,c1_r100_0650_2,cell1,0.1,,0.65,2,0.10695,1.79991,1.50183e-10,1,0,False,False
fs_mm,27,5,1024251891,pass,c1_r100_0650_3,cell1,0.1,,0.65,3,0.0847639,1.79921,1.7541e-10,1,0,False,False
fs_mm,27,5,1024251891,pass,c1_r100_0700_0,cell1,0.1,,0.7,0,0.0950134,1.79954,1.85885e-10,1,0,False,False
fs_mm,27,5,1024251891,pass,c1_r100_0700_1,cell1,0.1,,0.7,1,0.0658278,1.7987,1.939e-10,1,0,False,False
fs_mm,27,5,1024251891,pass,c1_r100_0700_2,cell1,0.1,,0.7,2,-0.00390978,-1.79616,2.28581e-10,1,1,True,True
fs_mm,27,5,1024251891,pass,c1_r100_0700_3,cell1,0.1,,0.7,3,-0.0669718,-1.7849,1.87708e-10,1,1,True,True
fs_mm,27,5,1024251891,pass,c1_r100_0750_0,cell1,0.1,,0.75,0,-0.112849,-1.78816,1.63302e-10,1,1,True,True
fs_mm,27,5,1024251891,pass,c1_r100_0750_1,cell1,0.1,,0.75,1,0.0133926,1.79731,2.58632e-10,1,0,False,False
fs_mm,27,5,1024251891,pass,c1_r100_0750_2,cell1,0.1,,0.75,2,0.0865566,1.79925,1.68247e-10,1,0,False,False
fs_mm,27,5,1024251891,pass,c1_r100_0750_3,cell1,0.1,,0.75,3,0.0603189,1.79859,2.07825e-10,1,0,False,False
fs_mm,27,5,1024251891,pass,c1_r100_0800_0,cell1,0.1,,0.8,0,-0.121129,-1.77798,1.48229e-10,1,1,True,True
fs_mm,27,5,1024251891,pass,c1_r100_0800_1,cell1,0.1,,0.8,1,-0.102207,-1.7871,1.64232e-10,1,1,True,True
fs_mm,27,5,1024251891,pass,c1_r100_0800_2,cell1,0.1,,0.8,2,-0.536926,-1.79148,6.92096e-11,1,1,True,True
fs_mm,27,5,1024251891,pass,c1_r100_0800_3,cell1,0.1,,0.8,3,0.0698945,1.7988,1.96698e-10,1,0,False,False
fs_mm,27,5,1024251891,pass,c1_r100_0850_0,cell1,0.1,,0.85,0,-0.0492723,-1.77694,2.22073e-10,1,1,True,True
fs_mm,27,5,1024251891,pass,c1_r100_0850_1,cell1,0.1,,0.85,1,-0.255969,-1.78756,1.14413e-10,1,1,True,True
fs_mm,27,5,1024251891,pass,c1_r100_0850_2,cell1,0.1,,0.85,2,-0.58954,-1.77137,6.33849e-11,1,1,True,True
fs_mm,27,5,1024251891,pass,c1_r100_0850_3,cell1,0.1,,0.85,3,-0.580163,-1.7847,6.44027e-11,1,1,True,True
fs_mm,27,5,1024251891,pass,c1_r100_0900_0,cell1,0.1,,0.9,0,-0.60918,-1.75387,6.2561e-11,1,1,True,True
fs_mm,27,5,1024251891,pass,c1_r100_0900_1,cell1,0.1,,0.9,1,-0.592731,-1.76309,6.40612e-11,1,1,True,True
fs_mm,27,5,1024251891,pass,c1_r100_0900_2,cell1,0.1,,0.9,2,-0.623451,-1.75954,6.05669e-11,1,1,True,True
fs_mm,27,5,1024251891,pass,c1_r100_0900_3,cell1,0.1,,0.9,3,-0.453614,-1.75847,8.0652e-11,1,1,True,True
fs_mm,27,5,1024251891,pass,c1_r100_0950_0,cell1,0.1,,0.95,0,-0.678974,-1.7665,5.32599e-11,1,1,True,True
fs_mm,27,5,1024251891,pass,c1_r100_0950_1,cell1,0.1,,0.95,1,-0.65609,-1.76643,5.52975e-11,1,1,True,True
fs_mm,27,5,1024251891,pass,c1_r100_0950_2,cell1,0.1,,0.95,2,-0.283277,-1.73436,1.12935e-10,1,1,True,True
fs_mm,27,5,1024251891,pass,c1_r100_0950_3,cell1,0.1,,0.95,3,-0.698258,-1.76504,5.03387e-11,1,1,True,True
fs_mm,27,5,1024251891,pass,c1_r100_1000_0,cell1,0.1,,1.0,0,-0.578548,-1.74842,6.67842e-11,1,1,True,True
fs_mm,27,5,1024251891,pass,c1_r100_1000_1,cell1,0.1,,1.0,1,-0.697645,-1.76418,5.01611e-11,1,1,True,True
fs_mm,27,5,1024251891,pass,c1_r100_1000_2,cell1,0.1,,1.0,2,-0.537621,-1.74,7.13252e-11,1,1,True,True
fs_mm,27,5,1024251891,pass,c1_r100_1000_3,cell1,0.1,,1.0,3,-0.606932,-1.74098,6.02163e-11,1,1,True,True
fs_mm,27,6,280498537,pass,c0_r050_0000_0,cell0,0.05,,0.0,0,0.0529502,1.79999,2.35387e-10,0,0,True,True
fs_mm,27,6,280498537,pass,c0_r050_0000_1,cell0,0.05,,0.0,1,0.0525565,1.8,2.26553e-10,0,0,True,True
fs_mm,27,6,280498537,pass,c0_r050_0000_2,cell0,0.05,,0.0,2,0.0527812,1.8,2.23886e-10,0,0,True,True
fs_mm,27,6,280498537,pass,c0_r050_0000_3,cell0,0.05,,0.0,3,0.053754,1.8,1.87687e-10,0,0,True,True
fs_mm,27,6,280498537,pass,c1_r050_0600_0,cell1,0.05,,0.6,0,0.0440772,1.79971,2.53762e-10,1,0,False,False
fs_mm,27,6,280498537,pass,c1_r050_0600_1,cell1,0.05,,0.6,1,0.0449475,1.79966,2.604e-10,1,0,False,False
fs_mm,27,6,280498537,pass,c1_r050_0600_2,cell1,0.05,,0.6,2,0.0536825,1.79997,2.46705e-10,1,0,False,False
fs_mm,27,6,280498537,pass,c1_r050_0600_3,cell1,0.05,,0.6,3,0.040077,1.79953,2.01834e-10,1,0,False,False
fs_mm,27,6,280498537,pass,c1_r050_0650_0,cell1,0.05,,0.65,0,0.0446693,1.79963,1.94039e-10,1,0,False,False
fs_mm,27,6,280498537,pass,c1_r050_0650_1,cell1,0.05,,0.65,1,-0.0308192,-1.79531,2.16456e-10,1,1,True,True
fs_mm,27,6,280498537,pass,c1_r050_0650_2,cell1,0.05,,0.65,2,0.0515852,1.79999,2.07083e-10,1,0,False,False
fs_mm,27,6,280498537,pass,c1_r050_0650_3,cell1,0.05,,0.65,3,0.0525817,1.79996,2.11584e-10,1,0,False,False
fs_mm,27,6,280498537,pass,c1_r050_0700_0,cell1,0.05,,0.7,0,-0.00768041,-1.79621,2.49313e-10,1,1,True,True
fs_mm,27,6,280498537,pass,c1_r050_0700_1,cell1,0.05,,0.7,1,-0.0106558,-1.79271,2.22047e-10,1,1,True,True
fs_mm,27,6,280498537,pass,c1_r050_0700_2,cell1,0.05,,0.7,2,-0.0249744,-1.79688,2.15528e-10,1,1,True,True
fs_mm,27,6,280498537,pass,c1_r050_0700_3,cell1,0.05,,0.7,3,0.0141134,1.79871,2.41319e-10,1,0,False,False
fs_mm,27,6,280498537,pass,c1_r050_0750_0,cell1,0.05,,0.75,0,-0.239815,-1.78887,1.26088e-10,1,1,True,True
fs_mm,27,6,280498537,pass,c1_r050_0750_1,cell1,0.05,,0.75,1,-0.0832797,-1.79479,1.75087e-10,1,1,True,True
fs_mm,27,6,280498537,pass,c1_r050_0750_2,cell1,0.05,,0.75,2,-0.00319956,-1.78726,2.54713e-10,1,1,True,True
fs_mm,27,6,280498537,pass,c1_r050_0750_3,cell1,0.05,,0.75,3,-0.185534,-1.79611,1.36876e-10,1,1,True,True
fs_mm,27,6,280498537,pass,c1_r050_0800_0,cell1,0.05,,0.8,0,-0.116412,-1.78508,1.62484e-10,1,1,True,True
fs_mm,27,6,280498537,pass,c1_r050_0800_1,cell1,0.05,,0.8,1,0.0110792,-1.7901,3.34518e-10,1,1,True,True
fs_mm,27,6,280498537,pass,c1_r050_0800_2,cell1,0.05,,0.8,2,-0.0524724,-1.78245,1.94094e-10,1,1,True,True
fs_mm,27,6,280498537,pass,c1_r050_0800_3,cell1,0.05,,0.8,3,-0.774858,-1.7947,3.57715e-11,1,1,True,True
fs_mm,27,6,280498537,pass,c1_r050_0850_0,cell1,0.05,,0.85,0,-0.651412,-1.77008,5.60937e-11,1,1,True,True
fs_mm,27,6,280498537,pass,c1_r050_0850_1,cell1,0.05,,0.85,1,-0.519993,-1.78343,7.261e-11,1,1,True,True
fs_mm,27,6,280498537,pass,c1_r050_0850_2,cell1,0.05,,0.85,2,-0.541336,-1.77257,7.13179e-11,1,1,True,True
fs_mm,27,6,280498537,pass,c1_r050_0850_3,cell1,0.05,,0.85,3,-0.196583,-1.77925,1.36185e-10,1,1,True,True
fs_mm,27,6,280498537,pass,c1_r050_0900_0,cell1,0.05,,0.9,0,-0.656724,-1.754,5.65281e-11,1,1,True,True
fs_mm,27,6,280498537,pass,c1_r050_0900_1,cell1,0.05,,0.9,1,-0.656033,-1.77844,5.58464e-11,1,1,True,True
fs_mm,27,6,280498537,pass,c1_r050_0900_2,cell1,0.05,,0.9,2,-0.631953,-1.75416,5.84141e-11,1,1,True,True
fs_mm,27,6,280498537,pass,c1_r050_0900_3,cell1,0.05,,0.9,3,-0.716885,-1.77383,4.96382e-11,1,1,True,True
fs_mm,27,6,280498537,pass,c1_r050_0950_0,cell1,0.05,,0.95,0,-0.721505,-1.76704,4.61739e-11,1,1,True,True
fs_mm,27,6,280498537,pass,c1_r050_0950_1,cell1,0.05,,0.95,1,-0.678694,-1.76007,5.38378e-11,1,1,True,True
fs_mm,27,6,280498537,pass,c1_r050_0950_2,cell1,0.05,,0.95,2,-0.587348,-1.75013,6.62231e-11,1,1,True,True
fs_mm,27,6,280498537,pass,c1_r050_0950_3,cell1,0.05,,0.95,3,-0.646182,-1.75104,5.62993e-11,1,1,True,True
fs_mm,27,6,280498537,pass,c1_r050_1000_0,cell1,0.05,,1.0,0,-0.630364,-1.73668,5.88155e-11,1,1,True,True
fs_mm,27,6,280498537,pass,c1_r050_1000_1,cell1,0.05,,1.0,1,-0.535467,-1.73018,7.09576e-11,1,1,True,True
fs_mm,27,6,280498537,pass,c1_r050_1000_2,cell1,0.05,,1.0,2,-0.629996,-1.73768,5.85564e-11,1,1,True,True
fs_mm,27,6,280498537,pass,c1_r050_1000_3,cell1,0.05,,1.0,3,-0.700786,-1.74854,5.12678e-11,1,1,True,True
fs_mm,27,6,280498537,pass,c0_r100_0000_0,cell0,0.1,,0.0,0,0.108303,1.79999,1.59461e-10,0,0,True,True
fs_mm,27,6,280498537,pass,c0_r100_0000_1,cell0,0.1,,0.0,1,0.107838,1.79999,1.71251e-10,0,0,True,True
fs_mm,27,6,280498537,pass,c0_r100_0000_2,cell0,0.1,,0.0,2,0.105487,1.79999,1.6083e-10,0,0,True,True
fs_mm,27,6,280498537,pass,c0_r100_0000_3,cell0,0.1,,0.0,3,0.10816,1.79999,1.61539e-10,0,0,True,True
fs_mm,27,6,280498537,pass,c1_r100_0600_0,cell1,0.1,,0.6,0,0.0890182,1.79938,1.80006e-10,1,0,False,False
fs_mm,27,6,280498537,pass,c1_r100_0600_1,cell1,0.1,,0.6,1,0.108302,1.79997,1.533e-10,1,0,False,False
fs_mm,27,6,280498537,pass,c1_r100_0600_2,cell1,0.1,,0.6,2,0.10536,1.79994,1.76884e-10,1,0,False,False
fs_mm,27,6,280498537,pass,c1_r100_0600_3,cell1,0.1,,0.6,3,0.102744,1.79987,1.87263e-10,1,0,False,False
fs_mm,27,6,280498537,pass,c1_r100_0650_0,cell1,0.1,,0.65,0,0.0948085,1.79957,1.77502e-10,1,0,False,False
fs_mm,27,6,280498537,pass,c1_r100_0650_1,cell1,0.1,,0.65,1,0.0881896,1.79936,1.95324e-10,1,0,False,False
fs_mm,27,6,280498537,pass,c1_r100_0650_2,cell1,0.1,,0.65,2,0.0621533,1.7986,1.97596e-10,1,0,False,False
fs_mm,27,6,280498537,pass,c1_r100_0650_3,cell1,0.1,,0.65,3,0.105705,1.79993,1.54834e-10,1,0,False,False
fs_mm,27,6,280498537,pass,c1_r100_0700_0,cell1,0.1,,0.7,0,0.0156698,1.79736,3.11529e-10,1,0,False,False
fs_mm,27,6,280498537,pass,c1_r100_0700_1,cell1,0.1,,0.7,1,0.101386,1.79973,1.77351e-10,1,0,False,False
fs_mm,27,6,280498537,pass,c1_r100_0700_2,cell1,0.1,,0.7,2,-0.0796959,-1.79476,1.90063e-10,1,1,True,True
fs_mm,27,6,280498537,pass,c1_r100_0700_3,cell1,0.1,,0.7,3,-0.157779,-1.79749,1.41231e-10,1,1,True,True
fs_mm,27,6,280498537,pass,c1_r100_0750_0,cell1,0.1,,0.75,0,-0.110465,-1.79434,1.75192e-10,1,1,True,True
fs_mm,27,6,280498537,pass,c1_r100_0750_1,cell1,0.1,,0.75,1,-0.12947,-1.79602,1.68145e-10,1,1,True,True
fs_mm,27,6,280498537,pass,c1_r100_0750_2,cell1,0.1,,0.75,2,-0.0185566,-1.79525,2.37623e-10,1,1,True,True
fs_mm,27,6,280498537,pass,c1_r100_0750_3,cell1,0.1,,0.75,3,-0.47842,-1.79526,7.8166e-11,1,1,True,True
fs_mm,27,6,280498537,pass,c1_r100_0800_0,cell1,0.1,,0.8,0,-0.57773,-1.78631,6.63773e-11,1,1,True,True
fs_mm,27,6,280498537,pass,c1_r100_0800_1,cell1,0.1,,0.8,1,-0.565604,-1.78991,6.56192e-11,1,1,True,True
fs_mm,27,6,280498537,pass,c1_r100_0800_2,cell1,0.1,,0.8,2,-0.428496,-1.78432,8.65103e-11,1,1,True,True
fs_mm,27,6,280498537,pass,c1_r100_0800_3,cell1,0.1,,0.8,3,-0.459615,-1.79368,7.75949e-11,1,1,True,True
fs_mm,27,6,280498537,pass,c1_r100_0850_0,cell1,0.1,,0.85,0,-0.586072,-1.78681,6.36487e-11,1,1,True,True
fs_mm,27,6,280498537,pass,c1_r100_0850_1,cell1,0.1,,0.85,1,-0.513345,-1.77257,7.15119e-11,1,1,True,True
fs_mm,27,6,280498537,pass,c1_r100_0850_2,cell1,0.1,,0.85,2,-0.556789,-1.77409,6.69069e-11,1,1,True,True
fs_mm,27,6,280498537,pass,c1_r100_0850_3,cell1,0.1,,0.85,3,-0.627707,-1.77531,5.88152e-11,1,1,True,True
fs_mm,27,6,280498537,pass,c1_r100_0900_0,cell1,0.1,,0.9,0,-0.118101,-1.77357,1.58649e-10,1,1,True,True
fs_mm,27,6,280498537,pass,c1_r100_0900_1,cell1,0.1,,0.9,1,-0.606997,-1.76651,6.21611e-11,1,1,True,True
fs_mm,27,6,280498537,pass,c1_r100_0900_2,cell1,0.1,,0.9,2,-0.503114,-1.757,7.3049e-11,1,1,True,True
fs_mm,27,6,280498537,pass,c1_r100_0900_3,cell1,0.1,,0.9,3,-0.579714,-1.76432,6.4119e-11,1,1,True,True
fs_mm,27,6,280498537,pass,c1_r100_0950_0,cell1,0.1,,0.95,0,-0.633534,-1.74998,5.81823e-11,1,1,True,True
fs_mm,27,6,280498537,pass,c1_r100_0950_1,cell1,0.1,,0.95,1,-0.608394,-1.75274,6.2327e-11,1,1,True,True
fs_mm,27,6,280498537,pass,c1_r100_0950_2,cell1,0.1,,0.95,2,-0.51161,-1.73792,7.43907e-11,1,1,True,True
fs_mm,27,6,280498537,pass,c1_r100_0950_3,cell1,0.1,,0.95,3,-0.538535,-1.74355,7.1872e-11,1,1,True,True
fs_mm,27,6,280498537,pass,c1_r100_1000_0,cell1,0.1,,1.0,0,-0.512748,-1.71476,7.47767e-11,1,1,True,True
fs_mm,27,6,280498537,pass,c1_r100_1000_1,cell1,0.1,,1.0,1,-0.599552,-1.73196,6.27394e-11,1,1,True,True
fs_mm,27,6,280498537,pass,c1_r100_1000_2,cell1,0.1,,1.0,2,-0.560677,-1.73926,6.84328e-11,1,1,True,True
fs_mm,27,6,280498537,pass,c1_r100_1000_3,cell1,0.1,,1.0,3,-0.560303,-1.73252,6.84883e-11,1,1,True,True
fs_mm,27,7,339899325,pass,c0_r050_0000_0,cell0,0.05,,0.0,0,0.0545051,1.80001,1.98968e-10,0,0,True,True
fs_mm,27,7,339899325,pass,c0_r050_0000_1,cell0,0.05,,0.0,1,0.0542972,1.8,2.24878e-10,0,0,True,True
fs_mm,27,7,339899325,pass,c0_r050_0000_2,cell0,0.05,,0.0,2,0.0542519,1.8,1.92949e-10,0,0,True,True
fs_mm,27,7,339899325,pass,c0_r050_0000_3,cell0,0.05,,0.0,3,0.0532386,1.79999,2.29849e-10,0,0,True,True
fs_mm,27,7,339899325,pass,c1_r050_0600_0,cell1,0.05,,0.6,0,0.0484993,1.7998,2.05722e-10,1,0,False,False
fs_mm,27,7,339899325,pass,c1_r050_0600_1,cell1,0.05,,0.6,1,0.0542345,1.79997,1.92049e-10,1,0,False,False
fs_mm,27,7,339899325,pass,c1_r050_0600_2,cell1,0.05,,0.6,2,0.0425193,1.79964,2.24845e-10,1,0,False,False
fs_mm,27,7,339899325,pass,c1_r050_0600_3,cell1,0.05,,0.6,3,0.0528724,1.79991,1.723e-10,1,0,False,False
fs_mm,27,7,339899325,pass,c1_r050_0650_0,cell1,0.05,,0.65,0,0.0526391,1.79994,2.27661e-10,1,0,False,False
fs_mm,27,7,339899325,pass,c1_r050_0650_1,cell1,0.05,,0.65,1,-0.0274038,-1.79899,2.52325e-10,1,1,True,True
fs_mm,27,7,339899325,pass,c1_r050_0650_2,cell1,0.05,,0.65,2,0.043645,1.79967,2.39243e-10,1,0,False,False
fs_mm,27,7,339899325,pass,c1_r050_0650_3,cell1,0.05,,0.65,3,0.0395342,1.79945,1.92957e-10,1,0,False,False
fs_mm,27,7,339899325,pass,c1_r050_0700_0,cell1,0.05,,0.7,0,-0.000853485,1.79838,2.93642e-10,1,0,False,False
fs_mm,27,7,339899325,pass,c1_r050_0700_1,cell1,0.05,,0.7,1,-0.00773174,-1.7974,2.74856e-10,1,1,True,True
fs_mm,27,7,339899325,pass,c1_r050_0700_2,cell1,0.05,,0.7,2,-0.0454859,-1.79469,2.35421e-10,1,1,True,True
fs_mm,27,7,339899325,pass,c1_r050_0700_3,cell1,0.05,,0.7,3,0.010915,-1.79509,2.62674e-10,1,1,True,True
fs_mm,27,7,339899325,pass,c1_r050_0750_0,cell1,0.05,,0.75,0,-0.176404,-1.78808,1.33964e-10,1,1,True,True
fs_mm,27,7,339899325,pass,c1_r050_0750_1,cell1,0.05,,0.75,1,0.0420689,1.79953,2.74332e-10,1,0,False,False
fs_mm,27,7,339899325,pass,c1_r050_0750_2,cell1,0.05,,0.75,2,-0.232867,-1.79457,1.19542e-10,1,1,True,True
fs_mm,27,7,339899325,pass,c1_r050_0750_3,cell1,0.05,,0.75,3,-0.0192111,-1.79124,2.81006e-10,1,1,True,True
fs_mm,27,7,339899325,pass,c1_r050_0800_0,cell1,0.05,,0.8,0,-0.0654773,-1.78817,1.87666e-10,1,1,True,True
fs_mm,27,7,339899325,pass,c1_r050_0800_1,cell1,0.05,,0.8,1,-0.614669,-1.78525,6.26687e-11,1,1,True,True
fs_mm,27,7,339899325,pass,c1_r050_0800_2,cell1,0.05,,0.8,2,-0.288065,-1.78593,1.08833e-10,1,1,True,True
fs_mm,27,7,339899325,pass,c1_r050_0800_3,cell1,0.05,,0.8,3,-0.377112,-1.78959,9.52653e-11,1,1,True,True
fs_mm,27,7,339899325,pass,c1_r050_0850_0,cell1,0.05,,0.85,0,-0.638216,-1.762,5.77775e-11,1,1,True,True
fs_mm,27,7,339899325,pass,c1_r050_0850_1,cell1,0.05,,0.85,1,-0.714843,-1.77077,4.76464e-11,1,1,True,True
fs_mm,27,7,339899325,pass,c1_r050_0850_2,cell1,0.05,,0.85,2,-0.339789,-1.78105,1.01657e-10,1,1,True,True
fs_mm,27,7,339899325,pass,c1_r050_0850_3,cell1,0.05,,0.85,3,-0.655951,-1.76746,5.68977e-11,1,1,True,True
fs_mm,27,7,339899325,pass,c1_r050_0900_0,cell1,0.05,,0.9,0,-0.592926,-1.76625,6.12233e-11,1,1,True,True
fs_mm,27,7,339899325,pass,c1_r050_0900_1,cell1,0.05,,0.9,1,-0.664434,-1.76121,5.5293e-11,1,1,True,True
fs_mm,27,7,339899325,pass,c1_r050_0900_2,cell1,0.05,,0.9,2,-0.674485,-1.76793,5.46853e-11,1,1,True,True
fs_mm,27,7,339899325,pass,c1_r050_0900_3,cell1,0.05,,0.9,3,-0.621775,-1.75967,6.02945e-11,1,1,True,True
fs_mm,27,7,339899325,pass,c1_r050_0950_0,cell1,0.05,,0.95,0,-0.712241,-1.76273,4.90833e-11,1,1,True,True
fs_mm,27,7,339899325,pass,c1_r050_0950_1,cell1,0.05,,0.95,1,-0.716484,-1.76938,4.78481e-11,1,1,True,True
fs_mm,27,7,339899325,pass,c1_r050_0950_2,cell1,0.05,,0.95,2,-0.542697,-1.75578,6.94881e-11,1,1,True,True
fs_mm,27,7,339899325,pass,c1_r050_0950_3,cell1,0.05,,0.95,3,-0.652569,-1.76081,5.78926e-11,1,1,True,True
fs_mm,27,7,339899325,pass,c1_r050_1000_0,cell1,0.05,,1.0,0,-0.667489,-1.74929,5.30015e-11,1,1,True,True
fs_mm,27,7,339899325,pass,c1_r050_1000_1,cell1,0.05,,1.0,1,-0.634065,-1.73899,5.9193e-11,1,1,True,True
fs_mm,27,7,339899325,pass,c1_r050_1000_2,cell1,0.05,,1.0,2,-0.65746,-1.73843,5.55362e-11,1,1,True,True
fs_mm,27,7,339899325,pass,c1_r050_1000_3,cell1,0.05,,1.0,3,-0.678009,-1.74618,5.30591e-11,1,1,True,True
fs_mm,27,7,339899325,pass,c0_r100_0000_0,cell0,0.1,,0.0,0,0.105617,1.8,1.81805e-10,0,0,True,True
fs_mm,27,7,339899325,pass,c0_r100_0000_1,cell0,0.1,,0.0,1,0.105415,1.8,1.85237e-10,0,0,True,True
fs_mm,27,7,339899325,pass,c0_r100_0000_2,cell0,0.1,,0.0,2,0.109327,1.79999,1.5243e-10,0,0,True,True
fs_mm,27,7,339899325,pass,c0_r100_0000_3,cell0,0.1,,0.0,3,0.10451,1.79999,1.7597e-10,0,0,True,True
fs_mm,27,7,339899325,pass,c1_r100_0600_0,cell1,0.1,,0.6,0,0.10443,1.79988,1.75377e-10,1,0,False,False
fs_mm,27,7,339899325,pass,c1_r100_0600_1,cell1,0.1,,0.6,1,0.108128,1.79997,1.58356e-10,1,0,False,False
fs_mm,27,7,339899325,pass,c1_r100_0600_2,cell1,0.1,,0.6,2,0.0971147,1.79961,1.61757e-10,1,0,False,False
fs_mm,27,7,339899325,pass,c1_r100_0600_3,cell1,0.1,,0.6,3,0.0702519,1.79882,1.90857e-10,1,0,False,False
fs_mm,27,7,339899325,pass,c1_r100_0650_0,cell1,0.1,,0.65,0,0.0108997,1.79725,2.35284e-10,1,0,False,False
fs_mm,27,7,339899325,pass,c1_r100_0650_1,cell1,0.1,,0.65,1,0.0475192,1.79818,2.18924e-10,1,0,False,False
fs_mm,27,7,339899325,pass,c1_r100_0650_2,cell1,0.1,,0.65,2,0.0113368,-1.79625,2.51602e-10,1,1,True,True
fs_mm,27,7,339899325,pass,c1_r100_0650_3,cell1,0.1,,0.65,3,0.0284158,1.79774,2.66798e-10,1,0,False,False
fs_mm,27,7,339899325,pass,c1_r100_0700_0,cell1,0.1,,0.7,0,-0.0364726,-1.79184,2.10707e-10,1,1,True,True
fs_mm,27,7,339899325,pass,c1_r100_0700_1,cell1,0.1,,0.7,1,-0.0924665,-1.79399,1.74911e-10,1,1,True,True
fs_mm,27,7,339899325,pass,c1_r100_0700_2,cell1,0.1,,0.7,2,0.0951908,1.79956,1.63972e-10,1,0,False,False
fs_mm,27,7,339899325,pass,c1_r100_0700_3,cell1,0.1,,0.7,3,-0.105972,-1.79692,1.61862e-10,1,1,True,True
fs_mm,27,7,339899325,pass,c1_r100_0750_0,cell1,0.1,,0.75,0,0.0229504,1.79755,2.48791e-10,1,0,False,False
fs_mm,27,7,339899325,pass,c1_r100_0750_1,cell1,0.1,,0.75,1,-0.093696,-1.79316,1.64352e-10,1,1,True,True
fs_mm,27,7,339899325,pass,c1_r100_0750_2,cell1,0.1,,0.75,2,-0.393118,-1.79485,8.70068e-11,1,1,True,True
fs_mm,27,7,339899325,pass,c1_r100_0750_3,cell1,0.1,,0.75,3,0.0133654,1.79734,2.67647e-10,1,0,False,False
fs_mm,27,7,339899325,pass,c1_r100_0800_0,cell1,0.1,,0.8,0,0.0531667,1.79839,2.37371e-10,1,0,False,False
fs_mm,27,7,339899325,pass,c1_r100_0800_1,cell1,0.1,,0.8,1,-0.127569,-1.781,1.55701e-10,1,1,True,True
fs_mm,27,7,339899325,pass,c1_r100_0800_2,cell1,0.1,,0.8,2,-0.659586,-1.78549,5.51014e-11,1,1,True,True
fs_mm,27,7,339899325,pass,c1_r100_0800_3,cell1,0.1,,0.8,3,-0.0201365,-1.77313,2.45347e-10,1,1,True,True
fs_mm,27,7,339899325,pass,c1_r100_0850_0,cell1,0.1,,0.85,0,-0.647472,-1.78645,5.61769e-11,1,1,True,True
fs_mm,27,7,339899325,pass,c1_r100_0850_1,cell1,0.1,,0.85,1,-0.623202,-1.77171,6.14757e-11,1,1,True,True
fs_mm,27,7,339899325,pass,c1_r100_0850_2,cell1,0.1,,0.85,2,-0.437276,-1.77343,8.05127e-11,1,1,True,True
fs_mm,27,7,339899325,pass,c1_r100_0850_3,cell1,0.1,,0.85,3,-0.629742,-1.765,5.81979e-11,1,1,True,True
fs_mm,27,7,339899325,pass,c1_r100_0900_0,cell1,0.1,,0.9,0,-0.572633,-1.7533,6.71813e-11,1,1,True,True
fs_mm,27,7,339899325,pass,c1_r100_0900_1,cell1,0.1,,0.9,1,-0.535185,-1.7502,7.12646e-11,1,1,True,True
fs_mm,27,7,339899325,pass,c1_r100_0900_2,cell1,0.1,,0.9,2,-0.528357,-1.76166,7.07759e-11,1,1,True,True
fs_mm,27,7,339899325,pass,c1_r100_0900_3,cell1,0.1,,0.9,3,-0.554293,-1.7797,6.76556e-11,1,1,True,True
fs_mm,27,7,339899325,pass,c1_r100_0950_0,cell1,0.1,,0.95,0,-0.595553,-1.75012,6.37683e-11,1,1,True,True
fs_mm,27,7,339899325,pass,c1_r100_0950_1,cell1,0.1,,0.95,1,-0.646592,-1.76019,5.65456e-11,1,1,True,True
fs_mm,27,7,339899325,pass,c1_r100_0950_2,cell1,0.1,,0.95,2,-0.668908,-1.75806,5.38186e-11,1,1,True,True
fs_mm,27,7,339899325,pass,c1_r100_0950_3,cell1,0.1,,0.95,3,-0.560481,-1.75354,6.91888e-11,1,1,True,True
fs_mm,27,7,339899325,pass,c1_r100_1000_0,cell1,0.1,,1.0,0,-0.565437,-1.73988,6.6545e-11,1,1,True,True
fs_mm,27,7,339899325,pass,c1_r100_1000_1,cell1,0.1,,1.0,1,-0.475097,-1.73741,7.77313e-11,1,1,True,True
fs_mm,27,7,339899325,pass,c1_r100_1000_2,cell1,0.1,,1.0,2,-0.37394,-1.70433,9.50767e-11,1,1,True,True
fs_mm,27,7,339899325,pass,c1_r100_1000_3,cell1,0.1,,1.0,3,-0.554287,-1.72568,6.74214e-11,1,1,True,True
fs_mm,27,8,1964985325,pass,c0_r050_0000_0,cell0,0.05,,0.0,0,0.0548927,1.79999,1.74471e-10,0,0,True,True
fs_mm,27,8,1964985325,pass,c0_r050_0000_1,cell0,0.05,,0.0,1,0.0540178,1.8,2.08476e-10,0,0,True,True
fs_mm,27,8,1964985325,pass,c0_r050_0000_2,cell0,0.05,,0.0,2,0.052413,1.80001,1.96702e-10,0,0,True,True
fs_mm,27,8,1964985325,pass,c0_r050_0000_3,cell0,0.05,,0.0,3,0.0530399,1.79999,2.32366e-10,0,0,True,True
fs_mm,27,8,1964985325,pass,c1_r050_0600_0,cell1,0.05,,0.6,0,0.0502489,1.79988,3.17882e-10,1,0,False,False
fs_mm,27,8,1964985325,pass,c1_r050_0600_1,cell1,0.05,,0.6,1,0.0064165,-1.79941,3.49242e-10,1,1,True,True
fs_mm,27,8,1964985325,pass,c1_r050_0600_2,cell1,0.05,,0.6,2,0.0472151,1.79979,2.18103e-10,1,0,False,False
fs_mm,27,8,1964985325,pass,c1_r050_0600_3,cell1,0.05,,0.6,3,0.0508479,1.79983,2.01018e-10,1,0,False,False
fs_mm,27,8,1964985325,pass,c1_r050_0650_0,cell1,0.05,,0.65,0,0.0443754,1.79964,2.03574e-10,1,0,False,False
fs_mm,27,8,1964985325,pass,c1_r050_0650_1,cell1,0.05,,0.65,1,0.042133,1.79951,1.80268e-10,1,0,False,False
fs_mm,27,8,1964985325,pass,c1_r050_0650_2,cell1,0.05,,0.65,2,0.0370038,-1.79906,2.95429e-10,1,1,True,True
fs_mm,27,8,1964985325,pass,c1_r050_0650_3,cell1,0.05,,0.65,3,0.0304528,1.79924,2.02433e-10,1,0,False,False
fs_mm,27,8,1964985325,pass,c1_r050_0700_0,cell1,0.05,,0.7,0,-0.0752957,-1.7986,1.8512e-10,1,1,True,True
fs_mm,27,8,1964985325,pass,c1_r050_0700_1,cell1,0.05,,0.7,1,0.040597,1.79953,2.09669e-10,1,0,False,False
fs_mm,27,8,1964985325,pass,c1_r050_0700_2,cell1,0.05,,0.7,2,0.00495994,-1.79422,2.69993e-10,1,1,True,True
fs_mm,27,8,1964985325,pass,c1_r050_0700_3,cell1,0.05,,0.7,3,0.00216793,-1.79681,2.65081e-10,1,1,True,True
fs_mm,27,8,1964985325,pass,c1_r050_0750_0,cell1,0.05,,0.75,0,-0.139513,-1.78744,1.53243e-10,1,1,True,True
fs_mm,27,8,1964985325,pass,c1_r050_0750_1,cell1,0.05,,0.75,1,-0.420641,-1.79498,8.62146e-11,1,1,True,True
fs_mm,27,8,1964985325,pass,c1_r050_0750_2,cell1,0.05,,0.75,2,-0.0628767,-1.78891,1.96019e-10,1,1,True,True
fs_mm,27,8,1964985325,pass,c1_r050_0750_3,cell1,0.05,,0.75,3,-0.0538281,-1.79309,2.29725e-10,1,1,True,True
fs_mm,27,8,1964985325,pass,c1_r050_0800_0,cell1,0.05,,0.8,0,-0.147716,-1.79006,1.45185e-10,1,1,True,True
fs_mm,27,8,1964985325,pass,c1_r050_0800_1,cell1,0.05,,0.8,1,-0.74001,-1.78647,4.23911e-11,1,1,True,True
fs_mm,27,8,1964985325,pass,c1_r050_0800_2,cell1,0.05,,0.8,2,0.00759179,1.79858,3.27955e-10,1,0,False,False
fs_mm,27,8,1964985325,pass,c1_r050_0800_3,cell1,0.05,,0.8,3,-0.15004,-1.77887,1.43728e-10,1,1,True,True
fs_mm,27,8,1964985325,pass,c1_r050_0850_0,cell1,0.05,,0.85,0,-0.544665,-1.77271,6.81827e-11,1,1,True,True
fs_mm,27,8,1964985325,pass,c1_r050_0850_1,cell1,0.05,,0.85,1,-0.320566,-1.77801,1.03341e-10,1,1,True,True
fs_mm,27,8,1964985325,pass,c1_r050_0850_2,cell1,0.05,,0.85,2,-0.11792,-1.78567,1.61514e-10,1,1,True,True
fs_mm,27,8,1964985325,pass,c1_r050_0850_3,cell1,0.05,,0.85,3,-0.342917,-1.78869,9.98463e-11,1,1,True,True
fs_mm,27,8,1964985325,pass,c1_r050_0900_0,cell1,0.05,,0.9,0,-0.44319,-1.75638,8.36276e-11,1,1,True,True
fs_mm,27,8,1964985325,pass,c1_r050_0900_1,cell1,0.05,,0.9,1,-0.658816,-1.75281,5.49467e-11,1,1,True,True
fs_mm,27,8,1964985325,pass,c1_r050_0900_2,cell1,0.05,,0.9,2,-0.516879,-1.75725,7.27435e-11,1,1,True,True
fs_mm,27,8,1964985325,pass,c1_r050_0900_3,cell1,0.05,,0.9,3,-0.623858,-1.76775,6.02112e-11,1,1,True,True
fs_mm,27,8,1964985325,pass,c1_r050_0950_0,cell1,0.05,,0.95,0,-0.625284,-1.75745,6.14618e-11,1,1,True,True
fs_mm,27,8,1964985325,pass,c1_r050_0950_1,cell1,0.05,,0.95,1,-0.685268,-1.76041,5.2614e-11,1,1,True,True
fs_mm,27,8,1964985325,pass,c1_r050_0950_2,cell1,0.05,,0.95,2,-0.579912,-1.74809,6.86985e-11,1,1,True,True
fs_mm,27,8,1964985325,pass,c1_r050_0950_3,cell1,0.05,,0.95,3,-0.695985,-1.76664,5.11425e-11,1,1,True,True
fs_mm,27,8,1964985325,pass,c1_r050_1000_0,cell1,0.05,,1.0,0,-0.664639,-1.75475,5.49518e-11,1,1,True,True
fs_mm,27,8,1964985325,pass,c1_r050_1000_1,cell1,0.05,,1.0,1,-0.632523,-1.74115,5.85178e-11,1,1,True,True
fs_mm,27,8,1964985325,pass,c1_r050_1000_2,cell1,0.05,,1.0,2,-0.649808,-1.74751,5.81515e-11,1,1,True,True
fs_mm,27,8,1964985325,pass,c1_r050_1000_3,cell1,0.05,,1.0,3,-0.65238,-1.75329,5.58529e-11,1,1,True,True
fs_mm,27,8,1964985325,pass,c0_r100_0000_0,cell0,0.1,,0.0,0,0.107709,1.79999,1.56152e-10,0,0,True,True
fs_mm,27,8,1964985325,pass,c0_r100_0000_1,cell0,0.1,,0.0,1,0.107988,1.79999,1.49396e-10,0,0,True,True
fs_mm,27,8,1964985325,pass,c0_r100_0000_2,cell0,0.1,,0.0,2,0.105499,1.79999,1.70531e-10,0,0,True,True
fs_mm,27,8,1964985325,pass,c0_r100_0000_3,cell0,0.1,,0.0,3,0.107232,1.79999,1.54606e-10,0,0,True,True
fs_mm,27,8,1964985325,pass,c1_r100_0600_0,cell1,0.1,,0.6,0,0.106833,1.79998,1.74334e-10,1,0,False,False
fs_mm,27,8,1964985325,pass,c1_r100_0600_1,cell1,0.1,,0.6,1,0.104674,1.79994,1.81482e-10,1,0,False,False
fs_mm,27,8,1964985325,pass,c1_r100_0600_2,cell1,0.1,,0.6,2,0.0781377,1.79905,1.8655e-10,1,0,False,False
fs_mm,27,8,1964985325,pass,c1_r100_0600_3,cell1,0.1,,0.6,3,0.104709,1.7999,1.72147e-10,1,0,False,False
fs_mm,27,8,1964985325,pass,c1_r100_0650_0,cell1,0.1,,0.65,0,-0.0497008,-1.79943,1.95926e-10,1,1,True,True
fs_mm,27,8,1964985325,pass,c1_r100_0650_1,cell1,0.1,,0.65,1,0.105312,1.79993,1.60307e-10,1,0,False,False
fs_mm,27,8,1964985325,pass,c1_r100_0650_2,cell1,0.1,,0.65,2,0.0761116,1.799,1.91522e-10,1,0,False,False
fs_mm,27,8,1964985325,pass,c1_r100_0650_3,cell1,0.1,,0.65,3,0.0811093,1.79914,1.76457e-10,1,0,False,False
fs_mm,27,8,1964985325,pass,c1_r100_0700_0,cell1,0.1,,0.7,0,0.102751,1.79982,1.72861e-10,1,0,False,False
fs_mm,27,8,1964985325,pass,c1_r100_0700_1,cell1,0.1,,0.7,1,0.0906515,1.79944,1.66467e-10,1,0,False,False
fs_mm,27,8,1964985325,pass,c1_r100_0700_2,cell1,0.1,,0.7,2,-0.118094,-1.79758,1.69015e-10,1,1,True,True
fs_mm,27,8,1964985325,pass,c1_r100_0700_3,cell1,0.1,,0.7,3,0.0244678,1.79759,2.28737e-10,1,0,False,False
fs_mm,27,8,1964985325,pass,c1_r100_0750_0,cell1,0.1,,0.75,0,-0.156935,-1.79489,1.52572e-10,1,1,True,True
fs_mm,27,8,1964985325,pass,c1_r100_0750_1,cell1,0.1,,0.75,1,0.0306549,1.79779,2.75269e-10,1,0,False,False
fs_mm,27,8,1964985325,pass,c1_r100_0750_2,cell1,0.1,,0.75,2,-0.248811,-1.79254,1.14651e-10,1,1,True,True
fs_mm,27,8,1964985325,pass,c1_r100_0750_3,cell1,0.1,,0.75,3,-0.186929,-1.78798,1.3365e-10,1,1,True,True
fs_mm,27,8,1964985325,pass,c1_r100_0800_0,cell1,0.1,,0.8,0,-0.298572,-1.78205,1.07032e-10,1,1,True,True
fs_mm,27,8,1964985325,pass,c1_r100_0800_1,cell1,0.1,,0.8,1,-0.329322,-1.78859,1.06546e-10,1,1,True,True
fs_mm,27,8,1964985325,pass,c1_r100_0800_2,cell1,0.1,,0.8,2,0.0145262,-1.78649,2.86259e-10,1,1,True,True
fs_mm,27,8,1964985325,pass,c1_r100_0800_3,cell1,0.1,,0.8,3,-0.529902,-1.78189,6.98875e-11,1,1,True,True
fs_mm,27,8,1964985325,pass,c1_r100_0850_0,cell1,0.1,,0.85,0,-0.156791,-1.75854,1.40957e-10,1,1,True,True
fs_mm,27,8,1964985325,pass,c1_r100_0850_1,cell1,0.1,,0.85,1,-0.304445,-1.77244,1.02697e-10,1,1,True,True
fs_mm,27,8,1964985325,pass,c1_r100_0850_2,cell1,0.1,,0.85,2,-0.0975482,-1.78174,1.69876e-10,1,1,True,True
fs_mm,27,8,1964985325,pass,c1_r100_0850_3,cell1,0.1,,0.85,3,-0.219852,-1.78719,1.27755e-10,1,1,True,True
fs_mm,27,8,1964985325,pass,c1_r100_0900_0,cell1,0.1,,0.9,0,-0.3247,-1.7689,1.09045e-10,1,1,True,True
fs_mm,27,8,1964985325,pass,c1_r100_0900_1,cell1,0.1,,0.9,1,-0.383787,-1.76652,9.09612e-11,1,1,True,True
fs_mm,27,8,1964985325,pass,c1_r100_0900_2,cell1,0.1,,0.9,2,-0.641623,-1.77583,5.69705e-11,1,1,True,True
fs_mm,27,8,1964985325,pass,c1_r100_0900_3,cell1,0.1,,0.9,3,-0.53718,-1.75957,7.24247e-11,1,1,True,True
fs_mm,27,8,1964985325,pass,c1_r100_0950_0,cell1,0.1,,0.95,0,-0.363147,-1.70157,9.86297e-11,1,1,True,True
fs_mm,27,8,1964985325,pass,c1_r100_0950_1,cell1,0.1,,0.95,1,-0.579084,-1.74393,6.33486e-11,1,1,True,True
fs_mm,27,8,1964985325,pass,c1_r100_0950_2,cell1,0.1,,0.95,2,-0.557758,-1.73216,6.74619e-11,1,1,True,True
fs_mm,27,8,1964985325,pass,c1_r100_0950_3,cell1,0.1,,0.95,3,-0.538795,-1.75597,6.99874e-11,1,1,True,True
fs_mm,27,8,1964985325,pass,c1_r100_1000_0,cell1,0.1,,1.0,0,-0.602077,-1.73762,6.28654e-11,1,1,True,True
fs_mm,27,8,1964985325,pass,c1_r100_1000_1,cell1,0.1,,1.0,1,-0.568275,-1.73294,6.76766e-11,1,1,True,True
fs_mm,27,8,1964985325,pass,c1_r100_1000_2,cell1,0.1,,1.0,2,-0.603963,-1.7471,6.24906e-11,1,1,True,True
fs_mm,27,8,1964985325,pass,c1_r100_1000_3,cell1,0.1,,1.0,3,-0.502572,-1.72949,7.31852e-11,1,1,True,True
fs_mm,27,9,15227387,pass,c0_r050_0000_0,cell0,0.05,,0.0,0,0.0534055,1.8,1.81612e-10,0,0,True,True
fs_mm,27,9,15227387,pass,c0_r050_0000_1,cell0,0.05,,0.0,1,0.0520935,1.8,1.83548e-10,0,0,True,True
fs_mm,27,9,15227387,pass,c0_r050_0000_2,cell0,0.05,,0.0,2,0.0541687,1.79999,1.73451e-10,0,0,True,True
fs_mm,27,9,15227387,pass,c0_r050_0000_3,cell0,0.05,,0.0,3,0.0517562,1.8,2.11373e-10,0,0,True,True
fs_mm,27,9,15227387,pass,c1_r050_0600_0,cell1,0.05,,0.6,0,0.0499871,1.79987,2.29042e-10,1,0,False,False
fs_mm,27,9,15227387,pass,c1_r050_0600_1,cell1,0.05,,0.6,1,0.0352639,1.79939,1.93201e-10,1,0,False,False
fs_mm,27,9,15227387,pass,c1_r050_0600_2,cell1,0.05,,0.6,2,0.0546883,1.79994,1.91926e-10,1,0,False,False
fs_mm,27,9,15227387,pass,c1_r050_0600_3,cell1,0.05,,0.6,3,0.0463274,1.79969,1.90309e-10,1,0,False,False
fs_mm,27,9,15227387,pass,c1_r050_0650_0,cell1,0.05,,0.65,0,0.0527051,1.79993,2.01477e-10,1,0,False,False
fs_mm,27,9,15227387,pass,c1_r050_0650_1,cell1,0.05,,0.65,1,0.0277972,-1.79951,3.04671e-10,1,1,True,True
fs_mm,27,9,15227387,pass,c1_r050_0650_2,cell1,0.05,,0.65,2,0.0144168,1.79877,4.23655e-10,1,0,False,False
fs_mm,27,9,15227387,pass,c1_r050_0650_3,cell1,0.05,,0.65,3,0.0249944,1.7991,2.02453e-10,1,0,False,False
fs_mm,27,9,15227387,pass,c1_r050_0700_0,cell1,0.05,,0.7,0,0.0402802,1.79957,2.193e-10,1,0,False,False
fs_mm,27,9,15227387,pass,c1_r050_0700_1,cell1,0.05,,0.7,1,-0.0595564,-1.79888,1.7613e-10,1,1,True,True
fs_mm,27,9,15227387,pass,c1_r050_0700_2,cell1,0.05,,0.7,2,-0.00568357,-1.79662,2.63549e-10,1,1,True,True
fs_mm,27,9,15227387,pass,c1_r050_0700_3,cell1,0.05,,0.7,3,0.0499239,1.79989,2.16927e-10,1,0,False,False
fs_mm,27,9,15227387,pass,c1_r050_0750_0,cell1,0.05,,0.75,0,0.0244926,1.79908,2.16119e-10,1,0,False,False
fs_mm,27,9,15227387,pass,c1_r050_0750_1,cell1,0.05,,0.75,1,0.0448844,1.7997,2.2309e-10,1,0,False,False
fs_mm,27,9,15227387,pass,c1_r050_0750_2,cell1,0.05,,0.75,2,-0.237657,-1.79181,1.19564e-10,1,1,True,True
fs_mm,27,9,15227387,pass,c1_r050_0750_3,cell1,0.05,,0.75,3,-0.713653,-1.79333,4.9144e-11,1,1,True,True
fs_mm,27,9,15227387,pass,c1_r050_0800_0,cell1,0.05,,0.8,0,-0.264192,-1.79461,1.15751e-10,1,1,True,True
fs_mm,27,9,15227387,pass,c1_r050_0800_1,cell1,0.05,,0.8,1,-0.0970042,-1.78267,1.86321e-10,1,1,True,True
fs_mm,27,9,15227387,pass,c1_r050_0800_2,cell1,0.05,,0.8,2,-0.728932,-1.78508,4.48246e-11,1,1,True,True
fs_mm,27,9,15227387,pass,c1_r050_0800_3,cell1,0.05,,0.8,3,-0.73983,-1.78919,4.31409e-11,1,1,True,True
fs_mm,27,9,15227387,pass,c1_r050_0850_0,cell1,0.05,,0.85,0,-0.528817,-1.77771,7.10569e-11,1,1,True,True
fs_mm,27,9,15227387,pass,c1_r050_0850_1,cell1,0.05,,0.85,1,-0.45982,-1.77827,7.9903e-11,1,1,True,True
fs_mm,27,9,15227387,pass,c1_r050_0850_2,cell1,0.05,,0.85,2,-0.598079,-1.75985,6.48968e-11,1,1,True,True
fs_mm,27,9,15227387,pass,c1_r050_0850_3,cell1,0.05,,0.85,3,-0.722637,-1.78294,4.59678e-11,1,1,True,True
fs_mm,27,9,15227387,pass,c1_r050_0900_0,cell1,0.05,,0.9,0,-0.640588,-1.76523,5.8986e-11,1,1,True,True
fs_mm,27,9,15227387,pass,c1_r050_0900_1,cell1,0.05,,0.9,1,-0.62989,-1.75916,6.19921e-11,1,1,True,True
fs_mm,27,9,15227387,pass,c1_r050_0900_2,cell1,0.05,,0.9,2,-0.670205,-1.76704,5.33275e-11,1,1,True,True
fs_mm,27,9,15227387,pass,c1_r050_0900_3,cell1,0.05,,0.9,3,-0.628668,-1.76628,6.07124e-11,1,1,True,True
fs_mm,27,9,15227387,pass,c1_r050_0950_0,cell1,0.05,,0.95,0,-0.627411,-1.76561,5.91037e-11,1,1,True,True
fs_mm,27,9,15227387,pass,c1_r050_0950_1,cell1,0.05,,0.95,1,-0.614219,-1.75576,6.23306e-11,1,1,True,True
fs_mm,27,9,15227387,pass,c1_r050_0950_2,cell1,0.05,,0.95,2,-0.634455,-1.75269,5.80995e-11,1,1,True,True
fs_mm,27,9,15227387,pass,c1_r050_0950_3,cell1,0.05,,0.95,3,-0.700331,-1.75738,5.06235e-11,1,1,True,True
fs_mm,27,9,15227387,pass,c1_r050_1000_0,cell1,0.05,,1.0,0,-0.526652,-1.70011,7.43781e-11,1,1,True,True
fs_mm,27,9,15227387,pass,c1_r050_1000_1,cell1,0.05,,1.0,1,-0.704452,-1.75735,4.84559e-11,1,1,True,True
fs_mm,27,9,15227387,pass,c1_r050_1000_2,cell1,0.05,,1.0,2,-0.656336,-1.7479,5.66286e-11,1,1,True,True
fs_mm,27,9,15227387,pass,c1_r050_1000_3,cell1,0.05,,1.0,3,-0.652889,-1.75883,5.82163e-11,1,1,True,True
fs_mm,27,9,15227387,pass,c0_r100_0000_0,cell0,0.1,,0.0,0,0.108056,1.79999,1.52668e-10,0,0,True,True
fs_mm,27,9,15227387,pass,c0_r100_0000_1,cell0,0.1,,0.0,1,0.106857,1.79999,1.6977e-10,0,0,True,True
fs_mm,27,9,15227387,pass,c0_r100_0000_2,cell0,0.1,,0.0,2,0.1075,1.79999,1.72978e-10,0,0,True,True
fs_mm,27,9,15227387,pass,c0_r100_0000_3,cell0,0.1,,0.0,3,0.107475,1.79999,1.50514e-10,0,0,True,True
fs_mm,27,9,15227387,pass,c1_r100_0600_0,cell1,0.1,,0.6,0,0.0869077,1.79929,1.83199e-10,1,0,False,False
fs_mm,27,9,15227387,pass,c1_r100_0600_1,cell1,0.1,,0.6,1,0.0838885,1.79918,1.64679e-10,1,0,False,False
fs_mm,27,9,15227387,pass,c1_r100_0600_2,cell1,0.1,,0.6,2,0.105319,1.79992,1.75271e-10,1,0,False,False
fs_mm,27,9,15227387,pass,c1_r100_0600_3,cell1,0.1,,0.6,3,0.0962064,1.7996,2.11913e-10,1,0,False,False
fs_mm,27,9,15227387,pass,c1_r100_0650_0,cell1,0.1,,0.65,0,0.103598,1.79984,1.5201e-10,1,0,False,False
fs_mm,27,9,15227387,pass,c1_r100_0650_1,cell1,0.1,,0.65,1,0.106497,1.79988,1.5136e-10,1,0,False,False
fs_mm,27,9,15227387,pass,c1_r100_0650_2,cell1,0.1,,0.65,2,0.0662767,1.79871,1.895e-10,1,0,False,False
fs_mm,27,9,15227387,pass,c1_r100_0650_3,cell1,0.1,,0.65,3,0.102281,1.79981,1.85464e-10,1,0,False,False
fs_mm,27,9,15227387,pass,c1_r100_0700_0,cell1,0.1,,0.7,0,0.0841791,1.79923,1.94554e-10,1,0,False,False
fs_mm,27,9,15227387,pass,c1_r100_0700_1,cell1,0.1,,0.7,1,-0.187269,-1.79509,1.32357e-10,1,1,True,True
fs_mm,27,9,15227387,pass,c1_r100_0700_2,cell1,0.1,,0.7,2,0.0763823,1.79906,1.84282e-10,1,0,False,False
fs_mm,27,9,15227387,pass,c1_r100_0700_3,cell1,0.1,,0.7,3,0.044595,1.79813,2.18764e-10,1,0,False,False
fs_mm,27,9,15227387,pass,c1_r100_0750_0,cell1,0.1,,0.75,0,-0.482265,-1.79244,7.68783e-11,1,1,True,True
fs_mm,27,9,15227387,pass,c1_r100_0750_1,cell1,0.1,,0.75,1,-0.0732089,-1.79656,1.68155e-10,1,1,True,True
fs_mm,27,9,15227387,pass,c1_r100_0750_2,cell1,0.1,,0.75,2,0.0793268,1.79906,1.77565e-10,1,0,False,False
fs_mm,27,9,15227387,pass,c1_r100_0750_3,cell1,0.1,,0.75,3,-0.263396,-1.79539,1.18927e-10,1,1,True,True
fs_mm,27,9,15227387,pass,c1_r100_0800_0,cell1,0.1,,0.8,0,-0.0737705,-1.78907,1.74482e-10,1,1,True,True
fs_mm,27,9,15227387,pass,c1_r100_0800_1,cell1,0.1,,0.8,1,-0.306237,-1.79354,1.04475e-10,1,1,True,True
fs_mm,27,9,15227387,pass,c1_r100_0800_2,cell1,0.1,,0.8,2,-0.168059,-1.78827,1.41463e-10,1,1,True,True
fs_mm,27,9,15227387,pass,c1_r100_0800_3,cell1,0.1,,0.8,3,-0.55573,-1.78223,6.79817e-11,1,1,True,True
fs_mm,27,9,15227387,pass,c1_r100_0850_0,cell1,0.1,,0.85,0,-0.471273,-1.76365,7.42978e-11,1,1,True,True
fs_mm,27,9,15227387,pass,c1_r100_0850_1,cell1,0.1,,0.85,1,-0.310194,-1.78952,1.05616e-10,1,1,True,True
fs_mm,27,9,15227387,pass,c1_r100_0850_2,cell1,0.1,,0.85,2,-0.206483,-1.77897,1.3524e-10,1,1,True,True
fs_mm,27,9,15227387,pass,c1_r100_0850_3,cell1,0.1,,0.85,3,-0.331612,-1.78232,9.83325e-11,1,1,True,True
fs_mm,27,9,15227387,pass,c1_r100_0900_0,cell1,0.1,,0.9,0,-0.501005,-1.75636,7.45821e-11,1,1,True,True
fs_mm,27,9,15227387,pass,c1_r100_0900_1,cell1,0.1,,0.9,1,-0.614231,-1.76862,6.20944e-11,1,1,True,True
fs_mm,27,9,15227387,pass,c1_r100_0900_2,cell1,0.1,,0.9,2,-0.589755,-1.76927,6.50656e-11,1,1,True,True
fs_mm,27,9,15227387,pass,c1_r100_0900_3,cell1,0.1,,0.9,3,-0.673325,-1.77863,5.3608e-11,1,1,True,True
fs_mm,27,9,15227387,pass,c1_r100_0950_0,cell1,0.1,,0.95,0,-0.563077,-1.74581,6.75532e-11,1,1,True,True
fs_mm,27,9,15227387,pass,c1_r100_0950_1,cell1,0.1,,0.95,1,-0.516138,-1.74211,7.46045e-11,1,1,True,True
fs_mm,27,9,15227387,pass,c1_r100_0950_2,cell1,0.1,,0.95,2,-0.557518,-1.75037,6.83234e-11,1,1,True,True
fs_mm,27,9,15227387,pass,c1_r100_0950_3,cell1,0.1,,0.95,3,-0.55222,-1.7454,7.07345e-11,1,1,True,True
fs_mm,27,9,15227387,pass,c1_r100_1000_0,cell1,0.1,,1.0,0,-0.651314,-1.76084,5.72043e-11,1,1,True,True
fs_mm,27,9,15227387,pass,c1_r100_1000_1,cell1,0.1,,1.0,1,-0.58926,-1.7401,6.46659e-11,1,1,True,True
fs_mm,27,9,15227387,pass,c1_r100_1000_2,cell1,0.1,,1.0,2,-0.589964,-1.74985,6.43568e-11,1,1,True,True
fs_mm,27,9,15227387,pass,c1_r100_1000_3,cell1,0.1,,1.0,3,-0.56955,-1.73096,6.60638e-11,1,1,True,True
fs_mm,27,10,1291043870,pass,c0_r050_0000_0,cell0,0.05,,0.0,0,0.0529542,1.8,1.87297e-10,0,0,True,True
fs_mm,27,10,1291043870,pass,c0_r050_0000_1,cell0,0.05,,0.0,1,0.0542021,1.80001,1.99096e-10,0,0,True,True
fs_mm,27,10,1291043870,pass,c0_r050_0000_2,cell0,0.05,,0.0,2,0.0535621,1.8,1.91263e-10,0,0,True,True
fs_mm,27,10,1291043870,pass,c0_r050_0000_3,cell0,0.05,,0.0,3,0.0521748,1.8,2.23026e-10,0,0,True,True
fs_mm,27,10,1291043870,pass,c1_r050_0600_0,cell1,0.05,,0.6,0,0.025748,1.79914,2.39382e-10,1,0,False,False
fs_mm,27,10,1291043870,pass,c1_r050_0600_1,cell1,0.05,,0.6,1,0.0346678,1.79929,2.54812e-10,1,0,False,False
fs_mm,27,10,1291043870,pass,c1_r050_0600_2,cell1,0.05,,0.6,2,0.0497526,1.79971,1.79931e-10,1,0,False,False
fs_mm,27,10,1291043870,pass,c1_r050_0600_3,cell1,0.05,,0.6,3,0.0417471,1.79962,2.70792e-10,1,0,False,False
fs_mm,27,10,1291043870,pass,c1_r050_0650_0,cell1,0.05,,0.65,0,0.00734868,-1.79902,3.39634e-10,1,1,True,True
fs_mm,27,10,1291043870,pass,c1_r050_0650_1,cell1,0.05,,0.65,1,-0.0512962,-1.79968,1.93905e-10,1,1,True,True
fs_mm,27,10,1291043870,pass,c1_r050_0650_2,cell1,0.05,,0.65,2,0.018743,1.79888,2.84216e-10,1,0,False,False
fs_mm,27,10,1291043870,pass,c1_r050_0650_3,cell1,0.05,,0.65,3,0.0311699,1.79922,2.5348e-10,1,0,False,False
fs_mm,27,10,1291043870,pass,c1_r050_0700_0,cell1,0.05,,0.7,0,0.0375121,1.79939,1.82446e-10,1,0,False,False
fs_mm,27,10,1291043870,pass,c1_r050_0700_1,cell1,0.05,,0.7,1,0.0402655,1.7996,2.28924e-10,1,0,False,False
fs_mm,27,10,1291043870,pass,c1_r050_0700_2,cell1,0.05,,0.7,2,-0.0847766,-1.79487,1.82526e-10,1,1,True,True
fs_mm,27,10,1291043870,pass,c1_r050_0700_3,cell1,0.05,,0.7,3,0.0348381,1.79941,2.07682e-10,1,0,False,False
fs_mm,27,10,1291043870,pass,c1_r050_0750_0,cell1,0.05,,0.75,0,0.0367867,1.79939,1.98909e-10,1,0,False,False
fs_mm,27,10,1291043870,pass,c1_r050_0750_1,cell1,0.05,,0.75,1,-0.379855,-1.78543,9.50676e-11,1,1,True,True
fs_mm,27,10,1291043870,pass,c1_r050_0750_2,cell1,0.05,,0.75,2,-0.137012,-1.79132,1.47569e-10,1,1,True,True
fs_mm,27,10,1291043870,pass,c1_r050_0750_3,cell1,0.05,,0.75,3,-0.253135,-1.79309,1.15509e-10,1,1,True,True
fs_mm,27,10,1291043870,pass,c1_r050_0800_0,cell1,0.05,,0.8,0,-0.105656,-1.78849,1.7793e-10,1,1,True,True
fs_mm,27,10,1291043870,pass,c1_r050_0800_1,cell1,0.05,,0.8,1,-0.178131,-1.78497,1.34208e-10,1,1,True,True
fs_mm,27,10,1291043870,pass,c1_r050_0800_2,cell1,0.05,,0.8,2,-0.375562,-1.78329,9.40461e-11,1,1,True,True
fs_mm,27,10,1291043870,pass,c1_r050_0800_3,cell1,0.05,,0.8,3,-0.132355,-1.7924,1.58595e-10,1,1,True,True
fs_mm,27,10,1291043870,pass,c1_r050_0850_0,cell1,0.05,,0.85,0,-0.216264,-1.76176,1.26132e-10,1,1,True,True
fs_mm,27,10,1291043870,pass,c1_r050_0850_1,cell1,0.05,,0.85,1,-0.477837,-1.77979,7.89497e-11,1,1,True,True
fs_mm,27,10,1291043870,pass,c1_r050_0850_2,cell1,0.05,,0.85,2,-0.658354,-1.77516,5.5017e-11,1,1,True,True
fs_mm,27,10,1291043870,pass,c1_r050_0850_3,cell1,0.05,,0.85,3,-0.62881,-1.76504,5.96149e-11,1,1,True,True
fs_mm,27,10,1291043870,pass,c1_r050_0900_0,cell1,0.05,,0.9,0,-0.525484,-1.77995,7.10785e-11,1,1,True,True
fs_mm,27,10,1291043870,pass,c1_r050_0900_1,cell1,0.05,,0.9,1,-0.581665,-1.76565,6.73517e-11,1,1,True,True
fs_mm,27,10,1291043870,pass,c1_r050_0900_2,cell1,0.05,,0.9,2,-0.496883,-1.75171,7.37249e-11,1,1,True,True
fs_mm,27,10,1291043870,pass,c1_r050_0900_3,cell1,0.05,,0.9,3,-0.630633,-1.77327,5.90564e-11,1,1,True,True
fs_mm,27,10,1291043870,pass,c1_r050_0950_0,cell1,0.05,,0.95,0,-0.638683,-1.75602,5.68519e-11,1,1,True,True
fs_mm,27,10,1291043870,pass,c1_r050_0950_1,cell1,0.05,,0.95,1,-0.709216,-1.76302,4.80952e-11,1,1,True,True
fs_mm,27,10,1291043870,pass,c1_r050_0950_2,cell1,0.05,,0.95,2,-0.595256,-1.7512,6.38039e-11,1,1,True,True
fs_mm,27,10,1291043870,pass,c1_r050_0950_3,cell1,0.05,,0.95,3,-0.579816,-1.73773,6.69232e-11,1,1,True,True
fs_mm,27,10,1291043870,pass,c1_r050_1000_0,cell1,0.05,,1.0,0,-0.592382,-1.73581,6.4729e-11,1,1,True,True
fs_mm,27,10,1291043870,pass,c1_r050_1000_1,cell1,0.05,,1.0,1,-0.612209,-1.73435,6.22512e-11,1,1,True,True
fs_mm,27,10,1291043870,pass,c1_r050_1000_2,cell1,0.05,,1.0,2,-0.622651,-1.73603,6.1015e-11,1,1,True,True
fs_mm,27,10,1291043870,pass,c1_r050_1000_3,cell1,0.05,,1.0,3,-0.674164,-1.75306,5.39065e-11,1,1,True,True
fs_mm,27,10,1291043870,pass,c0_r100_0000_0,cell0,0.1,,0.0,0,0.106211,1.79999,1.68669e-10,0,0,True,True
fs_mm,27,10,1291043870,pass,c0_r100_0000_1,cell0,0.1,,0.0,1,0.107686,1.8,1.80711e-10,0,0,True,True
fs_mm,27,10,1291043870,pass,c0_r100_0000_2,cell0,0.1,,0.0,2,0.105294,1.79999,1.71738e-10,0,0,True,True
fs_mm,27,10,1291043870,pass,c0_r100_0000_3,cell0,0.1,,0.0,3,0.107573,1.79999,1.70934e-10,0,0,True,True
fs_mm,27,10,1291043870,pass,c1_r100_0600_0,cell1,0.1,,0.6,0,0.10346,1.79982,1.51752e-10,1,0,False,False
fs_mm,27,10,1291043870,pass,c1_r100_0600_1,cell1,0.1,,0.6,1,0.0930851,1.79953,1.87695e-10,1,0,False,False
fs_mm,27,10,1291043870,pass,c1_r100_0600_2,cell1,0.1,,0.6,2,0.0756862,1.79898,1.88824e-10,1,0,False,False
fs_mm,27,10,1291043870,pass,c1_r100_0600_3,cell1,0.1,,0.6,3,0.101079,1.79978,1.64062e-10,1,0,False,False
fs_mm,27,10,1291043870,pass,c1_r100_0650_0,cell1,0.1,,0.65,0,0.0929837,1.79955,1.97223e-10,1,0,False,False
fs_mm,27,10,1291043870,pass,c1_r100_0650_1,cell1,0.1,,0.65,1,0.093178,1.79951,1.78218e-10,1,0,False,False
fs_mm,27,10,1291043870,pass,c1_r100_0650_2,cell1,0.1,,0.65,2,-0.0599869,-1.79878,1.89082e-10,1,1,True,True
fs_mm,27,10,1291043870,pass,c1_r100_0650_3,cell1,0.1,,0.65,3,0.0566041,1.79843,2.09466e-10,1,0,False,False
fs_mm,27,10,1291043870,pass,c1_r100_0700_0,cell1,0.1,,0.7,0,0.0708707,1.79887,1.91571e-10,1,0,False,False
fs_mm,27,10,1291043870,pass,c1_r100_0700_1,cell1,0.1,,0.7,1,-0.0479324,-1.79431,2.022e-10,1,1,True,True
fs_mm,27,10,1291043870,pass,c1_r100_0700_2,cell1,0.1,,0.7,2,0.0476911,1.79819,1.87977e-10,1,0,False,False
fs_mm,27,10,1291043870,pass,c1_r100_0700_3,cell1,0.1,,0.7,3,0.00774255,1.79719,3.60072e-10,1,0,False,False
fs_mm,27,10,1291043870,pass,c1_r100_0750_0,cell1,0.1,,0.75,0,-0.00568139,-1.78556,2.39121e-10,1,1,True,True
fs_mm,27,10,1291043870,pass,c1_r100_0750_1,cell1,0.1,,0.75,1,-0.434187,-1.78703,8.43913e-11,1,1,True,True
fs_mm,27,10,1291043870,pass,c1_r100_0750_2,cell1,0.1,,0.75,2,-0.648849,-1.79651,5.75219e-11,1,1,True,True
fs_mm,27,10,1291043870,pass,c1_r100_0750_3,cell1,0.1,,0.75,3,0.0853775,1.79923,1.67557e-10,1,0,False,False
fs_mm,27,10,1291043870,pass,c1_r100_0800_0,cell1,0.1,,0.8,0,-0.317737,-1.77955,1.0718e-10,1,1,True,True
fs_mm,27,10,1291043870,pass,c1_r100_0800_1,cell1,0.1,,0.8,1,-0.340548,-1.79252,1.00448e-10,1,1,True,True
fs_mm,27,10,1291043870,pass,c1_r100_0800_2,cell1,0.1,,0.8,2,-0.153334,-1.785,1.40304e-10,1,1,True,True
fs_mm,27,10,1291043870,pass,c1_r100_0800_3,cell1,0.1,,0.8,3,-0.372327,-1.78969,9.88858e-11,1,1,True,True
fs_mm,27,10,1291043870,pass,c1_r100_0850_0,cell1,0.1,,0.85,0,-0.2096,-1.77061,1.36718e-10,1,1,True,True
fs_mm,27,10,1291043870,pass,c1_r100_0850_1,cell1,0.1,,0.85,1,-0.629127,-1.7871,5.83446e-11,1,1,True,True
fs_mm,27,10,1291043870,pass,c1_r100_0850_2,cell1,0.1,,0.85,2,-0.322044,-1.78677,1.03668e-10,1,1,True,True
fs_mm,27,10,1291043870,pass,c1_r100_0850_3,cell1,0.1,,0.85,3,-0.563867,-1.78378,6.65682e-11,1,1,True,True
fs_mm,27,10,1291043870,pass,c1_r100_0900_0,cell1,0.1,,0.9,0,-0.574905,-1.75498,6.53161e-11,1,1,True,True
fs_mm,27,10,1291043870,pass,c1_r100_0900_1,cell1,0.1,,0.9,1,-0.615245,-1.75894,6.25539e-11,1,1,True,True
fs_mm,27,10,1291043870,pass,c1_r100_0900_2,cell1,0.1,,0.9,2,-0.648582,-1.77849,5.7376e-11,1,1,True,True
fs_mm,27,10,1291043870,pass,c1_r100_0900_3,cell1,0.1,,0.9,3,-0.594942,-1.77161,6.28265e-11,1,1,True,True
fs_mm,27,10,1291043870,pass,c1_r100_0950_0,cell1,0.1,,0.95,0,-0.51665,-1.73405,7.35766e-11,1,1,True,True
fs_mm,27,10,1291043870,pass,c1_r100_0950_1,cell1,0.1,,0.95,1,-0.623049,-1.75507,5.89558e-11,1,1,True,True
fs_mm,27,10,1291043870,pass,c1_r100_0950_2,cell1,0.1,,0.95,2,-0.599441,-1.76578,6.24462e-11,1,1,True,True
fs_mm,27,10,1291043870,pass,c1_r100_0950_3,cell1,0.1,,0.95,3,-0.555078,-1.75223,6.76537e-11,1,1,True,True
fs_mm,27,10,1291043870,pass,c1_r100_1000_0,cell1,0.1,,1.0,0,-0.528024,-1.73351,7.25593e-11,1,1,True,True
fs_mm,27,10,1291043870,pass,c1_r100_1000_1,cell1,0.1,,1.0,1,-0.533732,-1.73034,7.17602e-11,1,1,True,True
fs_mm,27,10,1291043870,pass,c1_r100_1000_2,cell1,0.1,,1.0,2,-0.62276,-1.74274,5.88627e-11,1,1,True,True
fs_mm,27,10,1291043870,pass,c1_r100_1000_3,cell1,0.1,,1.0,3,-0.561693,-1.73535,6.73017e-11,1,1,True,True
fs_mm,27,11,171576268,pass,c0_r050_0000_0,cell0,0.05,,0.0,0,0.0547147,1.8,1.91362e-10,0,0,True,True
fs_mm,27,11,171576268,pass,c0_r050_0000_1,cell0,0.05,,0.0,1,0.0546402,1.8,2.06955e-10,0,0,True,True
fs_mm,27,11,171576268,pass,c0_r050_0000_2,cell0,0.05,,0.0,2,0.0556103,1.8,1.84823e-10,0,0,True,True
fs_mm,27,11,171576268,pass,c0_r050_0000_3,cell0,0.05,,0.0,3,0.0550938,1.79998,1.52976e-10,0,0,True,True
fs_mm,27,11,171576268,pass,c1_r050_0600_0,cell1,0.05,,0.6,0,0.0495468,1.7998,1.86083e-10,1,0,False,False
fs_mm,27,11,171576268,pass,c1_r050_0600_1,cell1,0.05,,0.6,1,0.0516222,1.79987,2.05008e-10,1,0,False,False
fs_mm,27,11,171576268,pass,c1_r050_0600_2,cell1,0.05,,0.6,2,0.0525455,1.79997,2.28202e-10,1,0,False,False
fs_mm,27,11,171576268,pass,c1_r050_0600_3,cell1,0.05,,0.6,3,0.0316902,1.79928,2.75798e-10,1,0,False,False
fs_mm,27,11,171576268,pass,c1_r050_0650_0,cell1,0.05,,0.65,0,0.0439939,1.79969,1.92896e-10,1,0,False,False
fs_mm,27,11,171576268,pass,c1_r050_0650_1,cell1,0.05,,0.65,1,0.0299725,1.79924,2.21212e-10,1,0,False,False
fs_mm,27,11,171576268,pass,c1_r050_0650_2,cell1,0.05,,0.65,2,0.0429561,1.79965,2.07175e-10,1,0,False,False
fs_mm,27,11,171576268,pass,c1_r050_0650_3,cell1,0.05,,0.65,3,0.0442548,1.7997,2.06807e-10,1,0,False,False
fs_mm,27,11,171576268,pass,c1_r050_0700_0,cell1,0.05,,0.7,0,0.0199432,1.79895,3.12845e-10,1,0,False,False
fs_mm,27,11,171576268,pass,c1_r050_0700_1,cell1,0.05,,0.7,1,0.0290064,1.79921,3.05503e-10,1,0,False,False
fs_mm,27,11,171576268,pass,c1_r050_0700_2,cell1,0.05,,0.7,2,0.045623,1.79966,1.93348e-10,1,0,False,False
fs_mm,27,11,171576268,pass,c1_r050_0700_3,cell1,0.05,,0.7,3,0.00372958,-1.79539,3.75245e-10,1,1,True,True
fs_mm,27,11,171576268,pass,c1_r050_0750_0,cell1,0.05,,0.75,0,-0.0843863,-1.78928,1.71671e-10,1,1,True,True
fs_mm,27,11,171576268,pass,c1_r050_0750_1,cell1,0.05,,0.75,1,-0.242568,-1.79509,1.2426e-10,1,1,True,True
fs_mm,27,11,171576268,pass,c1_r050_0750_2,cell1,0.05,,0.75,2,-0.0386403,-1.78955,2.24348e-10,1,1,True,True
fs_mm,27,11,171576268,pass,c1_r050_0750_3,cell1,0.05,,0.75,3,-0.345375,-1.79566,9.88445e-11,1,1,True,True
fs_mm,27,11,171576268,pass,c1_r050_0800_0,cell1,0.05,,0.8,0,-0.654042,-1.79309,5.63878e-11,1,1,True,True
fs_mm,27,11,171576268,pass,c1_r050_0800_1,cell1,0.05,,0.8,1,-0.222932,-1.77838,1.38054e-10,1,1,True,True
fs_mm,27,11,171576268,pass,c1_r050_0800_2,cell1,0.05,,0.8,2,-0.201151,-1.79056,1.31285e-10,1,1,True,True
fs_mm,27,11,171576268,pass,c1_r050_0800_3,cell1,0.05,,0.8,3,-0.70229,-1.79128,5.0604e-11,1,1,True,True
fs_mm,27,11,171576268,pass,c1_r050_0850_0,cell1,0.05,,0.85,0,-0.64317,-1.76849,5.729e-11,1,1,True,True
fs_mm,27,11,171576268,pass,c1_r050_0850_1,cell1,0.05,,0.85,1,-0.296367,-1.75962,1.14009e-10,1,1,True,True
fs_mm,27,11,171576268,pass,c1_r050_0850_2,cell1,0.05,,0.85,2,-0.657245,-1.77232,5.51801e-11,1,1,True,True
fs_mm,27,11,171576268,pass,c1_r050_0850_3,cell1,0.05,,0.85,3,-0.617843,-1.77126,6.04435e-11,1,1,True,True
fs_mm,27,11,171576268,pass,c1_r050_0900_0,cell1,0.05,,0.9,0,-0.529253,-1.77714,7.0038e-11,1,1,True,True
fs_mm,27,11,171576268,pass,c1_r050_0900_1,cell1,0.05,,0.9,1,-0.605236,-1.74973,6.23217e-11,1,1,True,True
fs_mm,27,11,171576268,pass,c1_r050_0900_2,cell1,0.05,,0.9,2,-0.68922,-1.77418,5.15984e-11,1,1,True,True
fs_mm,27,11,171576268,pass,c1_r050_0900_3,cell1,0.05,,0.9,3,-0.695662,-1.77002,5.0986e-11,1,1,True,True
fs_mm,27,11,171576268,pass,c1_r050_0950_0,cell1,0.05,,0.95,0,-0.662903,-1.76804,5.52782e-11,1,1,True,True
fs_mm,27,11,171576268,pass,c1_r050_0950_1,cell1,0.05,,0.95,1,-0.646644,-1.73995,5.67799e-11,1,1,True,True
fs_mm,27,11,171576268,pass,c1_r050_0950_2,cell1,0.05,,0.95,2,-0.663622,-1.76135,5.546e-11,1,1,True,True
fs_mm,27,11,171576268,pass,c1_r050_0950_3,cell1,0.05,,0.95,3,-0.700832,-1.76388,5.08747e-11,1,1,True,True
fs_mm,27,11,171576268,pass,c1_r050_1000_0,cell1,0.05,,1.0,0,-0.647804,-1.75543,5.65918e-11,1,1,True,True
fs_mm,27,11,171576268,pass,c1_r050_1000_1,cell1,0.05,,1.0,1,-0.57669,-1.72728,6.56319e-11,1,1,True,True
fs_mm,27,11,171576268,pass,c1_r050_1000_2,cell1,0.05,,1.0,2,-0.605216,-1.72813,6.32734e-11,1,1,True,True
fs_mm,27,11,171576268,pass,c1_r050_1000_3,cell1,0.05,,1.0,3,-0.494172,-1.7116,7.68257e-11,1,1,True,True
fs_mm,27,11,171576268,pass,c0_r100_0000_0,cell0,0.1,,0.0,0,0.106674,1.79999,1.66239e-10,0,0,True,True
fs_mm,27,11,171576268,pass,c0_r100_0000_1,cell0,0.1,,0.0,1,0.106758,1.8,1.85363e-10,0,0,True,True
fs_mm,27,11,171576268,pass,c0_r100_0000_2,cell0,0.1,,0.0,2,0.107563,1.8,1.78773e-10,0,0,True,True
fs_mm,27,11,171576268,pass,c0_r100_0000_3,cell0,0.1,,0.0,3,0.107854,1.79998,1.55718e-10,0,0,True,True
fs_mm,27,11,171576268,pass,c1_r100_0600_0,cell1,0.1,,0.6,0,0.100774,1.79972,1.66008e-10,1,0,False,False
fs_mm,27,11,171576268,pass,c1_r100_0600_1,cell1,0.1,,0.6,1,0.0983534,1.79965,1.90085e-10,1,0,False,False
fs_mm,27,11,171576268,pass,c1_r100_0600_2,cell1,0.1,,0.6,2,0.0540588,1.79835,1.9249e-10,1,0,False,False
fs_mm,27,11,171576268,pass,c1_r100_0600_3,cell1,0.1,,0.6,3,0.107903,1.79994,1.67476e-10,1,0,False,False
fs_mm,27,11,171576268,pass,c1_r100_0650_0,cell1,0.1,,0.65,0,0.104307,1.79987,1.71424e-10,1,0,False,False
fs_mm,27,11,171576268,pass,c1_r100_0650_1,cell1,0.1,,0.65,1,0.0867301,1.79933,1.9673e-10,1,0,False,False
fs_mm,27,11,171576268,pass,c1_r100_0650_2,cell1,0.1,,0.65,2,0.070838,1.79885,1.91408e-10,1,0,False,False
fs_mm,27,11,171576268,pass,c1_r100_0650_3,cell1,0.1,,0.65,3,0.0737402,1.79897,2.11237e-10,1,0,False,False
fs_mm,27,11,171576268,pass,c1_r100_0700_0,cell1,0.1,,0.7,0,-0.0522956,-1.79602,1.91739e-10,1,1,True,True
fs_mm,27,11,171576268,pass,c1_r100_0700_1,cell1,0.1,,0.7,1,0.0874324,1.79939,2.0123e-10,1,0,False,False
fs_mm,27,11,171576268,pass,c1_r100_0700_2,cell1,0.1,,0.7,2,0.100746,1.79971,1.6479e-10,1,0,False,False
fs_mm,27,11,171576268,pass,c1_r100_0700_3,cell1,0.1,,0.7,3,0.046294,1.79814,1.88756e-10,1,0,False,False
fs_mm,27,11,171576268,pass,c1_r100_0750_0,cell1,0.1,,0.75,0,-0.204649,-1.78696,1.28709e-10,1,1,True,True
fs_mm,27,11,171576268,pass,c1_r100_0750_1,cell1,0.1,,0.75,1,0.0847722,1.79924,1.89598e-10,1,0,False,False
fs_mm,27,11,171576268,pass,c1_r100_0750_2,cell1,0.1,,0.75,2,0.0794562,1.79909,1.97253e-10,1,0,False,False
fs_mm,27,11,171576268,pass,c1_r100_0750_3,cell1,0.1,,0.75,3,0.0670635,1.79877,1.97116e-10,1,0,False,False
fs_mm,27,11,171576268,pass,c1_r100_0800_0,cell1,0.1,,0.8,0,-0.210008,-1.78502,1.3012e-10,1,1,True,True
fs_mm,27,11,171576268,pass,c1_r100_0800_1,cell1,0.1,,0.8,1,-0.508909,-1.79187,7.41053e-11,1,1,True,True
fs_mm,27,11,171576268,pass,c1_r100_0800_2,cell1,0.1,,0.8,2,-0.25016,-1.7815,1.20762e-10,1,1,True,True
fs_mm,27,11,171576268,pass,c1_r100_0800_3,cell1,0.1,,0.8,3,-0.00728873,-1.78065,2.303e-10,1,1,True,True
fs_mm,27,11,171576268,pass,c1_r100_0850_0,cell1,0.1,,0.85,0,-0.621337,-1.77284,5.98721e-11,1,1,True,True
fs_mm,27,11,171576268,pass,c1_r100_0850_1,cell1,0.1,,0.85,1,-0.621936,-1.7681,6.02131e-11,1,1,True,True
fs_mm,27,11,171576268,pass,c1_r100_0850_2,cell1,0.1,,0.85,2,-0.271672,-1.77681,1.09975e-10,1,1,True,True
fs_mm,27,11,171576268,pass,c1_r100_0850_3,cell1,0.1,,0.85,3,-0.529469,-1.78356,7.01423e-11,1,1,True,True
fs_mm,27,11,171576268,pass,c1_r100_0900_0,cell1,0.1,,0.9,0,-0.702984,-1.77057,5.0037e-11,1,1,True,True
fs_mm,27,11,171576268,pass,c1_r100_0900_1,cell1,0.1,,0.9,1,-0.587562,-1.76309,6.55687e-11,1,1,True,True
fs_mm,27,11,171576268,pass,c1_r100_0900_2,cell1,0.1,,0.9,2,-0.586507,-1.77037,6.34729e-11,1,1,True,True
fs_mm,27,11,171576268,pass,c1_r100_0900_3,cell1,0.1,,0.9,3,-0.569694,-1.76363,6.63928e-11,1,1,True,True
fs_mm,27,11,171576268,pass,c1_r100_0950_0,cell1,0.1,,0.95,0,-0.627684,-1.75619,5.97295e-11,1,1,True,True
fs_mm,27,11,171576268,pass,c1_r100_0950_1,cell1,0.1,,0.95,1,-0.595384,-1.75028,6.50963e-11,1,1,True,True
fs_mm,27,11,171576268,pass,c1_r100_0950_2,cell1,0.1,,0.95,2,-0.560877,-1.73838,6.7875e-11,1,1,True,True
fs_mm,27,11,171576268,pass,c1_r100_0950_3,cell1,0.1,,0.95,3,-0.482055,-1.74969,7.6902e-11,1,1,True,True
fs_mm,27,11,171576268,pass,c1_r100_1000_0,cell1,0.1,,1.0,0,-0.487404,-1.73928,7.67781e-11,1,1,True,True
fs_mm,27,11,171576268,pass,c1_r100_1000_1,cell1,0.1,,1.0,1,-0.574909,-1.73394,6.52256e-11,1,1,True,True
fs_mm,27,11,171576268,pass,c1_r100_1000_2,cell1,0.1,,1.0,2,-0.571941,-1.73323,6.79365e-11,1,1,True,True
fs_mm,27,11,171576268,pass,c1_r100_1000_3,cell1,0.1,,1.0,3,-0.567735,-1.74374,6.63422e-11,1,1,True,True
fs_mm,27,12,1912989142,pass,c0_r050_0000_0,cell0,0.05,,0.0,0,0.0525777,1.8,1.91388e-10,0,0,True,True
fs_mm,27,12,1912989142,pass,c0_r050_0000_1,cell0,0.05,,0.0,1,0.0529793,1.8,1.8636e-10,0,0,True,True
fs_mm,27,12,1912989142,pass,c0_r050_0000_2,cell0,0.05,,0.0,2,0.0530768,1.8,1.97382e-10,0,0,True,True
fs_mm,27,12,1912989142,pass,c0_r050_0000_3,cell0,0.05,,0.0,3,0.0511583,1.8,1.88918e-10,0,0,True,True
fs_mm,27,12,1912989142,pass,c1_r050_0600_0,cell1,0.05,,0.6,0,0.0516195,1.79988,1.7749e-10,1,0,False,False
fs_mm,27,12,1912989142,pass,c1_r050_0600_1,cell1,0.05,,0.6,1,0.0436982,1.79957,2.55475e-10,1,0,False,False
fs_mm,27,12,1912989142,pass,c1_r050_0600_2,cell1,0.05,,0.6,2,-0.00775892,1.79816,3.51576e-10,1,0,False,False
fs_mm,27,12,1912989142,pass,c1_r050_0600_3,cell1,0.05,,0.6,3,0.0522877,1.79987,2.10246e-10,1,0,False,False
fs_mm,27,12,1912989142,pass,c1_r050_0650_0,cell1,0.05,,0.65,0,-0.292668,-1.79536,1.08047e-10,1,1,True,True
fs_mm,27,12,1912989142,pass,c1_r050_0650_1,cell1,0.05,,0.65,1,0.0485184,1.79986,1.89669e-10,1,0,False,False
fs_mm,27,12,1912989142,pass,c1_r050_0650_2,cell1,0.05,,0.65,2,-0.0385121,-1.79873,2.17713e-10,1,1,True,True
fs_mm,27,12,1912989142,pass,c1_r050_0650_3,cell1,0.05,,0.65,3,0.0494605,1.79984,1.89537e-10,1,0,False,False
fs_mm,27,12,1912989142,pass,c1_r050_0700_0,cell1,0.05,,0.7,0,-0.0736465,-1.7988,1.79888e-10,1,1,True,True
fs_mm,27,12,1912989142,pass,c1_r050_0700_1,cell1,0.05,,0.7,1,0.0188706,1.7989,2.52069e-10,1,0,False,False
fs_mm,27,12,1912989142,pass,c1_r050_0700_2,cell1,0.05,,0.7,2,-0.0172707,-1.79902,2.94409e-10,1,1,True,True
fs_mm,27,12,1912989142,pass,c1_r050_0700_3,cell1,0.05,,0.7,3,-0.0931737,-1.79475,1.8349e-10,1,1,True,True
fs_mm,27,12,1912989142,pass,c1_r050_0750_0,cell1,0.05,,0.75,0,-0.36815,-1.7946,9.5498e-11,1,1,True,True
fs_mm,27,12,1912989142,pass,c1_r050_0750_1,cell1,0.05,,0.75,1,-0.473227,-1.79528,7.87421e-11,1,1,True,True
fs_mm,27,12,1912989142,pass,c1_r050_0750_2,cell1,0.05,,0.75,2,0.0468568,1.79968,1.91426e-10,1,0,False,False
fs_mm,27,12,1912989142,pass,c1_r050_0750_3,cell1,0.05,,0.75,3,-0.00717325,-1.79066,3.04769e-10,1,1,True,True
fs_mm,27,12,1912989142,pass,c1_r050_0800_0,cell1,0.05,,0.8,0,-0.374629,-1.79044,9.29766e-11,1,1,True,True
fs_mm,27,12,1912989142,pass,c1_r050_0800_1,cell1,0.05,,0.8,1,-0.361657,-1.7882,9.8505e-11,1,1,True,True
fs_mm,27,12,1912989142,pass,c1_r050_0800_2,cell1,0.05,,0.8,2,-0.0948108,-1.77424,1.77085e-10,1,1,True,True
fs_mm,27,12,1912989142,pass,c1_r050_0800_3,cell1,0.05,,0.8,3,-0.737824,-1.78901,4.6195e-11,1,1,True,True
fs_mm,27,12,1912989142,pass,c1_r050_0850_0,cell1,0.05,,0.85,0,-0.408927,-1.77497,8.7836e-11,1,1,True,True
fs_mm,27,12,1912989142,pass,c1_r050_0850_1,cell1,0.05,,0.85,1,-0.729913,-1.79236,4.41232e-11,1,1,True,True
fs_mm,27,12,1912989142,pass,c1_r050_0850_2,cell1,0.05,,0.85,2,-0.131087,-1.77166,1.49244e-10,1,1,True,True
fs_mm,27,12,1912989142,pass,c1_r050_0850_3,cell1,0.05,,0.85,3,-0.209724,-1.78333,1.25603e-10,1,1,True,True
fs_mm,27,12,1912989142,pass,c1_r050_0900_0,cell1,0.05,,0.9,0,-0.605396,-1.76646,6.31395e-11,1,1,True,True
fs_mm,27,12,1912989142,pass,c1_r050_0900_1,cell1,0.05,,0.9,1,-0.710111,-1.776,5.01244e-11,1,1,True,True
fs_mm,27,12,1912989142,pass,c1_r050_0900_2,cell1,0.05,,0.9,2,-0.638507,-1.76005,5.88685e-11,1,1,True,True
fs_mm,27,12,1912989142,pass,c1_r050_0900_3,cell1,0.05,,0.9,3,-0.622025,-1.74781,6.13319e-11,1,1,True,True
fs_mm,27,12,1912989142,pass,c1_r050_0950_0,cell1,0.05,,0.95,0,-0.635111,-1.76015,6.00581e-11,1,1,True,True
fs_mm,27,12,1912989142,pass,c1_r050_0950_1,cell1,0.05,,0.95,1,-0.688458,-1.76153,5.26839e-11,1,1,True,True
fs_mm,27,12,1912989142,pass,c1_r050_0950_2,cell1,0.05,,0.95,2,-0.666778,-1.77925,5.55543e-11,1,1,True,True
fs_mm,27,12,1912989142,pass,c1_r050_0950_3,cell1,0.05,,0.95,3,-0.575403,-1.74421,6.74324e-11,1,1,True,True
fs_mm,27,12,1912989142,pass,c1_r050_1000_0,cell1,0.05,,1.0,0,-0.653097,-1.7418,5.58416e-11,1,1,True,True
fs_mm,27,12,1912989142,pass,c1_r050_1000_1,cell1,0.05,,1.0,1,-0.675512,-1.74833,5.26054e-11,1,1,True,True
fs_mm,27,12,1912989142,pass,c1_r050_1000_2,cell1,0.05,,1.0,2,-0.607346,-1.7377,6.23417e-11,1,1,True,True
fs_mm,27,12,1912989142,pass,c1_r050_1000_3,cell1,0.05,,1.0,3,-0.661481,-1.75459,5.40619e-11,1,1,True,True
fs_mm,27,12,1912989142,pass,c0_r100_0000_0,cell0,0.1,,0.0,0,0.105614,1.79999,1.74738e-10,0,0,True,True
fs_mm,27,12,1912989142,pass,c0_r100_0000_1,cell0,0.1,,0.0,1,0.106371,1.79999,1.72202e-10,0,0,True,True
fs_mm,27,12,1912989142,pass,c0_r100_0000_2,cell0,0.1,,0.0,2,0.107875,1.8,1.77351e-10,0,0,True,True
fs_mm,27,12,1912989142,pass,c0_r100_0000_3,cell0,0.1,,0.0,3,0.105891,1.79999,1.64076e-10,0,0,True,True
fs_mm,27,12,1912989142,pass,c1_r100_0600_0,cell1,0.1,,0.6,0,0.101997,1.79979,1.8928e-10,1,0,False,False
fs_mm,27,12,1912989142,pass,c1_r100_0600_1,cell1,0.1,,0.6,1,0.0693857,1.79881,2.05443e-10,1,0,False,False
fs_mm,27,12,1912989142,pass,c1_r100_0600_2,cell1,0.1,,0.6,2,0.106345,1.79989,1.66308e-10,1,0,False,False
fs_mm,27,12,1912989142,pass,c1_r100_0600_3,cell1,0.1,,0.6,3,0.0891503,1.79933,1.57068e-10,1,0,False,False
fs_mm,27,12,1912989142,pass,c1_r100_0650_0,cell1,0.1,,0.65,0,0.102633,1.79982,1.68774e-10,1,0,False,False
fs_mm,27,12,1912989142,pass,c1_r100_0650_1,cell1,0.1,,0.65,1,0.0847549,1.79921,1.6827e-10,1,0,False,False
fs_mm,27,12,1912989142,pass,c1_r100_0650_2,cell1,0.1,,0.65,2,0.101542,1.79983,1.78737e-10,1,0,False,False
fs_mm,27,12,1912989142,pass,c1_r100_0650_3,cell1,0.1,,0.65,3,0.101418,1.79981,1.55791e-10,1,0,False,False
fs_mm,27,12,1912989142,pass,c1_r100_0700_0,cell1,0.1,,0.7,0,0.0613686,1.79854,1.88393e-10,1,0,False,False
fs_mm,27,12,1912989142,pass,c1_r100_0700_1,cell1,0.1,,0.7,1,0.0867378,1.79927,1.79571e-10,1,0,False,False
fs_mm,27,12,1912989142,pass,c1_r100_0700_2,cell1,0.1,,0.7,2,0.013879,1.7973,2.77763e-10,1,0,False,False
fs_mm,27,12,1912989142,pass,c1_r100_0700_3,cell1,0.1,,0.7,3,0.100554,1.79972,1.62586e-10,1,0,False,False
fs_mm,27,12,1912989142,pass,c1_r100_0750_0,cell1,0.1,,0.75,0,-0.376779,-1.79569,9.03331e-11,1,1,True,True
fs_mm,27,12,1912989142,pass,c1_r100_0750_1,cell1,0.1,,0.75,1,-0.00230023,1.79693,3.14207e-10,1,0,False,False
fs_mm,27,12,1912989142,pass,c1_r100_0750_2,cell1,0.1,,0.75,2,-0.1248,-1.79377,1.65445e-10,1,1,True,True
fs_mm,27,12,1912989142,pass,c1_r100_0750_3,cell1,0.1,,0.75,3,-0.0525705,-1.79056,1.90629e-10,1,1,True,True
fs_mm,27,12,1912989142,pass,c1_r100_0800_0,cell1,0.1,,0.8,0,-0.30339,-1.78825,1.09019e-10,1,1,True,True
fs_mm,27,12,1912989142,pass,c1_r100_0800_1,cell1,0.1,,0.8,1,-0.190654,-1.7813,1.37699e-10,1,1,True,True
fs_mm,27,12,1912989142,pass,c1_r100_0800_2,cell1,0.1,,0.8,2,-0.0735554,-1.78102,1.81272e-10,1,1,True,True
fs_mm,27,12,1912989142,pass,c1_r100_0800_3,cell1,0.1,,0.8,3,0.0927069,1.79948,1.7791e-10,1,0,False,False
fs_mm,27,12,1912989142,pass,c1_r100_0850_0,cell1,0.1,,0.85,0,-0.530209,-1.76816,6.82746e-11,1,1,True,True
fs_mm,27,12,1912989142,pass,c1_r100_0850_1,cell1,0.1,,0.85,1,-0.585495,-1.76871,6.41207e-11,1,1,True,True
fs_mm,27,12,1912989142,pass,c1_r100_0850_2,cell1,0.1,,0.85,2,-0.654242,-1.77825,5.62916e-11,1,1,True,True
fs_mm,27,12,1912989142,pass,c1_r100_0850_3,cell1,0.1,,0.85,3,-0.422992,-1.78533,8.66354e-11,1,1,True,True
fs_mm,27,12,1912989142,pass,c1_r100_0900_0,cell1,0.1,,0.9,0,-0.338948,-1.77025,1.00629e-10,1,1,True,True
fs_mm,27,12,1912989142,pass,c1_r100_0900_1,cell1,0.1,,0.9,1,-0.636664,-1.77954,5.9266e-11,1,1,True,True
fs_mm,27,12,1912989142,pass,c1_r100_0900_2,cell1,0.1,,0.9,2,-0.639547,-1.77592,5.94473e-11,1,1,True,True
fs_mm,27,12,1912989142,pass,c1_r100_0900_3,cell1,0.1,,0.9,3,-0.644705,-1.77527,5.73846e-11,1,1,True,True
fs_mm,27,12,1912989142,pass,c1_r100_0950_0,cell1,0.1,,0.95,0,-0.606911,-1.77105,6.12754e-11,1,1,True,True
fs_mm,27,12,1912989142,pass,c1_r100_0950_1,cell1,0.1,,0.95,1,-0.285126,-1.74912,1.10883e-10,1,1,True,True
fs_mm,27,12,1912989142,pass,c1_r100_0950_2,cell1,0.1,,0.95,2,-0.603384,-1.7464,6.09021e-11,1,1,True,True
fs_mm,27,12,1912989142,pass,c1_r100_0950_3,cell1,0.1,,0.95,3,-0.558358,-1.7631,6.72206e-11,1,1,True,True
fs_mm,27,12,1912989142,pass,c1_r100_1000_0,cell1,0.1,,1.0,0,-0.561875,-1.72841,6.66854e-11,1,1,True,True
fs_mm,27,12,1912989142,pass,c1_r100_1000_1,cell1,0.1,,1.0,1,-0.575984,-1.74275,6.49752e-11,1,1,True,True
fs_mm,27,12,1912989142,pass,c1_r100_1000_2,cell1,0.1,,1.0,2,-0.660441,-1.76061,5.39496e-11,1,1,True,True
fs_mm,27,12,1912989142,pass,c1_r100_1000_3,cell1,0.1,,1.0,3,-0.599359,-1.74286,6.21984e-11,1,1,True,True
fs_mm,27,13,760807012,pass,c0_r050_0000_0,cell0,0.05,,0.0,0,0.0541121,1.8,1.89403e-10,0,0,True,True
fs_mm,27,13,760807012,pass,c0_r050_0000_1,cell0,0.05,,0.0,1,0.0528533,1.8,2.76096e-10,0,0,True,True
fs_mm,27,13,760807012,pass,c0_r050_0000_2,cell0,0.05,,0.0,2,0.0540697,1.8,1.99505e-10,0,0,True,True
fs_mm,27,13,760807012,pass,c0_r050_0000_3,cell0,0.05,,0.0,3,0.0529362,1.79999,1.79602e-10,0,0,True,True
fs_mm,27,13,760807012,pass,c1_r050_0600_0,cell1,0.05,,0.6,0,0.0382176,1.79948,2.11601e-10,1,0,False,False
fs_mm,27,13,760807012,pass,c1_r050_0600_1,cell1,0.05,,0.6,1,0.0423809,1.79966,2.10719e-10,1,0,False,False
fs_mm,27,13,760807012,pass,c1_r050_0600_2,cell1,0.05,,0.6,2,0.0456451,1.79978,3.09674e-10,1,0,False,False
fs_mm,27,13,760807012,pass,c1_r050_0600_3,cell1,0.05,,0.6,3,0.0531628,1.79998,2.06894e-10,1,0,False,False
fs_mm,27,13,760807012,pass,c1_r050_0650_0,cell1,0.05,,0.65,0,0.0438613,1.79973,1.94254e-10,1,0,False,False
fs_mm,27,13,760807012,pass,c1_r050_0650_1,cell1,0.05,,0.65,1,-0.154921,-1.79837,1.4534e-10,1,1,True,True
fs_mm,27,13,760807012,pass,c1_r050_0650_2,cell1,0.05,,0.65,2,-0.0179533,-1.79965,2.04793e-10,1,1,True,True
fs_mm,27,13,760807012,pass,c1_r050_0650_3,cell1,0.05,,0.65,3,-0.0121371,-1.79795,2.26736e-10,1,1,True,True
fs_mm,27,13,760807012,pass,c1_r050_0700_0,cell1,0.05,,0.7,0,0.0337159,1.79931,2.31158e-10,1,0,False,False
fs_mm,27,13,760807012,pass,c1_r050_0700_1,cell1,0.05,,0.7,1,0.0137875,1.79872,2.16833e-10,1,0,False,False
fs_mm,27,13,760807012,pass,c1_r050_0700_2,cell1,0.05,,0.7,2,0.0302673,1.79921,2.18991e-10,1,0,False,False
fs_mm,27,13,760807012,pass,c1_r050_0700_3,cell1,0.05,,0.7,3,0.0314071,1.79934,2.62059e-10,1,0,False,False
fs_mm,27,13,760807012,pass,c1_r050_0750_0,cell1,0.05,,0.75,0,-0.59941,-1.79054,6.41036e-11,1,1,True,True
fs_mm,27,13,760807012,pass,c1_r050_0750_1,cell1,0.05,,0.75,1,-0.175116,-1.78867,1.39066e-10,1,1,True,True
fs_mm,27,13,760807012,pass,c1_r050_0750_2,cell1,0.05,,0.75,2,-0.0263345,-1.79472,2.33786e-10,1,1,True,True
fs_mm,27,13,760807012,pass,c1_r050_0750_3,cell1,0.05,,0.75,3,-0.0599567,-1.79236,2.17704e-10,1,1,True,True
fs_mm,27,13,760807012,pass,c1_r050_0800_0,cell1,0.05,,0.8,0,-0.381002,-1.7798,8.86702e-11,1,1,True,True
fs_mm,27,13,760807012,pass,c1_r050_0800_1,cell1,0.05,,0.8,1,-0.0576145,-1.78855,2.0557e-10,1,1,True,True
fs_mm,27,13,760807012,pass,c1_r050_0800_2,cell1,0.05,,0.8,2,-0.109338,-1.76925,1.65696e-10,1,1,True,True
fs_mm,27,13,760807012,pass,c1_r050_0800_3,cell1,0.05,,0.8,3,-0.15637,-1.79212,1.43478e-10,1,1,True,True
fs_mm,27,13,760807012,pass,c1_r050_0850_0,cell1,0.05,,0.85,0,-0.659463,-1.778,5.48501e-11,1,1,True,True
fs_mm,27,13,760807012,pass,c1_r050_0850_1,cell1,0.05,,0.85,1,-0.650663,-1.76978,5.67771e-11,1,1,True,True
fs_mm,27,13,760807012,pass,c1_r050_0850_2,cell1,0.05,,0.85,2,-0.234959,-1.77186,1.23795e-10,1,1,True,True
fs_mm,27,13,760807012,pass,c1_r050_0850_3,cell1,0.05,,0.85,3,-0.576388,-1.76916,6.66401e-11,1,1,True,True
fs_mm,27,13,760807012,pass,c1_r050_0900_0,cell1,0.05,,0.9,0,-0.400974,-1.77271,9.28464e-11,1,1,True,True
fs_mm,27,13,760807012,pass,c1_r050_0900_1,cell1,0.05,,0.9,1,-0.261172,-1.78235,1.11469e-10,1,1,True,True
fs_mm,27,13,760807012,pass,c1_r050_0900_2,cell1,0.05,,0.9,2,-0.355086,-1.76837,9.57411e-11,1,1,True,True
fs_mm,27,13,760807012,pass,c1_r050_0900_3,cell1,0.05,,0.9,3,-0.399498,-1.76808,9.14583e-11,1,1,True,True
fs_mm,27,13,760807012,pass,c1_r050_0950_0,cell1,0.05,,0.95,0,-0.601506,-1.75078,6.06257e-11,1,1,True,True
fs_mm,27,13,760807012,pass,c1_r050_0950_1,cell1,0.05,,0.95,1,-0.618187,-1.75104,6.03902e-11,1,1,True,True
fs_mm,27,13,760807012,pass,c1_r050_0950_2,cell1,0.05,,0.95,2,-0.632438,-1.74891,5.93414e-11,1,1,True,True
fs_mm,27,13,760807012,pass,c1_r050_0950_3,cell1,0.05,,0.95,3,-0.683888,-1.76613,5.27432e-11,1,1,True,True
fs_mm,27,13,760807012,pass,c1_r050_1000_0,cell1,0.05,,1.0,0,-0.608865,-1.72575,6.15953e-11,1,1,True,True
fs_mm,27,13,760807012,pass,c1_r050_1000_1,cell1,0.05,,1.0,1,-0.632421,-1.72601,5.95402e-11,1,1,True,True
fs_mm,27,13,760807012,pass,c1_r050_1000_2,cell1,0.05,,1.0,2,-0.614833,-1.73484,6.20531e-11,1,1,True,True
fs_mm,27,13,760807012,pass,c1_r050_1000_3,cell1,0.05,,1.0,3,-0.646921,-1.73981,5.67174e-11,1,1,True,True
fs_mm,27,13,760807012,pass,c0_r100_0000_0,cell0,0.1,,0.0,0,0.108999,1.79999,1.61398e-10,0,0,True,True
fs_mm,27,13,760807012,pass,c0_r100_0000_1,cell0,0.1,,0.0,1,0.108574,1.79999,1.55413e-10,0,0,True,True
fs_mm,27,13,760807012,pass,c0_r100_0000_2,cell0,0.1,,0.0,2,0.105503,1.79999,1.75038e-10,0,0,True,True
fs_mm,27,13,760807012,pass,c0_r100_0000_3,cell0,0.1,,0.0,3,0.106559,1.79999,1.5004e-10,0,0,True,True
fs_mm,27,13,760807012,pass,c1_r100_0600_0,cell1,0.1,,0.6,0,0.0907,1.79938,1.78176e-10,1,0,False,False
fs_mm,27,13,760807012,pass,c1_r100_0600_1,cell1,0.1,,0.6,1,0.100127,1.79969,1.5833e-10,1,0,False,False
fs_mm,27,13,760807012,pass,c1_r100_0600_2,cell1,0.1,,0.6,2,0.104358,1.79984,1.52747e-10,1,0,False,False
fs_mm,27,13,760807012,pass,c1_r100_0600_3,cell1,0.1,,0.6,3,0.106927,1.79997,1.85301e-10,1,0,False,False
fs_mm,27,13,760807012,pass,c1_r100_0650_0,cell1,0.1,,0.65,0,0.094495,1.79958,1.73113e-10,1,0,False,False
fs_mm,27,13,760807012,pass,c1_r100_0650_1,cell1,0.1,,0.65,1,0.099537,1.79972,1.79301e-10,1,0,False,False
fs_mm,27,13,760807012,pass,c1_r100_0650_2,cell1,0.1,,0.65,2,0.0283251,1.79766,2.22738e-10,1,0,False,False
fs_mm,27,13,760807012,pass,c1_r100_0650_3,cell1,0.1,,0.65,3,0.105947,1.7999,1.70939e-10,1,0,False,False
fs_mm,27,13,760807012,pass,c1_r100_0700_0,cell1,0.1,,0.7,0,0.0410607,1.79801,2.29566e-10,1,0,False,False
fs_mm,27,13,760807012,pass,c1_r100_0700_1,cell1,0.1,,0.7,1,0.0817975,1.79914,1.74355e-10,1,0,False,False
fs_mm,27,13,760807012,pass,c1_r100_0700_2,cell1,0.1,,0.7,2,0.0675546,1.79873,1.77038e-10,1,0,False,False
fs_mm,27,13,760807012,pass,c1_r100_0700_3,cell1,0.1,,0.7,3,-0.0312235,-1.79427,2.22282e-10,1,1,True,True
fs_mm,27,13,760807012,pass,c1_r100_0750_0,cell1,0.1,,0.75,0,-0.0326274,-1.79146,2.00448e-10,1,1,True,True
fs_mm,27,13,760807012,pass,c1_r100_0750_1,cell1,0.1,,0.75,1,-0.0659851,-1.79814,2.05625e-10,1,1,True,True
fs_mm,27,13,760807012,pass,c1_r100_0750_2,cell1,0.1,,0.75,2,0.0692026,1.7988,1.92632e-10,1,0,False,False
fs_mm,27,13,760807012,pass,c1_r100_0750_3,cell1,0.1,,0.75,3,-0.133105,-1.79267,1.4568e-10,1,1,True,True
fs_mm,27,13,760807012,pass,c1_r100_0800_0,cell1,0.1,,0.8,0,-0.371087,-1.7757,9.60473e-11,1,1,True,True
fs_mm,27,13,760807012,pass,c1_r100_0800_1,cell1,0.1,,0.8,1,-0.17286,-1.78904,1.47822e-10,1,1,True,True
fs_mm,27,13,760807012,pass,c1_r100_0800_2,cell1,0.1,,0.8,2,-0.326247,-1.78074,1.00665e-10,1,1,True,True
fs_mm,27,13,760807012,pass,c1_r100_0800_3,cell1,0.1,,0.8,3,0.0450897,1.79816,2.15405e-10,1,0,False,False
fs_mm,27,13,760807012,pass,c1_r100_0850_0,cell1,0.1,,0.85,0,-0.524057,-1.76478,7.04919e-11,1,1,True,True
fs_mm,27,13,760807012,pass,c1_r100_0850_1,cell1,0.1,,0.85,1,-0.579211,-1.7698,6.54449e-11,1,1,True,True
fs_mm,27,13,760807012,pass,c1_r100_0850_2,cell1,0.1,,0.85,2,-0.303485,-1.77348,1.05589e-10,1,1,True,True
fs_mm,27,13,760807012,pass,c1_r100_0850_3,cell1,0.1,,0.85,3,-0.596534,-1.768,6.24713e-11,1,1,True,True
fs_mm,27,13,760807012,pass,c1_r100_0900_0,cell1,0.1,,0.9,0,-0.361265,-1.77192,9.37074e-11,1,1,True,True
fs_mm,27,13,760807012,pass,c1_r100_0900_1,cell1,0.1,,0.9,1,-0.532181,-1.75076,7.23442e-11,1,1,True,True
fs_mm,27,13,760807012,pass,c1_r100_0900_2,cell1,0.1,,0.9,2,-0.589788,-1.7625,6.47824e-11,1,1,True,True
fs_mm,27,13,760807012,pass,c1_r100_0900_3,cell1,0.1,,0.9,3,-0.586167,-1.76752,6.20544e-11,1,1,True,True
fs_mm,27,13,760807012,pass,c1_r100_0950_0,cell1,0.1,,0.95,0,-0.647945,-1.76709,5.66606e-11,1,1,True,True
fs_mm,27,13,760807012,pass,c1_r100_0950_1,cell1,0.1,,0.95,1,-0.604678,-1.74445,6.23732e-11,1,1,True,True
fs_mm,27,13,760807012,pass,c1_r100_0950_2,cell1,0.1,,0.95,2,-0.60615,-1.75179,6.28751e-11,1,1,True,True
fs_mm,27,13,760807012,pass,c1_r100_0950_3,cell1,0.1,,0.95,3,-0.663866,-1.76885,5.4712e-11,1,1,True,True
fs_mm,27,13,760807012,pass,c1_r100_1000_0,cell1,0.1,,1.0,0,-0.448322,-1.71595,8.27722e-11,1,1,True,True
fs_mm,27,13,760807012,pass,c1_r100_1000_1,cell1,0.1,,1.0,1,-0.663058,-1.75489,5.50781e-11,1,1,True,True
fs_mm,27,13,760807012,pass,c1_r100_1000_2,cell1,0.1,,1.0,2,-0.56075,-1.73538,6.67315e-11,1,1,True,True
fs_mm,27,13,760807012,pass,c1_r100_1000_3,cell1,0.1,,1.0,3,-0.539577,-1.73174,7.01042e-11,1,1,True,True
fs_mm,27,14,930626964,pass,c0_r050_0000_0,cell0,0.05,,0.0,0,0.0539584,1.8,1.81729e-10,0,0,True,True
fs_mm,27,14,930626964,pass,c0_r050_0000_1,cell0,0.05,,0.0,1,0.0521815,1.8,2.15182e-10,0,0,True,True
fs_mm,27,14,930626964,pass,c0_r050_0000_2,cell0,0.05,,0.0,2,0.0509925,1.8,2.07675e-10,0,0,True,True
fs_mm,27,14,930626964,pass,c0_r050_0000_3,cell0,0.05,,0.0,3,0.0545535,1.79999,1.70769e-10,0,0,True,True
fs_mm,27,14,930626964,pass,c1_r050_0600_0,cell1,0.05,,0.6,0,0.0539678,1.79994,1.91968e-10,1,0,False,False
fs_mm,27,14,930626964,pass,c1_r050_0600_1,cell1,0.05,,0.6,1,-0.00988362,-1.79966,2.73239e-10,1,1,True,True
fs_mm,27,14,930626964,pass,c1_r050_0600_2,cell1,0.05,,0.6,2,0.0489209,1.7999,2.05286e-10,1,0,False,False
fs_mm,27,14,930626964,pass,c1_r050_0600_3,cell1,0.05,,0.6,3,0.0448547,1.79978,2.25558e-10,1,0,False,False
fs_mm,27,14,930626964,pass,c1_r050_0650_0,cell1,0.05,,0.65,0,0.0346703,1.79932,2.04186e-10,1,0,False,False
fs_mm,27,14,930626964,pass,c1_r050_0650_1,cell1,0.05,,0.65,1,0.00379698,1.79842,2.27305e-10,1,0,False,False
fs_mm,27,14,930626964,pass,c1_r050_0650_2,cell1,0.05,,0.65,2,-0.00806012,1.79814,3.35675e-10,1,0,False,False
fs_mm,27,14,930626964,pass,c1_r050_0650_3,cell1,0.05,,0.65,3,-0.0471651,-1.79789,1.90975e-10,1,1,True,True
fs_mm,27,14,930626964,pass,c1_r050_0700_0,cell1,0.05,,0.7,0,0.00696324,1.79854,2.58122e-10,1,0,False,False
fs_mm,27,14,930626964,pass,c1_r050_0700_1,cell1,0.05,,0.7,1,-0.101557,-1.79443,1.76656e-10,1,1,True,True
fs_mm,27,14,930626964,pass,c1_r050_0700_2,cell1,0.05,,0.7,2,-0.123932,-1.79382,1.63521e-10,1,1,True,True
fs_mm,27,14,930626964,pass,c1_r050_0700_3,cell1,0.05,,0.7,3,-0.200752,-1.79833,1.30737e-10,1,1,True,True
fs_mm,27,14,930626964,pass,c1_r050_0750_0,cell1,0.05,,0.75,0,0.0136278,1.79876,2.81124e-10,1,0,False,False
fs_mm,27,14,930626964,pass,c1_r050_0750_1,cell1,0.05,,0.75,1,0.0313602,1.79921,2.39551e-10,1,0,False,False
fs_mm,27,14,930626964,pass,c1_r050_0750_2,cell1,0.05,,0.75,2,-0.139289,-1.78871,1.50771e-10,1,1,True,True
fs_mm,27,14,930626964,pass,c1_r050_0750_3,cell1,0.05,,0.75,3,0.00102257,-1.79131,2.69858e-10,1,1,True,True
fs_mm,27,14,930626964,pass,c1_r050_0800_0,cell1,0.05,,0.8,0,-0.175576,-1.79136,1.47751e-10,1,1,True,True
fs_mm,27,14,930626964,pass,c1_r050_0800_1,cell1,0.05,,0.8,1,-0.562622,-1.7765,6.85826e-11,1,1,True,True
fs_mm,27,14,930626964,pass,c1_r050_0800_2,cell1,0.05,,0.8,2,-0.260837,-1.78766,1.20948e-10,1,1,True,True
fs_mm,27,14,930626964,pass,c1_r050_0800_3,cell1,0.05,,0.8,3,-0.551018,-1.78992,6.69287e-11,1,1,True,True
fs_mm,27,14,930626964,pass,c1_r050_0850_0,cell1,0.05,,0.85,0,-0.673303,-1.78504,5.36262e-11,1,1,True,True
fs_mm,27,14,930626964,pass,c1_r050_0850_1,cell1,0.05,,0.85,1,-0.521568,-1.76773,7.40086e-11,1,1,True,True
fs_mm,27,14,930626964,pass,c1_r050_0850_2,cell1,0.05,,0.85,2,-0.656904,-1.77536,5.52721e-11,1,1,True,True
fs_mm,27,14,930626964,pass,c1_r050_0850_3,cell1,0.05,,0.85,3,-0.704264,-1.78262,5.06385e-11,1,1,True,True
fs_mm,27,14,930626964,pass,c1_r050_0900_0,cell1,0.05,,0.9,0,-0.701873,-1.76438,5.05007e-11,1,1,True,True
fs_mm,27,14,930626964,pass,c1_r050_0900_1,cell1,0.05,,0.9,1,-0.19408,-1.75737,1.37822e-10,1,1,True,True
fs_mm,27,14,930626964,pass,c1_r050_0900_2,cell1,0.05,,0.9,2,-0.591086,-1.76258,6.46253e-11,1,1,True,True
fs_mm,27,14,930626964,pass,c1_r050_0900_3,cell1,0.05,,0.9,3,-0.647225,-1.76741,5.48868e-11,1,1,True,True
fs_mm,27,14,930626964,pass,c1_r050_0950_0,cell1,0.05,,0.95,0,-0.662359,-1.74508,5.51724e-11,1,1,True,True
fs_mm,27,14,930626964,pass,c1_r050_0950_1,cell1,0.05,,0.95,1,-0.607003,-1.72974,6.14599e-11,1,1,True,True
fs_mm,27,14,930626964,pass,c1_r050_0950_2,cell1,0.05,,0.95,2,-0.649593,-1.76214,5.50557e-11,1,1,True,True
fs_mm,27,14,930626964,pass,c1_r050_0950_3,cell1,0.05,,0.95,3,-0.607222,-1.75612,6.25371e-11,1,1,True,True
fs_mm,27,14,930626964,pass,c1_r050_1000_0,cell1,0.05,,1.0,0,-0.553258,-1.72392,6.95685e-11,1,1,True,True
fs_mm,27,14,930626964,pass,c1_r050_1000_1,cell1,0.05,,1.0,1,-0.636029,-1.73455,5.76412e-11,1,1,True,True
fs_mm,27,14,930626964,pass,c1_r050_1000_2,cell1,0.05,,1.0,2,-0.610847,-1.73051,6.17644e-11,1,1,True,True
fs_mm,27,14,930626964,pass,c1_r050_1000_3,cell1,0.05,,1.0,3,-0.595289,-1.73124,6.55707e-11,1,1,True,True
fs_mm,27,14,930626964,pass,c0_r100_0000_0,cell0,0.1,,0.0,0,0.106266,1.8,1.80305e-10,0,0,True,True
fs_mm,27,14,930626964,pass,c0_r100_0000_1,cell0,0.1,,0.0,1,0.106197,1.79999,1.59191e-10,0,0,True,True
fs_mm,27,14,930626964,pass,c0_r100_0000_2,cell0,0.1,,0.0,2,0.107998,1.79999,1.54268e-10,0,0,True,True
fs_mm,27,14,930626964,pass,c0_r100_0000_3,cell0,0.1,,0.0,3,0.106472,1.79999,1.63763e-10,0,0,True,True
fs_mm,27,14,930626964,pass,c1_r100_0600_0,cell1,0.1,,0.6,0,0.0886034,1.79933,1.60678e-10,1,0,False,False
fs_mm,27,14,930626964,pass,c1_r100_0600_1,cell1,0.1,,0.6,1,0.0898196,1.79944,1.86447e-10,1,0,False,False
fs_mm,27,14,930626964,pass,c1_r100_0600_2,cell1,0.1,,0.6,2,0.104411,1.79986,1.51244e-10,1,0,False,False
fs_mm,27,14,930626964,pass,c1_r100_0600_3,cell1,0.1,,0.6,3,0.0979367,1.7996,1.7582e-10,1,0,False,False
fs_mm,27,14,930626964,pass,c1_r100_0650_0,cell1,0.1,,0.65,0,0.0933905,1.7995,1.81893e-10,1,0,False,False
fs_mm,27,14,930626964,pass,c1_r100_0650_1,cell1,0.1,,0.65,1,0.102284,1.79985,1.66547e-10,1,0,False,False
fs_mm,27,14,930626964,pass,c1_r100_0650_2,cell1,0.1,,0.65,2,0.00129328,-1.79383,2.85545e-10,1,1,True,True
fs_mm,27,14,930626964,pass,c1_r100_0650_3,cell1,0.1,,0.65,3,-0.166309,-1.79918,1.41691e-10,1,1,True,True
fs_mm,27,14,930626964,pass,c1_r100_0700_0,cell1,0.1,,0.7,0,0.06294,1.79862,2.04591e-10,1,0,False,False
fs_mm,27,14,930626964,pass,c1_r100_0700_1,cell1,0.1,,0.7,1,0.0963684,1.79955,1.76484e-10,1,0,False,False
fs_mm,27,14,930626964,pass,c1_r100_0700_2,cell1,0.1,,0.7,2,0.0528012,1.79832,1.94216e-10,1,0,False,False
fs_mm,27,14,930626964,pass,c1_r100_0700_3,cell1,0.1,,0.7,3,0.0942453,1.79953,1.99764e-10,1,0,False,False
fs_mm,27,14,930626964,pass,c1_r100_0750_0,cell1,0.1,,0.75,0,0.0906537,1.79944,1.73508e-10,1,0,False,False
fs_mm,27,14,930626964,pass,c1_r100_0750_1,cell1,0.1,,0.75,1,0.0536906,1.79838,1.76314e-10,1,0,False,False
fs_mm,27,14,930626964,pass,c1_r100_0750_2,cell1,0.1,,0.75,2,-0.183608,-1.79145,1.41193e-10,1,1,True,True
fs_mm,27,14,930626964,pass,c1_r100_0750_3,cell1,0.1,,0.75,3,0.0618923,1.79858,1.85086e-10,1,0,False,False
fs_mm,27,14,930626964,pass,c1_r100_0800_0,cell1,0.1,,0.8,0,-0.659122,-1.78639,5.51912e-11,1,1,True,True
fs_mm,27,14,930626964,pass,c1_r100_0800_1,cell1,0.1,,0.8,1,-0.276453,-1.79185,1.11053e-10,1,1,True,True
fs_mm,27,14,930626964,pass,c1_r100_0800_2,cell1,0.1,,0.8,2,-0.00395314,-1.78546,2.71735e-10,1,1,True,True
fs_mm,27,14,930626964,pass,c1_r100_0800_3,cell1,0.1,,0.8,3,-0.262297,-1.77818,1.26326e-10,1,1,True,True
fs_mm,27,14,930626964,pass,c1_r100_0850_0,cell1,0.1,,0.85,0,-0.628238,-1.78691,5.77879e-11,1,1,True,True
fs_mm,27,14,930626964,pass,c1_r100_0850_1,cell1,0.1,,0.85,1,-0.386048,-1.76793,9.3151e-11,1,1,True,True
fs_mm,27,14,930626964,pass,c1_r100_0850_2,cell1,0.1,,0.85,2,-0.440321,-1.76901,8.21828e-11,1,1,True,True
fs_mm,27,14,930626964,pass,c1_r100_0850_3,cell1,0.1,,0.85,3,-0.416953,-1.78454,8.90176e-11,1,1,True,True
fs_mm,27,14,930626964,pass,c1_r100_0900_0,cell1,0.1,,0.9,0,-0.661743,-1.77048,5.47439e-11,1,1,True,True
fs_mm,27,14,930626964,pass,c1_r100_0900_1,cell1,0.1,,0.9,1,-0.587979,-1.77187,6.44588e-11,1,1,True,True
fs_mm,27,14,930626964,pass,c1_r100_0900_2,cell1,0.1,,0.9,2,-0.614824,-1.75767,6.07607e-11,1,1,True,True
fs_mm,27,14,930626964,pass,c1_r100_0900_3,cell1,0.1,,0.9,3,-0.193652,-1.76067,1.32844e-10,1,1,True,True
fs_mm,27,14,930626964,pass,c1_r100_0950_0,cell1,0.1,,0.95,0,-0.576533,-1.75113,6.67504e-11,1,1,True,True
fs_mm,27,14,930626964,pass,c1_r100_0950_1,cell1,0.1,,0.95,1,-0.484098,-1.7506,7.49345e-11,1,1,True,True
fs_mm,27,14,930626964,pass,c1_r100_0950_2,cell1,0.1,,0.95,2,-0.602617,-1.74906,6.36833e-11,1,1,True,True
fs_mm,27,14,930626964,pass,c1_r100_0950_3,cell1,0.1,,0.95,3,-0.622011,-1.75814,6.09811e-11,1,1,True,True
fs_mm,27,14,930626964,pass,c1_r100_1000_0,cell1,0.1,,1.0,0,-0.561901,-1.74752,6.89397e-11,1,1,True,True
fs_mm,27,14,930626964,pass,c1_r100_1000_1,cell1,0.1,,1.0,1,-0.600141,-1.74418,6.28586e-11,1,1,True,True
fs_mm,27,14,930626964,pass,c1_r100_1000_2,cell1,0.1,,1.0,2,-0.542161,-1.74154,7.13756e-11,1,1,True,True
fs_mm,27,14,930626964,pass,c1_r100_1000_3,cell1,0.1,,1.0,3,-0.528835,-1.72764,7.27345e-11,1,1,True,True
fs_mm,27,15,137157902,pass,c0_r050_0000_0,cell0,0.05,,0.0,0,0.0532346,1.80001,2.06371e-10,0,0,True,True
fs_mm,27,15,137157902,pass,c0_r050_0000_1,cell0,0.05,,0.0,1,0.0536005,1.8,2.12809e-10,0,0,True,True
fs_mm,27,15,137157902,pass,c0_r050_0000_2,cell0,0.05,,0.0,2,0.054667,1.8,1.93625e-10,0,0,True,True
fs_mm,27,15,137157902,pass,c0_r050_0000_3,cell0,0.05,,0.0,3,0.0546784,1.8,1.90488e-10,0,0,True,True
fs_mm,27,15,137157902,pass,c1_r050_0600_0,cell1,0.05,,0.6,0,0.045925,1.79965,1.99327e-10,1,0,False,False
fs_mm,27,15,137157902,pass,c1_r050_0600_1,cell1,0.05,,0.6,1,0.0363149,-1.7999,2.91285e-10,1,1,True,True
fs_mm,27,15,137157902,pass,c1_r050_0600_2,cell1,0.05,,0.6,2,0.0273691,1.7992,3.81404e-10,1,0,False,False
fs_mm,27,15,137157902,pass,c1_r050_0600_3,cell1,0.05,,0.6,3,0.0486256,1.79983,2.00578e-10,1,0,False,False
fs_mm,27,15,137157902,pass,c1_r050_0650_0,cell1,0.05,,0.65,0,-0.0531828,-1.79901,2.19759e-10,1,1,True,True
fs_mm,27,15,137157902,pass,c1_r050_0650_1,cell1,0.05,,0.65,1,-0.0847022,-1.79919,1.81555e-10,1,1,True,True
fs_mm,27,15,137157902,pass,c1_r050_0650_2,cell1,0.05,,0.65,2,-0.117896,-1.7973,1.67851e-10,1,1,True,True
fs_mm,27,15,137157902,pass,c1_r050_0650_3,cell1,0.05,,0.65,3,0.0416943,1.79956,3.22629e-10,1,0,False,False
fs_mm,27,15,137157902,pass,c1_r050_0700_0,cell1,0.05,,0.7,0,-0.136384,-1.79683,1.49787e-10,1,1,True,True
fs_mm,27,15,137157902,pass,c1_r050_0700_1,cell1,0.05,,0.7,1,-0.00439697,1.79823,3.40521e-10,1,0,False,False
fs_mm,27,15,137157902,pass,c1_r050_0700_2,cell1,0.05,,0.7,2,0.0348337,1.79937,3.6344e-10,1,0,False,False
fs_mm,27,15,137157902,pass,c1_r050_0700_3,cell1,0.05,,0.7,3,0.0233045,1.79906,3.01278e-10,1,0,False,False
fs_mm,27,15,137157902,pass,c1_r050_0750_0,cell1,0.05,,0.75,0,-0.123666,-1.7925,1.6354e-10,1,1,True,True
fs_mm,27,15,137157902,pass,c1_r050_0750_1,cell1,0.05,,0.75,1,-0.407235,-1.78962,8.52269e-11,1,1,True,True
fs_mm,27,15,137157902,pass,c1_r050_0750_2,cell1,0.05,,0.75,2,-0.29731,-1.79287,1.06119e-10,1,1,True,True
fs_mm,27,15,137157902,pass,c1_r050_0750_3,cell1,0.05,,0.75,3,-0.00201073,-1.78718,2.64713e-10,1,1,True,True
fs_mm,27,15,137157902,pass,c1_r050_0800_0,cell1,0.05,,0.8,0,-0.268773,-1.78814,1.1588e-10,1,1,True,True
fs_mm,27,15,137157902,pass,c1_r050_0800_1,cell1,0.05,,0.8,1,-0.498074,-1.78449,7.41897e-11,1,1,True,True
fs_mm,27,15,137157902,pass,c1_r050_0800_2,cell1,0.05,,0.8,2,-0.68321,-1.78548,5.31382e-11,1,1,True,True
fs_mm,27,15,137157902,pass,c1_r050_0800_3,cell1,0.05,,0.8,3,-0.291562,-1.77525,1.0778e-10,1,1,True,True
fs_mm,27,15,137157902,pass,c1_r050_0850_0,cell1,0.05,,0.85,0,-0.677306,-1.77734,5.33424e-11,1,1,True,True
fs_mm,27,15,137157902,pass,c1_r050_0850_1,cell1,0.05,,0.85,1,-0.547004,-1.78648,6.89561e-11,1,1,True,True
fs_mm,27,15,137157902,pass,c1_r050_0850_2,cell1,0.05,,0.85,2,-0.695244,-1.77805,5.19384e-11,1,1,True,True
fs_mm,27,15,137157902,pass,c1_r050_0850_3,cell1,0.05,,0.85,3,-0.681714,-1.77349,5.39987e-11,1,1,True,True
fs_mm,27,15,137157902,pass,c1_r050_0900_0,cell1,0.05,,0.9,0,-0.676291,-1.76746,5.29024e-11,1,1,True,True
fs_mm,27,15,137157902,pass,c1_r050_0900_1,cell1,0.05,,0.9,1,-0.636994,-1.76879,5.87746e-11,1,1,True,True
fs_mm,27,15,137157902,pass,c1_r050_0900_2,cell1,0.05,,0.9,2,-0.612295,-1.76092,6.17161e-11,1,1,True,True
fs_mm,27,15,137157902,pass,c1_r050_0900_3,cell1,0.05,,0.9,3,-0.610173,-1.76253,6.03989e-11,1,1,True,True
fs_mm,27,15,137157902,pass,c1_r050_0950_0,cell1,0.05,,0.95,0,-0.675861,-1.76001,5.29734e-11,1,1,True,True
fs_mm,27,15,137157902,pass,c1_r050_0950_1,cell1,0.05,,0.95,1,-0.585827,-1.74925,6.66748e-11,1,1,True,True
fs_mm,27,15,137157902,pass,c1_r050_0950_2,cell1,0.05,,0.95,2,-0.709549,-1.75895,4.94951e-11,1,1,True,True
fs_mm,27,15,137157902,pass,c1_r050_0950_3,cell1,0.05,,0.95,3,-0.637339,-1.75277,6.02873e-11,1,1,True,True
fs_mm,27,15,137157902,pass,c1_r050_1000_0,cell1,0.05,,1.0,0,-0.707818,-1.7587,4.84723e-11,1,1,True,True
fs_mm,27,15,137157902,pass,c1_r050_1000_1,cell1,0.05,,1.0,1,-0.598818,-1.73001,6.59972e-11,1,1,True,True
fs_mm,27,15,137157902,pass,c1_r050_1000_2,cell1,0.05,,1.0,2,-0.659077,-1.73251,5.55514e-11,1,1,True,True
fs_mm,27,15,137157902,pass,c1_r050_1000_3,cell1,0.05,,1.0,3,-0.619545,-1.73298,6.13081e-11,1,1,True,True
fs_mm,27,15,137157902,pass,c0_r100_0000_0,cell0,0.1,,0.0,0,0.106053,1.79999,1.57376e-10,0,0,True,True
fs_mm,27,15,137157902,pass,c0_r100_0000_1,cell0,0.1,,0.0,1,0.107406,1.79999,1.62835e-10,0,0,True,True
fs_mm,27,15,137157902,pass,c0_r100_0000_2,cell0,0.1,,0.0,2,0.10548,1.79999,1.74039e-10,0,0,True,True
fs_mm,27,15,137157902,pass,c0_r100_0000_3,cell0,0.1,,0.0,3,0.106968,1.79999,1.68806e-10,0,0,True,True
fs_mm,27,15,137157902,pass,c1_r100_0600_0,cell1,0.1,,0.6,0,0.0843816,1.79922,1.54257e-10,1,0,False,False
fs_mm,27,15,137157902,pass,c1_r100_0600_1,cell1,0.1,,0.6,1,0.100155,1.79977,1.78495e-10,1,0,False,False
fs_mm,27,15,137157902,pass,c1_r100_0600_2,cell1,0.1,,0.6,2,0.105762,1.79996,1.57117e-10,1,0,False,False
fs_mm,27,15,137157902,pass,c1_r100_0600_3,cell1,0.1,,0.6,3,0.0552369,1.79839,1.73379e-10,1,0,False,False
fs_mm,27,15,137157902,pass,c1_r100_0650_0,cell1,0.1,,0.65,0,0.0977961,1.79971,2.01801e-10,1,0,False,False
fs_mm,27,15,137157902,pass,c1_r100_0650_1,cell1,0.1,,0.65,1,0.081962,1.79913,1.66637e-10,1,0,False,False
fs_mm,27,15,137157902,pass,c1_r100_0650_2,cell1,0.1,,0.65,2,0.103145,1.79982,1.71425e-10,1,0,False,False
fs_mm,27,15,137157902,pass,c1_r100_0650_3,cell1,0.1,,0.65,3,0.0991266,1.79969,1.59759e-10,1,0,False,False
fs_mm,27,15,137157902,pass,c1_r100_0700_0,cell1,0.1,,0.7,0,-0.0590434,-1.79599,2.0383e-10,1,1,True,True
fs_mm,27,15,137157902,pass,c1_r100_0700_1,cell1,0.1,,0.7,1,0.0383876,1.79795,2.7472e-10,1,0,False,False
fs_mm,27,15,137157902,pass,c1_r100_0700_2,cell1,0.1,,0.7,2,0.0771071,1.79901,1.84741e-10,1,0,False,False
fs_mm,27,15,137157902,pass,c1_r100_0700_3,cell1,0.1,,0.7,3,0.0341323,1.79784,1.97496e-10,1,0,False,False
fs_mm,27,15,137157902,pass,c1_r100_0750_0,cell1,0.1,,0.75,0,-0.143594,-1.79251,1.50571e-10,1,1,True,True
fs_mm,27,15,137157902,pass,c1_r100_0750_1,cell1,0.1,,0.75,1,-0.490031,-1.78833,7.45018e-11,1,1,True,True
fs_mm,27,15,137157902,pass,c1_r100_0750_2,cell1,0.1,,0.75,2,0.0723848,1.79889,1.82506e-10,1,0,False,False
fs_mm,27,15,137157902,pass,c1_r100_0750_3,cell1,0.1,,0.75,3,0.086233,1.79927,1.57818e-10,1,0,False,False
fs_mm,27,15,137157902,pass,c1_r100_0800_0,cell1,0.1,,0.8,0,-0.14506,-1.78374,1.5349e-10,1,1,True,True
fs_mm,27,15,137157902,pass,c1_r100_0800_1,cell1,0.1,,0.8,1,-0.292401,-1.7796,1.07012e-10,1,1,True,True
fs_mm,27,15,137157902,pass,c1_r100_0800_2,cell1,0.1,,0.8,2,-0.434384,-1.78408,8.62273e-11,1,1,True,True
fs_mm,27,15,137157902,pass,c1_r100_0800_3,cell1,0.1,,0.8,3,-0.1087,-1.78359,1.68539e-10,1,1,True,True
fs_mm,27,15,137157902,pass,c1_r100_0850_0,cell1,0.1,,0.85,0,-0.602447,-1.77363,6.17735e-11,1,1,True,True
fs_mm,27,15,137157902,pass,c1_r100_0850_1,cell1,0.1,,0.85,1,-0.0656189,-1.78191,2.0125e-10,1,1,True,True
fs_mm,27,15,137157902,pass,c1_r100_0850_2,cell1,0.1,,0.85,2,-0.391256,-1.76787,8.95441e-11,1,1,True,True
fs_mm,27,15,137157902,pass,c1_r100_0850_3,cell1,0.1,,0.85,3,-0.700288,-1.77203,5.0364e-11,1,1,True,True
fs_mm,27,15,137157902,pass,c1_r100_0900_0,cell1,0.1,,0.9,0,-0.595635,-1.75649,6.2803e-11,1,1,True,True
fs_mm,27,15,137157902,pass,c1_r100_0900_1,cell1,0.1,,0.9,1,-0.620331,-1.76355,6.09584e-11,1,1,True,True
fs_mm,27,15,137157902,pass,c1_r100_0900_2,cell1,0.1,,0.9,2,-0.421596,-1.75765,8.74243e-11,1,1,True,True
fs_mm,27,15,137157902,pass,c1_r100_0900_3,cell1,0.1,,0.9,3,-0.53749,-1.75665,7.11149e-11,1,1,True,True
fs_mm,27,15,137157902,pass,c1_r100_0950_0,cell1,0.1,,0.95,0,-0.535617,-1.75485,7.32373e-11,1,1,True,True
fs_mm,27,15,137157902,pass,c1_r100_0950_1,cell1,0.1,,0.95,1,-0.532624,-1.75212,7.14979e-11,1,1,True,True
fs_mm,27,15,137157902,pass,c1_r100_0950_2,cell1,0.1,,0.95,2,-0.572408,-1.74465,6.77887e-11,1,1,True,True
fs_mm,27,15,137157902,pass,c1_r100_0950_3,cell1,0.1,,0.95,3,-0.161438,-1.74178,1.54466e-10,1,1,True,True
fs_mm,27,15,137157902,pass,c1_r100_1000_0,cell1,0.1,,1.0,0,-0.56363,-1.74313,6.82365e-11,1,1,True,True
fs_mm,27,15,137157902,pass,c1_r100_1000_1,cell1,0.1,,1.0,1,-0.644162,-1.75837,5.93578e-11,1,1,True,True
fs_mm,27,15,137157902,pass,c1_r100_1000_2,cell1,0.1,,1.0,2,-0.552728,-1.73507,6.77119e-11,1,1,True,True
fs_mm,27,15,137157902,pass,c1_r100_1000_3,cell1,0.1,,1.0,3,-0.603451,-1.75401,6.35761e-11,1,1,True,True
fs_mm,27,16,1827448184,pass,c0_r050_0000_0,cell0,0.05,,0.0,0,0.0531351,1.79999,2.66079e-10,0,0,True,True
fs_mm,27,16,1827448184,pass,c0_r050_0000_1,cell0,0.05,,0.0,1,0.0547952,1.8,1.87585e-10,0,0,True,True
fs_mm,27,16,1827448184,pass,c0_r050_0000_2,cell0,0.05,,0.0,2,0.0542467,1.8,1.79239e-10,0,0,True,True
fs_mm,27,16,1827448184,pass,c0_r050_0000_3,cell0,0.05,,0.0,3,0.0530233,1.8,2.18619e-10,0,0,True,True
fs_mm,27,16,1827448184,pass,c1_r050_0600_0,cell1,0.05,,0.6,0,0.0509036,1.79993,2.22725e-10,1,0,False,False
fs_mm,27,16,1827448184,pass,c1_r050_0600_1,cell1,0.05,,0.6,1,0.0356944,1.79935,2.07459e-10,1,0,False,False
fs_mm,27,16,1827448184,pass,c1_r050_0600_2,cell1,0.05,,0.6,2,0.0476379,1.79978,2.53557e-10,1,0,False,False
fs_mm,27,16,1827448184,pass,c1_r050_0600_3,cell1,0.05,,0.6,3,0.0497983,1.79988,2.01001e-10,1,0,False,False
fs_mm,27,16,1827448184,pass,c1_r050_0650_0,cell1,0.05,,0.65,0,-0.0439587,-1.79435,1.95057e-10,1,1,True,True
fs_mm,27,16,1827448184,pass,c1_r050_0650_1,cell1,0.05,,0.65,1,0.0509363,1.79989,1.91587e-10,1,0,False,False
fs_mm,27,16,1827448184,pass,c1_r050_0650_2,cell1,0.05,,0.65,2,0.017193,-1.79771,2.55449e-10,1,1,True,True
fs_mm,27,16,1827448184,pass,c1_r050_0650_3,cell1,0.05,,0.65,3,0.0488161,1.79989,2.01232e-10,1,0,False,False
fs_mm,27,16,1827448184,pass,c1_r050_0700_0,cell1,0.05,,0.7,0,0.00993376,1.79861,2.8344e-10,1,0,False,False
fs_mm,27,16,1827448184,pass,c1_r050_0700_1,cell1,0.05,,0.7,1,0.00825748,-1.7981,2.8364e-10,1,1,True,True
fs_mm,27,16,1827448184,pass,c1_r050_0700_2,cell1,0.05,,0.7,2,-0.00584267,-1.79704,2.26749e-10,1,1,True,True
fs_mm,27,16,1827448184,pass,c1_r050_0700_3,cell1,0.05,,0.7,3,0.00214449,-1.79659,2.62275e-10,1,1,True,True
fs_mm,27,16,1827448184,pass,c1_r050_0750_0,cell1,0.05,,0.75,0,0.0110311,-1.78965,3.00125e-10,1,1,True,True
fs_mm,27,16,1827448184,pass,c1_r050_0750_1,cell1,0.05,,0.75,1,0.00684829,-1.79877,2.94827e-10,1,1,True,True
fs_mm,27,16,1827448184,pass,c1_r050_0750_2,cell1,0.05,,0.75,2,-0.176376,-1.78947,1.33807e-10,1,1,True,True
fs_mm,27,16,1827448184,pass,c1_r050_0750_3,cell1,0.05,,0.75,3,0.0435348,1.79974,2.07545e-10,1,0,False,False
fs_mm,27,16,1827448184,pass,c1_r050_0800_0,cell1,0.05,,0.8,0,-0.284596,-1.78465,1.11767e-10,1,1,True,True
fs_mm,27,16,1827448184,pass,c1_r050_0800_1,cell1,0.05,,0.8,1,-0.534707,-1.77864,6.93556e-11,1,1,True,True
fs_mm,27,16,1827448184,pass,c1_r050_0800_2,cell1,0.05,,0.8,2,-0.558759,-1.79356,6.80613e-11,1,1,True,True
fs_mm,27,16,1827448184,pass,c1_r050_0800_3,cell1,0.05,,0.8,3,-0.252307,-1.77709,1.16454e-10,1,1,True,True
fs_mm,27,16,1827448184,pass,c1_r050_0850_0,cell1,0.05,,0.85,0,-0.595786,-1.78389,6.37817e-11,1,1,True,True
fs_mm,27,16,1827448184,pass,c1_r050_0850_1,cell1,0.05,,0.85,1,-0.636621,-1.77064,5.74521e-11,1,1,True,True
fs_mm,27,16,1827448184,pass,c1_r050_0850_2,cell1,0.05,,0.85,2,-0.632832,-1.77846,5.82989e-11,1,1,True,True
fs_mm,27,16,1827448184,pass,c1_r050_0850_3,cell1,0.05,,0.85,3,-0.29455,-1.77859,1.08487e-10,1,1,True,True
fs_mm,27,16,1827448184,pass,c1_r050_0900_0,cell1,0.05,,0.9,0,-0.677955,-1.76362,5.3147e-11,1,1,True,True
fs_mm,27,16,1827448184,pass,c1_r050_0900_1,cell1,0.05,,0.9,1,-0.739617,-1.77627,4.25932e-11,1,1,True,True
fs_mm,27,16,1827448184,pass,c1_r050_0900_2,cell1,0.05,,0.9,2,-0.659626,-1.76793,5.5184e-11,1,1,True,True
fs_mm,27,16,1827448184,pass,c1_r050_0900_3,cell1,0.05,,0.9,3,-0.64035,-1.75027,5.81087e-11,1,1,True,True
fs_mm,27,16,1827448184,pass,c1_r050_0950_0,cell1,0.05,,0.95,0,-0.658723,-1.75935,5.78957e-11,1,1,True,True
fs_mm,27,16,1827448184,pass,c1_r050_0950_1,cell1,0.05,,0.95,1,-0.637747,-1.73326,5.82807e-11,1,1,True,True
fs_mm,27,16,1827448184,pass,c1_r050_0950_2,cell1,0.05,,0.95,2,-0.667098,-1.7513,5.58898e-11,1,1,True,True
fs_mm,27,16,1827448184,pass,c1_r050_0950_3,cell1,0.05,,0.95,3,-0.645341,-1.75333,5.66995e-11,1,1,True,True
fs_mm,27,16,1827448184,pass,c1_r050_1000_0,cell1,0.05,,1.0,0,-0.61549,-1.74656,6.07383e-11,1,1,True,True
fs_mm,27,16,1827448184,pass,c1_r050_1000_1,cell1,0.05,,1.0,1,-0.459617,-1.73948,8.21976e-11,1,1,True,True
fs_mm,27,16,1827448184,pass,c1_r050_1000_2,cell1,0.05,,1.0,2,-0.575478,-1.73421,6.56648e-11,1,1,True,True
fs_mm,27,16,1827448184,pass,c1_r050_1000_3,cell1,0.05,,1.0,3,-0.644459,-1.74203,5.68731e-11,1,1,True,True
fs_mm,27,16,1827448184,pass,c0_r100_0000_0,cell0,0.1,,0.0,0,0.107952,1.79999,1.57187e-10,0,0,True,True
fs_mm,27,16,1827448184,pass,c0_r100_0000_1,cell0,0.1,,0.0,1,0.105502,1.8,1.84153e-10,0,0,True,True
fs_mm,27,16,1827448184,pass,c0_r100_0000_2,cell0,0.1,,0.0,2,0.108252,1.79999,1.62427e-10,0,0,True,True
fs_mm,27,16,1827448184,pass,c0_r100_0000_3,cell0,0.1,,0.0,3,0.106541,1.8,1.77562e-10,0,0,True,True
fs_mm,27,16,1827448184,pass,c1_r100_0600_0,cell1,0.1,,0.6,0,0.0985944,1.79969,1.81539e-10,1,0,False,False
fs_mm,27,16,1827448184,pass,c1_r100_0600_1,cell1,0.1,,0.6,1,0.103086,1.79995,1.90501e-10,1,0,False,False
fs_mm,27,16,1827448184,pass,c1_r100_0600_2,cell1,0.1,,0.6,2,0.0830239,1.79916,1.73992e-10,1,0,False,False
fs_mm,27,16,1827448184,pass,c1_r100_0600_3,cell1,0.1,,0.6,3,0.0833482,1.79922,1.84448e-10,1,0,False,False
fs_mm,27,16,1827448184,pass,c1_r100_0650_0,cell1,0.1,,0.65,0,0.0942971,1.7995,1.91982e-10,1,0,False,False
fs_mm,27,16,1827448184,pass,c1_r100_0650_1,cell1,0.1,,0.65,1,0.10023,1.79967,1.67744e-10,1,0,False,False
fs_mm,27,16,1827448184,pass,c1_r100_0650_2,cell1,0.1,,0.65,2,0.0394576,1.79799,2.38117e-10,1,0,False,False
fs_mm,27,16,1827448184,pass,c1_r100_0650_3,cell1,0.1,,0.65,3,0.100073,1.79966,1.61818e-10,1,0,False,False
fs_mm,27,16,1827448184,pass,c1_r100_0700_0,cell1,0.1,,0.7,0,0.0901486,1.79936,1.84292e-10,1,0,False,False
fs_mm,27,16,1827448184,pass,c1_r100_0700_1,cell1,0.1,,0.7,1,-0.113206,-1.79704,1.57283e-10,1,1,True,True
fs_mm,27,16,1827448184,pass,c1_r100_0700_2,cell1,0.1,,0.7,2,0.0649242,1.79872,2.33336e-10,1,0,False,False
fs_mm,27,16,1827448184,pass,c1_r100_0700_3,cell1,0.1,,0.7,3,0.0775648,1.79904,1.87076e-10,1,0,False,False
fs_mm,27,16,1827448184,pass,c1_r100_0750_0,cell1,0.1,,0.75,0,-0.0778284,-1.78042,1.89675e-10,1,1,True,True
fs_mm,27,16,1827448184,pass,c1_r100_0750_1,cell1,0.1,,0.75,1,0.0336073,1.79781,2.60236e-10,1,0,False,False
fs_mm,27,16,1827448184,pass,c1_r100_0750_2,cell1,0.1,,0.75,2,-0.0407754,-1.79268,2.03461e-10,1,1,True,True
fs_mm,27,16,1827448184,pass,c1_r100_0750_3,cell1,0.1,,0.75,3,0.0723918,1.79891,2.0146e-10,1,0,False,False
fs_mm,27,16,1827448184,pass,c1_r100_0800_0,cell1,0.1,,0.8,0,-0.244156,-1.78942,1.25388e-10,1,1,True,True
fs_mm,27,16,1827448184,pass,c1_r100_0800_1,cell1,0.1,,0.8,1,-0.415196,-1.78493,8.95065e-11,1,1,True,True
fs_mm,27,16,1827448184,pass,c1_r100_0800_2,cell1,0.1,,0.8,2,-0.30978,-1.78376,1.03477e-10,1,1,True,True
fs_mm,27,16,1827448184,pass,c1_r100_0800_3,cell1,0.1,,0.8,3,-0.061453,-1.78727,2.05028e-10,1,1,True,True
fs_mm,27,16,1827448184,pass,c1_r100_0850_0,cell1,0.1,,0.85,0,0.050422,1.79832,2.154e-10,1,0,False,False
fs_mm,27,16,1827448184,pass,c1_r100_0850_1,cell1,0.1,,0.85,1,-0.335195,-1.77555,1.01633e-10,1,1,True,True
fs_mm,27,16,1827448184,pass,c1_r100_0850_2,cell1,0.1,,0.85,2,-0.51327,-1.78155,7.09931e-11,1,1,True,True
fs_mm,27,16,1827448184,pass,c1_r100_0850_3,cell1,0.1,,0.85,3,-0.29639,-1.79247,1.07889e-10,1,1,True,True
fs_mm,27,16,1827448184,pass,c1_r100_0900_0,cell1,0.1,,0.9,0,-0.628889,-1.76512,5.95051e-11,1,1,True,True
fs_mm,27,16,1827448184,pass,c1_r100_0900_1,cell1,0.1,,0.9,1,-0.576799,-1.76242,6.7272e-11,1,1,True,True
fs_mm,27,16,1827448184,pass,c1_r100_0900_2,cell1,0.1,,0.9,2,-0.665844,-1.77479,5.41844e-11,1,1,True,True
fs_mm,27,16,1827448184,pass,c1_r100_0900_3,cell1,0.1,,0.9,3,-0.608779,-1.76551,6.17525e-11,1,1,True,True
fs_mm,27,16,1827448184,pass,c1_r100_0950_0,cell1,0.1,,0.95,0,-0.525795,-1.73857,7.12348e-11,1,1,True,True
fs_mm,27,16,1827448184,pass,c1_r100_0950_1,cell1,0.1,,0.95,1,-0.598652,-1.75504,6.20807e-11,1,1,True,True
fs_mm,27,16,1827448184,pass,c1_r100_0950_2,cell1,0.1,,0.95,2,-0.610286,-1.74981,6.16638e-11,1,1,True,True
fs_mm,27,16,1827448184,pass,c1_r100_0950_3,cell1,0.1,,0.95,3,-0.55386,-1.74534,6.89176e-11,1,1,True,True
fs_mm,27,16,1827448184,pass,c1_r100_1000_0,cell1,0.1,,1.0,0,-0.619292,-1.75006,6.1285e-11,1,1,True,True
fs_mm,27,16,1827448184,pass,c1_r100_1000_1,cell1,0.1,,1.0,1,-0.62386,-1.7466,6.06458e-11,1,1,True,True
fs_mm,27,16,1827448184,pass,c1_r100_1000_2,cell1,0.1,,1.0,2,-0.663055,-1.74896,5.48098e-11,1,1,True,True
fs_mm,27,16,1827448184,pass,c1_r100_1000_3,cell1,0.1,,1.0,3,-0.513387,-1.73432,7.56011e-11,1,1,True,True
fs_mm,27,17,746819828,pass,c0_r050_0000_0,cell0,0.05,,0.0,0,0.052144,1.8,2.12489e-10,0,0,True,True
fs_mm,27,17,746819828,pass,c0_r050_0000_1,cell0,0.05,,0.0,1,0.0540042,1.8,1.79843e-10,0,0,True,True
fs_mm,27,17,746819828,pass,c0_r050_0000_2,cell0,0.05,,0.0,2,0.0541391,1.8,1.89861e-10,0,0,True,True
fs_mm,27,17,746819828,pass,c0_r050_0000_3,cell0,0.05,,0.0,3,0.0517217,1.8,1.93175e-10,0,0,True,True
fs_mm,27,17,746819828,pass,c1_r050_0600_0,cell1,0.05,,0.6,0,0.0526575,1.79995,1.64955e-10,1,0,False,False
fs_mm,27,17,746819828,pass,c1_r050_0600_1,cell1,0.05,,0.6,1,0.0416874,1.79964,2.75096e-10,1,0,False,False
fs_mm,27,17,746819828,pass,c1_r050_0600_2,cell1,0.05,,0.6,2,0.0279202,1.79915,2.02543e-10,1,0,False,False
fs_mm,27,17,746819828,pass,c1_r050_0600_3,cell1,0.05,,0.6,3,0.0499566,1.79983,2.1857e-10,1,0,False,False
fs_mm,27,17,746819828,pass,c1_r050_0650_0,cell1,0.05,,0.65,0,0.0480213,1.79986,2.11623e-10,1,0,False,False
fs_mm,27,17,746819828,pass,c1_r050_0650_1,cell1,0.05,,0.65,1,0.0474827,1.79977,1.98407e-10,1,0,False,False
fs_mm,27,17,746819828,pass,c1_r050_0650_2,cell1,0.05,,0.65,2,-0.0192955,-1.79891,2.5932e-10,1,1,True,True
fs_mm,27,17,746819828,pass,c1_r050_0650_3,cell1,0.05,,0.65,3,0.0194938,1.79894,2.92157e-10,1,0,False,False
fs_mm,27,17,746819828,pass,c1_r050_0700_0,cell1,0.05,,0.7,0,0.0415727,1.79957,2.98938e-10,1,0,False,False
fs_mm,27,17,746819828,pass,c1_r050_0700_1,cell1,0.05,,0.7,1,-0.182276,-1.79682,1.44124e-10,1,1,True,True
fs_mm,27,17,746819828,pass,c1_r050_0700_2,cell1,0.05,,0.7,2,0.00316032,-1.79804,2.42363e-10,1,1,True,True
fs_mm,27,17,746819828,pass,c1_r050_0700_3,cell1,0.05,,0.7,3,-0.361745,-1.79305,9.17819e-11,1,1,True,True
fs_mm,27,17,746819828,pass,c1_r050_0750_0,cell1,0.05,,0.75,0,0.000551855,-1.79355,2.48028e-10,1,1,True,True
fs_mm,27,17,746819828,pass,c1_r050_0750_1,cell1,0.05,,0.75,1,-0.132626,-1.77953,1.60276e-10,1,1,True,True
fs_mm,27,17,746819828,pass,c1_r050_0750_2,cell1,0.05,,0.75,2,0.032399,1.79932,2.16874e-10,1,0,False,False
fs_mm,27,17,746819828,pass,c1_r050_0750_3,cell1,0.05,,0.75,3,0.023271,1.79907,2.36211e-10,1,0,False,False
fs_mm,27,17,746819828,pass,c1_r050_0800_0,cell1,0.05,,0.8,0,-0.587017,-1.78529,6.37016e-11,1,1,True,True
fs_mm,27,17,746819828,pass,c1_r050_0800_1,cell1,0.05,,0.8,1,-0.0786772,-1.7828,1.76782e-10,1,1,True,True
fs_mm,27,17,746819828,pass,c1_r050_0800_2,cell1,0.05,,0.8,2,-0.677528,-1.79358,5.39766e-11,1,1,True,True
fs_mm,27,17,746819828,pass,c1_r050_0800_3,cell1,0.05,,0.8,3,-0.676895,-1.78752,5.30677e-11,1,1,True,True
fs_mm,27,17,746819828,pass,c1_r050_0850_0,cell1,0.05,,0.85,0,-0.209372,-1.77891,1.24121e-10,1,1,True,True
fs_mm,27,17,746819828,pass,c1_r050_0850_1,cell1,0.05,,0.85,1,-0.571304,-1.77907,6.58547e-11,1,1,True,True
fs_mm,27,17,746819828,pass,c1_r050_0850_2,cell1,0.05,,0.85,2,-0.645239,-1.77087,5.90622e-11,1,1,True,True
fs_mm,27,17,746819828,pass,c1_r050_0850_3,cell1,0.05,,0.85,3,-0.450485,-1.77712,8.15705e-11,1,1,True,True
fs_mm,27,17,746819828,pass,c1_r050_0900_0,cell1,0.05,,0.9,0,-0.739426,-1.77639,4.45832e-11,1,1,True,True
fs_mm,27,17,746819828,pass,c1_r050_0900_1,cell1,0.05,,0.9,1,-0.534864,-1.76365,7.28591e-11,1,1,True,True
fs_mm,27,17,746819828,pass,c1_r050_0900_2,cell1,0.05,,0.9,2,-0.618931,-1.77481,6.05951e-11,1,1,True,True
fs_mm,27,17,746819828,pass,c1_r050_0900_3,cell1,0.05,,0.9,3,-0.561381,-1.76671,6.72107e-11,1,1,True,True
fs_mm,27,17,746819828,pass,c1_r050_0950_0,cell1,0.05,,0.95,0,-0.648105,-1.75439,5.7563e-11,1,1,True,True
fs_mm,27,17,746819828,pass,c1_r050_0950_1,cell1,0.05,,0.95,1,-0.661201,-1.76927,5.69149e-11,1,1,True,True
fs_mm,27,17,746819828,pass,c1_r050_0950_2,cell1,0.05,,0.95,2,-0.616335,-1.73917,6.17014e-11,1,1,True,True
fs_mm,27,17,746819828,pass,c1_r050_0950_3,cell1,0.05,,0.95,3,-0.616238,-1.74449,6.34491e-11,1,1,True,True
fs_mm,27,17,746819828,pass,c1_r050_1000_0,cell1,0.05,,1.0,0,-0.661874,-1.7525,5.55117e-11,1,1,True,True
fs_mm,27,17,746819828,pass,c1_r050_1000_1,cell1,0.05,,1.0,1,-0.618471,-1.74464,5.98298e-11,1,1,True,True
fs_mm,27,17,746819828,pass,c1_r050_1000_2,cell1,0.05,,1.0,2,-0.584704,-1.72414,6.56065e-11,1,1,True,True
fs_mm,27,17,746819828,pass,c1_r050_1000_3,cell1,0.05,,1.0,3,-0.652651,-1.74711,5.55046e-11,1,1,True,True
fs_mm,27,17,746819828,pass,c0_r100_0000_0,cell0,0.1,,0.0,0,0.108175,1.79999,1.76338e-10,0,0,True,True
fs_mm,27,17,746819828,pass,c0_r100_0000_1,cell0,0.1,,0.0,1,0.107044,1.79999,1.72792e-10,0,0,True,True
fs_mm,27,17,746819828,pass,c0_r100_0000_2,cell0,0.1,,0.0,2,0.106683,1.79999,1.70812e-10,0,0,True,True
fs_mm,27,17,746819828,pass,c0_r100_0000_3,cell0,0.1,,0.0,3,0.107758,1.79999,1.68404e-10,0,0,True,True
fs_mm,27,17,746819828,pass,c1_r100_0600_0,cell1,0.1,,0.6,0,0.106463,1.79995,1.5774e-10,1,0,False,False
fs_mm,27,17,746819828,pass,c1_r100_0600_1,cell1,0.1,,0.6,1,0.096076,1.79959,1.75084e-10,1,0,False,False
fs_mm,27,17,746819828,pass,c1_r100_0600_2,cell1,0.1,,0.6,2,0.106772,1.79992,1.65779e-10,1,0,False,False
fs_mm,27,17,746819828,pass,c1_r100_0600_3,cell1,0.1,,0.6,3,0.10521,1.79985,1.5642e-10,1,0,False,False
fs_mm,27,17,746819828,pass,c1_r100_0650_0,cell1,0.1,,0.65,0,0.10556,1.79992,1.82904e-10,1,0,False,False
fs_mm,27,17,746819828,pass,c1_r100_0650_1,cell1,0.1,,0.65,1,0.0588194,1.79855,2.02308e-10,1,0,False,False
fs_mm,27,17,746819828,pass,c1_r100_0650_2,cell1,0.1,,0.65,2,0.102397,1.79978,1.78166e-10,1,0,False,False
fs_mm,27,17,746819828,pass,c1_r100_0650_3,cell1,0.1,,0.65,3,-0.0679559,-1.79988,1.94898e-10,1,1,True,True
fs_mm,27,17,746819828,pass,c1_r100_0700_0,cell1,0.1,,0.7,0,-0.191151,-1.79635,1.37255e-10,1,1,True,True
fs_mm,27,17,746819828,pass,c1_r100_0700_1,cell1,0.1,,0.7,1,0.0566811,1.79845,2.0766e-10,1,0,False,False
fs_mm,27,17,746819828,pass,c1_r100_0700_2,cell1,0.1,,0.7,2,0.029818,1.79773,3.55989e-10,1,0,False,False
fs_mm,27,17,746819828,pass,c1_r100_0700_3,cell1,0.1,,0.7,3,-0.0464851,-1.79473,2.3006e-10,1,1,True,True
fs_mm,27,17,746819828,pass,c1_r100_0750_0,cell1,0.1,,0.75,0,-0.00547751,-1.79805,2.13456e-10,1,1,True,True
fs_mm,27,17,746819828,pass,c1_r100_0750_1,cell1,0.1,,0.75,1,-0.108558,-1.78908,1.58357e-10,1,1,True,True
fs_mm,27,17,746819828,pass,c1_r100_0750_2,cell1,0.1,,0.75,2,-0.149012,-1.79774,1.53028e-10,1,1,True,True
fs_mm,27,17,746819828,pass,c1_r100_0750_3,cell1,0.1,,0.75,3,0.0524169,1.79835,2.0699e-10,1,0,False,False
fs_mm,27,17,746819828,pass,c1_r100_0800_0,cell1,0.1,,0.8,0,-0.112404,-1.79102,1.72015e-10,1,1,True,True
fs_mm,27,17,746819828,pass,c1_r100_0800_1,cell1,0.1,,0.8,1,-0.474079,-1.79022,7.82393e-11,1,1,True,True
fs_mm,27,17,746819828,pass,c1_r100_0800_2,cell1,0.1,,0.8,2,-0.535539,-1.7903,7.06956e-11,1,1,True,True
fs_mm,27,17,746819828,pass,c1_r100_0800_3,cell1,0.1,,0.8,3,-0.291378,-1.77678,1.12728e-10,1,1,True,True
fs_mm,27,17,746819828,pass,c1_r100_0850_0,cell1,0.1,,0.85,0,-0.608299,-1.77267,6.29543e-11,1,1,True,True
fs_mm,27,17,746819828,pass,c1_r100_0850_1,cell1,0.1,,0.85,1,-0.374443,-1.77039,9.45793e-11,1,1,True,True
fs_mm,27,17,746819828,pass,c1_r100_0850_2,cell1,0.1,,0.85,2,-0.631778,-1.77299,5.90639e-11,1,1,True,True
fs_mm,27,17,746819828,pass,c1_r100_0850_3,cell1,0.1,,0.85,3,-0.288062,-1.76792,1.10205e-10,1,1,True,True
fs_mm,27,17,746819828,pass,c1_r100_0900_0,cell1,0.1,,0.9,0,-0.605983,-1.76891,6.35904e-11,1,1,True,True
fs_mm,27,17,746819828,pass,c1_r100_0900_1,cell1,0.1,,0.9,1,-0.600356,-1.76456,6.44336e-11,1,1,True,True
fs_mm,27,17,746819828,pass,c1_r100_0900_2,cell1,0.1,,0.9,2,-0.560004,-1.77715,6.70355e-11,1,1,True,True
fs_mm,27,17,746819828,pass,c1_r100_0900_3,cell1,0.1,,0.9,3,-0.612813,-1.7597,6.15498e-11,1,1,True,True
fs_mm,27,17,746819828,pass,c1_r100_0950_0,cell1,0.1,,0.95,0,-0.55333,-1.74594,6.95251e-11,1,1,True,True
fs_mm,27,17,746819828,pass,c1_r100_0950_1,cell1,0.1,,0.95,1,-0.634309,-1.7575,5.89948e-11,1,1,True,True
fs_mm,27,17,746819828,pass,c1_r100_0950_2,cell1,0.1,,0.95,2,-0.620731,-1.75936,6.01464e-11,1,1,True,True
fs_mm,27,17,746819828,pass,c1_r100_0950_3,cell1,0.1,,0.95,3,-0.602958,-1.7538,6.22123e-11,1,1,True,True
fs_mm,27,17,746819828,pass,c1_r100_1000_0,cell1,0.1,,1.0,0,-0.580944,-1.72858,6.46603e-11,1,1,True,True
fs_mm,27,17,746819828,pass,c1_r100_1000_1,cell1,0.1,,1.0,1,-0.607814,-1.74954,6.08405e-11,1,1,True,True
fs_mm,27,17,746819828,pass,c1_r100_1000_2,cell1,0.1,,1.0,2,-0.590937,-1.74594,6.43034e-11,1,1,True,True
fs_mm,27,17,746819828,pass,c1_r100_1000_3,cell1,0.1,,1.0,3,-0.596338,-1.72587,6.28229e-11,1,1,True,True
fs_mm,27,18,1085064299,pass,c0_r050_0000_0,cell0,0.05,,0.0,0,0.0508814,1.8,2.07468e-10,0,0,True,True
fs_mm,27,18,1085064299,pass,c0_r050_0000_1,cell0,0.05,,0.0,1,0.0544862,1.8,1.96978e-10,0,0,True,True
fs_mm,27,18,1085064299,pass,c0_r050_0000_2,cell0,0.05,,0.0,2,0.0556571,1.8,1.92396e-10,0,0,True,True
fs_mm,27,18,1085064299,pass,c0_r050_0000_3,cell0,0.05,,0.0,3,0.052569,1.8,1.96167e-10,0,0,True,True
fs_mm,27,18,1085064299,pass,c1_r050_0600_0,cell1,0.05,,0.6,0,0.0231721,1.79902,2.39509e-10,1,0,False,False
fs_mm,27,18,1085064299,pass,c1_r050_0600_1,cell1,0.05,,0.6,1,0.034252,1.79932,2.05938e-10,1,0,False,False
fs_mm,27,18,1085064299,pass,c1_r050_0600_2,cell1,0.05,,0.6,2,0.0524973,1.79996,1.76904e-10,1,0,False,False
fs_mm,27,18,1085064299,pass,c1_r050_0600_3,cell1,0.05,,0.6,3,0.0242477,-1.79969,4.94151e-10,1,1,True,True
fs_mm,27,18,1085064299,pass,c1_r050_0650_0,cell1,0.05,,0.65,0,-0.0121548,1.79807,2.73011e-10,1,0,False,False
fs_mm,27,18,1085064299,pass,c1_r050_0650_1,cell1,0.05,,0.65,1,0.0402107,1.79958,2.10781e-10,1,0,False,False
fs_mm,27,18,1085064299,pass,c1_r050_0650_2,cell1,0.05,,0.65,2,0.0442779,1.79969,2.11959e-10,1,0,False,False
fs_mm,27,18,1085064299,pass,c1_r050_0650_3,cell1,0.05,,0.65,3,0.0197778,1.79894,2.77744e-10,1,0,False,False
fs_mm,27,18,1085064299,pass,c1_r050_0700_0,cell1,0.05,,0.7,0,-0.00433299,-1.79768,2.35019e-10,1,1,True,True
fs_mm,27,18,1085064299,pass,c1_r050_0700_1,cell1,0.05,,0.7,1,0.0442715,1.7996,1.94595e-10,1,0,False,False
fs_mm,27,18,1085064299,pass,c1_r050_0700_2,cell1,0.05,,0.7,2,-0.257723,-1.79827,1.21967e-10,1,1,True,True
fs_mm,27,18,1085064299,pass,c1_r050_0700_3,cell1,0.05,,0.7,3,-0.0669094,-1.79759,1.862e-10,1,1,True,True
fs_mm,27,18,1085064299,pass,c1_r050_0750_0,cell1,0.05,,0.75,0,0.0499864,1.79991,1.77346e-10,1,0,False,False
fs_mm,27,18,1085064299,pass,c1_r050_0750_1,cell1,0.05,,0.75,1,-0.00702298,-1.79174,2.06902e-10,1,1,True,True
fs_mm,27,18,1085064299,pass,c1_r050_0750_2,cell1,0.05,,0.75,2,-0.327485,-1.79326,1.0137e-10,1,1,True,True
fs_mm,27,18,1085064299,pass,c1_r050_0750_3,cell1,0.05,,0.75,3,0.0307884,1.79925,2.74221e-10,1,0,False,False
fs_mm,27,18,1085064299,pass,c1_r050_0800_0,cell1,0.05,,0.8,0,-0.748765,-1.78909,4.08476e-11,1,1,True,True
fs_mm,27,18,1085064299,pass,c1_r050_0800_1,cell1,0.05,,0.8,1,-0.0170697,-1.79283,2.29026e-10,1,1,True,True
fs_mm,27,18,1085064299,pass,c1_r050_0800_2,cell1,0.05,,0.8,2,-0.665053,-1.78279,5.54022e-11,1,1,True,True
fs_mm,27,18,1085064299,pass,c1_r050_0800_3,cell1,0.05,,0.8,3,-0.0787413,-1.78185,1.91589e-10,1,1,True,True
fs_mm,27,18,1085064299,pass,c1_r050_0850_0,cell1,0.05,,0.85,0,-0.743364,-1.77677,4.16708e-11,1,1,True,True
fs_mm,27,18,1085064299,pass,c1_r050_0850_1,cell1,0.05,,0.85,1,-0.618399,-1.78344,6.11454e-11,1,1,True,True
fs_mm,27,18,1085064299,pass,c1_r050_0850_2,cell1,0.05,,0.85,2,-0.660123,-1.77865,5.58906e-11,1,1,True,True
fs_mm,27,18,1085064299,pass,c1_r050_0850_3,cell1,0.05,,0.85,3,-0.405697,-1.76964,8.98443e-11,1,1,True,True
fs_mm,27,18,1085064299,pass,c1_r050_0900_0,cell1,0.05,,0.9,0,-0.669162,-1.76377,5.41222e-11,1,1,True,True
fs_mm,27,18,1085064299,pass,c1_r050_0900_1,cell1,0.05,,0.9,1,-0.715109,-1.76928,4.70055e-11,1,1,True,True
fs_mm,27,18,1085064299,pass,c1_r050_0900_2,cell1,0.05,,0.9,2,-0.670903,-1.76144,5.54523e-11,1,1,True,True
fs_mm,27,18,1085064299,pass,c1_r050_0900_3,cell1,0.05,,0.9,3,-0.613224,-1.76814,6.0792e-11,1,1,True,True
fs_mm,27,18,1085064299,pass,c1_r050_0950_0,cell1,0.05,,0.95,0,-0.699578,-1.75658,5.04772e-11,1,1,True,True
fs_mm,27,18,1085064299,pass,c1_r050_0950_1,cell1,0.05,,0.95,1,-0.628622,-1.74682,6.0162e-11,1,1,True,True
fs_mm,27,18,1085064299,pass,c1_r050_0950_2,cell1,0.05,,0.95,2,-0.64405,-1.75647,5.88185e-11,1,1,True,True
fs_mm,27,18,1085064299,pass,c1_r050_0950_3,cell1,0.05,,0.95,3,-0.606701,-1.75125,6.42509e-11,1,1,True,True
fs_mm,27,18,1085064299,pass,c1_r050_1000_0,cell1,0.05,,1.0,0,-0.653869,-1.73936,5.65986e-11,1,1,True,True
fs_mm,27,18,1085064299,pass,c1_r050_1000_1,cell1,0.05,,1.0,1,-0.6258,-1.73627,5.98251e-11,1,1,True,True
fs_mm,27,18,1085064299,pass,c1_r050_1000_2,cell1,0.05,,1.0,2,-0.613937,-1.73451,6.19287e-11,1,1,True,True
fs_mm,27,18,1085064299,pass,c1_r050_1000_3,cell1,0.05,,1.0,3,-0.629134,-1.74233,6.12734e-11,1,1,True,True
fs_mm,27,18,1085064299,pass,c0_r100_0000_0,cell0,0.1,,0.0,0,0.106529,1.79999,1.74941e-10,0,0,True,True
fs_mm,27,18,1085064299,pass,c0_r100_0000_1,cell0,0.1,,0.0,1,0.110054,1.79999,1.45792e-10,0,0,True,True
fs_mm,27,18,1085064299,pass,c0_r100_0000_2,cell0,0.1,,0.0,2,0.109133,1.79998,1.52143e-10,0,0,True,True
fs_mm,27,18,1085064299,pass,c0_r100_0000_3,cell0,0.1,,0.0,3,0.107734,1.8,1.81173e-10,0,0,True,True
fs_mm,27,18,1085064299,pass,c1_r100_0600_0,cell1,0.1,,0.6,0,0.0944018,1.79957,1.74388e-10,1,0,False,False
fs_mm,27,18,1085064299,pass,c1_r100_0600_1,cell1,0.1,,0.6,1,0.0558795,1.79844,2.14661e-10,1,0,False,False
fs_mm,27,18,1085064299,pass,c1_r100_0600_2,cell1,0.1,,0.6,2,0.0972493,1.79959,1.52167e-10,1,0,False,False
fs_mm,27,18,1085064299,pass,c1_r100_0600_3,cell1,0.1,,0.6,3,0.0971765,1.79971,2.03747e-10,1,0,False,False
fs_mm,27,18,1085064299,pass,c1_r100_0650_0,cell1,0.1,,0.65,0,0.0213024,1.79757,2.74535e-10,1,0,False,False
fs_mm,27,18,1085064299,pass,c1_r100_0650_1,cell1,0.1,,0.65,1,0.073788,1.79895,1.96915e-10,1,0,False,False
fs_mm,27,18,1085064299,pass,c1_r100_0650_2,cell1,0.1,,0.65,2,0.0753479,1.79898,2.01693e-10,1,0,False,False
fs_mm,27,18,1085064299,pass,c1_r100_0650_3,cell1,0.1,,0.65,3,0.100433,1.79971,1.62581e-10,1,0,False,False
fs_mm,27,18,1085064299,pass,c1_r100_0700_0,cell1,0.1,,0.7,0,-0.533926,-1.79629,6.81623e-11,1,1,True,True
fs_mm,27,18,1085064299,pass,c1_r100_0700_1,cell1,0.1,,0.7,1,0.0474565,1.79821,2.02405e-10,1,0,False,False
fs_mm,27,18,1085064299,pass,c1_r100_0700_2,cell1,0.1,,0.7,2,0.0305304,1.79775,2.30319e-10,1,0,False,False
fs_mm,27,18,1085064299,pass,c1_r100_0700_3,cell1,0.1,,0.7,3,0.0519475,1.79832,2.16823e-10,1,0,False,False
fs_mm,27,18,1085064299,pass,c1_r100_0750_0,cell1,0.1,,0.75,0,-0.369336,-1.79117,9.4641e-11,1,1,True,True
fs_mm,27,18,1085064299,pass,c1_r100_0750_1,cell1,0.1,,0.75,1,-0.0705359,-1.79356,1.81594e-10,1,1,True,True
fs_mm,27,18,1085064299,pass,c1_r100_0750_2,cell1,0.1,,0.75,2,-0.414232,-1.79421,8.68617e-11,1,1,True,True
fs_mm,27,18,1085064299,pass,c1_r100_0750_3,cell1,0.1,,0.75,3,-0.197069,-1.79639,1.30483e-10,1,1,True,True
fs_mm,27,18,1085064299,pass,c1_r100_0800_0,cell1,0.1,,0.8,0,-0.143766,-1.79069,1.50156e-10,1,1,True,True
fs_mm,27,18,1085064299,pass,c1_r100_0800_1,cell1,0.1,,0.8,1,-0.0326018,-1.78632,1.93768e-10,1,1,True,True
fs_mm,27,18,1085064299,pass,c1_r100_0800_2,cell1,0.1,,0.8,2,-0.172974,-1.79366,1.36595e-10,1,1,True,True
fs_mm,27,18,1085064299,pass,c1_r100_0800_3,cell1,0.1,,0.8,3,-0.272897,-1.78875,1.19034e-10,1,1,True,True
fs_mm,27,18,1085064299,pass,c1_r100_0850_0,cell1,0.1,,0.85,0,-0.486932,-1.78074,7.37762e-11,1,1,True,True
fs_mm,27,18,1085064299,pass,c1_r100_0850_1,cell1,0.1,,0.85,1,-0.437773,-1.76382,8.23667e-11,1,1,True,True
fs_mm,27,18,1085064299,pass,c1_r100_0850_2,cell1,0.1,,0.85,2,-0.486521,-1.78065,7.67144e-11,1,1,True,True
fs_mm,27,18,1085064299,pass,c1_r100_0850_3,cell1,0.1,,0.85,3,-0.603459,-1.76874,6.27272e-11,1,1,True,True
fs_mm,27,18,1085064299,pass,c1_r100_0900_0,cell1,0.1,,0.9,0,-0.466817,-1.76376,7.64414e-11,1,1,True,True
fs_mm,27,18,1085064299,pass,c1_r100_0900_1,cell1,0.1,,0.9,1,-0.64923,-1.76191,5.53837e-11,1,1,True,True
fs_mm,27,18,1085064299,pass,c1_r100_0900_2,cell1,0.1,,0.9,2,-0.217204,-1.77725,1.2504e-10,1,1,True,True
fs_mm,27,18,1085064299,pass,c1_r100_0900_3,cell1,0.1,,0.9,3,-0.296618,-1.75654,1.06744e-10,1,1,True,True
fs_mm,27,18,1085064299,pass,c1_r100_0950_0,cell1,0.1,,0.95,0,-0.649951,-1.76037,5.64599e-11,1,1,True,True
fs_mm,27,18,1085064299,pass,c1_r100_0950_1,cell1,0.1,,0.95,1,-0.425812,-1.76055,8.71832e-11,1,1,True,True
fs_mm,27,18,1085064299,pass,c1_r100_0950_2,cell1,0.1,,0.95,2,-0.607473,-1.75858,6.1152e-11,1,1,True,True
fs_mm,27,18,1085064299,pass,c1_r100_0950_3,cell1,0.1,,0.95,3,-0.545244,-1.73804,7.15628e-11,1,1,True,True
fs_mm,27,18,1085064299,pass,c1_r100_1000_0,cell1,0.1,,1.0,0,-0.566624,-1.72832,6.92172e-11,1,1,True,True
fs_mm,27,18,1085064299,pass,c1_r100_1000_1,cell1,0.1,,1.0,1,-0.628688,-1.73804,5.83216e-11,1,1,True,True
fs_mm,27,18,1085064299,pass,c1_r100_1000_2,cell1,0.1,,1.0,2,-0.648681,-1.75106,5.6888e-11,1,1,True,True
fs_mm,27,18,1085064299,pass,c1_r100_1000_3,cell1,0.1,,1.0,3,-0.614924,-1.74352,6.00026e-11,1,1,True,True
fs_mm,27,19,2143724004,pass,c0_r050_0000_0,cell0,0.05,,0.0,0,0.0534859,1.80001,2.05421e-10,0,0,True,True
fs_mm,27,19,2143724004,pass,c0_r050_0000_1,cell0,0.05,,0.0,1,0.0520991,1.8,2.1325e-10,0,0,True,True
fs_mm,27,19,2143724004,pass,c0_r050_0000_2,cell0,0.05,,0.0,2,0.0537898,1.80001,1.99008e-10,0,0,True,True
fs_mm,27,19,2143724004,pass,c0_r050_0000_3,cell0,0.05,,0.0,3,0.053746,1.8,1.90154e-10,0,0,True,True
fs_mm,27,19,2143724004,pass,c1_r050_0600_0,cell1,0.05,,0.6,0,0.0232651,1.79898,2.35034e-10,1,0,False,False
fs_mm,27,19,2143724004,pass,c1_r050_0600_1,cell1,0.05,,0.6,1,0.0496322,1.79979,1.94634e-10,1,0,False,False
fs_mm,27,19,2143724004,pass,c1_r050_0600_2,cell1,0.05,,0.6,2,0.0494292,1.79988,2.02671e-10,1,0,False,False
fs_mm,27,19,2143724004,pass,c1_r050_0600_3,cell1,0.05,,0.6,3,0.0526878,1.79994,1.97717e-10,1,0,False,False
fs_mm,27,19,2143724004,pass,c1_r050_0650_0,cell1,0.05,,0.65,0,0.049678,1.79977,1.89958e-10,1,0,False,False
fs_mm,27,19,2143724004,pass,c1_r050_0650_1,cell1,0.05,,0.65,1,0.0409194,1.7995,2.12371e-10,1,0,False,False
fs_mm,27,19,2143724004,pass,c1_r050_0650_2,cell1,0.05,,0.65,2,-0.180361,-1.79542,1.47494e-10,1,1,True,True
fs_mm,27,19,2143724004,pass,c1_r050_0650_3,cell1,0.05,,0.65,3,0.0166106,1.79884,2.86478e-10,1,0,False,False
fs_mm,27,19,2143724004,pass,c1_r050_0700_0,cell1,0.05,,0.7,0,0.00971706,-1.79479,3.0929e-10,1,1,True,True
fs_mm,27,19,2143724004,pass,c1_r050_0700_1,cell1,0.05,,0.7,1,0.012481,-1.79947,3.66645e-10,1,1,True,True
fs_mm,27,19,2143724004,pass,c1_r050_0700_2,cell1,0.05,,0.7,2,-0.548437,-1.79766,6.8956e-11,1,1,True,True
fs_mm,27,19,2143724004,pass,c1_r050_0700_3,cell1,0.05,,0.7,3,0.0395805,1.79952,2.13482e-10,1,0,False,False
fs_mm,27,19,2143724004,pass,c1_r050_0750_0,cell1,0.05,,0.75,0,0.0481672,1.79983,2.05188e-10,1,0,False,False
fs_mm,27,19,2143724004,pass,c1_r050_0750_1,cell1,0.05,,0.75,1,0.0349514,1.79938,2.13205e-10,1,0,False,False
fs_mm,27,19,2143724004,pass,c1_r050_0750_2,cell1,0.05,,0.75,2,-0.539969,-1.79648,6.88645e-11,1,1,True,True
fs_mm,27,19,2143724004,pass,c1_r050_0750_3,cell1,0.05,,0.75,3,0.00172673,-1.78825,2.45512e-10,1,1,True,True
fs_mm,27,19,2143724004,pass,c1_r050_0800_0,cell1,0.05,,0.8,0,-0.216775,-1.78498,1.27958e-10,1,1,True,True
fs_mm,27,19,2143724004,pass,c1_r050_0800_1,cell1,0.05,,0.8,1,-0.339587,-1.78594,9.53463e-11,1,1,True,True
fs_mm,27,19,2143724004,pass,c1_r050_0800_2,cell1,0.05,,0.8,2,-0.380715,-1.789,9.06404e-11,1,1,True,True
fs_mm,27,19,2143724004,pass,c1_r050_0800_3,cell1,0.05,,0.8,3,-0.0461194,-1.79126,1.89966e-10,1,1,True,True
fs_mm,27,19,2143724004,pass,c1_r050_0850_0,cell1,0.05,,0.85,0,-0.664615,-1.77079,5.54501e-11,1,1,True,True
fs_mm,27,19,2143724004,pass,c1_r050_0850_1,cell1,0.05,,0.85,1,-0.669303,-1.77036,5.45391e-11,1,1,True,True
fs_mm,27,19,2143724004,pass,c1_r050_0850_2,cell1,0.05,,0.85,2,-0.677717,-1.77681,5.33169e-11,1,1,True,True
fs_mm,27,19,2143724004,pass,c1_r050_0850_3,cell1,0.05,,0.85,3,-0.418313,-1.77377,8.66578e-11,1,1,True,True
fs_mm,27,19,2143724004,pass,c1_r050_0900_0,cell1,0.05,,0.9,0,-0.578042,-1.76906,6.25649e-11,1,1,True,True
fs_mm,27,19,2143724004,pass,c1_r050_0900_1,cell1,0.05,,0.9,1,-0.687433,-1.77485,5.27559e-11,1,1,True,True
fs_mm,27,19,2143724004,pass,c1_r050_0900_2,cell1,0.05,,0.9,2,-0.638949,-1.76654,5.9027e-11,1,1,True,True
fs_mm,27,19,2143724004,pass,c1_r050_0900_3,cell1,0.05,,0.9,3,-0.602947,-1.76012,6.20753e-11,1,1,True,True
fs_mm,27,19,2143724004,pass,c1_r050_0950_0,cell1,0.05,,0.95,0,-0.630302,-1.7524,6.04241e-11,1,1,True,True
fs_mm,27,19,2143724004,pass,c1_r050_0950_1,cell1,0.05,,0.95,1,-0.36735,-1.7565,9.38764e-11,1,1,True,True
fs_mm,27,19,2143724004,pass,c1_r050_0950_2,cell1,0.05,,0.95,2,-0.693279,-1.7599,5.11864e-11,1,1,True,True
fs_mm,27,19,2143724004,pass,c1_r050_0950_3,cell1,0.05,,0.95,3,-0.543634,-1.74228,7.19376e-11,1,1,True,True
fs_mm,27,19,2143724004,pass,c1_r050_1000_0,cell1,0.05,,1.0,0,-0.685478,-1.75565,5.20515e-11,1,1,True,True
fs_mm,27,19,2143724004,pass,c1_r050_1000_1,cell1,0.05,,1.0,1,-0.63838,-1.75054,5.9481e-11,1,1,True,True
fs_mm,27,19,2143724004,pass,c1_r050_1000_2,cell1,0.05,,1.0,2,-0.645234,-1.73448,5.80298e-11,1,1,True,True
fs_mm,27,19,2143724004,pass,c1_r050_1000_3,cell1,0.05,,1.0,3,-0.492657,-1.7248,7.73475e-11,1,1,True,True
fs_mm,27,19,2143724004,pass,c0_r100_0000_0,cell0,0.1,,0.0,0,0.108277,1.79999,1.48437e-10,0,0,True,True
fs_mm,27,19,2143724004,pass,c0_r100_0000_1,cell0,0.1,,0.0,1,0.107794,1.79999,1.74513e-10,0,0,True,True
fs_mm,27,19,2143724004,pass,c0_r100_0000_2,cell0,0.1,,0.0,2,0.10729,1.79999,1.6151e-10,0,0,True,True
fs_mm,27,19,2143724004,pass,c0_r100_0000_3,cell0,0.1,,0.0,3,0.107308,1.8,1.76965e-10,0,0,True,True
fs_mm,27,19,2143724004,pass,c1_r100_0600_0,cell1,0.1,,0.6,0,0.0587396,1.79851,1.85389e-10,1,0,False,False
fs_mm,27,19,2143724004,pass,c1_r100_0600_1,cell1,0.1,,0.6,1,0.106591,1.79995,1.72472e-10,1,0,False,False
fs_mm,27,19,2143724004,pass,c1_r100_0600_2,cell1,0.1,,0.6,2,0.10548,1.7999,1.79122e-10,1,0,False,False
fs_mm,27,19,2143724004,pass,c1_r100_0600_3,cell1,0.1,,0.6,3,0.0857642,1.7993,1.81129e-10,1,0,False,False
fs_mm,27,19,2143724004,pass,c1_r100_0650_0,cell1,0.1,,0.65,0,0.0649973,1.79871,2.03729e-10,1,0,False,False
fs_mm,27,19,2143724004,pass,c1_r100_0650_1,cell1,0.1,,0.65,1,0.103025,1.79982,1.6454e-10,1,0,False,False
fs_mm,27,19,2143724004,pass,c1_r100_0650_2,cell1,0.1,,0.65,2,0.0995412,1.79972,1.7182e-10,1,0,False,False
fs_mm,27,19,2143724004,pass,c1_r100_0650_3,cell1,0.1,,0.65,3,0.102599,1.79977,1.5649e-10,1,0,False,False
fs_mm,27,19,2143724004,pass,c1_r100_0700_0,cell1,0.1,,0.7,0,0.0575532,1.79849,2.08861e-10,1,0,False,False
fs_mm,27,19,2143724004,pass,c1_r100_0700_1,cell1,0.1,,0.7,1,-0.0494585,-1.79512,1.99774e-10,1,1,True,True
fs_mm,27,19,2143724004,pass,c1_r100_0700_2,cell1,0.1,,0.7,2,0.023911,1.79762,2.92619e-10,1,0,False,False
fs_mm,27,19,2143724004,pass,c1_r100_0700_3,cell1,0.1,,0.7,3,-0.0156412,-1.79499,2.86451e-10,1,1,True,True
fs_mm,27,19,2143724004,pass,c1_r100_0750_0,cell1,0.1,,0.75,0,-0.106786,-1.79542,1.73264e-10,1,1,True,True
fs_mm,27,19,2143724004,pass,c1_r100_0750_1,cell1,0.1,,0.75,1,-0.118584,-1.79802,1.56794e-10,1,1,True,True
fs_mm,27,19,2143724004,pass,c1_r100_0750_2,cell1,0.1,,0.75,2,0.0587919,1.7985,2.03048e-10,1,0,False,False
fs_mm,27,19,2143724004,pass,c1_r100_0750_3,cell1,0.1,,0.75,3,0.0689068,1.79877,1.8862e-10,1,0,False,False
fs_mm,27,19,2143724004,pass,c1_r100_0800_0,cell1,0.1,,0.8,0,-0.432273,-1.78173,8.63937e-11,1,1,True,True
fs_mm,27,19,2143724004,pass,c1_r100_0800_1,cell1,0.1,,0.8,1,-0.0823671,-1.79222,1.81592e-10,1,1,True,True
fs_mm,27,19,2143724004,pass,c1_r100_0800_2,cell1,0.1,,0.8,2,-0.584005,-1.78545,6.53344e-11,1,1,True,True
fs_mm,27,19,2143724004,pass,c1_r100_0800_3,cell1,0.1,,0.8,3,-0.031949,-1.78882,2.05826e-10,1,1,True,True
fs_mm,27,19,2143724004,pass,c1_r100_0850_0,cell1,0.1,,0.85,0,-0.353627,-1.78424,9.71464e-11,1,1,True,True
fs_mm,27,19,2143724004,pass,c1_r100_0850_1,cell1,0.1,,0.85,1,-0.660401,-1.77225,5.53927e-11,1,1,True,True
fs_mm,27,19,2143724004,pass,c1_r100_0850_2,cell1,0.1,,0.85,2,-0.358564,-1.77005,9.53212e-11,1,1,True,True
fs_mm,27,19,2143724004,pass,c1_r100_0850_3,cell1,0.1,,0.85,3,-0.0546858,-1.78201,1.93672e-10,1,1,True,True
fs_mm,27,19,2143724004,pass,c1_r100_0900_0,cell1,0.1,,0.9,0,-0.607483,-1.75685,6.04352e-11,1,1,True,True
fs_mm,27,19,2143724004,pass,c1_r100_0900_1,cell1,0.1,,0.9,1,-0.574886,-1.76024,6.65163e-11,1,1,True,True
fs_mm,27,19,2143724004,pass,c1_r100_0900_2,cell1,0.1,,0.9,2,-0.667448,-1.77372,5.49238e-11,1,1,True,True
fs_mm,27,19,2143724004,pass,c1_r100_0900_3,cell1,0.1,,0.9,3,-0.61676,-1.76125,6.0704e-11,1,1,True,True
fs_mm,27,19,2143724004,pass,c1_r100_0950_0,cell1,0.1,,0.95,0,-0.412861,-1.74861,8.74722e-11,1,1,True,True
fs_mm,27,19,2143724004,pass,c1_r100_0950_1,cell1,0.1,,0.95,1,-0.557854,-1.73985,6.86248e-11,1,1,True,True
fs_mm,27,19,2143724004,pass,c1_r100_0950_2,cell1,0.1,,0.95,2,-0.576499,-1.73946,6.53158e-11,1,1,True,True
fs_mm,27,19,2143724004,pass,c1_r100_0950_3,cell1,0.1,,0.95,3,-0.577148,-1.76084,6.6248e-11,1,1,True,True
fs_mm,27,19,2143724004,pass,c1_r100_1000_0,cell1,0.1,,1.0,0,-0.552581,-1.73347,6.62484e-11,1,1,True,True
fs_mm,27,19,2143724004,pass,c1_r100_1000_1,cell1,0.1,,1.0,1,-0.597419,-1.74397,6.31054e-11,1,1,True,True
fs_mm,27,19,2143724004,pass,c1_r100_1000_2,cell1,0.1,,1.0,2,-0.580367,-1.75116,6.705e-11,1,1,True,True
fs_mm,27,19,2143724004,pass,c1_r100_1000_3,cell1,0.1,,1.0,3,-0.576401,-1.72834,6.51684e-11,1,1,True,True
fs_mm,27,20,1116687810,pass,c0_r050_0000_0,cell0,0.05,,0.0,0,0.0540669,1.8,1.88333e-10,0,0,True,True
fs_mm,27,20,1116687810,pass,c0_r050_0000_1,cell0,0.05,,0.0,1,0.0530785,1.8,2.22427e-10,0,0,True,True
fs_mm,27,20,1116687810,pass,c0_r050_0000_2,cell0,0.05,,0.0,2,0.054163,1.79999,1.76839e-10,0,0,True,True
fs_mm,27,20,1116687810,pass,c0_r050_0000_3,cell0,0.05,,0.0,3,0.0531957,1.80001,2.01697e-10,0,0,True,True
fs_mm,27,20,1116687810,pass,c1_r050_0600_0,cell1,0.05,,0.6,0,0.032299,1.79927,2.54333e-10,1,0,False,False
fs_mm,27,20,1116687810,pass,c1_r050_0600_1,cell1,0.05,,0.6,1,0.0482609,1.79988,2.00776e-10,1,0,False,False
fs_mm,27,20,1116687810,pass,c1_r050_0600_2,cell1,0.05,,0.6,2,0.0480777,1.79983,1.96629e-10,1,0,False,False
fs_mm,27,20,1116687810,pass,c1_r050_0600_3,cell1,0.05,,0.6,3,0.0501973,1.79993,2.15031e-10,1,0,False,False
fs_mm,27,20,1116687810,pass,c1_r050_0650_0,cell1,0.05,,0.65,0,0.0470958,1.79977,2.58649e-10,1,0,False,False
fs_mm,27,20,1116687810,pass,c1_r050_0650_1,cell1,0.05,,0.65,1,0.0516718,1.79996,2.20206e-10,1,0,False,False
fs_mm,27,20,1116687810,pass,c1_r050_0650_2,cell1,0.05,,0.65,2,0.0282364,1.79913,2.605e-10,1,0,False,False
fs_mm,27,20,1116687810,pass,c1_r050_0650_3,cell1,0.05,,0.65,3,0.040776,1.79956,2.0218e-10,1,0,False,False
fs_mm,27,20,1116687810,pass,c1_r050_0700_0,cell1,0.05,,0.7,0,0.0191973,1.79885,2.13118e-10,1,0,False,False
fs_mm,27,20,1116687810,pass,c1_r050_0700_1,cell1,0.05,,0.7,1,0.0195986,1.79893,2.41652e-10,1,0,False,False
fs_mm,27,20,1116687810,pass,c1_r050_0700_2,cell1,0.05,,0.7,2,0.0467273,1.79974,1.89321e-10,1,0,False,False
fs_mm,27,20,1116687810,pass,c1_r050_0700_3,cell1,0.05,,0.7,3,0.0136915,1.79874,2.51538e-10,1,0,False,False
fs_mm,27,20,1116687810,pass,c1_r050_0750_0,cell1,0.05,,0.75,0,-0.104907,-1.79606,1.62965e-10,1,1,True,True
fs_mm,27,20,1116687810,pass,c1_r050_0750_1,cell1,0.05,,0.75,1,-0.0453892,-1.78061,2.10262e-10,1,1,True,True
fs_mm,27,20,1116687810,pass,c1_r050_0750_2,cell1,0.05,,0.75,2,-0.118843,-1.79015,1.61116e-10,1,1,True,True
fs_mm,27,20,1116687810,pass,c1_r050_0750_3,cell1,0.05,,0.75,3,-0.0798194,-1.78999,1.85745e-10,1,1,True,True
fs_mm,27,20,1116687810,pass,c1_r050_0800_0,cell1,0.05,,0.8,0,-0.151519,-1.78448,1.56958e-10,1,1,True,True
fs_mm,27,20,1116687810,pass,c1_r050_0800_1,cell1,0.05,,0.8,1,-0.152773,-1.79019,1.50276e-10,1,1,True,True
fs_mm,27,20,1116687810,pass,c1_r050_0800_2,cell1,0.05,,0.8,2,-0.649104,-1.78642,5.80519e-11,1,1,True,True
fs_mm,27,20,1116687810,pass,c1_r050_0800_3,cell1,0.05,,0.8,3,-0.635682,-1.78446,5.78134e-11,1,1,True,True
fs_mm,27,20,1116687810,pass,c1_r050_0850_0,cell1,0.05,,0.85,0,-0.664517,-1.77271,5.55046e-11,1,1,True,True
fs_mm,27,20,1116687810,pass,c1_r050_0850_1,cell1,0.05,,0.85,1,-0.258051,-1.77973,1.24384e-10,1,1,True,True
fs_mm,27,20,1116687810,pass,c1_r050_0850_2,cell1,0.05,,0.85,2,-0.0533356,-1.76102,1.86597e-10,1,1,True,True
fs_mm,27,20,1116687810,pass,c1_r050_0850_3,cell1,0.05,,0.85,3,-0.60988,-1.75928,6.22396e-11,1,1,True,True
fs_mm,27,20,1116687810,pass,c1_r050_0900_0,cell1,0.05,,0.9,0,-0.655054,-1.76605,5.53882e-11,1,1,True,True
fs_mm,27,20,1116687810,pass,c1_r050_0900_1,cell1,0.05,,0.9,1,-0.652039,-1.76373,5.75977e-11,1,1,True,True
fs_mm,27,20,1116687810,pass,c1_r050_0900_2,cell1,0.05,,0.9,2,-0.309601,-1.74992,1.0965e-10,1,1,True,True
fs_mm,27,20,1116687810,pass,c1_r050_0900_3,cell1,0.05,,0.9,3,-0.359432,-1.76832,9.94727e-11,1,1,True,True
fs_mm,27,20,1116687810,pass,c1_r050_0950_0,cell1,0.05,,0.95,0,-0.533632,-1.72932,7.13016e-11,1,1,True,True
fs_mm,27,20,1116687810,pass,c1_r050_0950_1,cell1,0.05,,0.95,1,-0.668192,-1.76028,5.50727e-11,1,1,True,True
fs_mm,27,20,1116687810,pass,c1_r050_0950_2,cell1,0.05,,0.95,2,-0.605852,-1.75654,6.3113e-11,1,1,True,True
fs_mm,27,20,1116687810,pass,c1_r050_0950_3,cell1,0.05,,0.95,3,-0.681707,-1.7598,5.31628e-11,1,1,True,True
fs_mm,27,20,1116687810,pass,c1_r050_1000_0,cell1,0.05,,1.0,0,-0.65551,-1.73812,5.63079e-11,1,1,True,True
fs_mm,27,20,1116687810,pass,c1_r050_1000_1,cell1,0.05,,1.0,1,-0.603783,-1.73643,6.40097e-11,1,1,True,True
fs_mm,27,20,1116687810,pass,c1_r050_1000_2,cell1,0.05,,1.0,2,-0.624127,-1.7366,5.89215e-11,1,1,True,True
fs_mm,27,20,1116687810,pass,c1_r050_1000_3,cell1,0.05,,1.0,3,-0.664665,-1.75146,5.47028e-11,1,1,True,True
fs_mm,27,20,1116687810,pass,c0_r100_0000_0,cell0,0.1,,0.0,0,0.108774,1.79999,1.49452e-10,0,0,True,True
fs_mm,27,20,1116687810,pass,c0_r100_0000_1,cell0,0.1,,0.0,1,0.106833,1.79999,1.73116e-10,0,0,True,True
fs_mm,27,20,1116687810,pass,c0_r100_0000_2,cell0,0.1,,0.0,2,0.108661,1.79999,1.59973e-10,0,0,True,True
fs_mm,27,20,1116687810,pass,c0_r100_0000_3,cell0,0.1,,0.0,3,0.107804,1.8,1.84796e-10,0,0,True,True
fs_mm,27,20,1116687810,pass,c1_r100_0600_0,cell1,0.1,,0.6,0,0.0842474,1.7992,1.72362e-10,1,0,False,False
fs_mm,27,20,1116687810,pass,c1_r100_0600_1,cell1,0.1,,0.6,1,0.103625,1.79984,1.67107e-10,1,0,False,False
fs_mm,27,20,1116687810,pass,c1_r100_0600_2,cell1,0.1,,0.6,2,0.105336,1.79995,1.64754e-10,1,0,False,False
fs_mm,27,20,1116687810,pass,c1_r100_0600_3,cell1,0.1,,0.6,3,0.10501,1.79996,1.62516e-10,1,0,False,False
fs_mm,27,20,1116687810,pass,c1_r100_0650_0,cell1,0.1,,0.65,0,0.10077,1.79971,1.74794e-10,1,0,False,False
fs_mm,27,20,1116687810,pass,c1_r100_0650_1,cell1,0.1,,0.65,1,0.100499,1.79969,1.62207e-10,1,0,False,False
fs_mm,27,20,1116687810,pass,c1_r100_0650_2,cell1,0.1,,0.65,2,0.104172,1.79987,1.57247e-10,1,0,False,False
fs_mm,27,20,1116687810,pass,c1_r100_0650_3,cell1,0.1,,0.65,3,0.102625,1.79984,1.73042e-10,1,0,False,False
fs_mm,27,20,1116687810,pass,c1_r100_0700_0,cell1,0.1,,0.7,0,0.0504596,1.79831,2.33965e-10,1,0,False,False
fs_mm,27,20,1116687810,pass,c1_r100_0700_1,cell1,0.1,,0.7,1,-0.19738,-1.79796,1.34271e-10,1,1,True,True
fs_mm,27,20,1116687810,pass,c1_r100_0700_2,cell1,0.1,,0.7,2,0.081442,1.79915,2.06981e-10,1,0,False,False
fs_mm,27,20,1116687810,pass,c1_r100_0700_3,cell1,0.1,,0.7,3,-0.161399,-1.79894,1.44325e-10,1,1,True,True
fs_mm,27,20,1116687810,pass,c1_r100_0750_0,cell1,0.1,,0.75,0,0.067013,1.79875,1.86059e-10,1,0,False,False
fs_mm,27,20,1116687810,pass,c1_r100_0750_1,cell1,0.1,,0.75,1,-0.66351,-1.78632,5.40794e-11,1,1,True,True
fs_mm,27,20,1116687810,pass,c1_r100_0750_2,cell1,0.1,,0.75,2,0.0093268,1.7972,3.20169e-10,1,0,False,False
fs_mm,27,20,1116687810,pass,c1_r100_0750_3,cell1,0.1,,0.75,3,0.0181763,1.79747,2.91444e-10,1,0,False,False
fs_mm,27,20,1116687810,pass,c1_r100_0800_0,cell1,0.1,,0.8,0,0.00471832,-1.78702,2.59333e-10,1,1,True,True
fs_mm,27,20,1116687810,pass,c1_r100_0800_1,cell1,0.1,,0.8,1,-0.41276,-1.79041,8.79272e-11,1,1,True,True
fs_mm,27,20,1116687810,pass,c1_r100_0800_2,cell1,0.1,,0.8,2,-0.458859,-1.78749,7.89067e-11,1,1,True,True
fs_mm,27,20,1116687810,pass,c1_r100_0800_3,cell1,0.1,,0.8,3,-0.484262,-1.78767,7.50053e-11,1,1,True,True
fs_mm,27,20,1116687810,pass,c1_r100_0850_0,cell1,0.1,,0.85,0,-0.449852,-1.77548,8.04186e-11,1,1,True,True
fs_mm,27,20,1116687810,pass,c1_r100_0850_1,cell1,0.1,,0.85,1,-0.0656441,-1.77836,1.79342e-10,1,1,True,True
fs_mm,27,20,1116687810,pass,c1_r100_0850_2,cell1,0.1,,0.85,2,-0.722005,-1.78967,4.62608e-11,1,1,True,True
fs_mm,27,20,1116687810,pass,c1_r100_0850_3,cell1,0.1,,0.85,3,-0.211213,-1.77476,1.34037e-10,1,1,True,True
fs_mm,27,20,1116687810,pass,c1_r100_0900_0,cell1,0.1,,0.9,0,-0.288382,-1.76236,1.0915e-10,1,1,True,True
fs_mm,27,20,1116687810,pass,c1_r100_0900_1,cell1,0.1,,0.9,1,-0.627405,-1.76816,5.9403e-11,1,1,True,True
fs_mm,27,20,1116687810,pass,c1_r100_0900_2,cell1,0.1,,0.9,2,-0.341166,-1.75099,9.98786e-11,1,1,True,True
fs_mm,27,20,1116687810,pass,c1_r100_0900_3,cell1,0.1,,0.9,3,-0.625288,-1.76929,5.94566e-11,1,1,True,True
fs_mm,27,20,1116687810,pass,c1_r100_0950_0,cell1,0.1,,0.95,0,-0.505608,-1.74761,7.50045e-11,1,1,True,True
fs_mm,27,20,1116687810,pass,c1_r100_0950_1,cell1,0.1,,0.95,1,-0.595308,-1.7469,6.2943e-11,1,1,True,True
fs_mm,27,20,1116687810,pass,c1_r100_0950_2,cell1,0.1,,0.95,2,-0.649393,-1.7573,5.73751e-11,1,1,True,True
fs_mm,27,20,1116687810,pass,c1_r100_0950_3,cell1,0.1,,0.95,3,-0.544178,-1.74524,7.18957e-11,1,1,True,True
fs_mm,27,20,1116687810,pass,c1_r100_1000_0,cell1,0.1,,1.0,0,-0.666745,-1.76382,5.34291e-11,1,1,True,True
fs_mm,27,20,1116687810,pass,c1_r100_1000_1,cell1,0.1,,1.0,1,-0.60032,-1.7458,6.1663e-11,1,1,True,True
fs_mm,27,20,1116687810,pass,c1_r100_1000_2,cell1,0.1,,1.0,2,-0.559513,-1.7319,6.85722e-11,1,1,True,True
fs_mm,27,20,1116687810,pass,c1_r100_1000_3,cell1,0.1,,1.0,3,-0.549631,-1.73611,7.06142e-11,1,1,True,True
fs_mm,27,21,1443076806,pass,c0_r050_0000_0,cell0,0.05,,0.0,0,0.0541837,1.79999,1.76761e-10,0,0,True,True
fs_mm,27,21,1443076806,pass,c0_r050_0000_1,cell0,0.05,,0.0,1,0.0534594,1.8,1.90892e-10,0,0,True,True
fs_mm,27,21,1443076806,pass,c0_r050_0000_2,cell0,0.05,,0.0,2,0.0526441,1.80001,2.0401e-10,0,0,True,True
fs_mm,27,21,1443076806,pass,c0_r050_0000_3,cell0,0.05,,0.0,3,0.05434,1.80001,2.00811e-10,0,0,True,True
fs_mm,27,21,1443076806,pass,c1_r050_0600_0,cell1,0.05,,0.6,0,0.0533161,1.79998,1.91639e-10,1,0,False,False
fs_mm,27,21,1443076806,pass,c1_r050_0600_1,cell1,0.05,,0.6,1,0.0522341,1.79986,2.01688e-10,1,0,False,False
fs_mm,27,21,1443076806,pass,c1_r050_0600_2,cell1,0.05,,0.6,2,0.0477482,1.79976,1.91452e-10,1,0,False,False
fs_mm,27,21,1443076806,pass,c1_r050_0600_3,cell1,0.05,,0.6,3,0.0529914,1.7999,2.04325e-10,1,0,False,False
fs_mm,27,21,1443076806,pass,c1_r050_0650_0,cell1,0.05,,0.65,0,0.0259086,1.79913,2.8102e-10,1,0,False,False
fs_mm,27,21,1443076806,pass,c1_r050_0650_1,cell1,0.05,,0.65,1,-0.054193,-1.79684,1.86252e-10,1,1,True,True
fs_mm,27,21,1443076806,pass,c1_r050_0650_2,cell1,0.05,,0.65,2,0.0363625,1.79938,2.41325e-10,1,0,False,False
fs_mm,27,21,1443076806,pass,c1_r050_0650_3,cell1,0.05,,0.65,3,0.022659,1.79902,2.39105e-10,1,0,False,False
fs_mm,27,21,1443076806,pass,c1_r050_0700_0,cell1,0.05,,0.7,0,0.0205647,-1.79762,2.96963e-10,1,1,True,True
fs_mm,27,21,1443076806,pass,c1_r050_0700_1,cell1,0.05,,0.7,1,-0.0111206,-1.79708,2.54302e-10,1,1,True,True
fs_mm,27,21,1443076806,pass,c1_r050_0700_2,cell1,0.05,,0.7,2,0.0200282,1.79897,1.93505e-10,1,0,False,False
fs_mm,27,21,1443076806,pass,c1_r050_0700_3,cell1,0.05,,0.7,3,0.0296661,1.79917,2.24872e-10,1,0,False,False
fs_mm,27,21,1443076806,pass,c1_r050_0750_0,cell1,0.05,,0.75,0,-0.315986,-1.78871,1.06452e-10,1,1,True,True
fs_mm,27,21,1443076806,pass,c1_r050_0750_1,cell1,0.05,,0.75,1,-0.264673,-1.79673,1.12934e-10,1,1,True,True
fs_mm,27,21,1443076806,pass,c1_r050_0750_2,cell1,0.05,,0.75,2,-0.0499937,-1.78792,1.96098e-10,1,1,True,True
fs_mm,27,21,1443076806,pass,c1_r050_0750_3,cell1,0.05,,0.75,3,-0.321852,-1.79188,1.01722e-10,1,1,True,True
fs_mm,27,21,1443076806,pass,c1_r050_0800_0,cell1,0.05,,0.8,0,-0.684206,-1.78295,5.29342e-11,1,1,True,True
fs_mm,27,21,1443076806,pass,c1_r050_0800_1,cell1,0.05,,0.8,1,-0.738309,-1.7932,4.39999e-11,1,1,True,True
fs_mm,27,21,1443076806,pass,c1_r050_0800_2,cell1,0.05,,0.8,2,-0.118033,-1.78085,1.63422e-10,1,1,True,True
fs_mm,27,21,1443076806,pass,c1_r050_0800_3,cell1,0.05,,0.8,3,-0.0444797,-1.78688,2.30286e-10,1,1,True,True
fs_mm,27,21,1443076806,pass,c1_r050_0850_0,cell1,0.05,,0.85,0,-0.662754,-1.7655,5.70004e-11,1,1,True,True
fs_mm,27,21,1443076806,pass,c1_r050_0850_1,cell1,0.05,,0.85,1,-0.555869,-1.78015,6.70079e-11,1,1,True,True
fs_mm,27,21,1443076806,pass,c1_r050_0850_2,cell1,0.05,,0.85,2,-0.632703,-1.77353,5.91252e-11,1,1,True,True
fs_mm,27,21,1443076806,pass,c1_r050_0850_3,cell1,0.05,,0.85,3,-0.306209,-1.78553,1.07039e-10,1,1,True,True
fs_mm,27,21,1443076806,pass,c1_r050_0900_0,cell1,0.05,,0.9,0,-0.695513,-1.78205,5.16095e-11,1,1,True,True
fs_mm,27,21,1443076806,pass,c1_r050_0900_1,cell1,0.05,,0.9,1,-0.578734,-1.75611,6.62338e-11,1,1,True,True
fs_mm,27,21,1443076806,pass,c1_r050_0900_2,cell1,0.05,,0.9,2,-0.741341,-1.77617,4.10823e-11,1,1,True,True
fs_mm,27,21,1443076806,pass,c1_r050_0900_3,cell1,0.05,,0.9,3,-0.449058,-1.76291,8.0431e-11,1,1,True,True
fs_mm,27,21,1443076806,pass,c1_r050_0950_0,cell1,0.05,,0.95,0,-0.670705,-1.75844,5.38243e-11,1,1,True,True
fs_mm,27,21,1443076806,pass,c1_r050_0950_1,cell1,0.05,,0.95,1,-0.676343,-1.75987,5.37458e-11,1,1,True,True
fs_mm,27,21,1443076806,pass,c1_r050_0950_2,cell1,0.05,,0.95,2,-0.626199,-1.74223,5.91048e-11,1,1,True,True
fs_mm,27,21,1443076806,pass,c1_r050_0950_3,cell1,0.05,,0.95,3,-0.573468,-1.74787,6.60812e-11,1,1,True,True
fs_mm,27,21,1443076806,pass,c1_r050_1000_0,cell1,0.05,,1.0,0,-0.689273,-1.75829,5.2347e-11,1,1,True,True
fs_mm,27,21,1443076806,pass,c1_r050_1000_1,cell1,0.05,,1.0,1,-0.652872,-1.74106,5.66092e-11,1,1,True,True
fs_mm,27,21,1443076806,pass,c1_r050_1000_2,cell1,0.05,,1.0,2,-0.593665,-1.73002,6.45738e-11,1,1,True,True
fs_mm,27,21,1443076806,pass,c1_r050_1000_3,cell1,0.05,,1.0,3,-0.602616,-1.72761,6.34036e-11,1,1,True,True
fs_mm,27,21,1443076806,pass,c0_r100_0000_0,cell0,0.1,,0.0,0,0.108036,1.79999,1.53359e-10,0,0,True,True
fs_mm,27,21,1443076806,pass,c0_r100_0000_1,cell0,0.1,,0.0,1,0.10636,1.8,1.82462e-10,0,0,True,True
fs_mm,27,21,1443076806,pass,c0_r100_0000_2,cell0,0.1,,0.0,2,0.107002,1.79999,1.7342e-10,0,0,True,True
fs_mm,27,21,1443076806,pass,c0_r100_0000_3,cell0,0.1,,0.0,3,0.107304,1.79999,1.63516e-10,0,0,True,True
fs_mm,27,21,1443076806,pass,c1_r100_0600_0,cell1,0.1,,0.6,0,0.0809989,1.79913,1.75965e-10,1,0,False,False
fs_mm,27,21,1443076806,pass,c1_r100_0600_1,cell1,0.1,,0.6,1,0.027548,-1.79922,3.17897e-10,1,1,True,True
fs_mm,27,21,1443076806,pass,c1_r100_0600_2,cell1,0.1,,0.6,2,0.106224,1.79995,1.80442e-10,1,0,False,False
fs_mm,27,21,1443076806,pass,c1_r100_0600_3,cell1,0.1,,0.6,3,0.102315,1.79977,1.57434e-10,1,0,False,False
fs_mm,27,21,1443076806,pass,c1_r100_0650_0,cell1,0.1,,0.65,0,0.0903027,1.79938,1.77874e-10,1,0,False,False
fs_mm,27,21,1443076806,pass,c1_r100_0650_1,cell1,0.1,,0.65,1,-0.110739,-1.79636,1.80638e-10,1,1,True,True
fs_mm,27,21,1443076806,pass,c1_r100_0650_2,cell1,0.1,,0.65,2,-0.0434617,-1.79705,2.13874e-10,1,1,True,True
fs_mm,27,21,1443076806,pass,c1_r100_0650_3,cell1,0.1,,0.65,3,0.0503907,1.79829,2.30503e-10,1,0,False,False
fs_mm,27,21,1443076806,pass,c1_r100_0700_0,cell1,0.1,,0.7,0,0.0775227,1.79903,1.88632e-10,1,0,False,False
fs_mm,27,21,1443076806,pass,c1_r100_0700_1,cell1,0.1,,0.7,1,-0.0675974,-1.79666,1.98403e-10,1,1,True,True
fs_mm,27,21,1443076806,pass,c1_r100_0700_2,cell1,0.1,,0.7,2,0.0812671,1.79915,1.94364e-10,1,0,False,False
fs_mm,27,21,1443076806,pass,c1_r100_0700_3,cell1,0.1,,0.7,3,0.0763529,1.79901,1.92004e-10,1,0,False,False
fs_mm,27,21,1443076806,pass,c1_r100_0750_0,cell1,0.1,,0.75,0,0.051783,1.7983,2.57869e-10,1,0,False,False
fs_mm,27,21,1443076806,pass,c1_r100_0750_1,cell1,0.1,,0.75,1,-0.0405776,-1.78497,1.99343e-10,1,1,True,True
fs_mm,27,21,1443076806,pass,c1_r100_0750_2,cell1,0.1,,0.75,2,-0.0719101,-1.78871,1.93701e-10,1,1,True,True
fs_mm,27,21,1443076806,pass,c1_r100_0750_3,cell1,0.1,,0.75,3,0.0680606,1.7988,2.09709e-10,1,0,False,False
fs_mm,27,21,1443076806,pass,c1_r100_0800_0,cell1,0.1,,0.8,0,-0.472114,-1.78371,7.47517e-11,1,1,True,True
fs_mm,27,21,1443076806,pass,c1_r100_0800_1,cell1,0.1,,0.8,1,-0.413609,-1.79083,8.81183e-11,1,1,True,True
fs_mm,27,21,1443076806,pass,c1_r100_0800_2,cell1,0.1,,0.8,2,-0.146973,-1.79013,1.47724e-10,1,1,True,True
fs_mm,27,21,1443076806,pass,c1_r100_0800_3,cell1,0.1,,0.8,3,0.0337746,1.79785,2.29258e-10,1,0,False,False
fs_mm,27,21,1443076806,pass,c1_r100_0850_0,cell1,0.1,,0.85,0,-0.414946,-1.77963,8.76911e-11,1,1,True,True
fs_mm,27,21,1443076806,pass,c1_r100_0850_1,cell1,0.1,,0.85,1,-0.712605,-1.78121,4.81065e-11,1,1,True,True
fs_mm,27,21,1443076806,pass,c1_r100_0850_2,cell1,0.1,,0.85,2,-0.611433,-1.76622,6.38655e-11,1,1,True,True
fs_mm,27,21,1443076806,pass,c1_r100_0850_3,cell1,0.1,,0.85,3,-0.070853,-1.78635,1.84693e-10,1,1,True,True
fs_mm,27,21,1443076806,pass,c1_r100_0900_0,cell1,0.1,,0.9,0,-0.597903,-1.76326,6.43111e-11,1,1,True,True
fs_mm,27,21,1443076806,pass,c1_r100_0900_1,cell1,0.1,,0.9,1,-0.621127,-1.75889,6.07068e-11,1,1,True,True
fs_mm,27,21,1443076806,pass,c1_r100_0900_2,cell1,0.1,,0.9,2,-0.626621,-1.76119,6.04321e-11,1,1,True,True
fs_mm,27,21,1443076806,pass,c1_r100_0900_3,cell1,0.1,,0.9,3,-0.591113,-1.75975,6.3784e-11,1,1,True,True
fs_mm,27,21,1443076806,pass,c1_r100_0950_0,cell1,0.1,,0.95,0,-0.555498,-1.7467,6.78506e-11,1,1,True,True
fs_mm,27,21,1443076806,pass,c1_r100_0950_1,cell1,0.1,,0.95,1,-0.596108,-1.74839,6.24544e-11,1,1,True,True
fs_mm,27,21,1443076806,pass,c1_r100_0950_2,cell1,0.1,,0.95,2,-0.542625,-1.72496,7.13007e-11,1,1,True,True
fs_mm,27,21,1443076806,pass,c1_r100_0950_3,cell1,0.1,,0.95,3,-0.364975,-1.7399,9.53013e-11,1,1,True,True
fs_mm,27,21,1443076806,pass,c1_r100_1000_0,cell1,0.1,,1.0,0,-0.610401,-1.74722,6.20494e-11,1,1,True,True
fs_mm,27,21,1443076806,pass,c1_r100_1000_1,cell1,0.1,,1.0,1,-0.563991,-1.74432,6.87227e-11,1,1,True,True
fs_mm,27,21,1443076806,pass,c1_r100_1000_2,cell1,0.1,,1.0,2,-0.616538,-1.74158,6.03008e-11,1,1,True,True
fs_mm,27,21,1443076806,pass,c1_r100_1000_3,cell1,0.1,,1.0,3,-0.525171,-1.7331,7.22234e-11,1,1,True,True
fs_mm,27,22,354165566,pass,c0_r050_0000_0,cell0,0.05,,0.0,0,0.0539834,1.8,2.1731e-10,0,0,True,True
fs_mm,27,22,354165566,pass,c0_r050_0000_1,cell0,0.05,,0.0,1,0.0522761,1.79999,2.4247e-10,0,0,True,True
fs_mm,27,22,354165566,pass,c0_r050_0000_2,cell0,0.05,,0.0,2,0.0522319,1.8,2.84719e-10,0,0,True,True
fs_mm,27,22,354165566,pass,c0_r050_0000_3,cell0,0.05,,0.0,3,0.0532833,1.79999,2.36671e-10,0,0,True,True
fs_mm,27,22,354165566,pass,c1_r050_0600_0,cell1,0.05,,0.6,0,0.030687,1.79927,2.11804e-10,1,0,False,False
fs_mm,27,22,354165566,pass,c1_r050_0600_1,cell1,0.05,,0.6,1,0.0486062,1.79991,1.86878e-10,1,0,False,False
fs_mm,27,22,354165566,pass,c1_r050_0600_2,cell1,0.05,,0.6,2,0.0424418,1.79953,2.05101e-10,1,0,False,False
fs_mm,27,22,354165566,pass,c1_r050_0600_3,cell1,0.05,,0.6,3,0.0476166,1.7998,1.9542e-10,1,0,False,False
fs_mm,27,22,354165566,pass,c1_r050_0650_0,cell1,0.05,,0.65,0,0.0276761,1.79913,2.06093e-10,1,0,False,False
fs_mm,27,22,354165566,pass,c1_r050_0650_1,cell1,0.05,,0.65,1,0.0272713,1.79917,2.62588e-10,1,0,False,False
fs_mm,27,22,354165566,pass,c1_r050_0650_2,cell1,0.05,,0.65,2,-0.167506,-1.79767,1.4233e-10,1,1,True,True
fs_mm,27,22,354165566,pass,c1_r050_0650_3,cell1,0.05,,0.65,3,0.030076,1.79918,2.48437e-10,1,0,False,False
fs_mm,27,22,354165566,pass,c1_r050_0700_0,cell1,0.05,,0.7,0,0.0180045,1.79885,2.36474e-10,1,0,False,False
fs_mm,27,22,354165566,pass,c1_r050_0700_1,cell1,0.05,,0.7,1,0.0323584,1.79926,2.37148e-10,1,0,False,False
fs_mm,27,22,354165566,pass,c1_r050_0700_2,cell1,0.05,,0.7,2,-0.0272994,-1.79766,2.06681e-10,1,1,True,True
fs_mm,27,22,354165566,pass,c1_r050_0700_3,cell1,0.05,,0.7,3,-0.378853,-1.792,9.21546e-11,1,1,True,True
fs_mm,27,22,354165566,pass,c1_r050_0750_0,cell1,0.05,,0.75,0,-0.0522226,-1.78871,1.77832e-10,1,1,True,True
fs_mm,27,22,354165566,pass,c1_r050_0750_1,cell1,0.05,,0.75,1,-0.0241072,-1.792,2.89532e-10,1,1,True,True
fs_mm,27,22,354165566,pass,c1_r050_0750_2,cell1,0.05,,0.75,2,-0.342564,-1.79565,9.85222e-11,1,1,True,True
fs_mm,27,22,354165566,pass,c1_r050_0750_3,cell1,0.05,,0.75,3,-0.149749,-1.79346,1.45357e-10,1,1,True,True
fs_mm,27,22,354165566,pass,c1_r050_0800_0,cell1,0.05,,0.8,0,-0.610167,-1.78332,6.18608e-11,1,1,True,True
fs_mm,27,22,354165566,pass,c1_r050_0800_1,cell1,0.05,,0.8,1,-0.662235,-1.7871,5.81666e-11,1,1,True,True
fs_mm,27,22,354165566,pass,c1_r050_0800_2,cell1,0.05,,0.8,2,-0.662076,-1.7796,5.57686e-11,1,1,True,True
fs_mm,27,22,354165566,pass,c1_r050_0800_3,cell1,0.05,,0.8,3,-0.224954,-1.77935,1.27047e-10,1,1,True,True
fs_mm,27,22,354165566,pass,c1_r050_0850_0,cell1,0.05,,0.85,0,-0.307513,-1.77295,1.03884e-10,1,1,True,True
fs_mm,27,22,354165566,pass,c1_r050_0850_1,cell1,0.05,,0.85,1,-0.605716,-1.78037,6.14282e-11,1,1,True,True
fs_mm,27,22,354165566,pass,c1_r050_0850_2,cell1,0.05,,0.85,2,-0.681878,-1.78346,5.36834e-11,1,1,True,True
fs_mm,27,22,354165566,pass,c1_r050_0850_3,cell1,0.05,,0.85,3,-0.204383,-1.77127,1.40519e-10,1,1,True,True
fs_mm,27,22,354165566,pass,c1_r050_0900_0,cell1,0.05,,0.9,0,-0.606313,-1.75758,6.2588e-11,1,1,True,True
fs_mm,27,22,354165566,pass,c1_r050_0900_1,cell1,0.05,,0.9,1,-0.664832,-1.76646,5.46194e-11,1,1,True,True
fs_mm,27,22,354165566,pass,c1_r050_0900_2,cell1,0.05,,0.9,2,-0.659876,-1.76413,5.61533e-11,1,1,True,True
fs_mm,27,22,354165566,pass,c1_r050_0900_3,cell1,0.05,,0.9,3,-0.682845,-1.77029,5.31016e-11,1,1,True,True
fs_mm,27,22,354165566,pass,c1_r050_0950_0,cell1,0.05,,0.95,0,-0.493155,-1.74251,7.30759e-11,1,1,True,True
fs_mm,27,22,354165566,pass,c1_r050_0950_1,cell1,0.05,,0.95,1,-0.579279,-1.73708,6.69273e-11,1,1,True,True
fs_mm,27,22,354165566,pass,c1_r050_0950_2,cell1,0.05,,0.95,2,-0.540386,-1.74006,6.99089e-11,1,1,True,True
fs_mm,27,22,354165566,pass,c1_r050_0950_3,cell1,0.05,,0.95,3,-0.432601,-1.75094,8.69641e-11,1,1,True,True
fs_mm,27,22,354165566,pass,c1_r050_1000_0,cell1,0.05,,1.0,0,-0.598087,-1.74289,6.39103e-11,1,1,True,True
fs_mm,27,22,354165566,pass,c1_r050_1000_1,cell1,0.05,,1.0,1,-0.643106,-1.74296,5.83065e-11,1,1,True,True
fs_mm,27,22,354165566,pass,c1_r050_1000_2,cell1,0.05,,1.0,2,-0.651139,-1.7379,5.61635e-11,1,1,True,True
fs_mm,27,22,354165566,pass,c1_r050_1000_3,cell1,0.05,,1.0,3,-0.649045,-1.73152,5.73445e-11,1,1,True,True
fs_mm,27,22,354165566,pass,c0_r100_0000_0,cell0,0.1,,0.0,0,0.1082,1.79999,1.61244e-10,0,0,True,True
fs_mm,27,22,354165566,pass,c0_r100_0000_1,cell0,0.1,,0.0,1,0.106228,1.79999,1.60294e-10,0,0,True,True
fs_mm,27,22,354165566,pass,c0_r100_0000_2,cell0,0.1,,0.0,2,0.108441,1.79999,1.65506e-10,0,0,True,True
fs_mm,27,22,354165566,pass,c0_r100_0000_3,cell0,0.1,,0.0,3,0.107773,1.79999,1.54484e-10,0,0,True,True
fs_mm,27,22,354165566,pass,c1_r100_0600_0,cell1,0.1,,0.6,0,0.0983909,1.79963,1.81276e-10,1,0,False,False
fs_mm,27,22,354165566,pass,c1_r100_0600_1,cell1,0.1,,0.6,1,0.105937,1.79997,1.63093e-10,1,0,False,False
fs_mm,27,22,354165566,pass,c1_r100_0600_2,cell1,0.1,,0.6,2,0.102992,1.79978,1.54699e-10,1,0,False,False
fs_mm,27,22,354165566,pass,c1_r100_0600_3,cell1,0.1,,0.6,3,0.100577,1.79974,1.64576e-10,1,0,False,False
fs_mm,27,22,354165566,pass,c1_r100_0650_0,cell1,0.1,,0.65,0,0.0858356,1.79928,1.68194e-10,1,0,False,False
fs_mm,27,22,354165566,pass,c1_r100_0650_1,cell1,0.1,,0.65,1,0.0588965,1.79852,1.95293e-10,1,0,False,False
fs_mm,27,22,354165566,pass,c1_r100_0650_2,cell1,0.1,,0.65,2,0.0980713,1.79967,1.64328e-10,1,0,False,False
fs_mm,27,22,354165566,pass,c1_r100_0650_3,cell1,0.1,,0.65,3,0.103846,1.79984,1.67201e-10,1,0,False,False
fs_mm,27,22,354165566,pass,c1_r100_0700_0,cell1,0.1,,0.7,0,0.0538106,1.7984,2.27894e-10,1,0,False,False
fs_mm,27,22,354165566,pass,c1_r100_0700_1,cell1,0.1,,0.7,1,0.0626742,1.79867,1.91494e-10,1,0,False,False
fs_mm,27,22,354165566,pass,c1_r100_0700_2,cell1,0.1,,0.7,2,0.0916281,1.79952,1.89994e-10,1,0,False,False
fs_mm,27,22,354165566,pass,c1_r100_0700_3,cell1,0.1,,0.7,3,-0.101103,-1.79752,1.80709e-10,1,1,True,True
fs_mm,27,22,354165566,pass,c1_r100_0750_0,cell1,0.1,,0.75,0,0.0559999,1.79842,1.80824e-10,1,0,False,False
fs_mm,27,22,354165566,pass,c1_r100_0750_1,cell1,0.1,,0.75,1,-0.244218,-1.79299,1.15718e-10,1,1,True,True
fs_mm,27,22,354165566,pass,c1_r100_0750_2,cell1,0.1,,0.75,2,-0.118793,-1.79653,1.60302e-10,1,1,True,True
fs_mm,27,22,354165566,pass,c1_r100_0750_3,cell1,0.1,,0.75,3,-0.413947,-1.78443,8.73836e-11,1,1,True,True
fs_mm,27,22,354165566,pass,c1_r100_0800_0,cell1,0.1,,0.8,0,-0.19975,-1.7866,1.29667e-10,1,1,True,True
fs_mm,27,22,354165566,pass,c1_r100_0800_1,cell1,0.1,,0.8,1,-0.628099,-1.78891,5.81967e-11,1,1,True,True
fs_mm,27,22,354165566,pass,c1_r100_0800_2,cell1,0.1,,0.8,2,-0.60644,-1.78548,6.25955e-11,1,1,True,True
fs_mm,27,22,354165566,pass,c1_r100_0800_3,cell1,0.1,,0.8,3,-0.228785,-1.79123,1.24563e-10,1,1,True,True
fs_mm,27,22,354165566,pass,c1_r100_0850_0,cell1,0.1,,0.85,0,-0.563393,-1.76151,6.74036e-11,1,1,True,True
fs_mm,27,22,354165566,pass,c1_r100_0850_1,cell1,0.1,,0.85,1,-0.631481,-1.77563,5.95042e-11,1,1,True,True
fs_mm,27,22,354165566,pass,c1_r100_0850_2,cell1,0.1,,0.85,2,-0.633674,-1.78234,5.89436e-11,1,1,True,True
fs_mm,27,22,354165566,pass,c1_r100_0850_3,cell1,0.1,,0.85,3,-0.497317,-1.77896,7.44598e-11,1,1,True,True
fs_mm,27,22,354165566,pass,c1_r100_0900_0,cell1,0.1,,0.9,0,-0.23415,-1.77642,1.2116e-10,1,1,True,True
fs_mm,27,22,354165566,pass,c1_r100_0900_1,cell1,0.1,,0.9,1,-0.652443,-1.77402,5.64979e-11,1,1,True,True
fs_mm,27,22,354165566,pass,c1_r100_0900_2,cell1,0.1,,0.9,2,-0.619932,-1.76542,6.04303e-11,1,1,True,True
fs_mm,27,22,354165566,pass,c1_r100_0900_3,cell1,0.1,,0.9,3,-0.648498,-1.77343,5.70682e-11,1,1,True,True
fs_mm,27,22,354165566,pass,c1_r100_0950_0,cell1,0.1,,0.95,0,-0.491259,-1.74225,7.63308e-11,1,1,True,True
fs_mm,27,22,354165566,pass,c1_r100_0950_1,cell1,0.1,,0.95,1,-0.560151,-1.7586,6.74307e-11,1,1,True,True
fs_mm,27,22,354165566,pass,c1_r100_0950_2,cell1,0.1,,0.95,2,-0.514587,-1.74705,7.41545e-11,1,1,True,True
fs_mm,27,22,354165566,pass,c1_r100_0950_3,cell1,0.1,,0.95,3,-0.619086,-1.75506,5.98838e-11,1,1,True,True
fs_mm,27,22,354165566,pass,c1_r100_1000_0,cell1,0.1,,1.0,0,-0.601749,-1.7323,6.44329e-11,1,1,True,True
fs_mm,27,22,354165566,pass,c1_r100_1000_1,cell1,0.1,,1.0,1,-0.563325,-1.74133,6.78833e-11,1,1,True,True
fs_mm,27,22,354165566,pass,c1_r100_1000_2,cell1,0.1,,1.0,2,-0.505377,-1.71978,7.44072e-11,1,1,True,True
fs_mm,27,22,354165566,pass,c1_r100_1000_3,cell1,0.1,,1.0,3,-0.618614,-1.73664,5.98459e-11,1,1,True,True
fs_mm,27,23,225271245,pass,c0_r050_0000_0,cell0,0.05,,0.0,0,0.0506048,1.8,2.16146e-10,0,0,True,True
fs_mm,27,23,225271245,pass,c0_r050_0000_1,cell0,0.05,,0.0,1,0.0537454,1.79999,2.30742e-10,0,0,True,True
fs_mm,27,23,225271245,pass,c0_r050_0000_2,cell0,0.05,,0.0,2,0.0523337,1.8,1.90454e-10,0,0,True,True
fs_mm,27,23,225271245,pass,c0_r050_0000_3,cell0,0.05,,0.0,3,0.0503405,1.8,2.08607e-10,0,0,True,True
fs_mm,27,23,225271245,pass,c1_r050_0600_0,cell1,0.05,,0.6,0,0.0475836,1.79981,1.9544e-10,1,0,False,False
fs_mm,27,23,225271245,pass,c1_r050_0600_1,cell1,0.05,,0.6,1,0.0469448,1.79972,1.93664e-10,1,0,False,False
fs_mm,27,23,225271245,pass,c1_r050_0600_2,cell1,0.05,,0.6,2,0.0414514,1.79955,3.37102e-10,1,0,False,False
fs_mm,27,23,225271245,pass,c1_r050_0600_3,cell1,0.05,,0.6,3,0.0378398,1.79941,2.0569e-10,1,0,False,False
fs_mm,27,23,225271245,pass,c1_r050_0650_0,cell1,0.05,,0.65,0,-0.00969257,-1.79879,3.53598e-10,1,1,True,True
fs_mm,27,23,225271245,pass,c1_r050_0650_1,cell1,0.05,,0.65,1,-0.052386,-1.79622,2.22041e-10,1,1,True,True
fs_mm,27,23,225271245,pass,c1_r050_0650_2,cell1,0.05,,0.65,2,0.0218641,-1.79826,3.10119e-10,1,1,True,True
fs_mm,27,23,225271245,pass,c1_r050_0650_3,cell1,0.05,,0.65,3,-0.119204,-1.79788,1.66033e-10,1,1,True,True
fs_mm,27,23,225271245,pass,c1_r050_0700_0,cell1,0.05,,0.7,0,0.049431,1.79994,3.3396e-10,1,0,False,False
fs_mm,27,23,225271245,pass,c1_r050_0700_1,cell1,0.05,,0.7,1,-0.323728,-1.79761,1.01395e-10,1,1,True,True
fs_mm,27,23,225271245,pass,c1_r050_0700_2,cell1,0.05,,0.7,2,-0.177337,-1.79512,1.4258e-10,1,1,True,True
fs_mm,27,23,225271245,pass,c1_r050_0700_3,cell1,0.05,,0.7,3,-0.00537739,-1.79565,2.32923e-10,1,1,True,True
fs_mm,27,23,225271245,pass,c1_r050_0750_0,cell1,0.05,,0.75,0,-0.265059,-1.79128,1.15424e-10,1,1,True,True
fs_mm,27,23,225271245,pass,c1_r050_0750_1,cell1,0.05,,0.75,1,-0.159992,-1.79285,1.38595e-10,1,1,True,True
fs_mm,27,23,225271245,pass,c1_r050_0750_2,cell1,0.05,,0.75,2,-0.456295,-1.79798,8.3497e-11,1,1,True,True
fs_mm,27,23,225271245,pass,c1_r050_0750_3,cell1,0.05,,0.75,3,0.0234377,-1.79126,2.52241e-10,1,1,True,True
fs_mm,27,23,225271245,pass,c1_r050_0800_0,cell1,0.05,,0.8,0,-0.650351,-1.78143,5.58029e-11,1,1,True,True
fs_mm,27,23,225271245,pass,c1_r050_0800_1,cell1,0.05,,0.8,1,-0.421263,-1.78934,8.43153e-11,1,1,True,True
fs_mm,27,23,225271245,pass,c1_r050_0800_2,cell1,0.05,,0.8,2,-0.0533761,-1.78897,1.86096e-10,1,1,True,True
fs_mm,27,23,225271245,pass,c1_r050_0800_3,cell1,0.05,,0.8,3,-0.689613,-1.77947,5.30977e-11,1,1,True,True
fs_mm,27,23,225271245,pass,c1_r050_0850_0,cell1,0.05,,0.85,0,-0.659391,-1.78124,5.50709e-11,1,1,True,True
fs_mm,27,23,225271245,pass,c1_r050_0850_1,cell1,0.05,,0.85,1,-0.354637,-1.77874,9.59317e-11,1,1,True,True
fs_mm,27,23,225271245,pass,c1_r050_0850_2,cell1,0.05,,0.85,2,-0.570849,-1.76837,6.48041e-11,1,1,True,True
fs_mm,27,23,225271245,pass,c1_r050_0850_3,cell1,0.05,,0.85,3,-0.592095,-1.77187,6.38733e-11,1,1,True,True
fs_mm,27,23,225271245,pass,c1_r050_0900_0,cell1,0.05,,0.9,0,-0.67939,-1.76439,5.28988e-11,1,1,True,True
fs_mm,27,23,225271245,pass,c1_r050_0900_1,cell1,0.05,,0.9,1,-0.726131,-1.76952,4.42449e-11,1,1,True,True
fs_mm,27,23,225271245,pass,c1_r050_0900_2,cell1,0.05,,0.9,2,-0.498866,-1.77006,7.4959e-11,1,1,True,True
fs_mm,27,23,225271245,pass,c1_r050_0900_3,cell1,0.05,,0.9,3,-0.66364,-1.77438,5.50585e-11,1,1,True,True
fs_mm,27,23,225271245,pass,c1_r050_0950_0,cell1,0.05,,0.95,0,-0.634775,-1.7525,5.83475e-11,1,1,True,True
fs_mm,27,23,225271245,pass,c1_r050_0950_1,cell1,0.05,,0.95,1,-0.674458,-1.7698,5.3975e-11,1,1,True,True
fs_mm,27,23,225271245,pass,c1_r050_0950_2,cell1,0.05,,0.95,2,-0.588212,-1.74272,6.33681e-11,1,1,True,True
fs_mm,27,23,225271245,pass,c1_r050_0950_3,cell1,0.05,,0.95,3,-0.618721,-1.74466,6.06198e-11,1,1,True,True
fs_mm,27,23,225271245,pass,c1_r050_1000_0,cell1,0.05,,1.0,0,-0.687378,-1.74979,5.31728e-11,1,1,True,True
fs_mm,27,23,225271245,pass,c1_r050_1000_1,cell1,0.05,,1.0,1,-0.545105,-1.72185,6.96893e-11,1,1,True,True
fs_mm,27,23,225271245,pass,c1_r050_1000_2,cell1,0.05,,1.0,2,-0.655683,-1.74635,5.76588e-11,1,1,True,True
fs_mm,27,23,225271245,pass,c1_r050_1000_3,cell1,0.05,,1.0,3,-0.613815,-1.73317,6.05131e-11,1,1,True,True
fs_mm,27,23,225271245,pass,c0_r100_0000_0,cell0,0.1,,0.0,0,0.105978,1.79999,1.73246e-10,0,0,True,True
fs_mm,27,23,225271245,pass,c0_r100_0000_1,cell0,0.1,,0.0,1,0.107339,1.79999,1.60855e-10,0,0,True,True
fs_mm,27,23,225271245,pass,c0_r100_0000_2,cell0,0.1,,0.0,2,0.106577,1.79999,1.6224e-10,0,0,True,True
fs_mm,27,23,225271245,pass,c0_r100_0000_3,cell0,0.1,,0.0,3,0.106114,1.79999,1.71336e-10,0,0,True,True
fs_mm,27,23,225271245,pass,c1_r100_0600_0,cell1,0.1,,0.6,0,0.098273,1.79969,1.87734e-10,1,0,False,False
fs_mm,27,23,225271245,pass,c1_r100_0600_1,cell1,0.1,,0.6,1,0.0994662,1.79973,1.83296e-10,1,0,False,False
fs_mm,27,23,225271245,pass,c1_r100_0600_2,cell1,0.1,,0.6,2,0.101243,1.79972,1.7543e-10,1,0,False,False
fs_mm,27,23,225271245,pass,c1_r100_0600_3,cell1,0.1,,0.6,3,0.0995319,1.79974,1.90579e-10,1,0,False,False
fs_mm,27,23,225271245,pass,c1_r100_0650_0,cell1,0.1,,0.65,0,0.0733135,1.7989,1.55974e-10,1,0,False,False
fs_mm,27,23,225271245,pass,c1_r100_0650_1,cell1,0.1,,0.65,1,0.0972169,1.79967,1.66324e-10,1,0,False,False
fs_mm,27,23,225271245,pass,c1_r100_0650_2,cell1,0.1,,0.65,2,-0.2741,-1.79639,1.06469e-10,1,1,True,True
fs_mm,27,23,225271245,pass,c1_r100_0650_3,cell1,0.1,,0.65,3,0.071957,1.79887,1.88416e-10,1,0,False,False
fs_mm,27,23,225271245,pass,c1_r100_0700_0,cell1,0.1,,0.7,0,0.00839704,1.79718,4.44653e-10,1,0,False,False
fs_mm,27,23,225271245,pass,c1_r100_0700_1,cell1,0.1,,0.7,1,-0.006143,-1.79429,2.47201e-10,1,1,True,True
fs_mm,27,23,225271245,pass,c1_r100_0700_2,cell1,0.1,,0.7,2,0.0697934,1.79885,1.9757e-10,1,0,False,False
fs_mm,27,23,225271245,pass,c1_r100_0700_3,cell1,0.1,,0.7,3,-0.00603317,-1.79588,4.09483e-10,1,1,True,True
fs_mm,27,23,225271245,pass,c1_r100_0750_0,cell1,0.1,,0.75,0,0.0642347,1.79866,1.8969e-10,1,0,False,False
fs_mm,27,23,225271245,pass,c1_r100_0750_1,cell1,0.1,,0.75,1,0.0826791,1.79915,1.9946e-10,1,0,False,False
fs_mm,27,23,225271245,pass,c1_r100_0750_2,cell1,0.1,,0.75,2,0.0326315,1.79779,1.98016e-10,1,0,False,False
fs_mm,27,23,225271245,pass,c1_r100_0750_3,cell1,0.1,,0.75,3,-0.286584,-1.79296,1.10765e-10,1,1,True,True
fs_mm,27,23,225271245,pass,c1_r100_0800_0,cell1,0.1,,0.8,0,-0.110099,-1.77262,1.73714e-10,1,1,True,True
fs_mm,27,23,225271245,pass,c1_r100_0800_1,cell1,0.1,,0.8,1,-0.350841,-1.79051,9.89393e-11,1,1,True,True
fs_mm,27,23,225271245,pass,c1_r100_0800_2,cell1,0.1,,0.8,2,-0.691415,-1.79036,5.21814e-11,1,1,True,True
fs_mm,27,23,225271245,pass,c1_r100_0800_3,cell1,0.1,,0.8,3,-0.661868,-1.78265,5.53457e-11,1,1,True,True
fs_mm,27,23,225271245,pass,c1_r100_0850_0,cell1,0.1,,0.85,0,-0.30564,-1.77666,1.07022e-10,1,1,True,True
fs_mm,27,23,225271245,pass,c1_r100_0850_1,cell1,0.1,,0.85,1,-0.555806,-1.77633,6.69447e-11,1,1,True,True
fs_mm,27,23,225271245,pass,c1_r100_0850_2,cell1,0.1,,0.85,2,-0.554673,-1.76428,6.75355e-11,1,1,True,True
fs_mm,27,23,225271245,pass,c1_r100_0850_3,cell1,0.1,,0.85,3,-0.718635,-1.78683,4.75848e-11,1,1,True,True
fs_mm,27,23,225271245,pass,c1_r100_0900_0,cell1,0.1,,0.9,0,-0.541994,-1.76528,6.92604e-11,1,1,True,True
fs_mm,27,23,225271245,pass,c1_r100_0900_1,cell1,0.1,,0.9,1,-0.613453,-1.77705,6.14439e-11,1,1,True,True
fs_mm,27,23,225271245,pass,c1_r100_0900_2,cell1,0.1,,0.9,2,-0.602438,-1.76132,6.17055e-11,1,1,True,True
fs_mm,27,23,225271245,pass,c1_r100_0900_3,cell1,0.1,,0.9,3,-0.591167,-1.77142,6.35593e-11,1,1,True,True
fs_mm,27,23,225271245,pass,c1_r100_0950_0,cell1,0.1,,0.95,0,-0.588129,-1.75372,6.45181e-11,1,1,True,True
fs_mm,27,23,225271245,pass,c1_r100_0950_1,cell1,0.1,,0.95,1,-0.582702,-1.75969,6.67087e-11,1,1,True,True
fs_mm,27,23,225271245,pass,c1_r100_0950_2,cell1,0.1,,0.95,2,-0.503523,-1.74156,7.33591e-11,1,1,True,True
fs_mm,27,23,225271245,pass,c1_r100_0950_3,cell1,0.1,,0.95,3,-0.618673,-1.7599,5.96914e-11,1,1,True,True
fs_mm,27,23,225271245,pass,c1_r100_1000_0,cell1,0.1,,1.0,0,-0.57937,-1.72805,6.70177e-11,1,1,True,True
fs_mm,27,23,225271245,pass,c1_r100_1000_1,cell1,0.1,,1.0,1,-0.520233,-1.74218,7.11761e-11,1,1,True,True
fs_mm,27,23,225271245,pass,c1_r100_1000_2,cell1,0.1,,1.0,2,-0.567637,-1.75358,6.68675e-11,1,1,True,True
fs_mm,27,23,225271245,pass,c1_r100_1000_3,cell1,0.1,,1.0,3,-0.5607,-1.74372,6.87645e-11,1,1,True,True
fs_mm,27,24,2119362872,pass,c0_r050_0000_0,cell0,0.05,,0.0,0,0.053905,1.79999,1.77632e-10,0,0,True,True
fs_mm,27,24,2119362872,pass,c0_r050_0000_1,cell0,0.05,,0.0,1,0.0521116,1.8,1.96596e-10,0,0,True,True
fs_mm,27,24,2119362872,pass,c0_r050_0000_2,cell0,0.05,,0.0,2,0.0518838,1.8,2.89678e-10,0,0,True,True
fs_mm,27,24,2119362872,pass,c0_r050_0000_3,cell0,0.05,,0.0,3,0.0533482,1.8,1.92532e-10,0,0,True,True
fs_mm,27,24,2119362872,pass,c1_r050_0600_0,cell1,0.05,,0.6,0,0.0480257,1.79976,1.9353e-10,1,0,False,False
fs_mm,27,24,2119362872,pass,c1_r050_0600_1,cell1,0.05,,0.6,1,0.0415539,1.79956,1.89969e-10,1,0,False,False
fs_mm,27,24,2119362872,pass,c1_r050_0600_2,cell1,0.05,,0.6,2,0.0498545,1.79992,1.9362e-10,1,0,False,False
fs_mm,27,24,2119362872,pass,c1_r050_0600_3,cell1,0.05,,0.6,3,0.0518746,1.79992,2.78e-10,1,0,False,False
fs_mm,27,24,2119362872,pass,c1_r050_0650_0,cell1,0.05,,0.65,0,0.0492593,1.79989,1.97733e-10,1,0,False,False
fs_mm,27,24,2119362872,pass,c1_r050_0650_1,cell1,0.05,,0.65,1,0.0511765,1.79991,1.74868e-10,1,0,False,False
fs_mm,27,24,2119362872,pass,c1_r050_0650_2,cell1,0.05,,0.65,2,0.0425004,1.79965,2.04257e-10,1,0,False,False
fs_mm,27,24,2119362872,pass,c1_r050_0650_3,cell1,0.05,,0.65,3,0.0542165,1.79992,1.86245e-10,1,0,False,False
fs_mm,27,24,2119362872,pass,c1_r050_0700_0,cell1,0.05,,0.7,0,-0.0282168,1.79764,3.32884e-10,1,0,False,False
fs_mm,27,24,2119362872,pass,c1_r050_0700_1,cell1,0.05,,0.7,1,-0.0115609,1.79807,3.3145e-10,1,0,False,False
fs_mm,27,24,2119362872,pass,c1_r050_0700_2,cell1,0.05,,0.7,2,-0.000277297,1.7984,3.53559e-10,1,0,False,False
fs_mm,27,24,2119362872,pass,c1_r050_0700_3,cell1,0.05,,0.7,3,0.0241739,-1.79889,2.54306e-10,1,1,True,True
fs_mm,27,24,2119362872,pass,c1_r050_0750_0,cell1,0.05,,0.75,0,-0.166899,-1.78849,1.43466e-10,1,1,True,True
fs_mm,27,24,2119362872,pass,c1_r050_0750_1,cell1,0.05,,0.75,1,-0.151185,-1.78658,1.45579e-10,1,1,True,True
fs_mm,27,24,2119362872,pass,c1_r050_0750_2,cell1,0.05,,0.75,2,-0.0605607,-1.79606,2.03245e-10,1,1,True,True
fs_mm,27,24,2119362872,pass,c1_r050_0750_3,cell1,0.05,,0.75,3,-0.136435,-1.79509,1.57332e-10,1,1,True,True
fs_mm,27,24,2119362872,pass,c1_r050_0800_0,cell1,0.05,,0.8,0,-0.211221,-1.79144,1.26037e-10,1,1,True,True
fs_mm,27,24,2119362872,pass,c1_r050_0800_1,cell1,0.05,,0.8,1,-0.36766,-1.78735,9.86855e-11,1,1,True,True
fs_mm,27,24,2119362872,pass,c1_r050_0800_2,cell1,0.05,,0.8,2,-0.722197,-1.78964,4.6796e-11,1,1,True,True
fs_mm,27,24,2119362872,pass,c1_r050_0800_3,cell1,0.05,,0.8,3,-0.705602,-1.7936,5.07511e-11,1,1,True,True
fs_mm,27,24,2119362872,pass,c1_r050_0850_0,cell1,0.05,,0.85,0,-0.660598,-1.76834,5.62347e-11,1,1,True,True
fs_mm,27,24,2119362872,pass,c1_r050_0850_1,cell1,0.05,,0.85,1,-0.702528,-1.78682,5.10721e-11,1,1,True,True
fs_mm,27,24,2119362872,pass,c1_r050_0850_2,cell1,0.05,,0.85,2,-0.373279,-1.78411,9.28712e-11,1,1,True,True
fs_mm,27,24,2119362872,pass,c1_r050_0850_3,cell1,0.05,,0.85,3,-0.243121,-1.77654,1.1686e-10,1,1,True,True
fs_mm,27,24,2119362872,pass,c1_r050_0900_0,cell1,0.05,,0.9,0,-0.319307,-1.76346,1.01576e-10,1,1,True,True
fs_mm,27,24,2119362872,pass,c1_r050_0900_1,cell1,0.05,,0.9,1,-0.399036,-1.77256,8.94254e-11,1,1,True,True
fs_mm,27,24,2119362872,pass,c1_r050_0900_2,cell1,0.05,,0.9,2,-0.609695,-1.7596,6.17962e-11,1,1,True,True
fs_mm,27,24,2119362872,pass,c1_r050_0900_3,cell1,0.05,,0.9,3,-0.725768,-1.77201,4.46076e-11,1,1,True,True
fs_mm,27,24,2119362872,pass,c1_r050_0950_0,cell1,0.05,,0.95,0,-0.676173,-1.76476,5.47776e-11,1,1,True,True
fs_mm,27,24,2119362872,pass,c1_r050_0950_1,cell1,0.05,,0.95,1,-0.658286,-1.76308,5.56949e-11,1,1,True,True
fs_mm,27,24,2119362872,pass,c1_r050_0950_2,cell1,0.05,,0.95,2,-0.594238,-1.75287,6.21164e-11,1,1,True,True
fs_mm,27,24,2119362872,pass,c1_r050_0950_3,cell1,0.05,,0.95,3,-0.649398,-1.75085,5.7708e-11,1,1,True,True
fs_mm,27,24,2119362872,pass,c1_r050_1000_0,cell1,0.05,,1.0,0,-0.5857,-1.73399,6.68471e-11,1,1,True,True
fs_mm,27,24,2119362872,pass,c1_r050_1000_1,cell1,0.05,,1.0,1,-0.619836,-1.73625,6.14186e-11,1,1,True,True
fs_mm,27,24,2119362872,pass,c1_r050_1000_2,cell1,0.05,,1.0,2,-0.672486,-1.74845,5.45595e-11,1,1,True,True
fs_mm,27,24,2119362872,pass,c1_r050_1000_3,cell1,0.05,,1.0,3,-0.571397,-1.70982,6.70411e-11,1,1,True,True
fs_mm,27,24,2119362872,pass,c0_r100_0000_0,cell0,0.1,,0.0,0,0.106486,1.79999,1.55436e-10,0,0,True,True
fs_mm,27,24,2119362872,pass,c0_r100_0000_1,cell0,0.1,,0.0,1,0.107095,1.79999,1.61851e-10,0,0,True,True
fs_mm,27,24,2119362872,pass,c0_r100_0000_2,cell0,0.1,,0.0,2,0.106205,1.8,1.79363e-10,0,0,True,True
fs_mm,27,24,2119362872,pass,c0_r100_0000_3,cell0,0.1,,0.0,3,0.107232,1.79999,1.65239e-10,0,0,True,True
fs_mm,27,24,2119362872,pass,c1_r100_0600_0,cell1,0.1,,0.6,0,0.0951807,1.79958,1.95666e-10,1,0,False,False
fs_mm,27,24,2119362872,pass,c1_r100_0600_1,cell1,0.1,,0.6,1,0.100158,1.7997,1.6932e-10,1,0,False,False
fs_mm,27,24,2119362872,pass,c1_r100_0600_2,cell1,0.1,,0.6,2,0.0555901,1.79844,1.96471e-10,1,0,False,False
fs_mm,27,24,2119362872,pass,c1_r100_0600_3,cell1,0.1,,0.6,3,0.0818659,1.79913,1.63368e-10,1,0,False,False
fs_mm,27,24,2119362872,pass,c1_r100_0650_0,cell1,0.1,,0.65,0,0.0966667,1.79961,1.68134e-10,1,0,False,False
fs_mm,27,24,2119362872,pass,c1_r100_0650_1,cell1,0.1,,0.65,1,0.0746458,1.79892,1.74626e-10,1,0,False,False
fs_mm,27,24,2119362872,pass,c1_r100_0650_2,cell1,0.1,,0.65,2,0.0860451,1.79931,1.9225e-10,1,0,False,False
fs_mm,27,24,2119362872,pass,c1_r100_0650_3,cell1,0.1,,0.65,3,0.102156,1.79986,1.92661e-10,1,0,False,False
fs_mm,27,24,2119362872,pass,c1_r100_0700_0,cell1,0.1,,0.7,0,0.0164284,1.7974,3.54602e-10,1,0,False,False
fs_mm,27,24,2119362872,pass,c1_r100_0700_1,cell1,0.1,,0.7,1,0.0862949,1.79929,1.94627e-10,1,0,False,False
fs_mm,27,24,2119362872,pass,c1_r100_0700_2,cell1,0.1,,0.7,2,0.0936357,1.79954,1.87145e-10,1,0,False,False
fs_mm,27,24,2119362872,pass,c1_r100_0700_3,cell1,0.1,,0.7,3,-0.135239,-1.79478,1.57143e-10,1,1,True,True
fs_mm,27,24,2119362872,pass,c1_r100_0750_0,cell1,0.1,,0.75,0,-0.24953,-1.79186,1.19657e-10,1,1,True,True
fs_mm,27,24,2119362872,pass,c1_r100_0750_1,cell1,0.1,,0.75,1,-0.124313,-1.79554,1.62319e-10,1,1,True,True
fs_mm,27,24,2119362872,pass,c1_r100_0750_2,cell1,0.1,,0.75,2,-0.00169437,-1.7942,2.45559e-10,1,1,True,True
fs_mm,27,24,2119362872,pass,c1_r100_0750_3,cell1,0.1,,0.75,3,-0.060759,-1.79352,2.01172e-10,1,1,True,True
fs_mm,27,24,2119362872,pass,c1_r100_0800_0,cell1,0.1,,0.8,0,-0.393304,-1.78197,8.81122e-11,1,1,True,True
fs_mm,27,24,2119362872,pass,c1_r100_0800_1,cell1,0.1,,0.8,1,0.00271985,-1.78478,2.83184e-10,1,1,True,True
fs_mm,27,24,2119362872,pass,c1_r100_0800_2,cell1,0.1,,0.8,2,-0.654323,-1.78263,5.64613e-11,1,1,True,True
fs_mm,27,24,2119362872,pass,c1_r100_0800_3,cell1,0.1,,0.8,3,-0.247448,-1.77361,1.1529e-10,1,1,True,True
fs_mm,27,24,2119362872,pass,c1_r100_0850_0,cell1,0.1,,0.85,0,-0.209958,-1.78013,1.30767e-10,1,1,True,True
fs_mm,27,24,2119362872,pass,c1_r100_0850_1,cell1,0.1,,0.85,1,-0.0794165,-1.78991,1.85371e-10,1,1,True,True
fs_mm,27,24,2119362872,pass,c1_r100_0850_2,cell1,0.1,,0.85,2,-0.450495,-1.77523,7.90334e-11,1,1,True,True
fs_mm,27,24,2119362872,pass,c1_r100_0850_3,cell1,0.1,,0.85,3,-0.634745,-1.77175,5.93545e-11,1,1,True,True
fs_mm,27,24,2119362872,pass,c1_r100_0900_0,cell1,0.1,,0.9,0,-0.662547,-1.77069,5.50452e-11,1,1,True,True
fs_mm,27,24,2119362872,pass,c1_r100_0900_1,cell1,0.1,,0.9,1,-0.623767,-1.76736,6.02032e-11,1,1,True,True
fs_mm,27,24,2119362872,pass,c1_r100_0900_2,cell1,0.1,,0.9,2,-0.529693,-1.7624,7.03404e-11,1,1,True,True
fs_mm,27,24,2119362872,pass,c1_r100_0900_3,cell1,0.1,,0.9,3,-0.597221,-1.7607,6.38334e-11,1,1,True,True
fs_mm,27,24,2119362872,pass,c1_r100_0950_0,cell1,0.1,,0.95,0,-0.630355,-1.76128,5.95375e-11,1,1,True,True
fs_mm,27,24,2119362872,pass,c1_r100_0950_1,cell1,0.1,,0.95,1,-0.714209,-1.77359,4.72189e-11,1,1,True,True
fs_mm,27,24,2119362872,pass,c1_r100_0950_2,cell1,0.1,,0.95,2,-0.639151,-1.76204,5.80597e-11,1,1,True,True
fs_mm,27,24,2119362872,pass,c1_r100_0950_3,cell1,0.1,,0.95,3,-0.568333,-1.73805,6.52906e-11,1,1,True,True
fs_mm,27,24,2119362872,pass,c1_r100_1000_0,cell1,0.1,,1.0,0,-0.594326,-1.75086,6.28003e-11,1,1,True,True
fs_mm,27,24,2119362872,pass,c1_r100_1000_1,cell1,0.1,,1.0,1,-0.478006,-1.72734,7.86373e-11,1,1,True,True
fs_mm,27,24,2119362872,pass,c1_r100_1000_2,cell1,0.1,,1.0,2,-0.658244,-1.75636,5.51084e-11,1,1,True,True
fs_mm,27,24,2119362872,pass,c1_r100_1000_3,cell1,0.1,,1.0,3,-0.610942,-1.74135,6.03185e-11,1,1,True,True
fs_mm,27,25,449594607,pass,c0_r050_0000_0,cell0,0.05,,0.0,0,0.0527843,1.79999,2.38178e-10,0,0,True,True
fs_mm,27,25,449594607,pass,c0_r050_0000_1,cell0,0.05,,0.0,1,0.0530645,1.8,3.06009e-10,0,0,True,True
fs_mm,27,25,449594607,pass,c0_r050_0000_2,cell0,0.05,,0.0,2,0.0549535,1.8,1.93545e-10,0,0,True,True
fs_mm,27,25,449594607,pass,c0_r050_0000_3,cell0,0.05,,0.0,3,0.0515414,1.8,1.86709e-10,0,0,True,True
fs_mm,27,25,449594607,pass,c1_r050_0600_0,cell1,0.05,,0.6,0,0.0506658,1.7999,2.51243e-10,1,0,False,False
fs_mm,27,25,449594607,pass,c1_r050_0600_1,cell1,0.05,,0.6,1,0.0289787,1.79924,2.93886e-10,1,0,False,False
fs_mm,27,25,449594607,pass,c1_r050_0600_2,cell1,0.05,,0.6,2,0.049463,1.79996,2.13968e-10,1,0,False,False
fs_mm,27,25,449594607,pass,c1_r050_0600_3,cell1,0.05,,0.6,3,0.0338982,1.79935,2.4075e-10,1,0,False,False
fs_mm,27,25,449594607,pass,c1_r050_0650_0,cell1,0.05,,0.65,0,0.00708465,-1.79915,3.38932e-10,1,1,True,True
fs_mm,27,25,449594607,pass,c1_r050_0650_1,cell1,0.05,,0.65,1,0.00281132,-1.79928,3.47703e-10,1,1,True,True
fs_mm,27,25,449594607,pass,c1_r050_0650_2,cell1,0.05,,0.65,2,0.0545215,1.79993,2.60532e-10,1,0,False,False
fs_mm,27,25,449594607,pass,c1_r050_0650_3,cell1,0.05,,0.65,3,0.0404027,1.79957,2.57823e-10,1,0,False,False
fs_mm,27,25,449594607,pass,c1_r050_0700_0,cell1,0.05,,0.7,0,0.0168956,1.79877,3.23133e-10,1,0,False,False
fs_mm,27,25,449594607,pass,c1_r050_0700_1,cell1,0.05,,0.7,1,-0.0122426,1.79805,3.03042e-10,1,0,False,False
fs_mm,27,25,449594607,pass,c1_r050_0700_2,cell1,0.05,,0.7,2,0.0358234,1.79934,2.24044e-10,1,0,False,False
fs_mm,27,25,449594607,pass,c1_r050_0700_3,cell1,0.05,,0.7,3,-0.00605438,1.79822,3.41641e-10,1,0,False,False
fs_mm,27,25,449594607,pass,c1_r050_0750_0,cell1,0.05,,0.75,0,-0.183076,-1.79616,1.3747e-10,1,1,True,True
fs_mm,27,25,449594607,pass,c1_r050_0750_1,cell1,0.05,,0.75,1,0.0328101,1.79925,2.39349e-10,1,0,False,False
fs_mm,27,25,449594607,pass,c1_r050_0750_2,cell1,0.05,,0.75,2,-0.0836222,-1.79242,1.69348e-10,1,1,True,True
fs_mm,27,25,449594607,pass,c1_r050_0750_3,cell1,0.05,,0.75,3,-0.0310874,-1.79443,2.08082e-10,1,1,True,True
fs_mm,27,25,449594607,pass,c1_r050_0800_0,cell1,0.05,,0.8,0,-0.184068,-1.78983,1.34796e-10,1,1,True,True
fs_mm,27,25,449594607,pass,c1_r050_0800_1,cell1,0.05,,0.8,1,-0.584169,-1.7945,6.65557e-11,1,1,True,True
fs_mm,27,25,449594607,pass,c1_r050_0800_2,cell1,0.05,,0.8,2,-0.298122,-1.78771,1.13549e-10,1,1,True,True
fs_mm,27,25,449594607,pass,c1_r050_0800_3,cell1,0.05,,0.8,3,0.0327262,1.79934,2.41103e-10,1,0,False,False
fs_mm,27,25,449594607,pass,c1_r050_0850_0,cell1,0.05,,0.85,0,-0.235652,-1.7685,1.15385e-10,1,1,True,True
fs_mm,27,25,449594607,pass,c1_r050_0850_1,cell1,0.05,,0.85,1,-0.419262,-1.77499,8.65639e-11,1,1,True,True
fs_mm,27,25,449594607,pass,c1_r050_0850_2,cell1,0.05,,0.85,2,-0.616269,-1.77078,6.0986e-11,1,1,True,True
fs_mm,27,25,449594607,pass,c1_r050_0850_3,cell1,0.05,,0.85,3,-0.670424,-1.7754,5.36512e-11,1,1,True,True
fs_mm,27,25,449594607,pass,c1_r050_0900_0,cell1,0.05,,0.9,0,-0.696958,-1.77653,5.09106e-11,1,1,True,True
fs_mm,27,25,449594607,pass,c1_r050_0900_1,cell1,0.05,,0.9,1,-0.667194,-1.76921,5.56374e-11,1,1,True,True
fs_mm,27,25,449594607,pass,c1_r050_0900_2,cell1,0.05,,0.9,2,-0.737353,-1.78338,4.30268e-11,1,1,True,True
fs_mm,27,25,449594607,pass,c1_r050_0900_3,cell1,0.05,,0.9,3,-0.639627,-1.7593,5.91262e-11,1,1,True,True
fs_mm,27,25,449594607,pass,c1_r050_0950_0,cell1,0.05,,0.95,0,-0.602362,-1.73564,6.45761e-11,1,1,True,True
fs_mm,27,25,449594607,pass,c1_r050_0950_1,cell1,0.05,,0.95,1,-0.613311,-1.75453,6.19373e-11,1,1,True,True
fs_mm,27,25,449594607,pass,c1_r050_0950_2,cell1,0.05,,0.95,2,-0.578459,-1.74585,6.81086e-11,1,1,True,True
fs_mm,27,25,449594607,pass,c1_r050_0950_3,cell1,0.05,,0.95,3,-0.674717,-1.76599,5.28795e-11,1,1,True,True
fs_mm,27,25,449594607,pass,c1_r050_1000_0,cell1,0.05,,1.0,0,-0.613061,-1.73694,6.16569e-11,1,1,True,True
fs_mm,27,25,449594607,pass,c1_r050_1000_1,cell1,0.05,,1.0,1,-0.709075,-1.7579,5.00594e-11,1,1,True,True
fs_mm,27,25,449594607,pass,c1_r050_1000_2,cell1,0.05,,1.0,2,-0.57575,-1.73262,6.66382e-11,1,1,True,True
fs_mm,27,25,449594607,pass,c1_r050_1000_3,cell1,0.05,,1.0,3,-0.572252,-1.72515,6.74734e-11,1,1,True,True
fs_mm,27,25,449594607,pass,c0_r100_0000_0,cell0,0.1,,0.0,0,0.106709,1.79999,1.68165e-10,0,0,True,True
fs_mm,27,25,449594607,pass,c0_r100_0000_1,cell0,0.1,,0.0,1,0.108144,1.79999,1.52227e-10,0,0,True,True
fs_mm,27,25,449594607,pass,c0_r100_0000_2,cell0,0.1,,0.0,2,0.105016,1.79999,1.69676e-10,0,0,True,True
fs_mm,27,25,449594607,pass,c0_r100_0000_3,cell0,0.1,,0.0,3,0.1055,1.79999,1.6962e-10,0,0,True,True
fs_mm,27,25,449594607,pass,c1_r100_0600_0,cell1,0.1,,0.6,0,0.104673,1.79993,1.76456e-10,1,0,False,False
fs_mm,27,25,449594607,pass,c1_r100_0600_1,cell1,0.1,,0.6,1,0.103451,1.79986,1.88805e-10,1,0,False,False
fs_mm,27,25,449594607,pass,c1_r100_0600_2,cell1,0.1,,0.6,2,0.0912171,1.79943,1.59427e-10,1,0,False,False
fs_mm,27,25,449594607,pass,c1_r100_0600_3,cell1,0.1,,0.6,3,0.0970532,1.79964,1.66921e-10,1,0,False,False
fs_mm,27,25,449594607,pass,c1_r100_0650_0,cell1,0.1,,0.65,0,0.0835422,1.79921,1.66834e-10,1,0,False,False
fs_mm,27,25,449594607,pass,c1_r100_0650_1,cell1,0.1,,0.65,1,0.0998165,1.79967,1.72611e-10,1,0,False,False
fs_mm,27,25,449594607,pass,c1_r100_0650_2,cell1,0.1,,0.65,2,0.0976859,1.79968,1.6443e-10,1,0,False,False
fs_mm,27,25,449594607,pass,c1_r100_0650_3,cell1,0.1,,0.65,3,0.0967959,1.79954,1.53397e-10,1,0,False,False
fs_mm,27,25,449594607,pass,c1_r100_0700_0,cell1,0.1,,0.7,0,0.0973156,1.79962,1.79062e-10,1,0,False,False
fs_mm,27,25,449594607,pass,c1_r100_0700_1,cell1,0.1,,0.7,1,0.04502,1.79817,2.28005e-10,1,0,False,False
fs_mm,27,25,449594607,pass,c1_r100_0700_2,cell1,0.1,,0.7,2,0.0806808,1.79908,1.91297e-10,1,0,False,False
fs_mm,27,25,449594607,pass,c1_r100_0700_3,cell1,0.1,,0.7,3,0.102322,1.79979,1.74274e-10,1,0,False,False
fs_mm,27,25,449594607,pass,c1_r100_0750_0,cell1,0.1,,0.75,0,-0.00822887,-1.79258,2.66691e-10,1,1,True,True
fs_mm,27,25,449594607,pass,c1_r100_0750_1,cell1,0.1,,0.75,1,0.0141963,1.79734,4.24282e-10,1,0,False,False
fs_mm,27,25,449594607,pass,c1_r100_0750_2,cell1,0.1,,0.75,2,-0.0193573,-1.78729,2.05582e-10,1,1,True,True
fs_mm,27,25,449594607,pass,c1_r100_0750_3,cell1,0.1,,0.75,3,-0.295572,-1.79716,1.06652e-10,1,1,True,True
fs_mm,27,25,449594607,pass,c1_r100_0800_0,cell1,0.1,,0.8,0,-0.23756,-1.78676,1.18574e-10,1,1,True,True
fs_mm,27,25,449594607,pass,c1_r100_0800_1,cell1,0.1,,0.8,1,-0.120559,-1.7761,1.53881e-10,1,1,True,True
fs_mm,27,25,449594607,pass,c1_r100_0800_2,cell1,0.1,,0.8,2,-0.0461264,-1.78757,2.10515e-10,1,1,True,True
fs_mm,27,25,449594607,pass,c1_r100_0800_3,cell1,0.1,,0.8,3,-0.0142309,-1.78046,2.2242e-10,1,1,True,True
fs_mm,27,25,449594607,pass,c1_r100_0850_0,cell1,0.1,,0.85,0,-0.57984,-1.78705,6.44773e-11,1,1,True,True
fs_mm,27,25,449594607,pass,c1_r100_0850_1,cell1,0.1,,0.85,1,-0.186489,-1.77847,1.2314e-10,1,1,True,True
fs_mm,27,25,449594607,pass,c1_r100_0850_2,cell1,0.1,,0.85,2,-0.560571,-1.7767,6.46185e-11,1,1,True,True
fs_mm,27,25,449594607,pass,c1_r100_0850_3,cell1,0.1,,0.85,3,-0.304292,-1.77724,1.08801e-10,1,1,True,True
fs_mm,27,25,449594607,pass,c1_r100_0900_0,cell1,0.1,,0.9,0,-0.566318,-1.7627,6.78778e-11,1,1,True,True
fs_mm,27,25,449594607,pass,c1_r100_0900_1,cell1,0.1,,0.9,1,-0.466474,-1.76321,7.99814e-11,1,1,True,True
fs_mm,27,25,449594607,pass,c1_r100_0900_2,cell1,0.1,,0.9,2,-0.630269,-1.7736,5.83598e-11,1,1,True,True
fs_mm,27,25,449594607,pass,c1_r100_0900_3,cell1,0.1,,0.9,3,-0.580837,-1.76187,6.5983e-11,1,1,True,True
fs_mm,27,25,449594607,pass,c1_r100_0950_0,cell1,0.1,,0.95,0,-0.590581,-1.74647,6.46725e-11,1,1,True,True
fs_mm,27,25,449594607,pass,c1_r100_0950_1,cell1,0.1,,0.95,1,-0.682238,-1.76782,5.27795e-11,1,1,True,True
fs_mm,27,25,449594607,pass,c1_r100_0950_2,cell1,0.1,,0.95,2,-0.549832,-1.74694,7.14215e-11,1,1,True,True
fs_mm,27,25,449594607,pass,c1_r100_0950_3,cell1,0.1,,0.95,3,-0.603255,-1.74687,6.26291e-11,1,1,True,True
fs_mm,27,25,449594607,pass,c1_r100_1000_0,cell1,0.1,,1.0,0,-0.611869,-1.74023,5.93073e-11,1,1,True,True
fs_mm,27,25,449594607,pass,c1_r100_1000_1,cell1,0.1,,1.0,1,-0.558697,-1.72448,6.76637e-11,1,1,True,True
fs_mm,27,25,449594607,pass,c1_r100_1000_2,cell1,0.1,,1.0,2,-0.546347,-1.72316,6.79952e-11,1,1,True,True
fs_mm,27,25,449594607,pass,c1_r100_1000_3,cell1,0.1,,1.0,3,-0.630431,-1.75062,5.79386e-11,1,1,True,True
fs_mm,27,26,1638225567,pass,c0_r050_0000_0,cell0,0.05,,0.0,0,0.0551442,1.8,2.11158e-10,0,0,True,True
fs_mm,27,26,1638225567,pass,c0_r050_0000_1,cell0,0.05,,0.0,1,0.0535181,1.79999,1.72051e-10,0,0,True,True
fs_mm,27,26,1638225567,pass,c0_r050_0000_2,cell0,0.05,,0.0,2,0.0533405,1.80001,2.07079e-10,0,0,True,True
fs_mm,27,26,1638225567,pass,c0_r050_0000_3,cell0,0.05,,0.0,3,0.0523315,1.80001,2.06475e-10,0,0,True,True
fs_mm,27,26,1638225567,pass,c1_r050_0600_0,cell1,0.05,,0.6,0,-0.0198554,-1.79963,2.16691e-10,1,1,True,True
fs_mm,27,26,1638225567,pass,c1_r050_0600_1,cell1,0.05,,0.6,1,0.00643508,-1.79965,2.69318e-10,1,1,True,True
fs_mm,27,26,1638225567,pass,c1_r050_0600_2,cell1,0.05,,0.6,2,0.0516819,1.79992,2.19834e-10,1,0,False,False
fs_mm,27,26,1638225567,pass,c1_r050_0600_3,cell1,0.05,,0.6,3,0.00834468,-1.79953,2.61381e-10,1,1,True,True
fs_mm,27,26,1638225567,pass,c1_r050_0650_0,cell1,0.05,,0.65,0,0.00825449,1.79861,2.61435e-10,1,0,False,False
fs_mm,27,26,1638225567,pass,c1_r050_0650_1,cell1,0.05,,0.65,1,0.0453437,1.79974,2.03871e-10,1,0,False,False
fs_mm,27,26,1638225567,pass,c1_r050_0650_2,cell1,0.05,,0.65,2,0.0470727,1.79965,2.26528e-10,1,0,False,False
fs_mm,27,26,1638225567,pass,c1_r050_0650_3,cell1,0.05,,0.65,3,0.00760216,1.79858,2.65845e-10,1,0,False,False
fs_mm,27,26,1638225567,pass,c1_r050_0700_0,cell1,0.05,,0.7,0,0.0417512,1.79959,2.07932e-10,1,0,False,False
fs_mm,27,26,1638225567,pass,c1_r050_0700_1,cell1,0.05,,0.7,1,-0.335195,-1.79836,1.02081e-10,1,1,True,True
fs_mm,27,26,1638225567,pass,c1_r050_0700_2,cell1,0.05,,0.7,2,-0.243767,-1.79112,1.18705e-10,1,1,True,True
fs_mm,27,26,1638225567,pass,c1_r050_0700_3,cell1,0.05,,0.7,3,-0.057968,-1.79535,1.87601e-10,1,1,True,True
fs_mm,27,26,1638225567,pass,c1_r050_0750_0,cell1,0.05,,0.75,0,-0.240347,-1.792,1.19924e-10,1,1,True,True
fs_mm,27,26,1638225567,pass,c1_r050_0750_1,cell1,0.05,,0.75,1,-0.00497934,-1.78669,2.03013e-10,1,1,True,True
fs_mm,27,26,1638225567,pass,c1_r050_0750_2,cell1,0.05,,0.75,2,-0.0495763,-1.7976,1.96173e-10,1,1,True,True
fs_mm,27,26,1638225567,pass,c1_r050_0750_3,cell1,0.05,,0.75,3,-0.241656,-1.78986,1.19478e-10,1,1,True,True
fs_mm,27,26,1638225567,pass,c1_r050_0800_0,cell1,0.05,,0.8,0,-0.354825,-1.78621,9.76868e-11,1,1,True,True
fs_mm,27,26,1638225567,pass,c1_r050_0800_1,cell1,0.05,,0.8,1,-0.104929,-1.79,1.7626e-10,1,1,True,True
fs_mm,27,26,1638225567,pass,c1_r050_0800_2,cell1,0.05,,0.8,2,-0.109854,-1.77785,1.51878e-10,1,1,True,True
fs_mm,27,26,1638225567,pass,c1_r050_0800_3,cell1,0.05,,0.8,3,-0.345207,-1.77628,9.8655e-11,1,1,True,True
fs_mm,27,26,1638225567,pass,c1_r050_0850_0,cell1,0.05,,0.85,0,-0.7111,-1.77805,4.71655e-11,1,1,True,True
fs_mm,27,26,1638225567,pass,c1_r050_0850_1,cell1,0.05,,0.85,1,-0.492184,-1.77202,7.58019e-11,1,1,True,True
fs_mm,27,26,1638225567,pass,c1_r050_0850_2,cell1,0.05,,0.85,2,-0.403053,-1.774,9.04462e-11,1,1,True,True
fs_mm,27,26,1638225567,pass,c1_r050_0850_3,cell1,0.05,,0.85,3,-0.388546,-1.78602,9.28763e-11,1,1,True,True
fs_mm,27,26,1638225567,pass,c1_r050_0900_0,cell1,0.05,,0.9,0,-0.748962,-1.78183,3.95039e-11,1,1,True,True
fs_mm,27,26,1638225567,pass,c1_r050_0900_1,cell1,0.05,,0.9,1,-0.631787,-1.76501,5.97063e-11,1,1,True,True
fs_mm,27,26,1638225567,pass,c1_r050_0900_2,cell1,0.05,,0.9,2,-0.628332,-1.76199,5.93801e-11,1,1,True,True
fs_mm,27,26,1638225567,pass,c1_r050_0900_3,cell1,0.05,,0.9,3,-0.379991,-1.75138,9.42549e-11,1,1,True,True
fs_mm,27,26,1638225567,pass,c1_r050_0950_0,cell1,0.05,,0.95,0,-0.599531,-1.74541,6.6936e-11,1,1,True,True
fs_mm,27,26,1638225567,pass,c1_r050_0950_1,cell1,0.05,,0.95,1,-0.731535,-1.7774,4.33071e-11,1,1,True,True
fs_mm,27,26,1638225567,pass,c1_r050_0950_2,cell1,0.05,,0.95,2,-0.599272,-1.74738,6.35919e-11,1,1,True,True
fs_mm,27,26,1638225567,pass,c1_r050_0950_3,cell1,0.05,,0.95,3,-0.59775,-1.75187,6.48529e-11,1,1,True,True
fs_mm,27,26,1638225567,pass,c1_r050_1000_0,cell1,0.05,,1.0,0,-0.631186,-1.73611,5.79774e-11,1,1,True,True
fs_mm,27,26,1638225567,pass,c1_r050_1000_1,cell1,0.05,,1.0,1,-0.664853,-1.74331,5.50559e-11,1,1,True,True
fs_mm,27,26,1638225567,pass,c1_r050_1000_2,cell1,0.05,,1.0,2,-0.613913,-1.72127,6.28935e-11,1,1,True,True
fs_mm,27,26,1638225567,pass,c1_r050_1000_3,cell1,0.05,,1.0,3,-0.616381,-1.72796,6.06952e-11,1,1,True,True
fs_mm,27,26,1638225567,pass,c0_r100_0000_0,cell0,0.1,,0.0,0,0.107515,1.79999,1.61585e-10,0,0,True,True
fs_mm,27,26,1638225567,pass,c0_r100_0000_1,cell0,0.1,,0.0,1,0.107467,1.79999,1.69965e-10,0,0,True,True
fs_mm,27,26,1638225567,pass,c0_r100_0000_2,cell0,0.1,,0.0,2,0.10821,1.79999,1.54105e-10,0,0,True,True
fs_mm,27,26,1638225567,pass,c0_r100_0000_3,cell0,0.1,,0.0,3,0.107211,1.79999,1.54648e-10,0,0,True,True
fs_mm,27,26,1638225567,pass,c1_r100_0600_0,cell1,0.1,,0.6,0,0.0855824,1.79928,1.87169e-10,1,0,False,False
fs_mm,27,26,1638225567,pass,c1_r100_0600_1,cell1,0.1,,0.6,1,0.106849,1.79998,1.86749e-10,1,0,False,False
fs_mm,27,26,1638225567,pass,c1_r100_0600_2,cell1,0.1,,0.6,2,0.103447,1.79988,1.81483e-10,1,0,False,False
fs_mm,27,26,1638225567,pass,c1_r100_0600_3,cell1,0.1,,0.6,3,0.0952197,1.7996,1.77918e-10,1,0,False,False
fs_mm,27,26,1638225567,pass,c1_r100_0650_0,cell1,0.1,,0.65,0,0.100768,1.79969,1.70244e-10,1,0,False,False
fs_mm,27,26,1638225567,pass,c1_r100_0650_1,cell1,0.1,,0.65,1,0.094548,1.79958,1.82511e-10,1,0,False,False
fs_mm,27,26,1638225567,pass,c1_r100_0650_2,cell1,0.1,,0.65,2,0.0883932,1.79932,1.79304e-10,1,0,False,False
fs_mm,27,26,1638225567,pass,c1_r100_0650_3,cell1,0.1,,0.65,3,0.0027485,1.797,2.60261e-10,1,0,False,False
fs_mm,27,26,1638225567,pass,c1_r100_0700_0,cell1,0.1,,0.7,0,-0.354044,-1.79075,1.01311e-10,1,1,True,True
fs_mm,27,26,1638225567,pass,c1_r100_0700_1,cell1,0.1,,0.7,1,0.0508488,1.79829,2.01689e-10,1,0,False,False
fs_mm,27,26,1638225567,pass,c1_r100_0700_2,cell1,0.1,,0.7,2,0.0960344,1.79954,1.57581e-10,1,0,False,False
fs_mm,27,26,1638225567,pass,c1_r100_0700_3,cell1,0.1,,0.7,3,-0.104927,-1.79723,1.78717e-10,1,1,True,True
fs_mm,27,26,1638225567,pass,c1_r100_0750_0,cell1,0.1,,0.75,0,-0.296982,-1.78606,1.1172e-10,1,1,True,True
fs_mm,27,26,1638225567,pass,c1_r100_0750_1,cell1,0.1,,0.75,1,-0.00689256,1.79678,3.24311e-10,1,0,False,False
fs_mm,27,26,1638225567,pass,c1_r100_0750_2,cell1,0.1,,0.75,2,-0.0821657,-1.79539,1.77816e-10,1,1,True,True
fs_mm,27,26,1638225567,pass,c1_r100_0750_3,cell1,0.1,,0.75,3,-0.255705,-1.78897,1.14273e-10,1,1,True,True
fs_mm,27,26,1638225567,pass,c1_r100_0800_0,cell1,0.1,,0.8,0,-0.103038,-1.78341,1.75563e-10,1,1,True,True
fs_mm,27,26,1638225567,pass,c1_r100_0800_1,cell1,0.1,,0.8,1,-0.069084,-1.77587,1.71026e-10,1,1,True,True
fs_mm,27,26,1638225567,pass,c1_r100_0800_2,cell1,0.1,,0.8,2,-0.088994,-1.78695,1.71389e-10,1,1,True,True
fs_mm,27,26,1638225567,pass,c1_r100_0800_3,cell1,0.1,,0.8,3,-0.0775517,-1.7928,2.05037e-10,1,1,True,True
fs_mm,27,26,1638225567,pass,c1_r100_0850_0,cell1,0.1,,0.85,0,-0.383404,-1.77456,9.4196e-11,1,1,True,True
fs_mm,27,26,1638225567,pass,c1_r100_0850_1,cell1,0.1,,0.85,1,-0.515448,-1.77284,7.37094e-11,1,1,True,True
fs_mm,27,26,1638225567,pass,c1_r100_0850_2,cell1,0.1,,0.85,2,-0.676288,-1.78156,5.45969e-11,1,1,True,True
fs_mm,27,26,1638225567,pass,c1_r100_0850_3,cell1,0.1,,0.85,3,-0.105461,-1.77241,1.65472e-10,1,1,True,True
fs_mm,27,26,1638225567,pass,c1_r100_0900_0,cell1,0.1,,0.9,0,-0.686143,-1.78273,5.29845e-11,1,1,True,True
fs_mm,27,26,1638225567,pass,c1_r100_0900_1,cell1,0.1,,0.9,1,-0.660668,-1.76635,5.45091e-11,1,1,True,True
fs_mm,27,26,1638225567,pass,c1_r100_0900_2,cell1,0.1,,0.9,2,-0.604044,-1.76666,6.263e-11,1,1,True,True
fs_mm,27,26,1638225567,pass,c1_r100_0900_3,cell1,0.1,,0.9,3,-0.640364,-1.76943,5.79253e-11,1,1,True,True
fs_mm,27,26,1638225567,pass,c1_r100_0950_0,cell1,0.1,,0.95,0,-0.56902,-1.73887,6.78486e-11,1,1,True,True
fs_mm,27,26,1638225567,pass,c1_r100_0950_1,cell1,0.1,,0.95,1,-0.654595,-1.75472,5.67999e-11,1,1,True,True
fs_mm,27,26,1638225567,pass,c1_r100_0950_2,cell1,0.1,,0.95,2,-0.650019,-1.76125,5.71498e-11,1,1,True,True
fs_mm,27,26,1638225567,pass,c1_r100_0950_3,cell1,0.1,,0.95,3,-0.567661,-1.74789,6.86809e-11,1,1,True,True
fs_mm,27,26,1638225567,pass,c1_r100_1000_0,cell1,0.1,,1.0,0,-0.543028,-1.73544,7.00388e-11,1,1,True,True
fs_mm,27,26,1638225567,pass,c1_r100_1000_1,cell1,0.1,,1.0,1,-0.636715,-1.74985,5.8272e-11,1,1,True,True
fs_mm,27,26,1638225567,pass,c1_r100_1000_2,cell1,0.1,,1.0,2,-0.539371,-1.72467,7.22407e-11,1,1,True,True
fs_mm,27,26,1638225567,pass,c1_r100_1000_3,cell1,0.1,,1.0,3,-0.534252,-1.73233,7.13445e-11,1,1,True,True
fs_mm,27,27,1799645716,pass,c0_r050_0000_0,cell0,0.05,,0.0,0,0.0526082,1.8,1.96174e-10,0,0,True,True
fs_mm,27,27,1799645716,pass,c0_r050_0000_1,cell0,0.05,,0.0,1,0.0511232,1.79999,1.78166e-10,0,0,True,True
fs_mm,27,27,1799645716,pass,c0_r050_0000_2,cell0,0.05,,0.0,2,0.0531974,1.8,1.82991e-10,0,0,True,True
fs_mm,27,27,1799645716,pass,c0_r050_0000_3,cell0,0.05,,0.0,3,0.0544296,1.8,1.84466e-10,0,0,True,True
fs_mm,27,27,1799645716,pass,c1_r050_0600_0,cell1,0.05,,0.6,0,0.0526753,1.79993,2.05164e-10,1,0,False,False
fs_mm,27,27,1799645716,pass,c1_r050_0600_1,cell1,0.05,,0.6,1,0.0496601,1.79993,2.12405e-10,1,0,False,False
fs_mm,27,27,1799645716,pass,c1_r050_0600_2,cell1,0.05,,0.6,2,0.00279632,1.79844,2.51634e-10,1,0,False,False
fs_mm,27,27,1799645716,pass,c1_r050_0600_3,cell1,0.05,,0.6,3,0.0501274,1.79982,2.15267e-10,1,0,False,False
fs_mm,27,27,1799645716,pass,c1_r050_0650_0,cell1,0.05,,0.65,0,0.049667,1.79979,1.88512e-10,1,0,False,False
fs_mm,27,27,1799645716,pass,c1_r050_0650_1,cell1,0.05,,0.65,1,0.00656476,1.79855,2.4109e-10,1,0,False,False
fs_mm,27,27,1799645716,pass,c1_r050_0650_2,cell1,0.05,,0.65,2,0.0271234,1.79914,2.34696e-10,1,0,False,False
fs_mm,27,27,1799645716,pass,c1_r050_0650_3,cell1,0.05,,0.65,3,0.0445606,1.79971,2.04203e-10,1,0,False,False
fs_mm,27,27,1799645716,pass,c1_r050_0700_0,cell1,0.05,,0.7,0,0.0361806,1.79944,2.2211e-10,1,0,False,False
fs_mm,27,27,1799645716,pass,c1_r050_0700_1,cell1,0.05,,0.7,1,-0.0699173,-1.79733,2.06553e-10,1,1,True,True
fs_mm,27,27,1799645716,pass,c1_r050_0700_2,cell1,0.05,,0.7,2,-0.0875916,-1.79719,1.73902e-10,1,1,True,True
fs_mm,27,27,1799645716,pass,c1_r050_0700_3,cell1,0.05,,0.7,3,-0.0279841,-1.7952,2.04564e-10,1,1,True,True
fs_mm,27,27,1799645716,pass,c1_r050_0750_0,cell1,0.05,,0.75,0,-0.0229739,-1.79291,2.22334e-10,1,1,True,True
fs_mm,27,27,1799645716,pass,c1_r050_0750_1,cell1,0.05,,0.75,1,-0.496566,-1.79615,7.47013e-11,1,1,True,True
fs_mm,27,27,1799645716,pass,c1_r050_0750_2,cell1,0.05,,0.75,2,-0.0335965,-1.79649,2.00887e-10,1,1,True,True
fs_mm,27,27,1799645716,pass,c1_r050_0750_3,cell1,0.05,,0.75,3,0.0141596,1.79874,2.38768e-10,1,0,False,False
fs_mm,27,27,1799645716,pass,c1_r050_0800_0,cell1,0.05,,0.8,0,-0.212327,-1.78684,1.34129e-10,1,1,True,True
fs_mm,27,27,1799645716,pass,c1_r050_0800_1,cell1,0.05,,0.8,1,-0.669177,-1.78903,5.41134e-11,1,1,True,True
fs_mm,27,27,1799645716,pass,c1_r050_0800_2,cell1,0.05,,0.8,2,-0.0798469,-1.7847,1.68763e-10,1,1,True,True
fs_mm,27,27,1799645716,pass,c1_r050_0800_3,cell1,0.05,,0.8,3,-0.72498,-1.79178,4.7835e-11,1,1,True,True
fs_mm,27,27,1799645716,pass,c1_r050_0850_0,cell1,0.05,,0.85,0,-0.703248,-1.77996,5.04117e-11,1,1,True,True
fs_mm,27,27,1799645716,pass,c1_r050_0850_1,cell1,0.05,,0.85,1,-0.687529,-1.77654,5.25187e-11,1,1,True,True
fs_mm,27,27,1799645716,pass,c1_r050_0850_2,cell1,0.05,,0.85,2,-0.090481,-1.7873,1.61686e-10,1,1,True,True
fs_mm,27,27,1799645716,pass,c1_r050_0850_3,cell1,0.05,,0.85,3,-0.432009,-1.77593,8.74403e-11,1,1,True,True
fs_mm,27,27,1799645716,pass,c1_r050_0900_0,cell1,0.05,,0.9,0,-0.676929,-1.76443,5.28509e-11,1,1,True,True
fs_mm,27,27,1799645716,pass,c1_r050_0900_1,cell1,0.05,,0.9,1,-0.589966,-1.75245,6.37326e-11,1,1,True,True
fs_mm,27,27,1799645716,pass,c1_r050_0900_2,cell1,0.05,,0.9,2,-0.51826,-1.76943,7.35737e-11,1,1,True,True
fs_mm,27,27,1799645716,pass,c1_r050_0900_3,cell1,0.05,,0.9,3,-0.219729,-1.7697,1.22378e-10,1,1,True,True
fs_mm,27,27,1799645716,pass,c1_r050_0950_0,cell1,0.05,,0.95,0,-0.672367,-1.76714,5.36424e-11,1,1,True,True
fs_mm,27,27,1799645716,pass,c1_r050_0950_1,cell1,0.05,,0.95,1,-0.588064,-1.75333,6.6249e-11,1,1,True,True
fs_mm,27,27,1799645716,pass,c1_r050_0950_2,cell1,0.05,,0.95,2,-0.621344,-1.74718,6.1832e-11,1,1,True,True
fs_mm,27,27,1799645716,pass,c1_r050_0950_3,cell1,0.05,,0.95,3,-0.622382,-1.74748,6.13433e-11,1,1,True,True
fs_mm,27,27,1799645716,pass,c1_r050_1000_0,cell1,0.05,,1.0,0,-0.549597,-1.72185,6.97374e-11,1,1,True,True
fs_mm,27,27,1799645716,pass,c1_r050_1000_1,cell1,0.05,,1.0,1,-0.674286,-1.7383,5.44784e-11,1,1,True,True
fs_mm,27,27,1799645716,pass,c1_r050_1000_2,cell1,0.05,,1.0,2,-0.598709,-1.7323,6.28244e-11,1,1,True,True
fs_mm,27,27,1799645716,pass,c1_r050_1000_3,cell1,0.05,,1.0,3,-0.59143,-1.72114,6.43441e-11,1,1,True,True
fs_mm,27,27,1799645716,pass,c0_r100_0000_0,cell0,0.1,,0.0,0,0.107191,1.8,1.81026e-10,0,0,True,True
fs_mm,27,27,1799645716,pass,c0_r100_0000_1,cell0,0.1,,0.0,1,0.106935,1.79999,1.60101e-10,0,0,True,True
fs_mm,27,27,1799645716,pass,c0_r100_0000_2,cell0,0.1,,0.0,2,0.108648,1.79999,1.55816e-10,0,0,True,True
fs_mm,27,27,1799645716,pass,c0_r100_0000_3,cell0,0.1,,0.0,3,0.107535,1.79999,1.606e-10,0,0,True,True
fs_mm,27,27,1799645716,pass,c1_r100_0600_0,cell1,0.1,,0.6,0,0.106598,1.79998,1.59577e-10,1,0,False,False
fs_mm,27,27,1799645716,pass,c1_r100_0600_1,cell1,0.1,,0.6,1,0.105101,1.8,1.92599e-10,1,0,False,False
fs_mm,27,27,1799645716,pass,c1_r100_0600_2,cell1,0.1,,0.6,2,0.102337,1.79981,1.69566e-10,1,0,False,False
fs_mm,27,27,1799645716,pass,c1_r100_0600_3,cell1,0.1,,0.6,3,0.0966042,1.79958,1.83921e-10,1,0,False,False
fs_mm,27,27,1799645716,pass,c1_r100_0650_0,cell1,0.1,,0.65,0,0.0901066,1.79942,1.81332e-10,1,0,False,False
fs_mm,27,27,1799645716,pass,c1_r100_0650_1,cell1,0.1,,0.65,1,0.0385974,1.79799,2.2126e-10,1,0,False,False
fs_mm,27,27,1799645716,pass,c1_r100_0650_2,cell1,0.1,,0.65,2,0.0867775,1.7993,1.89087e-10,1,0,False,False
fs_mm,27,27,1799645716,pass,c1_r100_0650_3,cell1,0.1,,0.65,3,-0.00602932,-1.79619,2.58872e-10,1,1,True,True
fs_mm,27,27,1799645716,pass,c1_r100_0700_0,cell1,0.1,,0.7,0,0.0984658,1.79962,1.60014e-10,1,0,False,False
fs_mm,27,27,1799645716,pass,c1_r100_0700_1,cell1,0.1,,0.7,1,0.0699927,1.79885,1.92854e-10,1,0,False,False
fs_mm,27,27,1799645716,pass,c1_r100_0700_2,cell1,0.1,,0.7,2,0.0431912,1.79809,3.32437e-10,1,0,False,False
fs_mm,27,27,1799645716,pass,c1_r100_0700_3,cell1,0.1,,0.7,3,-0.022117,-1.79619,2.17879e-10,1,1,True,True
fs_mm,27,27,1799645716,pass,c1_r100_0750_0,cell1,0.1,,0.75,0,-0.0785174,-1.79475,1.80406e-10,1,1,True,True
fs_mm,27,27,1799645716,pass,c1_r100_0750_1,cell1,0.1,,0.75,1,0.0958068,1.79959,1.88031e-10,1,0,False,False
fs_mm,27,27,1799645716,pass,c1_r100_0750_2,cell1,0.1,,0.75,2,-0.0205515,-1.7947,2.32685e-10,1,1,True,True
fs_mm,27,27,1799645716,pass,c1_r100_0750_3,cell1,0.1,,0.75,3,-0.0825436,-1.79368,1.83977e-10,1,1,True,True
fs_mm,27,27,1799645716,pass,c1_r100_0800_0,cell1,0.1,,0.8,0,-0.064622,-1.78291,1.9821e-10,1,1,True,True
fs_mm,27,27,1799645716,pass,c1_r100_0800_1,cell1,0.1,,0.8,1,-0.534476,-1.79226,7.06957e-11,1,1,True,True
fs_mm,27,27,1799645716,pass,c1_r100_0800_2,cell1,0.1,,0.8,2,-0.276218,-1.78363,1.08252e-10,1,1,True,True
fs_mm,27,27,1799645716,pass,c1_r100_0800_3,cell1,0.1,,0.8,3,-0.152032,-1.78651,1.44661e-10,1,1,True,True
fs_mm,27,27,1799645716,pass,c1_r100_0850_0,cell1,0.1,,0.85,0,-0.65443,-1.76262,5.68776e-11,1,1,True,True
fs_mm,27,27,1799645716,pass,c1_r100_0850_1,cell1,0.1,,0.85,1,-0.69891,-1.78066,5.07923e-11,1,1,True,True
fs_mm,27,27,1799645716,pass,c1_r100_0850_2,cell1,0.1,,0.85,2,-0.151805,-1.76809,1.45046e-10,1,1,True,True
fs_mm,27,27,1799645716,pass,c1_r100_0850_3,cell1,0.1,,0.85,3,-0.612009,-1.77968,6.12618e-11,1,1,True,True
fs_mm,27,27,1799645716,pass,c1_r100_0900_0,cell1,0.1,,0.9,0,-0.5629,-1.75428,6.85075e-11,1,1,True,True
fs_mm,27,27,1799645716,pass,c1_r100_0900_1,cell1,0.1,,0.9,1,-0.544433,-1.77703,6.80394e-11,1,1,True,True
fs_mm,27,27,1799645716,pass,c1_r100_0900_2,cell1,0.1,,0.9,2,-0.603652,-1.76327,6.22887e-11,1,1,True,True
fs_mm,27,27,1799645716,pass,c1_r100_0900_3,cell1,0.1,,0.9,3,-0.516764,-1.76935,7.14511e-11,1,1,True,True
fs_mm,27,27,1799645716,pass,c1_r100_0950_0,cell1,0.1,,0.95,0,-0.690443,-1.77463,5.19108e-11,1,1,True,True
fs_mm,27,27,1799645716,pass,c1_r100_0950_1,cell1,0.1,,0.95,1,-0.618207,-1.76331,5.95682e-11,1,1,True,True
fs_mm,27,27,1799645716,pass,c1_r100_0950_2,cell1,0.1,,0.95,2,-0.630583,-1.76147,5.92099e-11,1,1,True,True
fs_mm,27,27,1799645716,pass,c1_r100_0950_3,cell1,0.1,,0.95,3,-0.599342,-1.76816,6.29213e-11,1,1,True,True
fs_mm,27,27,1799645716,pass,c1_r100_1000_0,cell1,0.1,,1.0,0,-0.616867,-1.74421,6.10497e-11,1,1,True,True
fs_mm,27,27,1799645716,pass,c1_r100_1000_1,cell1,0.1,,1.0,1,-0.527585,-1.73343,7.24668e-11,1,1,True,True
fs_mm,27,27,1799645716,pass,c1_r100_1000_2,cell1,0.1,,1.0,2,-0.498308,-1.72963,7.81412e-11,1,1,True,True
fs_mm,27,27,1799645716,pass,c1_r100_1000_3,cell1,0.1,,1.0,3,-0.546061,-1.72958,7.02999e-11,1,1,True,True
fs_mm,27,28,112706014,pass,c0_r050_0000_0,cell0,0.05,,0.0,0,0.0518139,1.8,2.15527e-10,0,0,True,True
fs_mm,27,28,112706014,pass,c0_r050_0000_1,cell0,0.05,,0.0,1,0.0546809,1.80001,2.11314e-10,0,0,True,True
fs_mm,27,28,112706014,pass,c0_r050_0000_2,cell0,0.05,,0.0,2,0.0504387,1.79999,2.31214e-10,0,0,True,True
fs_mm,27,28,112706014,pass,c0_r050_0000_3,cell0,0.05,,0.0,3,0.0534706,1.8,2.28879e-10,0,0,True,True
fs_mm,27,28,112706014,pass,c1_r050_0600_0,cell1,0.05,,0.6,0,0.0527125,1.79997,2.17908e-10,1,0,False,False
fs_mm,27,28,112706014,pass,c1_r050_0600_1,cell1,0.05,,0.6,1,0.0391737,1.79954,2.49893e-10,1,0,False,False
fs_mm,27,28,112706014,pass,c1_r050_0600_2,cell1,0.05,,0.6,2,-0.0564046,-1.79988,1.91705e-10,1,1,True,True
fs_mm,27,28,112706014,pass,c1_r050_0600_3,cell1,0.05,,0.6,3,0.0493706,1.79991,2.4113e-10,1,0,False,False
fs_mm,27,28,112706014,pass,c1_r050_0650_0,cell1,0.05,,0.65,0,-0.142417,-1.79794,1.48799e-10,1,1,True,True
fs_mm,27,28,112706014,pass,c1_r050_0650_1,cell1,0.05,,0.65,1,0.0519822,1.79996,2.02474e-10,1,0,False,False
fs_mm,27,28,112706014,pass,c1_r050_0650_2,cell1,0.05,,0.65,2,0.0506443,1.79991,2.20081e-10,1,0,False,False
fs_mm,27,28,112706014,pass,c1_r050_0650_3,cell1,0.05,,0.65,3,0.0146528,1.79873,3.72303e-10,1,0,False,False
fs_mm,27,28,112706014,pass,c1_r050_0700_0,cell1,0.05,,0.7,0,0.0371876,1.79943,1.96345e-10,1,0,False,False
fs_mm,27,28,112706014,pass,c1_r050_0700_1,cell1,0.05,,0.7,1,-0.0260387,-1.79237,2.88976e-10,1,1,True,True
fs_mm,27,28,112706014,pass,c1_r050_0700_2,cell1,0.05,,0.7,2,0.04334,1.79968,2.10589e-10,1,0,False,False
fs_mm,27,28,112706014,pass,c1_r050_0700_3,cell1,0.05,,0.7,3,-0.00895676,-1.7895,2.19468e-10,1,1,True,True
fs_mm,27,28,112706014,pass,c1_r050_0750_0,cell1,0.05,,0.75,0,0.0335264,1.79932,2.14854e-10,1,0,False,False
fs_mm,27,28,112706014,pass,c1_r050_0750_1,cell1,0.05,,0.75,1,-0.105758,-1.77943,1.79194e-10,1,1,True,True
fs_mm,27,28,112706014,pass,c1_r050_0750_2,cell1,0.05,,0.75,2,0.0369891,1.79939,1.95671e-10,1,0,False,False
fs_mm,27,28,112706014,pass,c1_r050_0750_3,cell1,0.05,,0.75,3,-0.230465,-1.79314,1.17702e-10,1,1,True,True
fs_mm,27,28,112706014,pass,c1_r050_0800_0,cell1,0.05,,0.8,0,-0.69045,-1.77922,5.2541e-11,1,1,True,True
fs_mm,27,28,112706014,pass,c1_r050_0800_1,cell1,0.05,,0.8,1,-0.547338,-1.78742,6.84881e-11,1,1,True,True
fs_mm,27,28,112706014,pass,c1_r050_0800_2,cell1,0.05,,0.8,2,-0.66275,-1.77418,5.46333e-11,1,1,True,True
fs_mm,27,28,112706014,pass,c1_r050_0800_3,cell1,0.05,,0.8,3,-0.705991,-1.78725,5.1162e-11,1,1,True,True
fs_mm,27,28,112706014,pass,c1_r050_0850_0,cell1,0.05,,0.85,0,-0.214869,-1.77217,1.24915e-10,1,1,True,True
fs_mm,27,28,112706014,pass,c1_r050_0850_1,cell1,0.05,,0.85,1,-0.603003,-1.76986,6.33522e-11,1,1,True,True
fs_mm,27,28,112706014,pass,c1_r050_0850_2,cell1,0.05,,0.85,2,-0.717691,-1.78145,4.88916e-11,1,1,True,True
fs_mm,27,28,112706014,pass,c1_r050_0850_3,cell1,0.05,,0.85,3,-0.618813,-1.76332,5.98734e-11,1,1,True,True
fs_mm,27,28,112706014,pass,c1_r050_0900_0,cell1,0.05,,0.9,0,-0.664438,-1.7625,5.50676e-11,1,1,True,True
fs_mm,27,28,112706014,pass,c1_r050_0900_1,cell1,0.05,,0.9,1,-0.570741,-1.75744,6.52451e-11,1,1,True,True
fs_mm,27,28,112706014,pass,c1_r050_0900_2,cell1,0.05,,0.9,2,-0.644414,-1.7548,5.73572e-11,1,1,True,True
fs_mm,27,28,112706014,pass,c1_r050_0900_3,cell1,0.05,,0.9,3,-0.643928,-1.75887,5.7957e-11,1,1,True,True
fs_mm,27,28,112706014,pass,c1_r050_0950_0,cell1,0.05,,0.95,0,-0.658205,-1.74101,5.68024e-11,1,1,True,True
fs_mm,27,28,112706014,pass,c1_r050_0950_1,cell1,0.05,,0.95,1,-0.62304,-1.74515,6.07567e-11,1,1,True,True
fs_mm,27,28,112706014,pass,c1_r050_0950_2,cell1,0.05,,0.95,2,-0.636226,-1.75044,5.85571e-11,1,1,True,True
fs_mm,27,28,112706014,pass,c1_r050_0950_3,cell1,0.05,,0.95,3,-0.576513,-1.74861,6.45159e-11,1,1,True,True
fs_mm,27,28,112706014,pass,c1_r050_1000_0,cell1,0.05,,1.0,0,-0.607582,-1.72857,6.36741e-11,1,1,True,True
fs_mm,27,28,112706014,pass,c1_r050_1000_1,cell1,0.05,,1.0,1,-0.587847,-1.74906,6.4486e-11,1,1,True,True
fs_mm,27,28,112706014,pass,c1_r050_1000_2,cell1,0.05,,1.0,2,-0.619968,-1.7301,6.29129e-11,1,1,True,True
fs_mm,27,28,112706014,pass,c1_r050_1000_3,cell1,0.05,,1.0,3,-0.605963,-1.7292,6.27629e-11,1,1,True,True
fs_mm,27,28,112706014,pass,c0_r100_0000_0,cell0,0.1,,0.0,0,0.106347,1.79999,1.74417e-10,0,0,True,True
fs_mm,27,28,112706014,pass,c0_r100_0000_1,cell0,0.1,,0.0,1,0.107122,1.79999,1.62665e-10,0,0,True,True
fs_mm,27,28,112706014,pass,c0_r100_0000_2,cell0,0.1,,0.0,2,0.107671,1.79999,1.71618e-10,0,0,True,True
fs_mm,27,28,112706014,pass,c0_r100_0000_3,cell0,0.1,,0.0,3,0.106565,1.79999,1.72169e-10,0,0,True,True
fs_mm,27,28,112706014,pass,c1_r100_0600_0,cell1,0.1,,0.6,0,0.106174,1.79991,1.56028e-10,1,0,False,False
fs_mm,27,28,112706014,pass,c1_r100_0600_1,cell1,0.1,,0.6,1,0.105847,1.79994,1.77981e-10,1,0,False,False
fs_mm,27,28,112706014,pass,c1_r100_0600_2,cell1,0.1,,0.6,2,0.0975024,1.79963,1.74772e-10,1,0,False,False
fs_mm,27,28,112706014,pass,c1_r100_0600_3,cell1,0.1,,0.6,3,0.102215,1.79991,1.85215e-10,1,0,False,False
fs_mm,27,28,112706014,pass,c1_r100_0650_0,cell1,0.1,,0.65,0,0.10206,1.7998,1.85615e-10,1,0,False,False
fs_mm,27,28,112706014,pass,c1_r100_0650_1,cell1,0.1,,0.65,1,0.105456,1.79987,1.67148e-10,1,0,False,False
fs_mm,27,28,112706014,pass,c1_r100_0650_2,cell1,0.1,,0.65,2,0.101478,1.79982,1.91375e-10,1,0,False,False
fs_mm,27,28,112706014,pass,c1_r100_0650_3,cell1,0.1,,0.65,3,0.096505,1.79957,1.74301e-10,1,0,False,False
fs_mm,27,28,112706014,pass,c1_r100_0700_0,cell1,0.1,,0.7,0,-0.104787,-1.79514,1.72888e-10,1,1,True,True
fs_mm,27,28,112706014,pass,c1_r100_0700_1,cell1,0.1,,0.7,1,0.0348318,1.79786,2.31423e-10,1,0,False,False
fs_mm,27,28,112706014,pass,c1_r100_0700_2,cell1,0.1,,0.7,2,0.103692,1.79984,1.60185e-10,1,0,False,False
fs_mm,27,28,112706014,pass,c1_r100_0700_3,cell1,0.1,,0.7,3,0.0606018,1.79858,2.64011e-10,1,0,False,False
fs_mm,27,28,112706014,pass,c1_r100_0750_0,cell1,0.1,,0.75,0,0.0961447,1.79955,1.86585e-10,1,0,False,False
fs_mm,27,28,112706014,pass,c1_r100_0750_1,cell1,0.1,,0.75,1,-0.0774064,-1.79567,1.813e-10,1,1,True,True
fs_mm,27,28,112706014,pass,c1_r100_0750_2,cell1,0.1,,0.75,2,0.0609747,1.79861,2.41648e-10,1,0,False,False
fs_mm,27,28,112706014,pass,c1_r100_0750_3,cell1,0.1,,0.75,3,0.00267731,-1.79256,2.6736e-10,1,1,True,True
fs_mm,27,28,112706014,pass,c1_r100_0800_0,cell1,0.1,,0.8,0,-0.668948,-1.77897,5.50101e-11,1,1,True,True
fs_mm,27,28,112706014,pass,c1_r100_0800_1,cell1,0.1,,0.8,1,-0.00785013,1.79678,3.031e-10,1,0,False,False
fs_mm,27,28,112706014,pass,c1_r100_0800_2,cell1,0.1,,0.8,2,-0.319885,-1.78868,9.46107e-11,1,1,True,True
fs_mm,27,28,112706014,pass,c1_r100_0800_3,cell1,0.1,,0.8,3,-0.208246,-1.78662,1.35665e-10,1,1,True,True
fs_mm,27,28,112706014,pass,c1_r100_0850_0,cell1,0.1,,0.85,0,-0.170133,-1.77982,1.45259e-10,1,1,True,True
fs_mm,27,28,112706014,pass,c1_r100_0850_1,cell1,0.1,,0.85,1,-0.192627,-1.78045,1.32977e-10,1,1,True,True
fs_mm,27,28,112706014,pass,c1_r100_0850_2,cell1,0.1,,0.85,2,-0.0175769,-1.77683,2.8268e-10,1,1,True,True
fs_mm,27,28,112706014,pass,c1_r100_0850_3,cell1,0.1,,0.85,3,-0.593037,-1.76866,6.57591e-11,1,1,True,True
fs_mm,27,28,112706014,pass,c1_r100_0900_0,cell1,0.1,,0.9,0,-0.416481,-1.77219,8.61045e-11,1,1,True,True
fs_mm,27,28,112706014,pass,c1_r100_0900_1,cell1,0.1,,0.9,1,-0.584061,-1.75785,6.41211e-11,1,1,True,True
fs_mm,27,28,112706014,pass,c1_r100_0900_2,cell1,0.1,,0.9,2,-0.628275,-1.75934,5.86962e-11,1,1,True,True
fs_mm,27,28,112706014,pass,c1_r100_0900_3,cell1,0.1,,0.9,3,-0.226014,-1.74937,1.24896e-10,1,1,True,True
fs_mm,27,28,112706014,pass,c1_r100_0950_0,cell1,0.1,,0.95,0,-0.634136,-1.76768,5.86442e-11,1,1,True,True
fs_mm,27,28,112706014,pass,c1_r100_0950_1,cell1,0.1,,0.95,1,-0.608188,-1.76255,6.15639e-11,1,1,True,True
fs_mm,27,28,112706014,pass,c1_r100_0950_2,cell1,0.1,,0.95,2,-0.537692,-1.74318,7.01929e-11,1,1,True,True
fs_mm,27,28,112706014,pass,c1_r100_0950_3,cell1,0.1,,0.95,3,-0.517483,-1.75066,7.18716e-11,1,1,True,True
fs_mm,27,28,112706014,pass,c1_r100_1000_0,cell1,0.1,,1.0,0,-0.586584,-1.731,6.53733e-11,1,1,True,True
fs_mm,27,28,112706014,pass,c1_r100_1000_1,cell1,0.1,,1.0,1,-0.535674,-1.72233,7.21746e-11,1,1,True,True
fs_mm,27,28,112706014,pass,c1_r100_1000_2,cell1,0.1,,1.0,2,-0.609081,-1.72865,6.28031e-11,1,1,True,True
fs_mm,27,28,112706014,pass,c1_r100_1000_3,cell1,0.1,,1.0,3,-0.672433,-1.7575,5.42556e-11,1,1,True,True
fs_mm,27,29,242806515,pass,c0_r050_0000_0,cell0,0.05,,0.0,0,0.0508402,1.8,2.77669e-10,0,0,True,True
fs_mm,27,29,242806515,pass,c0_r050_0000_1,cell0,0.05,,0.0,1,0.0521176,1.80001,2.03409e-10,0,0,True,True
fs_mm,27,29,242806515,pass,c0_r050_0000_2,cell0,0.05,,0.0,2,0.0512556,1.8,1.98072e-10,0,0,True,True
fs_mm,27,29,242806515,pass,c0_r050_0000_3,cell0,0.05,,0.0,3,0.0546961,1.79999,1.68581e-10,0,0,True,True
fs_mm,27,29,242806515,pass,c1_r050_0600_0,cell1,0.05,,0.6,0,0.0473891,1.79984,1.96002e-10,1,0,False,False
fs_mm,27,29,242806515,pass,c1_r050_0600_1,cell1,0.05,,0.6,1,0.0363213,1.79936,1.93904e-10,1,0,False,False
fs_mm,27,29,242806515,pass,c1_r050_0600_2,cell1,0.05,,0.6,2,0.0405534,1.79954,2.34593e-10,1,0,False,False
fs_mm,27,29,242806515,pass,c1_r050_0600_3,cell1,0.05,,0.6,3,0.0410009,1.79958,2.13731e-10,1,0,False,False
fs_mm,27,29,242806515,pass,c1_r050_0650_0,cell1,0.05,,0.65,0,0.0209563,1.79895,2.31873e-10,1,0,False,False
fs_mm,27,29,242806515,pass,c1_r050_0650_1,cell1,0.05,,0.65,1,0.00130105,1.79838,2.6225e-10,1,0,False,False
fs_mm,27,29,242806515,pass,c1_r050_0650_2,cell1,0.05,,0.65,2,0.0242503,1.79911,2.06954e-10,1,0,False,False
fs_mm,27,29,242806515,pass,c1_r050_0650_3,cell1,0.05,,0.65,3,0.0171202,-1.79821,2.55809e-10,1,1,True,True
fs_mm,27,29,242806515,pass,c1_r050_0700_0,cell1,0.05,,0.7,0,-0.70982,-1.79774,5.02876e-11,1,1,True,True
fs_mm,27,29,242806515,pass,c1_r050_0700_1,cell1,0.05,,0.7,1,-0.0125278,-1.7968,2.0272e-10,1,1,True,True
fs_mm,27,29,242806515,pass,c1_r050_0700_2,cell1,0.05,,0.7,2,0.0233261,1.799,2.18917e-10,1,0,False,False
fs_mm,27,29,242806515,pass,c1_r050_0700_3,cell1,0.05,,0.7,3,-0.0188684,-1.79365,2.28369e-10,1,1,True,True
fs_mm,27,29,242806515,pass,c1_r050_0750_0,cell1,0.05,,0.75,0,-0.0267468,-1.78889,2.16289e-10,1,1,True,True
fs_mm,27,29,242806515,pass,c1_r050_0750_1,cell1,0.05,,0.75,1,-0.109541,-1.79467,1.54496e-10,1,1,True,True
fs_mm,27,29,242806515,pass,c1_r050_0750_2,cell1,0.05,,0.75,2,-0.12811,-1.79425,1.5706e-10,1,1,True,True
fs_mm,27,29,242806515,pass,c1_r050_0750_3,cell1,0.05,,0.75,3,-0.127712,-1.78986,1.57217e-10,1,1,True,True
fs_mm,27,29,242806515,pass,c1_r050_0800_0,cell1,0.05,,0.8,0,-0.051982,-1.77731,1.96519e-10,1,1,True,True
fs_mm,27,29,242806515,pass,c1_r050_0800_1,cell1,0.05,,0.8,1,-0.0867161,-1.78759,1.70482e-10,1,1,True,True
fs_mm,27,29,242806515,pass,c1_r050_0800_2,cell1,0.05,,0.8,2,-0.721042,-1.78746,4.62206e-11,1,1,True,True
fs_mm,27,29,242806515,pass,c1_r050_0800_3,cell1,0.05,,0.8,3,-0.313584,-1.77962,1.0499e-10,1,1,True,True
fs_mm,27,29,242806515,pass,c1_r050_0850_0,cell1,0.05,,0.85,0,-0.130885,-1.78859,1.57727e-10,1,1,True,True
fs_mm,27,29,242806515,pass,c1_r050_0850_1,cell1,0.05,,0.85,1,-0.646835,-1.77392,5.64814e-11,1,1,True,True
fs_mm,27,29,242806515,pass,c1_r050_0850_2,cell1,0.05,,0.85,2,-0.612834,-1.75924,6.07167e-11,1,1,True,True
fs_mm,27,29,242806515,pass,c1_r050_0850_3,cell1,0.05,,0.85,3,-0.579027,-1.76061,6.50048e-11,1,1,True,True
fs_mm,27,29,242806515,pass,c1_r050_0900_0,cell1,0.05,,0.9,0,-0.680516,-1.77227,5.53062e-11,1,1,True,True
fs_mm,27,29,242806515,pass,c1_r050_0900_1,cell1,0.05,,0.9,1,-0.572029,-1.75078,6.64742e-11,1,1,True,True
fs_mm,27,29,242806515,pass,c1_r050_0900_2,cell1,0.05,,0.9,2,-0.639734,-1.76287,5.84732e-11,1,1,True,True
fs_mm,27,29,242806515,pass,c1_r050_0900_3,cell1,0.05,,0.9,3,-0.667129,-1.7725,5.49617e-11,1,1,True,True
fs_mm,27,29,242806515,pass,c1_r050_0950_0,cell1,0.05,,0.95,0,-0.60767,-1.73853,6.21074e-11,1,1,True,True
fs_mm,27,29,242806515,pass,c1_r050_0950_1,cell1,0.05,,0.95,1,-0.66901,-1.75231,5.36753e-11,1,1,True,True
fs_mm,27,29,242806515,pass,c1_r050_0950_2,cell1,0.05,,0.95,2,-0.713572,-1.75813,4.74538e-11,1,1,True,True
fs_mm,27,29,242806515,pass,c1_r050_0950_3,cell1,0.05,,0.95,3,-0.655065,-1.75467,5.61434e-11,1,1,True,True
fs_mm,27,29,242806515,pass,c1_r050_1000_0,cell1,0.05,,1.0,0,-0.62958,-1.7364,5.91873e-11,1,1,True,True
fs_mm,27,29,242806515,pass,c1_r050_1000_1,cell1,0.05,,1.0,1,-0.651499,-1.73277,5.74112e-11,1,1,True,True
fs_mm,27,29,242806515,pass,c1_r050_1000_2,cell1,0.05,,1.0,2,-0.656087,-1.74972,5.65548e-11,1,1,True,True
fs_mm,27,29,242806515,pass,c1_r050_1000_3,cell1,0.05,,1.0,3,-0.610879,-1.74342,6.04236e-11,1,1,True,True
fs_mm,27,29,242806515,pass,c0_r100_0000_0,cell0,0.1,,0.0,0,0.107202,1.79999,1.64891e-10,0,0,True,True
fs_mm,27,29,242806515,pass,c0_r100_0000_1,cell0,0.1,,0.0,1,0.108002,1.79999,1.47356e-10,0,0,True,True
fs_mm,27,29,242806515,pass,c0_r100_0000_2,cell0,0.1,,0.0,2,0.106481,1.8,1.81968e-10,0,0,True,True
fs_mm,27,29,242806515,pass,c0_r100_0000_3,cell0,0.1,,0.0,3,0.107376,1.79999,1.55948e-10,0,0,True,True
fs_mm,27,29,242806515,pass,c1_r100_0600_0,cell1,0.1,,0.6,0,0.103948,1.79988,1.50563e-10,1,0,False,False
fs_mm,27,29,242806515,pass,c1_r100_0600_1,cell1,0.1,,0.6,1,0.0976043,1.7996,1.79786e-10,1,0,False,False
fs_mm,27,29,242806515,pass,c1_r100_0600_2,cell1,0.1,,0.6,2,0.099871,1.79971,1.71056e-10,1,0,False,False
fs_mm,27,29,242806515,pass,c1_r100_0600_3,cell1,0.1,,0.6,3,0.105121,1.79983,1.6432e-10,1,0,False,False
fs_mm,27,29,242806515,pass,c1_r100_0650_0,cell1,0.1,,0.65,0,0.0317218,1.79782,2.24458e-10,1,0,False,False
fs_mm,27,29,242806515,pass,c1_r100_0650_1,cell1,0.1,,0.65,1,0.080582,1.79911,2.01082e-10,1,0,False,False
fs_mm,27,29,242806515,pass,c1_r100_0650_2,cell1,0.1,,0.65,2,0.0952894,1.79964,1.7149e-10,1,0,False,False
fs_mm,27,29,242806515,pass,c1_r100_0650_3,cell1,0.1,,0.65,3,0.0647435,1.79863,1.86337e-10,1,0,False,False
fs_mm,27,29,242806515,pass,c1_r100_0700_0,cell1,0.1,,0.7,0,0.0545124,1.79839,1.94717e-10,1,0,False,False
fs_mm,27,29,242806515,pass,c1_r100_0700_1,cell1,0.1,,0.7,1,-0.0202218,-1.79535,2.51218e-10,1,1,True,True
fs_mm,27,29,242806515,pass,c1_r100_0700_2,cell1,0.1,,0.7,2,0.0762271,1.79904,2.11754e-10,1,0,False,False
fs_mm,27,29,242806515,pass,c1_r100_0700_3,cell1,0.1,,0.7,3,0.0687801,1.79878,2.04645e-10,1,0,False,False
fs_mm,27,29,242806515,pass,c1_r100_0750_0,cell1,0.1,,0.75,0,-0.22547,-1.79646,1.28817e-10,1,1,True,True
fs_mm,27,29,242806515,pass,c1_r100_0750_1,cell1,0.1,,0.75,1,-0.0116668,1.79669,4.82505e-10,1,0,False,False
fs_mm,27,29,242806515,pass,c1_r100_0750_2,cell1,0.1,,0.75,2,0.0559805,1.79844,2.03187e-10,1,0,False,False
fs_mm,27,29,242806515,pass,c1_r100_0750_3,cell1,0.1,,0.75,3,-0.158035,-1.7962,1.42183e-10,1,1,True,True
fs_mm,27,29,242806515,pass,c1_r100_0800_0,cell1,0.1,,0.8,0,0.0213708,-1.79131,2.85243e-10,1,1,True,True
fs_mm,27,29,242806515,pass,c1_r100_0800_1,cell1,0.1,,0.8,1,-0.321807,-1.78289,1.02241e-10,1,1,True,True
fs_mm,27,29,242806515,pass,c1_r100_0800_2,cell1,0.1,,0.8,2,0.0429578,1.79812,2.07928e-10,1,0,False,False
fs_mm,27,29,242806515,pass,c1_r100_0800_3,cell1,0.1,,0.8,3,-0.619482,-1.78483,5.99253e-11,1,1,True,True
fs_mm,27,29,242806515,pass,c1_r100_0850_0,cell1,0.1,,0.85,0,-0.639077,-1.77715,5.77413e-11,1,1,True,True
fs_mm,27,29,242806515,pass,c1_r100_0850_1,cell1,0.1,,0.85,1,-0.203149,-1.77475,1.36154e-10,1,1,True,True
fs_mm,27,29,242806515,pass,c1_r100_0850_2,cell1,0.1,,0.85,2,-0.681362,-1.78591,5.2509e-11,1,1,True,True
fs_mm,27,29,242806515,pass,c1_r100_0850_3,cell1,0.1,,0.85,3,-0.194173,-1.76401,1.38559e-10,1,1,True,True
fs_mm,27,29,242806515,pass,c1_r100_0900_0,cell1,0.1,,0.9,0,-0.53968,-1.75396,7.05581e-11,1,1,True,True
fs_mm,27,29,242806515,pass,c1_r100_0900_1,cell1,0.1,,0.9,1,-0.592296,-1.74588,6.41222e-11,1,1,True,True
fs_mm,27,29,242806515,pass,c1_r100_0900_2,cell1,0.1,,0.9,2,-0.614229,-1.76663,6.05896e-11,1,1,True,True
fs_mm,27,29,242806515,pass,c1_r100_0900_3,cell1,0.1,,0.9,3,-0.607107,-1.77071,6.02674e-11,1,1,True,True
fs_mm,27,29,242806515,pass,c1_r100_0950_0,cell1,0.1,,0.95,0,-0.569302,-1.74597,6.72152e-11,1,1,True,True
fs_mm,27,29,242806515,pass,c1_r100_0950_1,cell1,0.1,,0.95,1,-0.647406,-1.7569,5.53721e-11,1,1,True,True
fs_mm,27,29,242806515,pass,c1_r100_0950_2,cell1,0.1,,0.95,2,-0.647525,-1.76492,5.71282e-11,1,1,True,True
fs_mm,27,29,242806515,pass,c1_r100_0950_3,cell1,0.1,,0.95,3,-0.606166,-1.75533,6.25475e-11,1,1,True,True
fs_mm,27,29,242806515,pass,c1_r100_1000_0,cell1,0.1,,1.0,0,-0.514561,-1.74465,7.52326e-11,1,1,True,True
fs_mm,27,29,242806515,pass,c1_r100_1000_1,cell1,0.1,,1.0,1,-0.58148,-1.73615,6.52023e-11,1,1,True,True
fs_mm,27,29,242806515,pass,c1_r100_1000_2,cell1,0.1,,1.0,2,-0.46979,-1.73134,7.64008e-11,1,1,True,True
fs_mm,27,29,242806515,pass,c1_r100_1000_3,cell1,0.1,,1.0,3,-0.584374,-1.74065,6.56591e-11,1,1,True,True
fs_mm,27,30,1204857788,pass,c0_r050_0000_0,cell0,0.05,,0.0,0,0.0549971,1.79999,1.70979e-10,0,0,True,True
fs_mm,27,30,1204857788,pass,c0_r050_0000_1,cell0,0.05,,0.0,1,0.0542083,1.8,1.8907e-10,0,0,True,True
fs_mm,27,30,1204857788,pass,c0_r050_0000_2,cell0,0.05,,0.0,2,0.0520534,1.79999,2.72285e-10,0,0,True,True
fs_mm,27,30,1204857788,pass,c0_r050_0000_3,cell0,0.05,,0.0,3,0.0538939,1.8,2.18909e-10,0,0,True,True
fs_mm,27,30,1204857788,pass,c1_r050_0600_0,cell1,0.05,,0.6,0,0.052123,1.79999,2.0392e-10,1,0,False,False
fs_mm,27,30,1204857788,pass,c1_r050_0600_1,cell1,0.05,,0.6,1,0.0530204,1.79999,1.93351e-10,1,0,False,False
fs_mm,27,30,1204857788,pass,c1_r050_0600_2,cell1,0.05,,0.6,2,0.0505291,1.79989,2.28892e-10,1,0,False,False
fs_mm,27,30,1204857788,pass,c1_r050_0600_3,cell1,0.05,,0.6,3,0.0513887,1.79989,1.84011e-10,1,0,False,False
fs_mm,27,30,1204857788,pass,c1_r050_0650_0,cell1,0.05,,0.65,0,-0.257333,-1.79886,1.18346e-10,1,1,True,True
fs_mm,27,30,1204857788,pass,c1_r050_0650_1,cell1,0.05,,0.65,1,0.0339308,1.7994,2.13085e-10,1,0,False,False
fs_mm,27,30,1204857788,pass,c1_r050_0650_2,cell1,0.05,,0.65,2,0.0440825,1.79966,2.76098e-10,1,0,False,False
fs_mm,27,30,1204857788,pass,c1_r050_0650_3,cell1,0.05,,0.65,3,-0.0241764,-1.79961,2.95312e-10,1,1,True,True
fs_mm,27,30,1204857788,pass,c1_r050_0700_0,cell1,0.05,,0.7,0,-0.109302,-1.79397,1.55862e-10,1,1,True,True
fs_mm,27,30,1204857788,pass,c1_r050_0700_1,cell1,0.05,,0.7,1,-0.00563463,-1.79754,2.23021e-10,1,1,True,True
fs_mm,27,30,1204857788,pass,c1_r050_0700_2,cell1,0.05,,0.7,2,-0.112425,-1.7919,1.67024e-10,1,1,True,True
fs_mm,27,30,1204857788,pass,c1_r050_0700_3,cell1,0.05,,0.7,3,0.00394914,1.79848,2.55149e-10,1,0,False,False
fs_mm,27,30,1204857788,pass,c1_r050_0750_0,cell1,0.05,,0.75,0,0.0291704,1.79918,2.19703e-10,1,0,False,False
fs_mm,27,30,1204857788,pass,c1_r050_0750_1,cell1,0.05,,0.75,1,-0.196306,-1.78523,1.38743e-10,1,1,True,True
fs_mm,27,30,1204857788,pass,c1_r050_0750_2,cell1,0.05,,0.75,2,-0.0491347,-1.79657,2.30957e-10,1,1,True,True
fs_mm,27,30,1204857788,pass,c1_r050_0750_3,cell1,0.05,,0.75,3,-0.450131,-1.79605,7.9237e-11,1,1,True,True
fs_mm,27,30,1204857788,pass,c1_r050_0800_0,cell1,0.05,,0.8,0,-0.0798105,-1.78665,1.73118e-10,1,1,True,True
fs_mm,27,30,1204857788,pass,c1_r050_0800_1,cell1,0.05,,0.8,1,-0.0960567,-1.77774,1.76536e-10,1,1,True,True
fs_mm,27,30,1204857788,pass,c1_r050_0800_2,cell1,0.05,,0.8,2,0.0214708,-1.78628,2.43124e-10,1,1,True,True
fs_mm,27,30,1204857788,pass,c1_r050_0800_3,cell1,0.05,,0.8,3,-0.519088,-1.78373,7.15431e-11,1,1,True,True
fs_mm,27,30,1204857788,pass,c1_r050_0850_0,cell1,0.05,,0.85,0,-0.662203,-1.77678,5.42398e-11,1,1,True,True
fs_mm,27,30,1204857788,pass,c1_r050_0850_1,cell1,0.05,,0.85,1,-0.66547,-1.77631,5.50999e-11,1,1,True,True
fs_mm,27,30,1204857788,pass,c1_r050_0850_2,cell1,0.05,,0.85,2,-0.523559,-1.77536,7.12736e-11,1,1,True,True
fs_mm,27,30,1204857788,pass,c1_r050_0850_3,cell1,0.05,,0.85,3,-0.67536,-1.77397,5.33302e-11,1,1,True,True
fs_mm,27,30,1204857788,pass,c1_r050_0900_0,cell1,0.05,,0.9,0,-0.642933,-1.76795,5.72881e-11,1,1,True,True
fs_mm,27,30,1204857788,pass,c1_r050_0900_1,cell1,0.05,,0.9,1,-0.709818,-1.78457,4.67648e-11,1,1,True,True
fs_mm,27,30,1204857788,pass,c1_r050_0900_2,cell1,0.05,,0.9,2,-0.687898,-1.76821,5.188e-11,1,1,True,True
fs_mm,27,30,1204857788,pass,c1_r050_0900_3,cell1,0.05,,0.9,3,-0.745744,-1.77308,4.26713e-11,1,1,True,True
fs_mm,27,30,1204857788,pass,c1_r050_0950_0,cell1,0.05,,0.95,0,-0.649367,-1.75498,5.69858e-11,1,1,True,True
fs_mm,27,30,1204857788,pass,c1_r050_0950_1,cell1,0.05,,0.95,1,-0.654616,-1.75871,5.68994e-11,1,1,True,True
fs_mm,27,30,1204857788,pass,c1_r050_0950_2,cell1,0.05,,0.95,2,-0.612687,-1.74919,6.28414e-11,1,1,True,True
fs_mm,27,30,1204857788,pass,c1_r050_0950_3,cell1,0.05,,0.95,3,-0.695898,-1.75786,5.17808e-11,1,1,True,True
fs_mm,27,30,1204857788,pass,c1_r050_1000_0,cell1,0.05,,1.0,0,-0.549509,-1.72323,7.02896e-11,1,1,True,True
fs_mm,27,30,1204857788,pass,c1_r050_1000_1,cell1,0.05,,1.0,1,-0.647973,-1.73765,5.71521e-11,1,1,True,True
fs_mm,27,30,1204857788,pass,c1_r050_1000_2,cell1,0.05,,1.0,2,-0.617849,-1.71795,6.04102e-11,1,1,True,True
fs_mm,27,30,1204857788,pass,c1_r050_1000_3,cell1,0.05,,1.0,3,-0.687394,-1.74819,5.31445e-11,1,1,True,True
fs_mm,27,30,1204857788,pass,c0_r100_0000_0,cell0,0.1,,0.0,0,0.107242,1.8,1.74958e-10,0,0,True,True
fs_mm,27,30,1204857788,pass,c0_r100_0000_1,cell0,0.1,,0.0,1,0.107695,1.79999,1.575e-10,0,0,True,True
fs_mm,27,30,1204857788,pass,c0_r100_0000_2,cell0,0.1,,0.0,2,0.107874,1.79999,1.62728e-10,0,0,True,True
fs_mm,27,30,1204857788,pass,c0_r100_0000_3,cell0,0.1,,0.0,3,0.108179,1.79999,1.48061e-10,0,0,True,True
fs_mm,27,30,1204857788,pass,c1_r100_0600_0,cell1,0.1,,0.6,0,0.100238,1.79969,1.56728e-10,1,0,False,False
fs_mm,27,30,1204857788,pass,c1_r100_0600_1,cell1,0.1,,0.6,1,0.0966686,1.79958,1.6248e-10,1,0,False,False
fs_mm,27,30,1204857788,pass,c1_r100_0600_2,cell1,0.1,,0.6,2,0.0934351,1.79955,1.76844e-10,1,0,False,False
fs_mm,27,30,1204857788,pass,c1_r100_0600_3,cell1,0.1,,0.6,3,0.10273,1.79982,1.91429e-10,1,0,False,False
fs_mm,27,30,1204857788,pass,c1_r100_0650_0,cell1,0.1,,0.65,0,0.0708425,1.79884,1.9167e-10,1,0,False,False
fs_mm,27,30,1204857788,pass,c1_r100_0650_1,cell1,0.1,,0.65,1,0.0790472,1.79907,1.77157e-10,1,0,False,False
fs_mm,27,30,1204857788,pass,c1_r100_0650_2,cell1,0.1,,0.65,2,0.0691461,1.79884,2.03921e-10,1,0,False,False
fs_mm,27,30,1204857788,pass,c1_r100_0650_3,cell1,0.1,,0.65,3,0.103669,1.79985,1.65697e-10,1,0,False,False
fs_mm,27,30,1204857788,pass,c1_r100_0700_0,cell1,0.1,,0.7,0,0.0182454,-1.79748,3.54111e-10,1,1,True,True
fs_mm,27,30,1204857788,pass,c1_r100_0700_1,cell1,0.1,,0.7,1,0.0612865,1.7986,1.87826e-10,1,0,False,False
fs_mm,27,30,1204857788,pass,c1_r100_0700_2,cell1,0.1,,0.7,2,-0.0328139,-1.79547,2.20279e-10,1,1,True,True
fs_mm,27,30,1204857788,pass,c1_r100_0700_3,cell1,0.1,,0.7,3,0.0647373,1.79868,1.9818e-10,1,0,False,False
fs_mm,27,30,1204857788,pass,c1_r100_0750_0,cell1,0.1,,0.75,0,0.0343978,1.79786,2.33301e-10,1,0,False,False
fs_mm,27,30,1204857788,pass,c1_r100_0750_1,cell1,0.1,,0.75,1,-0.05449,-1.78919,1.77429e-10,1,1,True,True
fs_mm,27,30,1204857788,pass,c1_r100_0750_2,cell1,0.1,,0.75,2,-0.321196,-1.78266,1.03463e-10,1,1,True,True
fs_mm,27,30,1204857788,pass,c1_r100_0750_3,cell1,0.1,,0.75,3,-0.199273,-1.79269,1.24239e-10,1,1,True,True
fs_mm,27,30,1204857788,pass,c1_r100_0800_0,cell1,0.1,,0.8,0,-0.0939596,-1.79088,1.8788e-10,1,1,True,True
fs_mm,27,30,1204857788,pass,c1_r100_0800_1,cell1,0.1,,0.8,1,-0.173037,-1.77735,1.41537e-10,1,1,True,True
fs_mm,27,30,1204857788,pass,c1_r100_0800_2,cell1,0.1,,0.8,2,-0.0333598,-1.79224,2.14569e-10,1,1,True,True
fs_mm,27,30,1204857788,pass,c1_r100_0800_3,cell1,0.1,,0.8,3,-0.109462,-1.7896,1.57755e-10,1,1,True,True
fs_mm,27,30,1204857788,pass,c1_r100_0850_0,cell1,0.1,,0.85,0,-0.599652,-1.7755,6.25354e-11,1,1,True,True
fs_mm,27,30,1204857788,pass,c1_r100_0850_1,cell1,0.1,,0.85,1,-0.0501212,-1.76836,1.82804e-10,1,1,True,True
fs_mm,27,30,1204857788,pass,c1_r100_0850_2,cell1,0.1,,0.85,2,-0.29977,-1.78248,1.02838e-10,1,1,True,True
fs_mm,27,30,1204857788,pass,c1_r100_0850_3,cell1,0.1,,0.85,3,-0.0875403,-1.78821,1.66584e-10,1,1,True,True
fs_mm,27,30,1204857788,pass,c1_r100_0900_0,cell1,0.1,,0.9,0,-0.544505,-1.75821,6.77224e-11,1,1,True,True
fs_mm,27,30,1204857788,pass,c1_r100_0900_1,cell1,0.1,,0.9,1,-0.579231,-1.76596,6.57233e-11,1,1,True,True
fs_mm,27,30,1204857788,pass,c1_r100_0900_2,cell1,0.1,,0.9,2,-0.628081,-1.77342,6.04981e-11,1,1,True,True
fs_mm,27,30,1204857788,pass,c1_r100_0900_3,cell1,0.1,,0.9,3,-0.418843,-1.75895,8.29316e-11,1,1,True,True
fs_mm,27,30,1204857788,pass,c1_r100_0950_0,cell1,0.1,,0.95,0,-0.504097,-1.75746,7.32684e-11,1,1,True,True
fs_mm,27,30,1204857788,pass,c1_r100_0950_1,cell1,0.1,,0.95,1,-0.586793,-1.75095,6.49264e-11,1,1,True,True
fs_mm,27,30,1204857788,pass,c1_r100_0950_2,cell1,0.1,,0.95,2,-0.533759,-1.74234,7.1547e-11,1,1,True,True
fs_mm,27,30,1204857788,pass,c1_r100_0950_3,cell1,0.1,,0.95,3,-0.601824,-1.75494,6.32919e-11,1,1,True,True
fs_mm,27,30,1204857788,pass,c1_r100_1000_0,cell1,0.1,,1.0,0,-0.663703,-1.76387,5.46929e-11,1,1,True,True
fs_mm,27,30,1204857788,pass,c1_r100_1000_1,cell1,0.1,,1.0,1,-0.625088,-1.75734,6.03823e-11,1,1,True,True
fs_mm,27,30,1204857788,pass,c1_r100_1000_2,cell1,0.1,,1.0,2,-0.608094,-1.73337,6.11505e-11,1,1,True,True
fs_mm,27,30,1204857788,pass,c1_r100_1000_3,cell1,0.1,,1.0,3,-0.581358,-1.75156,6.54097e-11,1,1,True,True
fs_mm,27,31,1270567316,pass,c0_r050_0000_0,cell0,0.05,,0.0,0,0.0518684,1.8,2.2283e-10,0,0,True,True
fs_mm,27,31,1270567316,pass,c0_r050_0000_1,cell0,0.05,,0.0,1,0.05283,1.8,2.08045e-10,0,0,True,True
fs_mm,27,31,1270567316,pass,c0_r050_0000_2,cell0,0.05,,0.0,2,0.0524785,1.8,2.09756e-10,0,0,True,True
fs_mm,27,31,1270567316,pass,c0_r050_0000_3,cell0,0.05,,0.0,3,0.055412,1.8,1.86115e-10,0,0,True,True
fs_mm,27,31,1270567316,pass,c1_r050_0600_0,cell1,0.05,,0.6,0,0.0440885,1.79972,2.96799e-10,1,0,False,False
fs_mm,27,31,1270567316,pass,c1_r050_0600_1,cell1,0.05,,0.6,1,0.043173,1.79966,2.06691e-10,1,0,False,False
fs_mm,27,31,1270567316,pass,c1_r050_0600_2,cell1,0.05,,0.6,2,0.00484338,1.79854,2.80019e-10,1,0,False,False
fs_mm,27,31,1270567316,pass,c1_r050_0600_3,cell1,0.05,,0.6,3,0.0531302,1.79991,1.82785e-10,1,0,False,False
fs_mm,27,31,1270567316,pass,c1_r050_0650_0,cell1,0.05,,0.65,0,0.0503048,1.79987,2.04111e-10,1,0,False,False
fs_mm,27,31,1270567316,pass,c1_r050_0650_1,cell1,0.05,,0.65,1,-0.0370794,-1.79956,2.25466e-10,1,1,True,True
fs_mm,27,31,1270567316,pass,c1_r050_0650_2,cell1,0.05,,0.65,2,0.0361455,1.79936,2.34959e-10,1,0,False,False
fs_mm,27,31,1270567316,pass,c1_r050_0650_3,cell1,0.05,,0.65,3,0.00233007,1.79849,3.13929e-10,1,0,False,False
fs_mm,27,31,1270567316,pass,c1_r050_0700_0,cell1,0.05,,0.7,0,-0.0404567,-1.79665,1.91597e-10,1,1,True,True
fs_mm,27,31,1270567316,pass,c1_r050_0700_1,cell1,0.05,,0.7,1,-0.000820715,-1.79514,2.41884e-10,1,1,True,True
fs_mm,27,31,1270567316,pass,c1_r050_0700_2,cell1,0.05,,0.7,2,-0.178678,-1.79664,1.33403e-10,1,1,True,True
fs_mm,27,31,1270567316,pass,c1_r050_0700_3,cell1,0.05,,0.7,3,0.0341179,1.79932,2.05817e-10,1,0,False,False
fs_mm,27,31,1270567316,pass,c1_r050_0750_0,cell1,0.05,,0.75,0,-0.0334889,-1.79237,1.99094e-10,1,1,True,True
fs_mm,27,31,1270567316,pass,c1_r050_0750_1,cell1,0.05,,0.75,1,-0.0549783,-1.79282,1.90261e-10,1,1,True,True
fs_mm,27,31,1270567316,pass,c1_r050_0750_2,cell1,0.05,,0.75,2,-0.00842461,-1.78761,2.00808e-10,1,1,True,True
fs_mm,27,31,1270567316,pass,c1_r050_0750_3,cell1,0.05,,0.75,3,-0.0858874,-1.78926,1.69823e-10,1,1,True,True
fs_mm,27,31,1270567316,pass,c1_r050_0800_0,cell1,0.05,,0.8,0,-0.647069,-1.78554,5.64533e-11,1,1,True,True
fs_mm,27,31,1270567316,pass,c1_r050_0800_1,cell1,0.05,,0.8,1,-0.694238,-1.7889,5.16927e-11,1,1,True,True
fs_mm,27,31,1270567316,pass,c1_r050_0800_2,cell1,0.05,,0.8,2,-0.0057842,-1.77675,2.33398e-10,1,1,True,True
fs_mm,27,31,1270567316,pass,c1_r050_0800_3,cell1,0.05,,0.8,3,-0.434434,-1.7916,8.42749e-11,1,1,True,True
fs_mm,27,31,1270567316,pass,c1_r050_0850_0,cell1,0.05,,0.85,0,-0.440155,-1.779,8.25206e-11,1,1,True,True
fs_mm,27,31,1270567316,pass,c1_r050_0850_1,cell1,0.05,,0.85,1,-0.441446,-1.78091,8.5031e-11,1,1,True,True
fs_mm,27,31,1270567316,pass,c1_r050_0850_2,cell1,0.05,,0.85,2,-0.690655,-1.77519,5.19824e-11,1,1,True,True
fs_mm,27,31,1270567316,pass,c1_r050_0850_3,cell1,0.05,,0.85,3,-0.644951,-1.77441,5.62429e-11,1,1,True,True
fs_mm,27,31,1270567316,pass,c1_r050_0900_0,cell1,0.05,,0.9,0,-0.669367,-1.77084,5.45389e-11,1,1,True,True
fs_mm,27,31,1270567316,pass,c1_r050_0900_1,cell1,0.05,,0.9,1,-0.640317,-1.76374,5.94501e-11,1,1,True,True
fs_mm,27,31,1270567316,pass,c1_r050_0900_2,cell1,0.05,,0.9,2,-0.699557,-1.75936,5.05125e-11,1,1,True,True
fs_mm,27,31,1270567316,pass,c1_r050_0900_3,cell1,0.05,,0.9,3,-0.605496,-1.77096,6.09979e-11,1,1,True,True
fs_mm,27,31,1270567316,pass,c1_r050_0950_0,cell1,0.05,,0.95,0,-0.687004,-1.75225,5.28558e-11,1,1,True,True
fs_mm,27,31,1270567316,pass,c1_r050_0950_1,cell1,0.05,,0.95,1,-0.63398,-1.75699,5.93017e-11,1,1,True,True
fs_mm,27,31,1270567316,pass,c1_r050_0950_2,cell1,0.05,,0.95,2,-0.641953,-1.75185,5.66267e-11,1,1,True,True
fs_mm,27,31,1270567316,pass,c1_r050_0950_3,cell1,0.05,,0.95,3,-0.573097,-1.73766,6.63297e-11,1,1,True,True
fs_mm,27,31,1270567316,pass,c1_r050_1000_0,cell1,0.05,,1.0,0,-0.573606,-1.73258,6.55839e-11,1,1,True,True
fs_mm,27,31,1270567316,pass,c1_r050_1000_1,cell1,0.05,,1.0,1,-0.739817,-1.7613,4.18298e-11,1,1,True,True
fs_mm,27,31,1270567316,pass,c1_r050_1000_2,cell1,0.05,,1.0,2,-0.537548,-1.72688,6.96317e-11,1,1,True,True
fs_mm,27,31,1270567316,pass,c1_r050_1000_3,cell1,0.05,,1.0,3,-0.592237,-1.73214,6.50366e-11,1,1,True,True
fs_mm,27,31,1270567316,pass,c0_r100_0000_0,cell0,0.1,,0.0,0,0.10672,1.79999,1.60605e-10,0,0,True,True
fs_mm,27,31,1270567316,pass,c0_r100_0000_1,cell0,0.1,,0.0,1,0.105704,1.79999,1.75171e-10,0,0,True,True
fs_mm,27,31,1270567316,pass,c0_r100_0000_2,cell0,0.1,,0.0,2,0.108029,1.79999,1.67104e-10,0,0,True,True
fs_mm,27,31,1270567316,pass,c0_r100_0000_3,cell0,0.1,,0.0,3,0.10888,1.79999,1.64101e-10,0,0,True,True
fs_mm,27,31,1270567316,pass,c1_r100_0600_0,cell1,0.1,,0.6,0,0.108285,1.79998,1.63279e-10,1,0,False,False
fs_mm,27,31,1270567316,pass,c1_r100_0600_1,cell1,0.1,,0.6,1,0.101943,1.79983,1.61751e-10,1,0,False,False
fs_mm,27,31,1270567316,pass,c1_r100_0600_2,cell1,0.1,,0.6,2,0.103712,1.79991,1.73121e-10,1,0,False,False
fs_mm,27,31,1270567316,pass,c1_r100_0600_3,cell1,0.1,,0.6,3,0.100483,1.79977,1.81496e-10,1,0,False,False
fs_mm,27,31,1270567316,pass,c1_r100_0650_0,cell1,0.1,,0.65,0,0.10301,1.7998,1.80468e-10,1,0,False,False
fs_mm,27,31,1270567316,pass,c1_r100_0650_1,cell1,0.1,,0.65,1,0.0620841,1.79859,1.98833e-10,1,0,False,False
fs_mm,27,31,1270567316,pass,c1_r100_0650_2,cell1,0.1,,0.65,2,0.0114099,1.79725,3.10742e-10,1,0,False,False
fs_mm,27,31,1270567316,pass,c1_r100_0650_3,cell1,0.1,,0.65,3,0.102027,1.79979,1.71664e-10,1,0,False,False
fs_mm,27,31,1270567316,pass,c1_r100_0700_0,cell1,0.1,,0.7,0,-0.084744,-1.79427,1.77694e-10,1,1,True,True
fs_mm,27,31,1270567316,pass,c1_r100_0700_1,cell1,0.1,,0.7,1,0.0628398,1.79862,1.79309e-10,1,0,False,False
fs_mm,27,31,1270567316,pass,c1_r100_0700_2,cell1,0.1,,0.7,2,0.0974745,1.79964,1.79248e-10,1,0,False,False
fs_mm,27,31,1270567316,pass,c1_r100_0700_3,cell1,0.1,,0.7,3,0.0867074,1.79933,1.88465e-10,1,0,False,False
fs_mm,27,31,1270567316,pass,c1_r100_0750_0,cell1,0.1,,0.75,0,-0.0886053,-1.79154,1.84779e-10,1,1,True,True
fs_mm,27,31,1270567316,pass,c1_r100_0750_1,cell1,0.1,,0.75,1,-0.00762249,1.79678,3.09607e-10,1,0,False,False
fs_mm,27,31,1270567316,pass,c1_r100_0750_2,cell1,0.1,,0.75,2,-0.193649,-1.79525,1.29268e-10,1,1,True,True
fs_mm,27,31,1270567316,pass,c1_r100_0750_3,cell1,0.1,,0.75,3,-0.0632146,-1.79204,2.0017e-10,1,1,True,True
fs_mm,27,31,1270567316,pass,c1_r100_0800_0,cell1,0.1,,0.8,0,-0.330164,-1.77903,1.01434e-10,1,1,True,True
fs_mm,27,31,1270567316,pass,c1_r100_0800_1,cell1,0.1,,0.8,1,-0.63876,-1.77612,5.70434e-11,1,1,True,True
fs_mm,27,31,1270567316,pass,c1_r100_0800_2,cell1,0.1,,0.8,2,-0.412175,-1.78565,8.52461e-11,1,1,True,True
fs_mm,27,31,1270567316,pass,c1_r100_0800_3,cell1,0.1,,0.8,3,-0.0810329,-1.78574,1.86838e-10,1,1,True,True
fs_mm,27,31,1270567316,pass,c1_r100_0850_0,cell1,0.1,,0.85,0,-0.272015,-1.76465,1.07447e-10,1,1,True,True
fs_mm,27,31,1270567316,pass,c1_r100_0850_1,cell1,0.1,,0.85,1,-0.501362,-1.77057,7.54056e-11,1,1,True,True
fs_mm,27,31,1270567316,pass,c1_r100_0850_2,cell1,0.1,,0.85,2,-0.643026,-1.77591,5.65082e-11,1,1,True,True
fs_mm,27,31,1270567316,pass,c1_r100_0850_3,cell1,0.1,,0.85,3,-0.0123744,1.79667,2.924e-10,1,0,False,False
fs_mm,27,31,1270567316,pass,c1_r100_0900_0,cell1,0.1,,0.9,0,-0.651199,-1.77711,5.69245e-11,1,1,True,True
fs_mm,27,31,1270567316,pass,c1_r100_0900_1,cell1,0.1,,0.9,1,-0.60372,-1.77094,6.2189e-11,1,1,True,True
fs_mm,27,31,1270567316,pass,c1_r100_0900_2,cell1,0.1,,0.9,2,-0.645641,-1.76465,5.70771e-11,1,1,True,True
fs_mm,27,31,1270567316,pass,c1_r100_0900_3,cell1,0.1,,0.9,3,-0.500488,-1.77401,7.32424e-11,1,1,True,True
fs_mm,27,31,1270567316,pass,c1_r100_0950_0,cell1,0.1,,0.95,0,-0.641431,-1.75561,5.74707e-11,1,1,True,True
fs_mm,27,31,1270567316,pass,c1_r100_0950_1,cell1,0.1,,0.95,1,-0.589632,-1.74719,6.42844e-11,1,1,True,True
fs_mm,27,31,1270567316,pass,c1_r100_0950_2,cell1,0.1,,0.95,2,-0.657888,-1.76395,5.69375e-11,1,1,True,True
fs_mm,27,31,1270567316,pass,c1_r100_0950_3,cell1,0.1,,0.95,3,-0.623917,-1.75928,6.00339e-11,1,1,True,True
fs_mm,27,31,1270567316,pass,c1_r100_1000_0,cell1,0.1,,1.0,0,-0.614784,-1.74439,6.06972e-11,1,1,True,True
fs_mm,27,31,1270567316,pass,c1_r100_1000_1,cell1,0.1,,1.0,1,-0.513123,-1.73806,7.31983e-11,1,1,True,True
fs_mm,27,31,1270567316,pass,c1_r100_1000_2,cell1,0.1,,1.0,2,-0.594533,-1.74238,6.39805e-11,1,1,True,True
fs_mm,27,31,1270567316,pass,c1_r100_1000_3,cell1,0.1,,1.0,3,-0.616431,-1.74382,6.05821e-11,1,1,True,True
fs_mm,27,32,325572261,pass,c0_r050_0000_0,cell0,0.05,,0.0,0,0.0536701,1.80001,1.98339e-10,0,0,True,True
fs_mm,27,32,325572261,pass,c0_r050_0000_1,cell0,0.05,,0.0,1,0.0528131,1.79999,1.79857e-10,0,0,True,True
fs_mm,27,32,325572261,pass,c0_r050_0000_2,cell0,0.05,,0.0,2,0.0536135,1.8,1.94793e-10,0,0,True,True
fs_mm,27,32,325572261,pass,c0_r050_0000_3,cell0,0.05,,0.0,3,0.0541028,1.79999,1.77671e-10,0,0,True,True
fs_mm,27,32,325572261,pass,c1_r050_0600_0,cell1,0.05,,0.6,0,0.0535201,1.79996,3.46581e-10,1,0,False,False
fs_mm,27,32,325572261,pass,c1_r050_0600_1,cell1,0.05,,0.6,1,-0.0224814,-1.7998,2.14081e-10,1,1,True,True
fs_mm,27,32,325572261,pass,c1_r050_0600_2,cell1,0.05,,0.6,2,0.0429422,1.79957,1.92025e-10,1,0,False,False
fs_mm,27,32,325572261,pass,c1_r050_0600_3,cell1,0.05,,0.6,3,0.0443745,1.79973,2.84315e-10,1,0,False,False
fs_mm,27,32,325572261,pass,c1_r050_0650_0,cell1,0.05,,0.65,0,-0.203373,-1.79776,1.22272e-10,1,1,True,True
fs_mm,27,32,325572261,pass,c1_r050_0650_1,cell1,0.05,,0.65,1,0.0391506,1.79953,1.9854e-10,1,0,False,False
fs_mm,27,32,325572261,pass,c1_r050_0650_2,cell1,0.05,,0.65,2,0.0490624,1.79984,2.00415e-10,1,0,False,False
fs_mm,27,32,325572261,pass,c1_r050_0650_3,cell1,0.05,,0.65,3,0.0466935,1.79977,2.01942e-10,1,0,False,False
fs_mm,27,32,325572261,pass,c1_r050_0700_0,cell1,0.05,,0.7,0,0.0427942,1.79953,2.23443e-10,1,0,False,False
fs_mm,27,32,325572261,pass,c1_r050_0700_1,cell1,0.05,,0.7,1,-0.149317,-1.79256,1.56036e-10,1,1,True,True
fs_mm,27,32,325572261,pass,c1_r050_0700_2,cell1,0.05,,0.7,2,0.0234289,1.79906,2.25696e-10,1,0,False,False
fs_mm,27,32,325572261,pass,c1_r050_0700_3,cell1,0.05,,0.7,3,0.0299845,1.79918,2.08909e-10,1,0,False,False
fs_mm,27,32,325572261,pass,c1_r050_0750_0,cell1,0.05,,0.75,0,-0.42351,-1.79535,8.55202e-11,1,1,True,True
fs_mm,27,32,325572261,pass,c1_r050_0750_1,cell1,0.05,,0.75,1,-0.0590821,-1.79346,1.8333e-10,1,1,True,True
fs_mm,27,32,325572261,pass,c1_r050_0750_2,cell1,0.05,,0.75,2,-0.330928,-1.79094,9.81863e-11,1,1,True,True
fs_mm,27,32,325572261,pass,c1_r050_0750_3,cell1,0.05,,0.75,3,0.000456439,1.79841,3.89841e-10,1,0,False,False
fs_mm,27,32,325572261,pass,c1_r050_0800_0,cell1,0.05,,0.8,0,-0.647095,-1.78504,5.8256e-11,1,1,True,True
fs_mm,27,32,325572261,pass,c1_r050_0800_1,cell1,0.05,,0.8,1,-0.405359,-1.77911,8.89775e-11,1,1,True,True
fs_mm,27,32,325572261,pass,c1_r050_0800_2,cell1,0.05,,0.8,2,0.0303396,-1.78172,3.13819e-10,1,1,True,True
fs_mm,27,32,325572261,pass,c1_r050_0800_3,cell1,0.05,,0.8,3,-0.0697398,-1.77715,1.9423e-10,1,1,True,True
fs_mm,27,32,325572261,pass,c1_r050_0850_0,cell1,0.05,,0.85,0,-0.70909,-1.78299,5.05533e-11,1,1,True,True
fs_mm,27,32,325572261,pass,c1_r050_0850_1,cell1,0.05,,0.85,1,-0.726548,-1.78871,4.53248e-11,1,1,True,True
fs_mm,27,32,325572261,pass,c1_r050_0850_2,cell1,0.05,,0.85,2,-0.570893,-1.7833,6.55337e-11,1,1,True,True
fs_mm,27,32,325572261,pass,c1_r050_0850_3,cell1,0.05,,0.85,3,-0.672325,-1.76673,5.40101e-11,1,1,True,True
fs_mm,27,32,325572261,pass,c1_r050_0900_0,cell1,0.05,,0.9,0,-0.53205,-1.76005,7.13426e-11,1,1,True,True
fs_mm,27,32,325572261,pass,c1_r050_0900_1,cell1,0.05,,0.9,1,-0.595851,-1.77516,6.21773e-11,1,1,True,True
fs_mm,27,32,325572261,pass,c1_r050_0900_2,cell1,0.05,,0.9,2,-0.701421,-1.77302,5.2462e-11,1,1,True,True
fs_mm,27,32,325572261,pass,c1_r050_0900_3,cell1,0.05,,0.9,3,-0.542165,-1.73925,7.06287e-11,1,1,True,True
fs_mm,27,32,325572261,pass,c1_r050_0950_0,cell1,0.05,,0.95,0,-0.610663,-1.76049,6.14522e-11,1,1,True,True
fs_mm,27,32,325572261,pass,c1_r050_0950_1,cell1,0.05,,0.95,1,-0.672157,-1.76077,5.50174e-11,1,1,True,True
fs_mm,27,32,325572261,pass,c1_r050_0950_2,cell1,0.05,,0.95,2,-0.644171,-1.75335,5.72976e-11,1,1,True,True
fs_mm,27,32,325572261,pass,c1_r050_0950_3,cell1,0.05,,0.95,3,-0.664725,-1.75208,5.40024e-11,1,1,True,True
fs_mm,27,32,325572261,pass,c1_r050_1000_0,cell1,0.05,,1.0,0,-0.644346,-1.74523,5.78423e-11,1,1,True,True
fs_mm,27,32,325572261,pass,c1_r050_1000_1,cell1,0.05,,1.0,1,-0.591787,-1.7332,6.35066e-11,1,1,True,True
fs_mm,27,32,325572261,pass,c1_r050_1000_2,cell1,0.05,,1.0,2,-0.617158,-1.73887,6.09131e-11,1,1,True,True
fs_mm,27,32,325572261,pass,c1_r050_1000_3,cell1,0.05,,1.0,3,-0.607789,-1.72713,6.19625e-11,1,1,True,True
fs_mm,27,32,325572261,pass,c0_r100_0000_0,cell0,0.1,,0.0,0,0.104779,1.8,1.83821e-10,0,0,True,True
fs_mm,27,32,325572261,pass,c0_r100_0000_1,cell0,0.1,,0.0,1,0.106211,1.79999,1.6803e-10,0,0,True,True
fs_mm,27,32,325572261,pass,c0_r100_0000_2,cell0,0.1,,0.0,2,0.105602,1.79999,1.61698e-10,0,0,True,True
fs_mm,27,32,325572261,pass,c0_r100_0000_3,cell0,0.1,,0.0,3,0.108332,1.79999,1.67574e-10,0,0,True,True
fs_mm,27,32,325572261,pass,c1_r100_0600_0,cell1,0.1,,0.6,0,0.0977616,1.79961,1.63701e-10,1,0,False,False
fs_mm,27,32,325572261,pass,c1_r100_0600_1,cell1,0.1,,0.6,1,0.104827,1.79993,1.92845e-10,1,0,False,False
fs_mm,27,32,325572261,pass,c1_r100_0600_2,cell1,0.1,,0.6,2,0.101556,1.7998,1.88563e-10,1,0,False,False
fs_mm,27,32,325572261,pass,c1_r100_0600_3,cell1,0.1,,0.6,3,0.0939781,1.79949,1.87627e-10,1,0,False,False
fs_mm,27,32,325572261,pass,c1_r100_0650_0,cell1,0.1,,0.65,0,0.0956141,1.79959,1.55832e-10,1,0,False,False
fs_mm,27,32,325572261,pass,c1_r100_0650_1,cell1,0.1,,0.65,1,0.0926996,1.79949,1.66096e-10,1,0,False,False
fs_mm,27,32,325572261,pass,c1_r100_0650_2,cell1,0.1,,0.65,2,0.0969545,1.79969,1.77586e-10,1,0,False,False
fs_mm,27,32,325572261,pass,c1_r100_0650_3,cell1,0.1,,0.65,3,0.0724584,1.79886,1.76859e-10,1,0,False,False
fs_mm,27,32,325572261,pass,c1_r100_0700_0,cell1,0.1,,0.7,0,-0.0582869,-1.79809,2.06406e-10,1,1,True,True
fs_mm,27,32,325572261,pass,c1_r100_0700_1,cell1,0.1,,0.7,1,0.0539102,1.79837,2.03587e-10,1,0,False,False
fs_mm,27,32,325572261,pass,c1_r100_0700_2,cell1,0.1,,0.7,2,0.0268847,1.79763,3.72654e-10,1,0,False,False
fs_mm,27,32,325572261,pass,c1_r100_0700_3,cell1,0.1,,0.7,3,0.00266143,-1.79345,2.44677e-10,1,1,True,True
fs_mm,27,32,325572261,pass,c1_r100_0750_0,cell1,0.1,,0.75,0,-0.332665,-1.78986,1.00742e-10,1,1,True,True
fs_mm,27,32,325572261,pass,c1_r100_0750_1,cell1,0.1,,0.75,1,0.0426814,1.79807,2.57604e-10,1,0,False,False
fs_mm,27,32,325572261,pass,c1_r100_0750_2,cell1,0.1,,0.75,2,0.0664711,1.79871,1.84854e-10,1,0,False,False
fs_mm,27,32,325572261,pass,c1_r100_0750_3,cell1,0.1,,0.75,3,0.0233085,1.79757,2.66833e-10,1,0,False,False
fs_mm,27,32,325572261,pass,c1_r100_0800_0,cell1,0.1,,0.8,0,-0.179707,-1.78371,1.37921e-10,1,1,True,True
fs_mm,27,32,325572261,pass,c1_r100_0800_1,cell1,0.1,,0.8,1,-0.492899,-1.79433,7.51389e-11,1,1,True,True
fs_mm,27,32,325572261,pass,c1_r100_0800_2,cell1,0.1,,0.8,2,0.05899,1.79856,1.95043e-10,1,0,False,False
fs_mm,27,32,325572261,pass,c1_r100_0800_3,cell1,0.1,,0.8,3,-0.26197,-1.78115,1.11325e-10,1,1,True,True
fs_mm,27,32,325572261,pass,c1_r100_0850_0,cell1,0.1,,0.85,0,-0.639547,-1.77248,5.7752e-11,1,1,True,True
fs_mm,27,32,325572261,pass,c1_r100_0850_1,cell1,0.1,,0.85,1,-0.696776,-1.78185,5.1728e-11,1,1,True,True
fs_mm,27,32,325572261,pass,c1_r100_0850_2,cell1,0.1,,0.85,2,-0.403007,-1.77537,9.19778e-11,1,1,True,True
fs_mm,27,32,325572261,pass,c1_r100_0850_3,cell1,0.1,,0.85,3,-0.323832,-1.77554,1.05216e-10,1,1,True,True
fs_mm,27,32,325572261,pass,c1_r100_0900_0,cell1,0.1,,0.9,0,-0.677311,-1.77327,5.3799e-11,1,1,True,True
fs_mm,27,32,325572261,pass,c1_r100_0900_1,cell1,0.1,,0.9,1,-0.669436,-1.78077,5.3595e-11,1,1,True,True
fs_mm,27,32,325572261,pass,c1_r100_0900_2,cell1,0.1,,0.9,2,-0.602029,-1.75498,6.39927e-11,1,1,True,True
fs_mm,27,32,325572261,pass,c1_r100_0900_3,cell1,0.1,,0.9,3,-0.582482,-1.757,6.37704e-11,1,1,True,True
fs_mm,27,32,325572261,pass,c1_r100_0950_0,cell1,0.1,,0.95,0,-0.546598,-1.75813,7.10772e-11,1,1,True,True
fs_mm,27,32,325572261,pass,c1_r100_0950_1,cell1,0.1,,0.95,1,-0.607541,-1.745,6.33091e-11,1,1,True,True
fs_mm,27,32,325572261,pass,c1_r100_0950_2,cell1,0.1,,0.95,2,-0.596289,-1.75854,6.41099e-11,1,1,True,True
fs_mm,27,32,325572261,pass,c1_r100_0950_3,cell1,0.1,,0.95,3,-0.564808,-1.75316,6.77156e-11,1,1,True,True
fs_mm,27,32,325572261,pass,c1_r100_1000_0,cell1,0.1,,1.0,0,-0.542294,-1.73007,7.09958e-11,1,1,True,True
fs_mm,27,32,325572261,pass,c1_r100_1000_1,cell1,0.1,,1.0,1,-0.548943,-1.72678,7.03422e-11,1,1,True,True
fs_mm,27,32,325572261,pass,c1_r100_1000_2,cell1,0.1,,1.0,2,-0.538604,-1.73072,7.06068e-11,1,1,True,True
fs_mm,27,32,325572261,pass,c1_r100_1000_3,cell1,0.1,,1.0,3,-0.62794,-1.7376,5.89452e-11,1,1,True,True
fs_mm,27,33,2083511357,pass,c0_r050_0000_0,cell0,0.05,,0.0,0,0.0534196,1.80001,2.06014e-10,0,0,True,True
fs_mm,27,33,2083511357,pass,c0_r050_0000_1,cell0,0.05,,0.0,1,0.0538309,1.79999,1.745e-10,0,0,True,True
fs_mm,27,33,2083511357,pass,c0_r050_0000_2,cell0,0.05,,0.0,2,0.0549493,1.80001,2.06296e-10,0,0,True,True
fs_mm,27,33,2083511357,pass,c0_r050_0000_3,cell0,0.05,,0.0,3,0.0543509,1.80001,2.04705e-10,0,0,True,True
fs_mm,27,33,2083511357,pass,c1_r050_0600_0,cell1,0.05,,0.6,0,0.0304552,1.79927,2.22745e-10,1,0,False,False
fs_mm,27,33,2083511357,pass,c1_r050_0600_1,cell1,0.05,,0.6,1,0.0509198,1.79997,2.09308e-10,1,0,False,False
fs_mm,27,33,2083511357,pass,c1_r050_0600_2,cell1,0.05,,0.6,2,0.0513047,1.79988,1.85832e-10,1,0,False,False
fs_mm,27,33,2083511357,pass,c1_r050_0600_3,cell1,0.05,,0.6,3,0.0422758,1.79957,2.49103e-10,1,0,False,False
fs_mm,27,33,2083511357,pass,c1_r050_0650_0,cell1,0.05,,0.65,0,0.0398948,1.79954,1.95046e-10,1,0,False,False
fs_mm,27,33,2083511357,pass,c1_r050_0650_1,cell1,0.05,,0.65,1,0.0391893,1.79943,2.14041e-10,1,0,False,False
fs_mm,27,33,2083511357,pass,c1_r050_0650_2,cell1,0.05,,0.65,2,0.0472847,1.79972,2.67747e-10,1,0,False,False
fs_mm,27,33,2083511357,pass,c1_r050_0650_3,cell1,0.05,,0.65,3,0.05181,1.79982,2.2757e-10,1,0,False,False
fs_mm,27,33,2083511357,pass,c1_r050_0700_0,cell1,0.05,,0.7,0,0.0408702,1.7996,2.69285e-10,1,0,False,False
fs_mm,27,33,2083511357,pass,c1_r050_0700_1,cell1,0.05,,0.7,1,-0.0267884,-1.79565,2.3682e-10,1,1,True,True
fs_mm,27,33,2083511357,pass,c1_r050_0700_2,cell1,0.05,,0.7,2,0.0377211,1.7994,2.67022e-10,1,0,False,False
fs_mm,27,33,2083511357,pass,c1_r050_0700_3,cell1,0.05,,0.7,3,-0.0746762,-1.79553,1.97129e-10,1,1,True,True
fs_mm,27,33,2083511357,pass,c1_r050_0750_0,cell1,0.05,,0.75,0,0.0407854,1.7995,2.16372e-10,1,0,False,False
fs_mm,27,33,2083511357,pass,c1_r050_0750_1,cell1,0.05,,0.75,1,-0.043515,-1.7896,1.96279e-10,1,1,True,True
fs_mm,27,33,2083511357,pass,c1_r050_0750_2,cell1,0.05,,0.75,2,-0.575986,-1.79163,6.58894e-11,1,1,True,True
fs_mm,27,33,2083511357,pass,c1_r050_0750_3,cell1,0.05,,0.75,3,0.00603898,-1.79654,2.69739e-10,1,1,True,True
fs_mm,27,33,2083511357,pass,c1_r050_0800_0,cell1,0.05,,0.8,0,-0.447633,-1.78061,8.11376e-11,1,1,True,True
fs_mm,27,33,2083511357,pass,c1_r050_0800_1,cell1,0.05,,0.8,1,-0.0417841,-1.79166,1.94081e-10,1,1,True,True
fs_mm,27,33,2083511357,pass,c1_r050_0800_2,cell1,0.05,,0.8,2,-0.626297,-1.77594,6.03246e-11,1,1,True,True
fs_mm,27,33,2083511357,pass,c1_r050_0800_3,cell1,0.05,,0.8,3,-0.208376,-1.7953,1.34721e-10,1,1,True,True
fs_mm,27,33,2083511357,pass,c1_r050_0850_0,cell1,0.05,,0.85,0,-0.454146,-1.77666,8.2542e-11,1,1,True,True
fs_mm,27,33,2083511357,pass,c1_r050_0850_1,cell1,0.05,,0.85,1,-0.705414,-1.78319,5.066e-11,1,1,True,True
fs_mm,27,33,2083511357,pass,c1_r050_0850_2,cell1,0.05,,0.85,2,-0.672322,-1.77633,5.44532e-11,1,1,True,True
fs_mm,27,33,2083511357,pass,c1_r050_0850_3,cell1,0.05,,0.85,3,-0.0810312,-1.78553,1.92211e-10,1,1,True,True
fs_mm,27,33,2083511357,pass,c1_r050_0900_0,cell1,0.05,,0.9,0,-0.142246,-1.77748,1.49684e-10,1,1,True,True
fs_mm,27,33,2083511357,pass,c1_r050_0900_1,cell1,0.05,,0.9,1,-0.183886,-1.7594,1.35565e-10,1,1,True,True
fs_mm,27,33,2083511357,pass,c1_r050_0900_2,cell1,0.05,,0.9,2,-0.541459,-1.74961,7.06254e-11,1,1,True,True
fs_mm,27,33,2083511357,pass,c1_r050_0900_3,cell1,0.05,,0.9,3,-0.657805,-1.77152,5.81393e-11,1,1,True,True
fs_mm,27,33,2083511357,pass,c1_r050_0950_0,cell1,0.05,,0.95,0,-0.601025,-1.74667,6.46039e-11,1,1,True,True
fs_mm,27,33,2083511357,pass,c1_r050_0950_1,cell1,0.05,,0.95,1,-0.717019,-1.75428,4.81265e-11,1,1,True,True
fs_mm,27,33,2083511357,pass,c1_r050_0950_2,cell1,0.05,,0.95,2,-0.61985,-1.73052,6.06365e-11,1,1,True,True
fs_mm,27,33,2083511357,pass,c1_r050_0950_3,cell1,0.05,,0.95,3,-0.633899,-1.74594,5.81869e-11,1,1,True,True
fs_mm,27,33,2083511357,pass,c1_r050_1000_0,cell1,0.05,,1.0,0,-0.577778,-1.73162,6.70746e-11,1,1,True,True
fs_mm,27,33,2083511357,pass,c1_r050_1000_1,cell1,0.05,,1.0,1,-0.532536,-1.71702,7.27666e-11,1,1,True,True
fs_mm,27,33,2083511357,pass,c1_r050_1000_2,cell1,0.05,,1.0,2,-0.576399,-1.74009,6.47204e-11,1,1,True,True
fs_mm,27,33,2083511357,pass,c1_r050_1000_3,cell1,0.05,,1.0,3,-0.649655,-1.75055,5.62189e-11,1,1,True,True
fs_mm,27,33,2083511357,pass,c0_r100_0000_0,cell0,0.1,,0.0,0,0.109059,1.79999,1.57102e-10,0,0,True,True
fs_mm,27,33,2083511357,pass,c0_r100_0000_1,cell0,0.1,,0.0,1,0.108059,1.79999,1.70632e-10,0,0,True,True
fs_mm,27,33,2083511357,pass,c0_r100_0000_2,cell0,0.1,,0.0,2,0.107962,1.79999,1.53362e-10,0,0,True,True
fs_mm,27,33,2083511357,pass,c0_r100_0000_3,cell0,0.1,,0.0,3,0.105459,1.8,1.85118e-10,0,0,True,True
fs_mm,27,33,2083511357,pass,c1_r100_0600_0,cell1,0.1,,0.6,0,0.101504,1.79986,1.93372e-10,1,0,False,False
fs_mm,27,33,2083511357,pass,c1_r100_0600_1,cell1,0.1,,0.6,1,0.103801,1.79983,1.56971e-10,1,0,False,False
fs_mm,27,33,2083511357,pass,c1_r100_0600_2,cell1,0.1,,0.6,2,0.0938458,1.79953,1.88805e-10,1,0,False,False
fs_mm,27,33,2083511357,pass,c1_r100_0600_3,cell1,0.1,,0.6,3,0.103494,1.79985,1.69163e-10,1,0,False,False
fs_mm,27,33,2083511357,pass,c1_r100_0650_0,cell1,0.1,,0.65,0,0.0815467,1.79914,1.86042e-10,1,0,False,False
fs_mm,27,33,2083511357,pass,c1_r100_0650_1,cell1,0.1,,0.65,1,0.104693,1.79995,1.72974e-10,1,0,False,False
fs_mm,27,33,2083511357,pass,c1_r100_0650_2,cell1,0.1,,0.65,2,0.0870928,1.79927,1.69786e-10,1,0,False,False
fs_mm,27,33,2083511357,pass,c1_r100_0650_3,cell1,0.1,,0.65,3,0.105058,1.79992,1.71122e-10,1,0,False,False
fs_mm,27,33,2083511357,pass,c1_r100_0700_0,cell1,0.1,,0.7,0,-0.0788133,-1.7962,1.6868e-10,1,1,True,True
fs_mm,27,33,2083511357,pass,c1_r100_0700_1,cell1,0.1,,0.7,1,0.0785409,1.79906,1.87278e-10,1,0,False,False
fs_mm,27,33,2083511357,pass,c1_r100_0700_2,cell1,0.1,,0.7,2,0.0314993,1.79778,2.89732e-10,1,0,False,False
fs_mm,27,33,2083511357,pass,c1_r100_0700_3,cell1,0.1,,0.7,3,0.024043,1.79761,2.04474e-10,1,0,False,False
fs_mm,27,33,2083511357,pass,c1_r100_0750_0,cell1,0.1,,0.75,0,-0.179644,-1.78999,1.41102e-10,1,1,True,True
fs_mm,27,33,2083511357,pass,c1_r100_0750_1,cell1,0.1,,0.75,1,0.00665145,1.79714,2.52482e-10,1,0,False,False
fs_mm,27,33,2083511357,pass,c1_r100_0750_2,cell1,0.1,,0.75,2,-0.0513998,-1.79262,2.14803e-10,1,1,True,True
fs_mm,27,33,2083511357,pass,c1_r100_0750_3,cell1,0.1,,0.75,3,-0.0719053,-1.79669,1.7652e-10,1,1,True,True
fs_mm,27,33,2083511357,pass,c1_r100_0800_0,cell1,0.1,,0.8,0,0.0795473,1.79905,1.59234e-10,1,0,False,False
fs_mm,27,33,2083511357,pass,c1_r100_0800_1,cell1,0.1,,0.8,1,-0.621907,-1.78432,6.11749e-11,1,1,True,True
fs_mm,27,33,2083511357,pass,c1_r100_0800_2,cell1,0.1,,0.8,2,-0.231799,-1.78667,1.23033e-10,1,1,True,True
fs_mm,27,33,2083511357,pass,c1_r100_0800_3,cell1,0.1,,0.8,3,-0.340651,-1.78724,1.00293e-10,1,1,True,True
fs_mm,27,33,2083511357,pass,c1_r100_0850_0,cell1,0.1,,0.85,0,-0.619947,-1.7758,6.05014e-11,1,1,True,True
fs_mm,27,33,2083511357,pass,c1_r100_0850_1,cell1,0.1,,0.85,1,-0.181522,-1.78214,1.43649e-10,1,1,True,True
fs_mm,27,33,2083511357,pass,c1_r100_0850_2,cell1,0.1,,0.85,2,-0.633955,-1.7806,5.75011e-11,1,1,True,True
fs_mm,27,33,2083511357,pass,c1_r100_0850_3,cell1,0.1,,0.85,3,-0.116771,-1.7666,1.52098e-10,1,1,True,True
fs_mm,27,33,2083511357,pass,c1_r100_0900_0,cell1,0.1,,0.9,0,-0.542176,-1.76486,6.81457e-11,1,1,True,True
fs_mm,27,33,2083511357,pass,c1_r100_0900_1,cell1,0.1,,0.9,1,-0.628708,-1.77487,5.92577e-11,1,1,True,True
fs_mm,27,33,2083511357,pass,c1_r100_0900_2,cell1,0.1,,0.9,2,-0.592497,-1.76427,6.37811e-11,1,1,True,True
fs_mm,27,33,2083511357,pass,c1_r100_0900_3,cell1,0.1,,0.9,3,-0.577197,-1.76112,6.46318e-11,1,1,True,True
fs_mm,27,33,2083511357,pass,c1_r100_0950_0,cell1,0.1,,0.95,0,-0.678812,-1.75788,5.26091e-11,1,1,True,True
fs_mm,27,33,2083511357,pass,c1_r100_0950_1,cell1,0.1,,0.95,1,-0.656955,-1.75654,5.47497e-11,1,1,True,True
fs_mm,27,33,2083511357,pass,c1_r100_0950_2,cell1,0.1,,0.95,2,-0.615468,-1.74614,6.08779e-11,1,1,True,True
fs_mm,27,33,2083511357,pass,c1_r100_0950_3,cell1,0.1,,0.95,3,-0.644207,-1.75336,5.62984e-11,1,1,True,True
fs_mm,27,33,2083511357,pass,c1_r100_1000_0,cell1,0.1,,1.0,0,-0.515104,-1.71667,7.51197e-11,1,1,True,True
fs_mm,27,33,2083511357,pass,c1_r100_1000_1,cell1,0.1,,1.0,1,-0.588663,-1.72438,6.29376e-11,1,1,True,True
fs_mm,27,33,2083511357,pass,c1_r100_1000_2,cell1,0.1,,1.0,2,-0.501383,-1.72152,7.44406e-11,1,1,True,True
fs_mm,27,33,2083511357,pass,c1_r100_1000_3,cell1,0.1,,1.0,3,-0.465028,-1.71773,7.81138e-11,1,1,True,True
fs_mm,27,34,1529308554,pass,c0_r050_0000_0,cell0,0.05,,0.0,0,0.0516442,1.8,2.17709e-10,0,0,True,True
fs_mm,27,34,1529308554,pass,c0_r050_0000_1,cell0,0.05,,0.0,1,0.0520363,1.8,1.97531e-10,0,0,True,True
fs_mm,27,34,1529308554,pass,c0_r050_0000_2,cell0,0.05,,0.0,2,0.0553513,1.79999,1.72357e-10,0,0,True,True
fs_mm,27,34,1529308554,pass,c0_r050_0000_3,cell0,0.05,,0.0,3,0.0559111,1.8,2.24326e-10,0,0,True,True
fs_mm,27,34,1529308554,pass,c1_r050_0600_0,cell1,0.05,,0.6,0,0.0519878,1.79985,2.07766e-10,1,0,False,False
fs_mm,27,34,1529308554,pass,c1_r050_0600_1,cell1,0.05,,0.6,1,0.0499501,1.79993,2.13887e-10,1,0,False,False
fs_mm,27,34,1529308554,pass,c1_r050_0600_2,cell1,0.05,,0.6,2,0.0492157,1.79992,2.11733e-10,1,0,False,False
fs_mm,27,34,1529308554,pass,c1_r050_0600_3,cell1,0.05,,0.6,3,0.0463478,1.79983,2.164e-10,1,0,False,False
fs_mm,27,34,1529308554,pass,c1_r050_0650_0,cell1,0.05,,0.65,0,0.0108578,1.7987,3.51183e-10,1,0,False,False
fs_mm,27,34,1529308554,pass,c1_r050_0650_1,cell1,0.05,,0.65,1,0.0216474,1.79895,2.37428e-10,1,0,False,False
fs_mm,27,34,1529308554,pass,c1_r050_0650_2,cell1,0.05,,0.65,2,0.0514424,1.79987,1.79467e-10,1,0,False,False
fs_mm,27,34,1529308554,pass,c1_r050_0650_3,cell1,0.05,,0.65,3,-0.0219676,-1.79926,2.21069e-10,1,1,True,True
fs_mm,27,34,1529308554,pass,c1_r050_0700_0,cell1,0.05,,0.7,0,-0.13473,-1.79401,1.54276e-10,1,1,True,True
fs_mm,27,34,1529308554,pass,c1_r050_0700_1,cell1,0.05,,0.7,1,0.013849,1.79877,2.34719e-10,1,0,False,False
fs_mm,27,34,1529308554,pass,c1_r050_0700_2,cell1,0.05,,0.7,2,0.0191994,1.79886,2.85295e-10,1,0,False,False
fs_mm,27,34,1529308554,pass,c1_r050_0700_3,cell1,0.05,,0.7,3,-0.0202446,-1.79832,2.47205e-10,1,1,True,True
fs_mm,27,34,1529308554,pass,c1_r050_0750_0,cell1,0.05,,0.75,0,-0.217582,-1.79724,1.23641e-10,1,1,True,True
fs_mm,27,34,1529308554,pass,c1_r050_0750_1,cell1,0.05,,0.75,1,-0.708782,-1.79621,4.78817e-11,1,1,True,True
fs_mm,27,34,1529308554,pass,c1_r050_0750_2,cell1,0.05,,0.75,2,-0.182576,-1.7883,1.44553e-10,1,1,True,True
fs_mm,27,34,1529308554,pass,c1_r050_0750_3,cell1,0.05,,0.75,3,-0.00157477,1.7983,2.71764e-10,1,0,False,False
fs_mm,27,34,1529308554,pass,c1_r050_0800_0,cell1,0.05,,0.8,0,-0.51581,-1.77457,7.13832e-11,1,1,True,True
fs_mm,27,34,1529308554,pass,c1_r050_0800_1,cell1,0.05,,0.8,1,-0.512736,-1.7957,7.0131e-11,1,1,True,True
fs_mm,27,34,1529308554,pass,c1_r050_0800_2,cell1,0.05,,0.8,2,-0.0901931,-1.78194,1.78845e-10,1,1,True,True
fs_mm,27,34,1529308554,pass,c1_r050_0800_3,cell1,0.05,,0.8,3,-0.117239,-1.77703,1.66109e-10,1,1,True,True
fs_mm,27,34,1529308554,pass,c1_r050_0850_0,cell1,0.05,,0.85,0,-0.672744,-1.77798,5.41307e-11,1,1,True,True
fs_mm,27,34,1529308554,pass,c1_r050_0850_1,cell1,0.05,,0.85,1,-0.66869,-1.7797,5.37376e-11,1,1,True,True
fs_mm,27,34,1529308554,pass,c1_r050_0850_2,cell1,0.05,,0.85,2,-0.700885,-1.77759,5.0527e-11,1,1,True,True
fs_mm,27,34,1529308554,pass,c1_r050_0850_3,cell1,0.05,,0.85,3,-0.67593,-1.77931,5.31618e-11,1,1,True,True
fs_mm,27,34,1529308554,pass,c1_r050_0900_0,cell1,0.05,,0.9,0,-0.518166,-1.77705,6.97194e-11,1,1,True,True
fs_mm,27,34,1529308554,pass,c1_r050_0900_1,cell1,0.05,,0.9,1,-0.654164,-1.77343,5.47981e-11,1,1,True,True
fs_mm,27,34,1529308554,pass,c1_r050_0900_2,cell1,0.05,,0.9,2,-0.694576,-1.76856,5.14245e-11,1,1,True,True
fs_mm,27,34,1529308554,pass,c1_r050_0900_3,cell1,0.05,,0.9,3,-0.710381,-1.77525,4.92124e-11,1,1,True,True
fs_mm,27,34,1529308554,pass,c1_r050_0950_0,cell1,0.05,,0.95,0,-0.659014,-1.76039,5.5197e-11,1,1,True,True
fs_mm,27,34,1529308554,pass,c1_r050_0950_1,cell1,0.05,,0.95,1,-0.667436,-1.75613,5.53293e-11,1,1,True,True
fs_mm,27,34,1529308554,pass,c1_r050_0950_2,cell1,0.05,,0.95,2,-0.693767,-1.76918,5.15488e-11,1,1,True,True
fs_mm,27,34,1529308554,pass,c1_r050_0950_3,cell1,0.05,,0.95,3,-0.60196,-1.74212,6.35276e-11,1,1,True,True
fs_mm,27,34,1529308554,pass,c1_r050_1000_0,cell1,0.05,,1.0,0,-0.663124,-1.74445,5.54277e-11,1,1,True,True
fs_mm,27,34,1529308554,pass,c1_r050_1000_1,cell1,0.05,,1.0,1,-0.606789,-1.73092,6.40405e-11,1,1,True,True
fs_mm,27,34,1529308554,pass,c1_r050_1000_2,cell1,0.05,,1.0,2,-0.575305,-1.73713,6.77016e-11,1,1,True,True
fs_mm,27,34,1529308554,pass,c1_r050_1000_3,cell1,0.05,,1.0,3,-0.60734,-1.74097,6.19216e-11,1,1,True,True
fs_mm,27,34,1529308554,pass,c0_r100_0000_0,cell0,0.1,,0.0,0,0.107106,1.79999,1.64079e-10,0,0,True,True
fs_mm,27,34,1529308554,pass,c0_r100_0000_1,cell0,0.1,,0.0,1,0.107296,1.79999,1.61959e-10,0,0,True,True
fs_mm,27,34,1529308554,pass,c0_r100_0000_2,cell0,0.1,,0.0,2,0.107537,1.8,1.76891e-10,0,0,True,True
fs_mm,27,34,1529308554,pass,c0_r100_0000_3,cell0,0.1,,0.0,3,0.107626,1.79999,1.6996e-10,0,0,True,True
fs_mm,27,34,1529308554,pass,c1_r100_0600_0,cell1,0.1,,0.6,0,0.10578,1.79995,1.71459e-10,1,0,False,False
fs_mm,27,34,1529308554,pass,c1_r100_0600_1,cell1,0.1,,0.6,1,0.107615,1.79992,1.67756e-10,1,0,False,False
fs_mm,27,34,1529308554,pass,c1_r100_0600_2,cell1,0.1,,0.6,2,0.0900508,1.79941,1.78548e-10,1,0,False,False
fs_mm,27,34,1529308554,pass,c1_r100_0600_3,cell1,0.1,,0.6,3,0.104753,1.79994,1.60625e-10,1,0,False,False
fs_mm,27,34,1529308554,pass,c1_r100_0650_0,cell1,0.1,,0.65,0,0.100774,1.79989,1.97626e-10,1,0,False,False
fs_mm,27,34,1529308554,pass,c1_r100_0650_1,cell1,0.1,,0.65,1,0.0856546,1.79925,1.88685e-10,1,0,False,False
fs_mm,27,34,1529308554,pass,c1_r100_0650_2,cell1,0.1,,0.65,2,0.0580609,1.79852,2.90655e-10,1,0,False,False
fs_mm,27,34,1529308554,pass,c1_r100_0650_3,cell1,0.1,,0.65,3,0.100447,1.79973,1.78771e-10,1,0,False,False
fs_mm,27,34,1529308554,pass,c1_r100_0700_0,cell1,0.1,,0.7,0,0.0680388,1.79878,2.03382e-10,1,0,False,False
fs_mm,27,34,1529308554,pass,c1_r100_0700_1,cell1,0.1,,0.7,1,0.0943037,1.79955,1.82523e-10,1,0,False,False
fs_mm,27,34,1529308554,pass,c1_r100_0700_2,cell1,0.1,,0.7,2,0.0833181,1.79925,1.9855e-10,1,0,False,False
fs_mm,27,34,1529308554,pass,c1_r100_0700_3,cell1,0.1,,0.7,3,0.085343,1.79929,1.89542e-10,1,0,False,False
fs_mm,27,34,1529308554,pass,c1_r100_0750_0,cell1,0.1,,0.75,0,-0.088137,-1.79486,1.59867e-10,1,1,True,True
fs_mm,27,34,1529308554,pass,c1_r100_0750_1,cell1,0.1,,0.75,1,-0.0482468,-1.79411,2.00263e-10,1,1,True,True
fs_mm,27,34,1529308554,pass,c1_r100_0750_2,cell1,0.1,,0.75,2,0.0566223,1.79846,2.31477e-10,1,0,False,False
fs_mm,27,34,1529308554,pass,c1_r100_0750_3,cell1,0.1,,0.75,3,-0.0265194,-1.78715,2.25962e-10,1,1,True,True
fs_mm,27,34,1529308554,pass,c1_r100_0800_0,cell1,0.1,,0.8,0,-0.0244315,-1.7844,2.17226e-10,1,1,True,True
fs_mm,27,34,1529308554,pass,c1_r100_0800_1,cell1,0.1,,0.8,1,-0.665697,-1.79245,5.43753e-11,1,1,True,True
fs_mm,27,34,1529308554,pass,c1_r100_0800_2,cell1,0.1,,0.8,2,-0.0102336,-1.78811,2.72149e-10,1,1,True,True
fs_mm,27,34,1529308554,pass,c1_r100_0800_3,cell1,0.1,,0.8,3,-0.464937,-1.78721,8.08911e-11,1,1,True,True
fs_mm,27,34,1529308554,pass,c1_r100_0850_0,cell1,0.1,,0.85,0,-0.687395,-1.78737,5.23047e-11,1,1,True,True
fs_mm,27,34,1529308554,pass,c1_r100_0850_1,cell1,0.1,,0.85,1,-0.660372,-1.77705,5.52223e-11,1,1,True,True
fs_mm,27,34,1529308554,pass,c1_r100_0850_2,cell1,0.1,,0.85,2,-0.397902,-1.78467,8.92839e-11,1,1,True,True
fs_mm,27,34,1529308554,pass,c1_r100_0850_3,cell1,0.1,,0.85,3,-0.140137,-1.77099,1.67052e-10,1,1,True,True
fs_mm,27,34,1529308554,pass,c1_r100_0900_0,cell1,0.1,,0.9,0,-0.302108,-1.76973,1.08208e-10,1,1,True,True
fs_mm,27,34,1529308554,pass,c1_r100_0900_1,cell1,0.1,,0.9,1,-0.628617,-1.76,5.85079e-11,1,1,True,True
fs_mm,27,34,1529308554,pass,c1_r100_0900_2,cell1,0.1,,0.9,2,-0.538863,-1.75923,7.06375e-11,1,1,True,True
fs_mm,27,34,1529308554,pass,c1_r100_0900_3,cell1,0.1,,0.9,3,-0.52272,-1.76177,7.02536e-11,1,1,True,True
fs_mm,27,34,1529308554,pass,c1_r100_0950_0,cell1,0.1,,0.95,0,-0.508958,-1.73336,7.53207e-11,1,1,True,True
fs_mm,27,34,1529308554,pass,c1_r100_0950_1,cell1,0.1,,0.95,1,-0.60653,-1.75497,6.13457e-11,1,1,True,True
fs_mm,27,34,1529308554,pass,c1_r100_0950_2,cell1,0.1,,0.95,2,-0.453055,-1.739,8.30194e-11,1,1,True,True
fs_mm,27,34,1529308554,pass,c1_r100_0950_3,cell1,0.1,,0.95,3,-0.537133,-1.74624,7.32212e-11,1,1,True,True
fs_mm,27,34,1529308554,pass,c1_r100_1000_0,cell1,0.1,,1.0,0,-0.542553,-1.73501,7.17881e-11,1,1,True,True
fs_mm,27,34,1529308554,pass,c1_r100_1000_1,cell1,0.1,,1.0,1,-0.575965,-1.73083,6.64797e-11,1,1,True,True
fs_mm,27,34,1529308554,pass,c1_r100_1000_2,cell1,0.1,,1.0,2,-0.541889,-1.7306,7.04352e-11,1,1,True,True
fs_mm,27,34,1529308554,pass,c1_r100_1000_3,cell1,0.1,,1.0,3,-0.528296,-1.73534,7.31138e-11,1,1,True,True
fs_mm,27,35,482196925,pass,c0_r050_0000_0,cell0,0.05,,0.0,0,0.0524359,1.8,2.29906e-10,0,0,True,True
fs_mm,27,35,482196925,pass,c0_r050_0000_1,cell0,0.05,,0.0,1,0.0541496,1.8,2.29487e-10,0,0,True,True
fs_mm,27,35,482196925,pass,c0_r050_0000_2,cell0,0.05,,0.0,2,0.0536923,1.8,1.88113e-10,0,0,True,True
fs_mm,27,35,482196925,pass,c0_r050_0000_3,cell0,0.05,,0.0,3,0.0532858,1.8,1.92902e-10,0,0,True,True
fs_mm,27,35,482196925,pass,c1_r050_0600_0,cell1,0.05,,0.6,0,0.039233,1.79952,2.03082e-10,1,0,False,False
fs_mm,27,35,482196925,pass,c1_r050_0600_1,cell1,0.05,,0.6,1,0.0372295,1.79942,2.13905e-10,1,0,False,False
fs_mm,27,35,482196925,pass,c1_r050_0600_2,cell1,0.05,,0.6,2,0.0451319,1.79977,1.8299e-10,1,0,False,False
fs_mm,27,35,482196925,pass,c1_r050_0600_3,cell1,0.05,,0.6,3,0.0498133,1.79991,2.33216e-10,1,0,False,False
fs_mm,27,35,482196925,pass,c1_r050_0650_0,cell1,0.05,,0.65,0,0.0419262,1.79962,2.71021e-10,1,0,False,False
fs_mm,27,35,482196925,pass,c1_r050_0650_1,cell1,0.05,,0.65,1,0.0196885,1.79897,2.28445e-10,1,0,False,False
fs_mm,27,35,482196925,pass,c1_r050_0650_2,cell1,0.05,,0.65,2,0.0484189,1.79981,2.16325e-10,1,0,False,False
fs_mm,27,35,482196925,pass,c1_r050_0650_3,cell1,0.05,,0.65,3,-0.00267965,-1.79742,2.41873e-10,1,1,True,True
fs_mm,27,35,482196925,pass,c1_r050_0700_0,cell1,0.05,,0.7,0,0.0192839,1.79887,2.17462e-10,1,0,False,False
fs_mm,27,35,482196925,pass,c1_r050_0700_1,cell1,0.05,,0.7,1,0.0454701,1.79973,2.33658e-10,1,0,False,False
fs_mm,27,35,482196925,pass,c1_r050_0700_2,cell1,0.05,,0.7,2,0.0376448,1.79944,2.42118e-10,1,0,False,False
fs_mm,27,35,482196925,pass,c1_r050_0700_3,cell1,0.05,,0.7,3,-0.112293,-1.79881,1.59724e-10,1,1,True,True
fs_mm,27,35,482196925,pass,c1_r050_0750_0,cell1,0.05,,0.75,0,-0.00147109,-1.79427,2.95672e-10,1,1,True,True
fs_mm,27,35,482196925,pass,c1_r050_0750_1,cell1,0.05,,0.75,1,-0.677564,-1.78934,5.34748e-11,1,1,True,True
fs_mm,27,35,482196925,pass,c1_r050_0750_2,cell1,0.05,,0.75,2,-0.191225,-1.79466,1.29572e-10,1,1,True,True
fs_mm,27,35,482196925,pass,c1_r050_0750_3,cell1,0.05,,0.75,3,-0.107158,-1.79047,1.59017e-10,1,1,True,True
fs_mm,27,35,482196925,pass,c1_r050_0800_0,cell1,0.05,,0.8,0,-0.475736,-1.78681,7.5556e-11,1,1,True,True
fs_mm,27,35,482196925,pass,c1_r050_0800_1,cell1,0.05,,0.8,1,0.0249516,-1.78557,2.40419e-10,1,1,True,True
fs_mm,27,35,482196925,pass,c1_r050_0800_2,cell1,0.05,,0.8,2,-0.0100811,1.79814,4.60805e-10,1,0,False,False
fs_mm,27,35,482196925,pass,c1_r050_0800_3,cell1,0.05,,0.8,3,-0.123247,-1.78751,1.59272e-10,1,1,True,True
fs_mm,27,35,482196925,pass,c1_r050_0850_0,cell1,0.05,,0.85,0,-0.672799,-1.77942,5.36046e-11,1,1,True,True
fs_mm,27,35,482196925,pass,c1_r050_0850_1,cell1,0.05,,0.85,1,-0.736113,-1.7852,4.2617e-11,1,1,True,True
fs_mm,27,35,482196925,pass,c1_r050_0850_2,cell1,0.05,,0.85,2,-0.668128,-1.78275,5.60362e-11,1,1,True,True
fs_mm,27,35,482196925,pass,c1_r050_0850_3,cell1,0.05,,0.85,3,-0.609797,-1.77458,6.16722e-11,1,1,True,True
fs_mm,27,35,482196925,pass,c1_r050_0900_0,cell1,0.05,,0.9,0,-0.648797,-1.76706,5.52718e-11,1,1,True,True
fs_mm,27,35,482196925,pass,c1_r050_0900_1,cell1,0.05,,0.9,1,-0.674932,-1.7648,5.44997e-11,1,1,True,True
fs_mm,27,35,482196925,pass,c1_r050_0900_2,cell1,0.05,,0.9,2,-0.7073,-1.77031,5.0687e-11,1,1,True,True
fs_mm,27,35,482196925,pass,c1_r050_0900_3,cell1,0.05,,0.9,3,-0.652621,-1.76785,5.74259e-11,1,1,True,True
fs_mm,27,35,482196925,pass,c1_r050_0950_0,cell1,0.05,,0.95,0,-0.627481,-1.75247,5.98501e-11,1,1,True,True
fs_mm,27,35,482196925,pass,c1_r050_0950_1,cell1,0.05,,0.95,1,-0.680773,-1.75268,5.26619e-11,1,1,True,True
fs_mm,27,35,482196925,pass,c1_r050_0950_2,cell1,0.05,,0.95,2,-0.625994,-1.75955,6.00859e-11,1,1,True,True
fs_mm,27,35,482196925,pass,c1_r050_0950_3,cell1,0.05,,0.95,3,-0.644346,-1.75336,5.7247e-11,1,1,True,True
fs_mm,27,35,482196925,pass,c1_r050_1000_0,cell1,0.05,,1.0,0,-0.631167,-1.74162,5.96325e-11,1,1,True,True
fs_mm,27,35,482196925,pass,c1_r050_1000_1,cell1,0.05,,1.0,1,-0.606197,-1.73921,6.25016e-11,1,1,True,True
fs_mm,27,35,482196925,pass,c1_r050_1000_2,cell1,0.05,,1.0,2,-0.608313,-1.74745,6.39379e-11,1,1,True,True
fs_mm,27,35,482196925,pass,c1_r050_1000_3,cell1,0.05,,1.0,3,-0.632524,-1.74419,5.9533e-11,1,1,True,True
fs_mm,27,35,482196925,pass,c0_r100_0000_0,cell0,0.1,,0.0,0,0.107307,1.79999,1.64235e-10,0,0,True,True
fs_mm,27,35,482196925,pass,c0_r100_0000_1,cell0,0.1,,0.0,1,0.106197,1.79999,1.62788e-10,0,0,True,True
fs_mm,27,35,482196925,pass,c0_r100_0000_2,cell0,0.1,,0.0,2,0.106845,1.79999,1.53247e-10,0,0,True,True
fs_mm,27,35,482196925,pass,c0_r100_0000_3,cell0,0.1,,0.0,3,0.107481,1.79999,1.5495e-10,0,0,True,True
fs_mm,27,35,482196925,pass,c1_r100_0600_0,cell1,0.1,,0.6,0,0.107098,1.79995,1.58243e-10,1,0,False,False
fs_mm,27,35,482196925,pass,c1_r100_0600_1,cell1,0.1,,0.6,1,0.0834621,1.79922,1.88378e-10,1,0,False,False
fs_mm,27,35,482196925,pass,c1_r100_0600_2,cell1,0.1,,0.6,2,0.0866571,1.79937,1.99368e-10,1,0,False,False
fs_mm,27,35,482196925,pass,c1_r100_0600_3,cell1,0.1,,0.6,3,0.0850422,1.7992,1.64373e-10,1,0,False,False
fs_mm,27,35,482196925,pass,c1_r100_0650_0,cell1,0.1,,0.65,0,0.0645174,1.79863,1.88819e-10,1,0,False,False
fs_mm,27,35,482196925,pass,c1_r100_0650_1,cell1,0.1,,0.65,1,0.103649,1.79982,1.70579e-10,1,0,False,False
fs_mm,27,35,482196925,pass,c1_r100_0650_2,cell1,0.1,,0.65,2,-0.0287543,-1.799,2.14965e-10,1,1,True,True
fs_mm,27,35,482196925,pass,c1_r100_0650_3,cell1,0.1,,0.65,3,0.0915165,1.79945,1.75585e-10,1,0,False,False
fs_mm,27,35,482196925,pass,c1_r100_0700_0,cell1,0.1,,0.7,0,0.0809888,1.79917,1.96058e-10,1,0,False,False
fs_mm,27,35,482196925,pass,c1_r100_0700_1,cell1,0.1,,0.7,1,0.0894983,1.79936,1.66314e-10,1,0,False,False
fs_mm,27,35,482196925,pass,c1_r100_0700_2,cell1,0.1,,0.7,2,0.0868816,1.79933,1.73682e-10,1,0,False,False
fs_mm,27,35,482196925,pass,c1_r100_0700_3,cell1,0.1,,0.7,3,0.0412495,1.79811,2.74567e-10,1,0,False,False
fs_mm,27,35,482196925,pass,c1_r100_0750_0,cell1,0.1,,0.75,0,0.0682907,1.79875,2.04671e-10,1,0,False,False
fs_mm,27,35,482196925,pass,c1_r100_0750_1,cell1,0.1,,0.75,1,-0.138832,-1.78926,1.53514e-10,1,1,True,True
fs_mm,27,35,482196925,pass,c1_r100_0750_2,cell1,0.1,,0.75,2,-0.259512,-1.79349,1.12557e-10,1,1,True,True
fs_mm,27,35,482196925,pass,c1_r100_0750_3,cell1,0.1,,0.75,3,-0.313383,-1.79603,1.0209e-10,1,1,True,True
fs_mm,27,35,482196925,pass,c1_r100_0800_0,cell1,0.1,,0.8,0,-0.318384,-1.79229,1.0115e-10,1,1,True,True
fs_mm,27,35,482196925,pass,c1_r100_0800_1,cell1,0.1,,0.8,1,-0.185443,-1.78369,1.34319e-10,1,1,True,True
fs_mm,27,35,482196925,pass,c1_r100_0800_2,cell1,0.1,,0.8,2,-0.50204,-1.78109,7.52873e-11,1,1,True,True
fs_mm,27,35,482196925,pass,c1_r100_0800_3,cell1,0.1,,0.8,3,-0.500552,-1.78896,7.4899e-11,1,1,True,True
fs_mm,27,35,482196925,pass,c1_r100_0850_0,cell1,0.1,,0.85,0,-0.616606,-1.78209,6.06784e-11,1,1,True,True
fs_mm,27,35,482196925,pass,c1_r100_0850_1,cell1,0.1,,0.85,1,-0.136048,-1.77009,1.50453e-10,1,1,True,True
fs_mm,27,35,482196925,pass,c1_r100_0850_2,cell1,0.1,,0.85,2,-0.126567,-1.77579,1.57667e-10,1,1,True,True
fs_mm,27,35,482196925,pass,c1_r100_0850_3,cell1,0.1,,0.85,3,-0.139357,-1.7772,1.60124e-10,1,1,True,True
fs_mm,27,35,482196925,pass,c1_r100_0900_0,cell1,0.1,,0.9,0,-0.549003,-1.75062,7.01805e-11,1,1,True,True
fs_mm,27,35,482196925,pass,c1_r100_0900_1,cell1,0.1,,0.9,1,-0.63077,-1.7666,6.04083e-11,1,1,True,True
fs_mm,27,35,482196925,pass,c1_r100_0900_2,cell1,0.1,,0.9,2,-0.649974,-1.7711,5.66948e-11,1,1,True,True
fs_mm,27,35,482196925,pass,c1_r100_0900_3,cell1,0.1,,0.9,3,-0.374956,-1.75443,9.39832e-11,1,1,True,True
fs_mm,27,35,482196925,pass,c1_r100_0950_0,cell1,0.1,,0.95,0,-0.577096,-1.74394,6.55411e-11,1,1,True,True
fs_mm,27,35,482196925,pass,c1_r100_0950_1,cell1,0.1,,0.95,1,-0.610097,-1.76961,6.17777e-11,1,1,True,True
fs_mm,27,35,482196925,pass,c1_r100_0950_2,cell1,0.1,,0.95,2,-0.581134,-1.74514,6.65343e-11,1,1,True,True
fs_mm,27,35,482196925,pass,c1_r100_0950_3,cell1,0.1,,0.95,3,-0.638327,-1.75762,5.74842e-11,1,1,True,True
fs_mm,27,35,482196925,pass,c1_r100_1000_0,cell1,0.1,,1.0,0,-0.554465,-1.74352,6.97178e-11,1,1,True,True
fs_mm,27,35,482196925,pass,c1_r100_1000_1,cell1,0.1,,1.0,1,-0.505797,-1.72535,7.40211e-11,1,1,True,True
fs_mm,27,35,482196925,pass,c1_r100_1000_2,cell1,0.1,,1.0,2,-0.565653,-1.73772,6.59413e-11,1,1,True,True
fs_mm,27,35,482196925,pass,c1_r100_1000_3,cell1,0.1,,1.0,3,-0.577281,-1.73984,6.60481e-11,1,1,True,True
fs_mm,27,36,1786842123,pass,c0_r050_0000_0,cell0,0.05,,0.0,0,0.0531248,1.80001,1.98924e-10,0,0,True,True
fs_mm,27,36,1786842123,pass,c0_r050_0000_1,cell0,0.05,,0.0,1,0.0537716,1.79999,1.75183e-10,0,0,True,True
fs_mm,27,36,1786842123,pass,c0_r050_0000_2,cell0,0.05,,0.0,2,0.0550925,1.8,1.86263e-10,0,0,True,True
fs_mm,27,36,1786842123,pass,c0_r050_0000_3,cell0,0.05,,0.0,3,0.0535826,1.8,2.26836e-10,0,0,True,True
fs_mm,27,36,1786842123,pass,c1_r050_0600_0,cell1,0.05,,0.6,0,0.0555219,1.79999,1.95408e-10,1,0,False,False
fs_mm,27,36,1786842123,pass,c1_r050_0600_1,cell1,0.05,,0.6,1,0.0443667,1.79965,1.90362e-10,1,0,False,False
fs_mm,27,36,1786842123,pass,c1_r050_0600_2,cell1,0.05,,0.6,2,0.0427966,1.79969,2.01926e-10,1,0,False,False
fs_mm,27,36,1786842123,pass,c1_r050_0600_3,cell1,0.05,,0.6,3,0.0493359,1.79985,1.86696e-10,1,0,False,False
fs_mm,27,36,1786842123,pass,c1_r050_0650_0,cell1,0.05,,0.65,0,-0.0161878,-1.7986,2.60083e-10,1,1,True,True
fs_mm,27,36,1786842123,pass,c1_r050_0650_1,cell1,0.05,,0.65,1,0.0521906,1.7999,1.74209e-10,1,0,False,False
fs_mm,27,36,1786842123,pass,c1_r050_0650_2,cell1,0.05,,0.65,2,0.048008,1.79981,2.06879e-10,1,0,False,False
fs_mm,27,36,1786842123,pass,c1_r050_0650_3,cell1,0.05,,0.65,3,0.0487922,1.79983,2.11952e-10,1,0,False,False
fs_mm,27,36,1786842123,pass,c1_r050_0700_0,cell1,0.05,,0.7,0,-0.611345,-1.79889,6.09466e-11,1,1,True,True
fs_mm,27,36,1786842123,pass,c1_r050_0700_1,cell1,0.05,,0.7,1,0.0396385,1.79947,1.95663e-10,1,0,False,False
fs_mm,27,36,1786842123,pass,c1_r050_0700_2,cell1,0.05,,0.7,2,-0.264607,-1.7941,1.15154e-10,1,1,True,True
fs_mm,27,36,1786842123,pass,c1_r050_0700_3,cell1,0.05,,0.7,3,-0.165898,-1.79519,1.47578e-10,1,1,True,True
fs_mm,27,36,1786842123,pass,c1_r050_0750_0,cell1,0.05,,0.75,0,-0.293008,-1.79444,1.1067e-10,1,1,True,True
fs_mm,27,36,1786842123,pass,c1_r050_0750_1,cell1,0.05,,0.75,1,-0.189998,-1.78779,1.40283e-10,1,1,True,True
fs_mm,27,36,1786842123,pass,c1_r050_0750_2,cell1,0.05,,0.75,2,-0.0982497,-1.79233,1.82033e-10,1,1,True,True
fs_mm,27,36,1786842123,pass,c1_r050_0750_3,cell1,0.05,,0.75,3,-0.131143,-1.79227,1.50286e-10,1,1,True,True
fs_mm,27,36,1786842123,pass,c1_r050_0800_0,cell1,0.05,,0.8,0,-0.677568,-1.7843,5.3689e-11,1,1,True,True
fs_mm,27,36,1786842123,pass,c1_r050_0800_1,cell1,0.05,,0.8,1,0.0121894,-1.78327,2.16573e-10,1,1,True,True
fs_mm,27,36,1786842123,pass,c1_r050_0800_2,cell1,0.05,,0.8,2,-0.654245,-1.78949,5.56876e-11,1,1,True,True
fs_mm,27,36,1786842123,pass,c1_r050_0800_3,cell1,0.05,,0.8,3,-0.144014,-1.78496,1.51447e-10,1,1,True,True
fs_mm,27,36,1786842123,pass,c1_r050_0850_0,cell1,0.05,,0.85,0,-0.733548,-1.78034,4.58207e-11,1,1,True,True
fs_mm,27,36,1786842123,pass,c1_r050_0850_1,cell1,0.05,,0.85,1,-0.139046,-1.7883,1.57456e-10,1,1,True,True
fs_mm,27,36,1786842123,pass,c1_r050_0850_2,cell1,0.05,,0.85,2,-0.0787794,-1.77793,1.79638e-10,1,1,True,True
fs_mm,27,36,1786842123,pass,c1_r050_0850_3,cell1,0.05,,0.85,3,-0.334207,-1.78495,1.0432e-10,1,1,True,True
fs_mm,27,36,1786842123,pass,c1_r050_0900_0,cell1,0.05,,0.9,0,-0.664009,-1.76712,5.48667e-11,1,1,True,True
fs_mm,27,36,1786842123,pass,c1_r050_0900_1,cell1,0.05,,0.9,1,-0.705278,-1.77375,5.16003e-11,1,1,True,True
fs_mm,27,36,1786842123,pass,c1_r050_0900_2,cell1,0.05,,0.9,2,-0.442641,-1.74929,8.4365e-11,1,1,True,True
fs_mm,27,36,1786842123,pass,c1_r050_0900_3,cell1,0.05,,0.9,3,-0.668586,-1.78054,5.45838e-11,1,1,True,True
fs_mm,27,36,1786842123,pass,c1_r050_0950_0,cell1,0.05,,0.95,0,-0.413863,-1.74326,9.06246e-11,1,1,True,True
fs_mm,27,36,1786842123,pass,c1_r050_0950_1,cell1,0.05,,0.95,1,-0.631374,-1.75713,5.89015e-11,1,1,True,True
fs_mm,27,36,1786842123,pass,c1_r050_0950_2,cell1,0.05,,0.95,2,-0.577238,-1.74582,6.48011e-11,1,1,True,True
fs_mm,27,36,1786842123,pass,c1_r050_0950_3,cell1,0.05,,0.95,3,-0.601311,-1.75303,6.4945e-11,1,1,True,True
fs_mm,27,36,1786842123,pass,c1_r050_1000_0,cell1,0.05,,1.0,0,-0.630642,-1.71935,5.94326e-11,1,1,True,True
fs_mm,27,36,1786842123,pass,c1_r050_1000_1,cell1,0.05,,1.0,1,-0.686803,-1.75259,5.31578e-11,1,1,True,True
fs_mm,27,36,1786842123,pass,c1_r050_1000_2,cell1,0.05,,1.0,2,-0.600578,-1.73871,6.6561e-11,1,1,True,True
fs_mm,27,36,1786842123,pass,c1_r050_1000_3,cell1,0.05,,1.0,3,-0.575615,-1.74064,6.67647e-11,1,1,True,True
fs_mm,27,36,1786842123,pass,c0_r100_0000_0,cell0,0.1,,0.0,0,0.106714,1.79999,1.72246e-10,0,0,True,True
fs_mm,27,36,1786842123,pass,c0_r100_0000_1,cell0,0.1,,0.0,1,0.108687,1.79999,1.67899e-10,0,0,True,True
fs_mm,27,36,1786842123,pass,c0_r100_0000_2,cell0,0.1,,0.0,2,0.107514,1.79999,1.5427e-10,0,0,True,True
fs_mm,27,36,1786842123,pass,c0_r100_0000_3,cell0,0.1,,0.0,3,0.105553,1.79999,1.71743e-10,0,0,True,True
fs_mm,27,36,1786842123,pass,c1_r100_0600_0,cell1,0.1,,0.6,0,0.104656,1.79985,1.71486e-10,1,0,False,False
fs_mm,27,36,1786842123,pass,c1_r100_0600_1,cell1,0.1,,0.6,1,0.0764814,1.799,1.93205e-10,1,0,False,False
fs_mm,27,36,1786842123,pass,c1_r100_0600_2,cell1,0.1,,0.6,2,0.104855,1.7999,1.55498e-10,1,0,False,False
fs_mm,27,36,1786842123,pass,c1_r100_0600_3,cell1,0.1,,0.6,3,0.0950997,1.79958,1.68219e-10,1,0,False,False
fs_mm,27,36,1786842123,pass,c1_r100_0650_0,cell1,0.1,,0.65,0,0.0825851,1.79916,1.67359e-10,1,0,False,False
fs_mm,27,36,1786842123,pass,c1_r100_0650_1,cell1,0.1,,0.65,1,0.0835873,1.79924,1.85464e-10,1,0,False,False
fs_mm,27,36,1786842123,pass,c1_r100_0650_2,cell1,0.1,,0.65,2,0.0801186,1.79916,1.87073e-10,1,0,False,False
fs_mm,27,36,1786842123,pass,c1_r100_0650_3,cell1,0.1,,0.65,3,0.0917519,1.79943,1.81028e-10,1,0,False,False
fs_mm,27,36,1786842123,pass,c1_r100_0700_0,cell1,0.1,,0.7,0,0.0112706,-1.79376,2.54089e-10,1,1,True,True
fs_mm,27,36,1786842123,pass,c1_r100_0700_1,cell1,0.1,,0.7,1,0.0961984,1.7996,1.81079e-10,1,0,False,False
fs_mm,27,36,1786842123,pass,c1_r100_0700_2,cell1,0.1,,0.7,2,0.00387771,1.79707,4.07608e-10,1,0,False,False
fs_mm,27,36,1786842123,pass,c1_r100_0700_3,cell1,0.1,,0.7,3,0.0833789,1.79927,1.85842e-10,1,0,False,False
fs_mm,27,36,1786842123,pass,c1_r100_0750_0,cell1,0.1,,0.75,0,-0.152001,-1.7924,1.48245e-10,1,1,True,True
fs_mm,27,36,1786842123,pass,c1_r100_0750_1,cell1,0.1,,0.75,1,-0.493673,-1.78655,7.39969e-11,1,1,True,True
fs_mm,27,36,1786842123,pass,c1_r100_0750_2,cell1,0.1,,0.75,2,-0.0839648,-1.78292,1.76785e-10,1,1,True,True
fs_mm,27,36,1786842123,pass,c1_r100_0750_3,cell1,0.1,,0.75,3,-0.328364,-1.78326,1.02351e-10,1,1,True,True
fs_mm,27,36,1786842123,pass,c1_r100_0800_0,cell1,0.1,,0.8,0,-0.0153686,-1.78359,2.69713e-10,1,1,True,True
fs_mm,27,36,1786842123,pass,c1_r100_0800_1,cell1,0.1,,0.8,1,-0.334067,-1.79044,1.02206e-10,1,1,True,True
fs_mm,27,36,1786842123,pass,c1_r100_0800_2,cell1,0.1,,0.8,2,-0.380121,-1.78761,9.4161e-11,1,1,True,True
fs_mm,27,36,1786842123,pass,c1_r100_0800_3,cell1,0.1,,0.8,3,-0.691644,-1.79,5.22518e-11,1,1,True,True
fs_mm,27,36,1786842123,pass,c1_r100_0850_0,cell1,0.1,,0.85,0,-0.550493,-1.76495,7.02157e-11,1,1,True,True
fs_mm,27,36,1786842123,pass,c1_r100_0850_1,cell1,0.1,,0.85,1,-0.618058,-1.77993,5.93254e-11,1,1,True,True
fs_mm,27,36,1786842123,pass,c1_r100_0850_2,cell1,0.1,,0.85,2,-0.425187,-1.77861,8.62485e-11,1,1,True,True
fs_mm,27,36,1786842123,pass,c1_r100_0850_3,cell1,0.1,,0.85,3,-0.56742,-1.76588,6.80775e-11,1,1,True,True
fs_mm,27,36,1786842123,pass,c1_r100_0900_0,cell1,0.1,,0.9,0,-0.533109,-1.76811,7.21678e-11,1,1,True,True
fs_mm,27,36,1786842123,pass,c1_r100_0900_1,cell1,0.1,,0.9,1,-0.540386,-1.75888,7.0616e-11,1,1,True,True
fs_mm,27,36,1786842123,pass,c1_r100_0900_2,cell1,0.1,,0.9,2,-0.616088,-1.7597,6.10728e-11,1,1,True,True
fs_mm,27,36,1786842123,pass,c1_r100_0900_3,cell1,0.1,,0.9,3,-0.584412,-1.75889,6.43473e-11,1,1,True,True
fs_mm,27,36,1786842123,pass,c1_r100_0950_0,cell1,0.1,,0.95,0,-0.55613,-1.73834,6.98688e-11,1,1,True,True
fs_mm,27,36,1786842123,pass,c1_r100_0950_1,cell1,0.1,,0.95,1,-0.599207,-1.75455,6.26224e-11,1,1,True,True
fs_mm,27,36,1786842123,pass,c1_r100_0950_2,cell1,0.1,,0.95,2,-0.592311,-1.75032,6.48362e-11,1,1,True,True
fs_mm,27,36,1786842123,pass,c1_r100_0950_3,cell1,0.1,,0.95,3,-0.607682,-1.75793,6.25244e-11,1,1,True,True
fs_mm,27,36,1786842123,pass,c1_r100_1000_0,cell1,0.1,,1.0,0,-0.620677,-1.75603,6.05483e-11,1,1,True,True
fs_mm,27,36,1786842123,pass,c1_r100_1000_1,cell1,0.1,,1.0,1,-0.592111,-1.73662,6.37127e-11,1,1,True,True
fs_mm,27,36,1786842123,pass,c1_r100_1000_2,cell1,0.1,,1.0,2,-0.469149,-1.72314,7.96334e-11,1,1,True,True
fs_mm,27,36,1786842123,pass,c1_r100_1000_3,cell1,0.1,,1.0,3,-0.547742,-1.7428,6.99681e-11,1,1,True,True
fs_mm,27,37,821507951,pass,c0_r050_0000_0,cell0,0.05,,0.0,0,0.0541907,1.80001,2.04063e-10,0,0,True,True
fs_mm,27,37,821507951,pass,c0_r050_0000_1,cell0,0.05,,0.0,1,0.0533722,1.8,1.92193e-10,0,0,True,True
fs_mm,27,37,821507951,pass,c0_r050_0000_2,cell0,0.05,,0.0,2,0.0528705,1.80001,1.98041e-10,0,0,True,True
fs_mm,27,37,821507951,pass,c0_r050_0000_3,cell0,0.05,,0.0,3,0.0515257,1.8,1.95391e-10,0,0,True,True
fs_mm,27,37,821507951,pass,c1_r050_0600_0,cell1,0.05,,0.6,0,0.0518571,1.79999,1.85402e-10,1,0,False,False
fs_mm,27,37,821507951,pass,c1_r050_0600_1,cell1,0.05,,0.6,1,0.0508179,1.79998,2.10699e-10,1,0,False,False
fs_mm,27,37,821507951,pass,c1_r050_0600_2,cell1,0.05,,0.6,2,0.0569638,1.79998,1.99958e-10,1,0,False,False
fs_mm,27,37,821507951,pass,c1_r050_0600_3,cell1,0.05,,0.6,3,0.052492,1.79999,2.0485e-10,1,0,False,False
fs_mm,27,37,821507951,pass,c1_r050_0650_0,cell1,0.05,,0.65,0,-0.0348665,-1.7989,1.98111e-10,1,1,True,True
fs_mm,27,37,821507951,pass,c1_r050_0650_1,cell1,0.05,,0.65,1,0.0388909,-1.799,2.68273e-10,1,1,True,True
fs_mm,27,37,821507951,pass,c1_r050_0650_2,cell1,0.05,,0.65,2,0.0351557,1.79943,2.05561e-10,1,0,False,False
fs_mm,27,37,821507951,pass,c1_r050_0650_3,cell1,0.05,,0.65,3,-0.0560483,-1.79852,2.13073e-10,1,1,True,True
fs_mm,27,37,821507951,pass,c1_r050_0700_0,cell1,0.05,,0.7,0,0.022151,1.79898,2.53928e-10,1,0,False,False
fs_mm,27,37,821507951,pass,c1_r050_0700_1,cell1,0.05,,0.7,1,-0.0219847,-1.79691,3.85036e-10,1,1,True,True
fs_mm,27,37,821507951,pass,c1_r050_0700_2,cell1,0.05,,0.7,2,0.0449428,1.79966,2.07343e-10,1,0,False,False
fs_mm,27,37,821507951,pass,c1_r050_0700_3,cell1,0.05,,0.7,3,-0.0893434,-1.79756,1.87755e-10,1,1,True,True
fs_mm,27,37,821507951,pass,c1_r050_0750_0,cell1,0.05,,0.75,0,-0.159467,-1.78952,1.44062e-10,1,1,True,True
fs_mm,27,37,821507951,pass,c1_r050_0750_1,cell1,0.05,,0.75,1,-0.091474,-1.79578,1.69059e-10,1,1,True,True
fs_mm,27,37,821507951,pass,c1_r050_0750_2,cell1,0.05,,0.75,2,-0.532387,-1.79638,7.01519e-11,1,1,True,True
fs_mm,27,37,821507951,pass,c1_r050_0750_3,cell1,0.05,,0.75,3,-0.258356,-1.78289,1.09622e-10,1,1,True,True
fs_mm,27,37,821507951,pass,c1_r050_0800_0,cell1,0.05,,0.8,0,-0.42376,-1.77915,8.51454e-11,1,1,True,True
fs_mm,27,37,821507951,pass,c1_r050_0800_1,cell1,0.05,,0.8,1,-0.26956,-1.78993,1.20555e-10,1,1,True,True
fs_mm,27,37,821507951,pass,c1_r050_0800_2,cell1,0.05,,0.8,2,0.0301868,1.79926,2.66058e-10,1,0,False,False
fs_mm,27,37,821507951,pass,c1_r050_0800_3,cell1,0.05,,0.8,3,-0.331724,-1.78633,1.05936e-10,1,1,True,True
fs_mm,27,37,821507951,pass,c1_r050_0850_0,cell1,0.05,,0.85,0,-0.569565,-1.76465,6.71932e-11,1,1,True,True
fs_mm,27,37,821507951,pass,c1_r050_0850_1,cell1,0.05,,0.85,1,-0.72865,-1.78776,4.55972e-11,1,1,True,True
fs_mm,27,37,821507951,pass,c1_r050_0850_2,cell1,0.05,,0.85,2,-0.493088,-1.77694,7.41485e-11,1,1,True,True
fs_mm,27,37,821507951,pass,c1_r050_0850_3,cell1,0.05,,0.85,3,-0.245557,-1.76207,1.22108e-10,1,1,True,True
fs_mm,27,37,821507951,pass,c1_r050_0900_0,cell1,0.05,,0.9,0,-0.656684,-1.77407,5.58545e-11,1,1,True,True
fs_mm,27,37,821507951,pass,c1_r050_0900_1,cell1,0.05,,0.9,1,-0.682662,-1.76913,5.24076e-11,1,1,True,True
fs_mm,27,37,821507951,pass,c1_r050_0900_2,cell1,0.05,,0.9,2,-0.665466,-1.77465,5.586e-11,1,1,True,True
fs_mm,27,37,821507951,pass,c1_r050_0900_3,cell1,0.05,,0.9,3,-0.677072,-1.77199,5.3882e-11,1,1,True,True
fs_mm,27,37,821507951,pass,c1_r050_0950_0,cell1,0.05,,0.95,0,-0.620732,-1.75222,5.95035e-11,1,1,True,True
fs_mm,27,37,821507951,pass,c1_r050_0950_1,cell1,0.05,,0.95,1,-0.630023,-1.74128,6.04651e-11,1,1,True,True
fs_mm,27,37,821507951,pass,c1_r050_0950_2,cell1,0.05,,0.95,2,-0.650765,-1.76419,5.64009e-11,1,1,True,True
fs_mm,27,37,821507951,pass,c1_r050_0950_3,cell1,0.05,,0.95,3,-0.605435,-1.76958,6.23354e-11,1,1,True,True
fs_mm,27,37,821507951,pass,c1_r050_1000_0,cell1,0.05,,1.0,0,-0.646787,-1.74417,5.64982e-11,1,1,True,True
fs_mm,27,37,821507951,pass,c1_r050_1000_1,cell1,0.05,,1.0,1,-0.603035,-1.72381,6.20102e-11,1,1,True,True
fs_mm,27,37,821507951,pass,c1_r050_1000_2,cell1,0.05,,1.0,2,-0.669252,-1.76021,5.45932e-11,1,1,True,True
fs_mm,27,37,821507951,pass,c1_r050_1000_3,cell1,0.05,,1.0,3,-0.687119,-1.75079,5.22519e-11,1,1,True,True
fs_mm,27,37,821507951,pass,c0_r100_0000_0,cell0,0.1,,0.0,0,0.107596,1.79999,1.5567e-10,0,0,True,True
fs_mm,27,37,821507951,pass,c0_r100_0000_1,cell0,0.1,,0.0,1,0.105399,1.79999,1.64876e-10,0,0,True,True
fs_mm,27,37,821507951,pass,c0_r100_0000_2,cell0,0.1,,0.0,2,0.107936,1.79999,1.67034e-10,0,0,True,True
fs_mm,27,37,821507951,pass,c0_r100_0000_3,cell0,0.1,,0.0,3,0.106435,1.8,1.79494e-10,0,0,True,True
fs_mm,27,37,821507951,pass,c1_r100_0600_0,cell1,0.1,,0.6,0,0.084866,1.79927,1.79309e-10,1,0,False,False
fs_mm,27,37,821507951,pass,c1_r100_0600_1,cell1,0.1,,0.6,1,0.106184,1.79997,1.67142e-10,1,0,False,False
fs_mm,27,37,821507951,pass,c1_r100_0600_2,cell1,0.1,,0.6,2,0.105438,1.79992,1.65929e-10,1,0,False,False
fs_mm,27,37,821507951,pass,c1_r100_0600_3,cell1,0.1,,0.6,3,0.103224,1.79977,1.63823e-10,1,0,False,False
fs_mm,27,37,821507951,pass,c1_r100_0650_0,cell1,0.1,,0.65,0,-0.0241996,-1.7994,2.56994e-10,1,1,True,True
fs_mm,27,37,821507951,pass,c1_r100_0650_1,cell1,0.1,,0.65,1,0.0536383,1.79834,1.84707e-10,1,0,False,False
fs_mm,27,37,821507951,pass,c1_r100_0650_2,cell1,0.1,,0.65,2,0.103513,1.79984,1.685e-10,1,0,False,False
fs_mm,27,37,821507951,pass,c1_r100_0650_3,cell1,0.1,,0.65,3,-0.0506682,-1.79833,1.71711e-10,1,1,True,True
fs_mm,27,37,821507951,pass,c1_r100_0700_0,cell1,0.1,,0.7,0,0.0588284,1.79856,2.08028e-10,1,0,False,False
fs_mm,27,37,821507951,pass,c1_r100_0700_1,cell1,0.1,,0.7,1,-0.0889762,-1.79861,1.7031e-10,1,1,True,True
fs_mm,27,37,821507951,pass,c1_r100_0700_2,cell1,0.1,,0.7,2,0.100693,1.79973,1.82286e-10,1,0,False,False
fs_mm,27,37,821507951,pass,c1_r100_0700_3,cell1,0.1,,0.7,3,0.062675,1.79863,1.95645e-10,1,0,False,False
fs_mm,27,37,821507951,pass,c1_r100_0750_0,cell1,0.1,,0.75,0,-0.0660781,-1.79351,1.93107e-10,1,1,True,True
fs_mm,27,37,821507951,pass,c1_r100_0750_1,cell1,0.1,,0.75,1,-0.0197869,-1.79238,2.29373e-10,1,1,True,True
fs_mm,27,37,821507951,pass,c1_r100_0750_2,cell1,0.1,,0.75,2,0.100407,1.79975,1.71079e-10,1,0,False,False
fs_mm,27,37,821507951,pass,c1_r100_0750_3,cell1,0.1,,0.75,3,-0.066981,-1.7913,1.90676e-10,1,1,True,True
fs_mm,27,37,821507951,pass,c1_r100_0800_0,cell1,0.1,,0.8,0,-0.337319,-1.78891,1.00504e-10,1,1,True,True
fs_mm,27,37,821507951,pass,c1_r100_0800_1,cell1,0.1,,0.8,1,-0.142543,-1.78647,1.48319e-10,1,1,True,True
fs_mm,27,37,821507951,pass,c1_r100_0800_2,cell1,0.1,,0.8,2,-0.626499,-1.77863,5.96129e-11,1,1,True,True
fs_mm,27,37,821507951,pass,c1_r100_0800_3,cell1,0.1,,0.8,3,-0.390906,-1.78957,9.2619e-11,1,1,True,True
fs_mm,27,37,821507951,pass,c1_r100_0850_0,cell1,0.1,,0.85,0,-0.431316,-1.7702,8.65209e-11,1,1,True,True
fs_mm,27,37,821507951,pass,c1_r100_0850_1,cell1,0.1,,0.85,1,-0.127302,-1.77083,1.61723e-10,1,1,True,True
fs_mm,27,37,821507951,pass,c1_r100_0850_2,cell1,0.1,,0.85,2,-0.615094,-1.77134,6.1409e-11,1,1,True,True
fs_mm,27,37,821507951,pass,c1_r100_0850_3,cell1,0.1,,0.85,3,-0.63545,-1.78231,5.80931e-11,1,1,True,True
fs_mm,27,37,821507951,pass,c1_r100_0900_0,cell1,0.1,,0.9,0,-0.636193,-1.76259,5.82104e-11,1,1,True,True
fs_mm,27,37,821507951,pass,c1_r100_0900_1,cell1,0.1,,0.9,1,-0.624378,-1.76738,5.99354e-11,1,1,True,True
fs_mm,27,37,821507951,pass,c1_r100_0900_2,cell1,0.1,,0.9,2,-0.578064,-1.75651,6.44442e-11,1,1,True,True
fs_mm,27,37,821507951,pass,c1_r100_0900_3,cell1,0.1,,0.9,3,-0.621656,-1.77706,6.02044e-11,1,1,True,True
fs_mm,27,37,821507951,pass,c1_r100_0950_0,cell1,0.1,,0.95,0,-0.551944,-1.74847,6.86179e-11,1,1,True,True
fs_mm,27,37,821507951,pass,c1_r100_0950_1,cell1,0.1,,0.95,1,-0.544873,-1.75101,6.93922e-11,1,1,True,True
fs_mm,27,37,821507951,pass,c1_r100_0950_2,cell1,0.1,,0.95,2,-0.650056,-1.75851,5.76148e-11,1,1,True,True
fs_mm,27,37,821507951,pass,c1_r100_0950_3,cell1,0.1,,0.95,3,-0.540059,-1.75393,7.3817e-11,1,1,True,True
fs_mm,27,37,821507951,pass,c1_r100_1000_0,cell1,0.1,,1.0,0,-0.622977,-1.75787,5.81943e-11,1,1,True,True
fs_mm,27,37,821507951,pass,c1_r100_1000_1,cell1,0.1,,1.0,1,-0.616644,-1.7502,6.08593e-11,1,1,True,True
fs_mm,27,37,821507951,pass,c1_r100_1000_2,cell1,0.1,,1.0,2,-0.573989,-1.72272,6.72433e-11,1,1,True,True
fs_mm,27,37,821507951,pass,c1_r100_1000_3,cell1,0.1,,1.0,3,-0.449411,-1.71842,8.36418e-11,1,1,True,True
fs_mm,27,38,1890754049,pass,c0_r050_0000_0,cell0,0.05,,0.0,0,0.0526917,1.79999,2.39846e-10,0,0,True,True
fs_mm,27,38,1890754049,pass,c0_r050_0000_1,cell0,0.05,,0.0,1,0.0521047,1.8,1.81692e-10,0,0,True,True
fs_mm,27,38,1890754049,pass,c0_r050_0000_2,cell0,0.05,,0.0,2,0.0528373,1.79999,1.77329e-10,0,0,True,True
fs_mm,27,38,1890754049,pass,c0_r050_0000_3,cell0,0.05,,0.0,3,0.0524046,1.8,1.84895e-10,0,0,True,True
fs_mm,27,38,1890754049,pass,c1_r050_0600_0,cell1,0.05,,0.6,0,0.0493777,1.79991,2.50064e-10,1,0,False,False
fs_mm,27,38,1890754049,pass,c1_r050_0600_1,cell1,0.05,,0.6,1,0.0508352,1.79986,1.90986e-10,1,0,False,False
fs_mm,27,38,1890754049,pass,c1_r050_0600_2,cell1,0.05,,0.6,2,0.0522205,1.79995,1.86217e-10,1,0,False,False
fs_mm,27,38,1890754049,pass,c1_r050_0600_3,cell1,0.05,,0.6,3,0.0538262,1.79997,1.7648e-10,1,0,False,False
fs_mm,27,38,1890754049,pass,c1_r050_0650_0,cell1,0.05,,0.65,0,0.0428904,1.79961,2.14558e-10,1,0,False,False
fs_mm,27,38,1890754049,pass,c1_r050_0650_1,cell1,0.05,,0.65,1,-0.0126184,-1.79864,2.49363e-10,1,1,True,True
fs_mm,27,38,1890754049,pass,c1_r050_0650_2,cell1,0.05,,0.65,2,0.0469775,-1.79959,3.30316e-10,1,1,True,True
fs_mm,27,38,1890754049,pass,c1_r050_0650_3,cell1,0.05,,0.65,3,0.0524196,1.79986,1.83553e-10,1,0,False,False
fs_mm,27,38,1890754049,pass,c1_r050_0700_0,cell1,0.05,,0.7,0,-0.213129,-1.79566,1.3184e-10,1,1,True,True
fs_mm,27,38,1890754049,pass,c1_r050_0700_1,cell1,0.05,,0.7,1,-0.0612718,-1.7977,2.07077e-10,1,1,True,True
fs_mm,27,38,1890754049,pass,c1_r050_0700_2,cell1,0.05,,0.7,2,0.0101727,1.79865,2.96769e-10,1,0,False,False
fs_mm,27,38,1890754049,pass,c1_r050_0700_3,cell1,0.05,,0.7,3,0.0101458,-1.79557,3.67099e-10,1,1,True,True
fs_mm,27,38,1890754049,pass,c1_r050_0750_0,cell1,0.05,,0.75,0,-0.0957402,-1.79158,1.92263e-10,1,1,True,True
fs_mm,27,38,1890754049,pass,c1_r050_0750_1,cell1,0.05,,0.75,1,-0.178356,-1.79013,1.38247e-10,1,1,True,True
fs_mm,27,38,1890754049,pass,c1_r050_0750_2,cell1,0.05,,0.75,2,-0.19848,-1.79242,1.33224e-10,1,1,True,True
fs_mm,27,38,1890754049,pass,c1_r050_0750_3,cell1,0.05,,0.75,3,0.0148283,1.79878,2.29914e-10,1,0,False,False
fs_mm,27,38,1890754049,pass,c1_r050_0800_0,cell1,0.05,,0.8,0,-0.375142,-1.7868,9.34097e-11,1,1,True,True
fs_mm,27,38,1890754049,pass,c1_r050_0800_1,cell1,0.05,,0.8,1,-0.154915,-1.7784,1.56961e-10,1,1,True,True
fs_mm,27,38,1890754049,pass,c1_r050_0800_2,cell1,0.05,,0.8,2,-0.382085,-1.79048,9.58958e-11,1,1,True,True
fs_mm,27,38,1890754049,pass,c1_r050_0800_3,cell1,0.05,,0.8,3,-0.322149,-1.79197,1.00732e-10,1,1,True,True
fs_mm,27,38,1890754049,pass,c1_r050_0850_0,cell1,0.05,,0.85,0,-0.524148,-1.76101,7.19256e-11,1,1,True,True
fs_mm,27,38,1890754049,pass,c1_r050_0850_1,cell1,0.05,,0.85,1,-0.595445,-1.77497,6.23791e-11,1,1,True,True
fs_mm,27,38,1890754049,pass,c1_r050_0850_2,cell1,0.05,,0.85,2,-0.459718,-1.77396,7.91472e-11,1,1,True,True
fs_mm,27,38,1890754049,pass,c1_r050_0850_3,cell1,0.05,,0.85,3,-0.637893,-1.77141,5.78471e-11,1,1,True,True
fs_mm,27,38,1890754049,pass,c1_r050_0900_0,cell1,0.05,,0.9,0,-0.644,-1.77489,5.65941e-11,1,1,True,True
fs_mm,27,38,1890754049,pass,c1_r050_0900_1,cell1,0.05,,0.9,1,-0.718313,-1.77596,4.74035e-11,1,1,True,True
fs_mm,27,38,1890754049,pass,c1_r050_0900_2,cell1,0.05,,0.9,2,-0.638021,-1.78453,5.75844e-11,1,1,True,True
fs_mm,27,38,1890754049,pass,c1_r050_0900_3,cell1,0.05,,0.9,3,-0.575879,-1.75589,6.62928e-11,1,1,True,True
fs_mm,27,38,1890754049,pass,c1_r050_0950_0,cell1,0.05,,0.95,0,-0.63066,-1.76233,5.88948e-11,1,1,True,True
fs_mm,27,38,1890754049,pass,c1_r050_0950_1,cell1,0.05,,0.95,1,-0.665127,-1.75726,5.64353e-11,1,1,True,True
fs_mm,27,38,1890754049,pass,c1_r050_0950_2,cell1,0.05,,0.95,2,-0.628402,-1.74115,5.71151e-11,1,1,True,True
fs_mm,27,38,1890754049,pass,c1_r050_0950_3,cell1,0.05,,0.95,3,-0.658226,-1.77329,5.60023e-11,1,1,True,True
fs_mm,27,38,1890754049,pass,c1_r050_1000_0,cell1,0.05,,1.0,0,-0.563979,-1.72476,7.02071e-11,1,1,True,True
fs_mm,27,38,1890754049,pass,c1_r050_1000_1,cell1,0.05,,1.0,1,-0.638238,-1.73742,5.80224e-11,1,1,True,True
fs_mm,27,38,1890754049,pass,c1_r050_1000_2,cell1,0.05,,1.0,2,-0.611627,-1.72488,6.12742e-11,1,1,True,True
fs_mm,27,38,1890754049,pass,c1_r050_1000_3,cell1,0.05,,1.0,3,-0.642283,-1.74119,5.8076e-11,1,1,True,True
fs_mm,27,38,1890754049,pass,c0_r100_0000_0,cell0,0.1,,0.0,0,0.10622,1.8,1.79474e-10,0,0,True,True
fs_mm,27,38,1890754049,pass,c0_r100_0000_1,cell0,0.1,,0.0,1,0.10646,1.79999,1.62676e-10,0,0,True,True
fs_mm,27,38,1890754049,pass,c0_r100_0000_2,cell0,0.1,,0.0,2,0.107698,1.79999,1.57197e-10,0,0,True,True
fs_mm,27,38,1890754049,pass,c0_r100_0000_3,cell0,0.1,,0.0,3,0.106396,1.79999,1.65553e-10,0,0,True,True
fs_mm,27,38,1890754049,pass,c1_r100_0600_0,cell1,0.1,,0.6,0,0.0802485,1.7991,1.80237e-10,1,0,False,False
fs_mm,27,38,1890754049,pass,c1_r100_0600_1,cell1,0.1,,0.6,1,0.105429,1.79985,1.55887e-10,1,0,False,False
fs_mm,27,38,1890754049,pass,c1_r100_0600_2,cell1,0.1,,0.6,2,0.0664952,1.79873,2.03979e-10,1,0,False,False
fs_mm,27,38,1890754049,pass,c1_r100_0600_3,cell1,0.1,,0.6,3,0.103294,1.79985,1.72361e-10,1,0,False,False
fs_mm,27,38,1890754049,pass,c1_r100_0650_0,cell1,0.1,,0.65,0,0.00930661,1.79721,2.34332e-10,1,0,False,False
fs_mm,27,38,1890754049,pass,c1_r100_0650_1,cell1,0.1,,0.65,1,0.0482081,1.79827,2.39854e-10,1,0,False,False
fs_mm,27,38,1890754049,pass,c1_r100_0650_2,cell1,0.1,,0.65,2,0.100918,1.79981,1.80618e-10,1,0,False,False
fs_mm,27,38,1890754049,pass,c1_r100_0650_3,cell1,0.1,,0.65,3,0.102653,1.79982,1.63583e-10,1,0,False,False
fs_mm,27,38,1890754049,pass,c1_r100_0700_0,cell1,0.1,,0.7,0,0.097178,1.79962,1.60671e-10,1,0,False,False
fs_mm,27,38,1890754049,pass,c1_r100_0700_1,cell1,0.1,,0.7,1,-0.0790606,-1.79663,1.81642e-10,1,1,True,True
fs_mm,27,38,1890754049,pass,c1_r100_0700_2,cell1,0.1,,0.7,2,-0.0495299,-1.79859,2.06176e-10,1,1,True,True
fs_mm,27,38,1890754049,pass,c1_r100_0700_3,cell1,0.1,,0.7,3,0.00321741,-1.79852,2.56574e-10,1,1,True,True
fs_mm,27,38,1890754049,pass,c1_r100_0750_0,cell1,0.1,,0.75,0,0.046529,1.79817,2.2547e-10,1,0,False,False
fs_mm,27,38,1890754049,pass,c1_r100_0750_1,cell1,0.1,,0.75,1,0.0425348,1.79805,2.27002e-10,1,0,False,False
fs_mm,27,38,1890754049,pass,c1_r100_0750_2,cell1,0.1,,0.75,2,0.00956361,1.79724,2.7137e-10,1,0,False,False
fs_mm,27,38,1890754049,pass,c1_r100_0750_3,cell1,0.1,,0.75,3,-0.415975,-1.78972,8.83064e-11,1,1,True,True
fs_mm,27,38,1890754049,pass,c1_r100_0800_0,cell1,0.1,,0.8,0,-0.644786,-1.78973,5.67824e-11,1,1,True,True
fs_mm,27,38,1890754049,pass,c1_r100_0800_1,cell1,0.1,,0.8,1,-0.408788,-1.78408,8.66774e-11,1,1,True,True
fs_mm,27,38,1890754049,pass,c1_r100_0800_2,cell1,0.1,,0.8,2,-0.0334908,-1.78591,2.25142e-10,1,1,True,True
fs_mm,27,38,1890754049,pass,c1_r100_0800_3,cell1,0.1,,0.8,3,0.0794894,1.79908,1.9074e-10,1,0,False,False
fs_mm,27,38,1890754049,pass,c1_r100_0850_0,cell1,0.1,,0.85,0,-0.508873,-1.77321,7.42022e-11,1,1,True,True
fs_mm,27,38,1890754049,pass,c1_r100_0850_1,cell1,0.1,,0.85,1,-0.667764,-1.78458,5.37137e-11,1,1,True,True
fs_mm,27,38,1890754049,pass,c1_r100_0850_2,cell1,0.1,,0.85,2,-0.613255,-1.77411,6.12428e-11,1,1,True,True
fs_mm,27,38,1890754049,pass,c1_r100_0850_3,cell1,0.1,,0.85,3,-0.162292,-1.77354,1.44755e-10,1,1,True,True
fs_mm,27,38,1890754049,pass,c1_r100_0900_0,cell1,0.1,,0.9,0,-0.704354,-1.78265,5.11173e-11,1,1,True,True
fs_mm,27,38,1890754049,pass,c1_r100_0900_1,cell1,0.1,,0.9,1,-0.443045,-1.76603,8.08003e-11,1,1,True,True
fs_mm,27,38,1890754049,pass,c1_r100_0900_2,cell1,0.1,,0.9,2,-0.613262,-1.76952,6.30981e-11,1,1,True,True
fs_mm,27,38,1890754049,pass,c1_r100_0900_3,cell1,0.1,,0.9,3,-0.68325,-1.76926,5.28432e-11,1,1,True,True
fs_mm,27,38,1890754049,pass,c1_r100_0950_0,cell1,0.1,,0.95,0,-0.558447,-1.75551,6.72919e-11,1,1,True,True
fs_mm,27,38,1890754049,pass,c1_r100_0950_1,cell1,0.1,,0.95,1,-0.617002,-1.75976,6.13095e-11,1,1,True,True
fs_mm,27,38,1890754049,pass,c1_r100_0950_2,cell1,0.1,,0.95,2,-0.420184,-1.73766,8.80725e-11,1,1,True,True
fs_mm,27,38,1890754049,pass,c1_r100_0950_3,cell1,0.1,,0.95,3,-0.556586,-1.75183,7.07494e-11,1,1,True,True
fs_mm,27,38,1890754049,pass,c1_r100_1000_0,cell1,0.1,,1.0,0,-0.639641,-1.75229,5.69984e-11,1,1,True,True
fs_mm,27,38,1890754049,pass,c1_r100_1000_1,cell1,0.1,,1.0,1,-0.56753,-1.73851,6.84643e-11,1,1,True,True
fs_mm,27,38,1890754049,pass,c1_r100_1000_2,cell1,0.1,,1.0,2,-0.639423,-1.75393,5.77737e-11,1,1,True,True
fs_mm,27,38,1890754049,pass,c1_r100_1000_3,cell1,0.1,,1.0,3,-0.592577,-1.75024,6.35959e-11,1,1,True,True
fs_mm,27,39,857250428,pass,c0_r050_0000_0,cell0,0.05,,0.0,0,0.0541519,1.8,1.94094e-10,0,0,True,True
fs_mm,27,39,857250428,pass,c0_r050_0000_1,cell0,0.05,,0.0,1,0.0552171,1.8,1.90185e-10,0,0,True,True
fs_mm,27,39,857250428,pass,c0_r050_0000_2,cell0,0.05,,0.0,2,0.0551407,1.8,2.17855e-10,0,0,True,True
fs_mm,27,39,857250428,pass,c0_r050_0000_3,cell0,0.05,,0.0,3,0.052221,1.80001,1.98508e-10,0,0,True,True
fs_mm,27,39,857250428,pass,c1_r050_0600_0,cell1,0.05,,0.6,0,0.0533372,1.79998,1.95032e-10,1,0,False,False
fs_mm,27,39,857250428,pass,c1_r050_0600_1,cell1,0.05,,0.6,1,0.0516634,1.79996,1.9087e-10,1,0,False,False
fs_mm,27,39,857250428,pass,c1_r050_0600_2,cell1,0.05,,0.6,2,0.0489037,1.79976,2.32494e-10,1,0,False,False
fs_mm,27,39,857250428,pass,c1_r050_0600_3,cell1,0.05,,0.6,3,0.0534471,1.79997,2.02816e-10,1,0,False,False
fs_mm,27,39,857250428,pass,c1_r050_0650_0,cell1,0.05,,0.65,0,-0.0217736,-1.79801,2.07258e-10,1,1,True,True
fs_mm,27,39,857250428,pass,c1_r050_0650_1,cell1,0.05,,0.65,1,0.0475582,1.79978,2.01837e-10,1,0,False,False
fs_mm,27,39,857250428,pass,c1_r050_0650_2,cell1,0.05,,0.65,2,0.046557,1.79974,2.31656e-10,1,0,False,False
fs_mm,27,39,857250428,pass,c1_r050_0650_3,cell1,0.05,,0.65,3,0.0280154,-1.79951,3.39526e-10,1,1,True,True
fs_mm,27,39,857250428,pass,c1_r050_0700_0,cell1,0.05,,0.7,0,0.0360901,1.79943,2.37949e-10,1,0,False,False
fs_mm,27,39,857250428,pass,c1_r050_0700_1,cell1,0.05,,0.7,1,0.019233,-1.79304,2.59004e-10,1,1,True,True
fs_mm,27,39,857250428,pass,c1_r050_0700_2,cell1,0.05,,0.7,2,-0.00281899,1.79827,3.4499e-10,1,0,False,False
fs_mm,27,39,857250428,pass,c1_r050_0700_3,cell1,0.05,,0.7,3,-0.000882626,1.79835,3.13789e-10,1,0,False,False
fs_mm,27,39,857250428,pass,c1_r050_0750_0,cell1,0.05,,0.75,0,-0.0982278,-1.79032,1.70984e-10,1,1,True,True
fs_mm,27,39,857250428,pass,c1_r050_0750_1,cell1,0.05,,0.75,1,0.0448828,1.79966,2.37568e-10,1,0,False,False
fs_mm,27,39,857250428,pass,c1_r050_0750_2,cell1,0.05,,0.75,2,0.0219426,1.79901,2.90689e-10,1,0,False,False
fs_mm,27,39,857250428,pass,c1_r050_0750_3,cell1,0.05,,0.75,3,-0.327626,-1.79019,9.95951e-11,1,1,True,True
fs_mm,27,39,857250428,pass,c1_r050_0800_0,cell1,0.05,,0.8,0,-0.159494,-1.78279,1.48144e-10,1,1,True,True
fs_mm,27,39,857250428,pass,c1_r050_0800_1,cell1,0.05,,0.8,1,-0.133536,-1.77985,1.57496e-10,1,1,True,True
fs_mm,27,39,857250428,pass,c1_r050_0800_2,cell1,0.05,,0.8,2,-0.00226832,-1.78285,3.26847e-10,1,1,True,True
fs_mm,27,39,857250428,pass,c1_r050_0800_3,cell1,0.05,,0.8,3,-0.624855,-1.78001,5.8725e-11,1,1,True,True
fs_mm,27,39,857250428,pass,c1_r050_0850_0,cell1,0.05,,0.85,0,-0.692812,-1.78115,5.2974e-11,1,1,True,True
fs_mm,27,39,857250428,pass,c1_r050_0850_1,cell1,0.05,,0.85,1,-0.408022,-1.77251,8.7259e-11,1,1,True,True
fs_mm,27,39,857250428,pass,c1_r050_0850_2,cell1,0.05,,0.85,2,-0.576468,-1.7767,6.4754e-11,1,1,True,True
fs_mm,27,39,857250428,pass,c1_r050_0850_3,cell1,0.05,,0.85,3,-0.627332,-1.78084,5.99429e-11,1,1,True,True
fs_mm,27,39,857250428,pass,c1_r050_0900_0,cell1,0.05,,0.9,0,-0.615864,-1.77589,6.05021e-11,1,1,True,True
fs_mm,27,39,857250428,pass,c1_r050_0900_1,cell1,0.05,,0.9,1,-0.651212,-1.76624,5.61457e-11,1,1,True,True
fs_mm,27,39,857250428,pass,c1_r050_0900_2,cell1,0.05,,0.9,2,-0.675779,-1.76744,5.31591e-11,1,1,True,True
fs_mm,27,39,857250428,pass,c1_r050_0900_3,cell1,0.05,,0.9,3,-0.677639,-1.77036,5.29652e-11,1,1,True,True
fs_mm,27,39,857250428,pass,c1_r050_0950_0,cell1,0.05,,0.95,0,-0.69936,-1.7635,5.15614e-11,1,1,True,True
fs_mm,27,39,857250428,pass,c1_r050_0950_1,cell1,0.05,,0.95,1,-0.564715,-1.74058,6.77796e-11,1,1,True,True
fs_mm,27,39,857250428,pass,c1_r050_0950_2,cell1,0.05,,0.95,2,-0.583908,-1.75457,6.44273e-11,1,1,True,True
fs_mm,27,39,857250428,pass,c1_r050_0950_3,cell1,0.05,,0.95,3,-0.645748,-1.75593,5.87739e-11,1,1,True,True
fs_mm,27,39,857250428,pass,c1_r050_1000_0,cell1,0.05,,1.0,0,-0.653008,-1.73822,5.66731e-11,1,1,True,True
fs_mm,27,39,857250428,pass,c1_r050_1000_1,cell1,0.05,,1.0,1,-0.592289,-1.72623,6.23804e-11,1,1,True,True
fs_mm,27,39,857250428,pass,c1_r050_1000_2,cell1,0.05,,1.0,2,-0.570735,-1.72528,6.88559e-11,1,1,True,True
fs_mm,27,39,857250428,pass,c1_r050_1000_3,cell1,0.05,,1.0,3,-0.570321,-1.7343,6.82431e-11,1,1,True,True
fs_mm,27,39,857250428,pass,c0_r100_0000_0,cell0,0.1,,0.0,0,0.105975,1.79999,1.65703e-10,0,0,True,True
fs_mm,27,39,857250428,pass,c0_r100_0000_1,cell0,0.1,,0.0,1,0.106321,1.79999,1.64408e-10,0,0,True,True
fs_mm,27,39,857250428,pass,c0_r100_0000_2,cell0,0.1,,0.0,2,0.10767,1.8,1.75904e-10,0,0,True,True
fs_mm,27,39,857250428,pass,c0_r100_0000_3,cell0,0.1,,0.0,3,0.107841,1.79999,1.6344e-10,0,0,True,True
fs_mm,27,39,857250428,pass,c1_r100_0600_0,cell1,0.1,,0.6,0,0.107576,1.79996,1.63603e-10,1,0,False,False
fs_mm,27,39,857250428,pass,c1_r100_0600_1,cell1,0.1,,0.6,1,0.0965279,1.7996,1.66189e-10,1,0,False,False
fs_mm,27,39,857250428,pass,c1_r100_0600_2,cell1,0.1,,0.6,2,0.100214,1.79967,1.52043e-10,1,0,False,False
fs_mm,27,39,857250428,pass,c1_r100_0600_3,cell1,0.1,,0.6,3,0.099943,1.79972,1.87351e-10,1,0,False,False
fs_mm,27,39,857250428,pass,c1_r100_0650_0,cell1,0.1,,0.65,0,0.108096,1.79998,1.65391e-10,1,0,False,False
fs_mm,27,39,857250428,pass,c1_r100_0650_1,cell1,0.1,,0.65,1,0.0881081,1.79935,1.69531e-10,1,0,False,False
fs_mm,27,39,857250428,pass,c1_r100_0650_2,cell1,0.1,,0.65,2,0.0882673,1.79934,1.74882e-10,1,0,False,False
fs_mm,27,39,857250428,pass,c1_r100_0650_3,cell1,0.1,,0.65,3,0.0944214,1.79951,1.58002e-10,1,0,False,False
fs_mm,27,39,857250428,pass,c1_r100_0700_0,cell1,0.1,,0.7,0,0.052469,1.79833,1.8994e-10,1,0,False,False
fs_mm,27,39,857250428,pass,c1_r100_0700_1,cell1,0.1,,0.7,1,0.070303,1.79884,1.84098e-10,1,0,False,False
fs_mm,27,39,857250428,pass,c1_r100_0700_2,cell1,0.1,,0.7,2,0.0363411,-1.79643,4.50794e-10,1,1,True,True
fs_mm,27,39,857250428,pass,c1_r100_0700_3,cell1,0.1,,0.7,3,0.0259781,1.79763,2.44417e-10,1,0,False,False
fs_mm,27,39,857250428,pass,c1_r100_0750_0,cell1,0.1,,0.75,0,0.0487202,1.79827,2.44228e-10,1,0,False,False
fs_mm,27,39,857250428,pass,c1_r100_0750_1,cell1,0.1,,0.75,1,-0.073923,-1.79204,1.94949e-10,1,1,True,True
fs_mm,27,39,857250428,pass,c1_r100_0750_2,cell1,0.1,,0.75,2,-0.389857,-1.7954,8.76373e-11,1,1,True,True
fs_mm,27,39,857250428,pass,c1_r100_0750_3,cell1,0.1,,0.75,3,-0.0415228,-1.79009,2.02478e-10,1,1,True,True
fs_mm,27,39,857250428,pass,c1_r100_0800_0,cell1,0.1,,0.8,0,-0.372117,-1.786,9.39943e-11,1,1,True,True
fs_mm,27,39,857250428,pass,c1_r100_0800_1,cell1,0.1,,0.8,1,-0.500562,-1.7747,7.28272e-11,1,1,True,True
fs_mm,27,39,857250428,pass,c1_r100_0800_2,cell1,0.1,,0.8,2,-0.421433,-1.78627,8.51661e-11,1,1,True,True
fs_mm,27,39,857250428,pass,c1_r100_0800_3,cell1,0.1,,0.8,3,-0.143674,-1.78787,1.48112e-10,1,1,True,True
fs_mm,27,39,857250428,pass,c1_r100_0850_0,cell1,0.1,,0.85,0,-0.614076,-1.76968,5.93891e-11,1,1,True,True
fs_mm,27,39,857250428,pass,c1_r100_0850_1,cell1,0.1,,0.85,1,-0.577209,-1.76369,6.55897e-11,1,1,True,True
fs_mm,27,39,857250428,pass,c1_r100_0850_2,cell1,0.1,,0.85,2,-0.589923,-1.76,6.4323e-11,1,1,True,True
fs_mm,27,39,857250428,pass,c1_r100_0850_3,cell1,0.1,,0.85,3,-0.530284,-1.78274,7.0353e-11,1,1,True,True
fs_mm,27,39,857250428,pass,c1_r100_0900_0,cell1,0.1,,0.9,0,0.00735499,-1.75267,2.51239e-10,1,1,True,True
fs_mm,27,39,857250428,pass,c1_r100_0900_1,cell1,0.1,,0.9,1,-0.5399,-1.75139,6.90241e-11,1,1,True,True
fs_mm,27,39,857250428,pass,c1_r100_0900_2,cell1,0.1,,0.9,2,-0.624203,-1.77159,5.97319e-11,1,1,True,True
fs_mm,27,39,857250428,pass,c1_r100_0900_3,cell1,0.1,,0.9,3,-0.662179,-1.7748,5.56476e-11,1,1,True,True
fs_mm,27,39,857250428,pass,c1_r100_0950_0,cell1,0.1,,0.95,0,-0.648041,-1.75822,5.59375e-11,1,1,True,True
fs_mm,27,39,857250428,pass,c1_r100_0950_1,cell1,0.1,,0.95,1,-0.661262,-1.76437,5.53702e-11,1,1,True,True
fs_mm,27,39,857250428,pass,c1_r100_0950_2,cell1,0.1,,0.95,2,-0.590941,-1.75756,6.39159e-11,1,1,True,True
fs_mm,27,39,857250428,pass,c1_r100_0950_3,cell1,0.1,,0.95,3,-0.689035,-1.77066,5.17233e-11,1,1,True,True
fs_mm,27,39,857250428,pass,c1_r100_1000_0,cell1,0.1,,1.0,0,-0.603553,-1.75137,6.2826e-11,1,1,True,True
fs_mm,27,39,857250428,pass,c1_r100_1000_1,cell1,0.1,,1.0,1,-0.517139,-1.73935,7.32635e-11,1,1,True,True
fs_mm,27,39,857250428,pass,c1_r100_1000_2,cell1,0.1,,1.0,2,-0.627443,-1.74593,5.81715e-11,1,1,True,True
fs_mm,27,39,857250428,pass,c1_r100_1000_3,cell1,0.1,,1.0,3,-0.568932,-1.72706,6.73425e-11,1,1,True,True
