corner,temp_c,device,family,control,cell,cls,stored,n_writes,sn_toggled_v,sn_control_v,erosion_v,frac_delta_v,t_loss_ratified_s,refresh_bound_derated_s,equiv_hold_time_s,below_resolution,flagged
tt,27,std,rep1,ctl0,00,half_selected_row0,0,1,-0.133735,0.0202601,-0.1539951,-0.17110566666666666,-1.7213041850433331e-06,5.890597092521666e-06,,False,False
tt,27,std,rep1,ctl0,00,half_selected_row0,0,4,-0.132089,0.02026,-0.152349,-0.1692766666666667,-1.7029046462333334e-06,5.881397323116667e-06,,False,False
tt,27,std,rep1,ctl0,00,half_selected_row0,0,16,-0.13182,0.0202595,-0.15207949999999998,-0.1689772222222222,-1.6998922680611108e-06,5.879891134030555e-06,,False,False
tt,27,std,rep1,ctl0,00,half_selected_row0,0,64,-0.132228,0.0202574,-0.15248540000000002,-0.16942822222222223,-1.7044292784511112e-06,5.8821596392255556e-06,,False,False
tt,27,std,rep1,ctl0,00,half_selected_row0,0,147,-0.132008,0.0202538,-0.15226179999999997,-0.16917977777777773,-1.7019299546688884e-06,5.880909977334443e-06,,False,False
tt,27,std,rep1,ctl0,01,target_cell,0,1,0.979193,0.0327865,0.9464064999999999,1.0515627777777776,1.0578605872538887e-05,-2.5935793626944366e-07,0.46979618659692224,False,
tt,27,std,rep1,ctl0,01,target_cell,0,4,1.02226,0.0327863,0.9894736999999999,1.099415222222222,1.1059996199881109e-05,-5.000530999405544e-07,0.4911747446767821,False,
tt,27,std,rep1,ctl0,01,target_cell,0,16,1.06386,0.0327856,1.0310744,1.1456382222222223,1.1524994495351111e-05,-7.325522476755561e-07,0.5118253321566469,False,
tt,27,std,rep1,ctl0,01,target_cell,0,64,1.10453,0.0327827,1.0717473,1.1908303333333332,1.1979622161996665e-05,-9.598660809983326e-07,0.5320153597165146,False,
tt,27,std,rep1,ctl0,01,target_cell,0,147,1.12861,0.0327777,1.0958322999999999,1.2175914444444442,1.2248835996052219e-05,-1.09447299802611e-06,0.5439711537164362,False,
tt,27,std,rep1,ctl0,02,half_selected_row0,0,1,-0.133359,0.0327865,-0.1661455,-0.1846061111111111,-1.8571171711055554e-06,5.958503585552777e-06,,False,False
tt,27,std,rep1,ctl0,02,half_selected_row0,0,4,-0.131711,0.0327863,-0.16449729999999999,-0.18277477777777776,-1.8386941592188885e-06,5.949292079609444e-06,,False,False
tt,27,std,rep1,ctl0,02,half_selected_row0,0,16,-0.131419,0.0327856,-0.1642046,-0.18244955555555556,-1.8354224594377776e-06,5.947656229718889e-06,,False,False
tt,27,std,rep1,ctl0,02,half_selected_row0,0,64,-0.13185,0.0327827,-0.1646327,-0.1829252222222222,-1.8402076137811109e-06,5.950048806890555e-06,,False,False
tt,27,std,rep1,ctl0,02,half_selected_row0,0,147,-0.131627,0.0327777,-0.1644047,-0.18267188888888888,-1.8376591083144444e-06,5.948774554157222e-06,,False,False
tt,27,std,rep1,ctl0,03,half_selected_row0,0,1,-0.129739,0.0328839,-0.1626229,-0.18069211111111108,-1.8177427616455551e-06,5.938816380822777e-06,,False,False
tt,27,std,rep1,ctl0,03,half_selected_row0,0,4,-0.12811,0.0328837,-0.16099370000000002,-0.1788818888888889,-1.7995321252144444e-06,5.929711062607222e-06,,False,False
tt,27,std,rep1,ctl0,03,half_selected_row0,0,16,-0.127824,0.032883,-0.160707,-0.17856333333333332,-1.7963274913666665e-06,5.9281087456833336e-06,,False,False
tt,27,std,rep1,ctl0,03,half_selected_row0,0,64,-0.128248,0.0328801,-0.1611281,-0.1790312222222222,-1.8010344021211107e-06,5.930462201060555e-06,,False,False
tt,27,std,rep1,ctl0,03,half_selected_row0,0,147,-0.128026,0.0328751,-0.1609011,-0.178779,-1.7984970743099999e-06,5.929193537155e-06,,False,False
tt,27,std,rep1,ctl0,10,neighbor_column,1,1,1.03306,1.03306,0.0,0.0,0.0,5.029945e-06,,True,False
tt,27,std,rep1,ctl0,10,neighbor_column,1,4,1.03306,1.03306,0.0,0.0,0.0,5.029945e-06,,True,False
tt,27,std,rep1,ctl0,10,neighbor_column,1,16,1.03305,1.03305,0.0,0.0,0.0,5.029945e-06,,True,False
tt,27,std,rep1,ctl0,10,neighbor_column,1,64,1.03303,1.03303,0.0,0.0,0.0,5.029945e-06,,True,False
tt,27,std,rep1,ctl0,10,neighbor_column,1,147,1.03299,1.03299,0.0,0.0,0.0,5.029945e-06,,True,False
tt,27,std,rep1,ctl0,11,shared_wbl_column,1,1,1.04723,1.04723,0.0,0.0,0.0,5.029945e-06,,True,False
tt,27,std,rep1,ctl0,11,shared_wbl_column,1,4,1.04723,1.04723,0.0,0.0,0.0,5.029945e-06,,True,False
tt,27,std,rep1,ctl0,11,shared_wbl_column,1,16,1.04723,1.04723,0.0,0.0,0.0,5.029945e-06,,True,False
tt,27,std,rep1,ctl0,11,shared_wbl_column,1,64,1.04722,1.0472,-2.0000000000131024e-05,-2.2222222222367805e-05,-2.2355311111257565e-10,5.030056776555556e-06,,True,False
tt,27,std,rep1,ctl0,11,shared_wbl_column,1,147,1.04721,1.04716,-4.999999999988347e-05,-5.555555555542608e-05,-5.588827777764752e-10,5.030224441388888e-06,,True,False
tt,27,std,rep1,ctl0,12,neighbor_column,1,1,1.04723,1.04723,0.0,0.0,0.0,5.029945e-06,,True,False
tt,27,std,rep1,ctl0,12,neighbor_column,1,4,1.04723,1.04723,0.0,0.0,0.0,5.029945e-06,,True,False
tt,27,std,rep1,ctl0,12,neighbor_column,1,16,1.04723,1.04723,0.0,0.0,0.0,5.029945e-06,,True,False
tt,27,std,rep1,ctl0,12,neighbor_column,1,64,1.0472,1.0472,0.0,0.0,0.0,5.029945e-06,,True,False
tt,27,std,rep1,ctl0,12,neighbor_column,1,147,1.04716,1.04716,0.0,0.0,0.0,5.029945e-06,,True,False
tt,27,std,rep1,ctl0,13,neighbor_column,1,1,1.04739,1.04739,0.0,0.0,0.0,5.029945e-06,,True,False
tt,27,std,rep1,ctl0,13,neighbor_column,1,4,1.04739,1.04739,0.0,0.0,0.0,5.029945e-06,,True,False
tt,27,std,rep1,ctl0,13,neighbor_column,1,16,1.04738,1.04738,0.0,0.0,0.0,5.029945e-06,,True,False
tt,27,std,rep1,ctl0,13,neighbor_column,1,64,1.04736,1.04736,0.0,0.0,0.0,5.029945e-06,,True,False
tt,27,std,rep1,ctl0,13,neighbor_column,1,147,1.04732,1.04732,0.0,0.0,0.0,5.029945e-06,,True,False
tt,27,std,rep1,ctl0,20,neighbor_column,0,1,0.0289523,0.0289523,0.0,0.0,0.0,5.029945e-06,,True,False
tt,27,std,rep1,ctl0,20,neighbor_column,0,4,0.0289521,0.0289521,0.0,0.0,0.0,5.029945e-06,,True,False
tt,27,std,rep1,ctl0,20,neighbor_column,0,16,0.0289515,0.0289515,0.0,0.0,0.0,5.029945e-06,,True,False
tt,27,std,rep1,ctl0,20,neighbor_column,0,64,0.0289488,0.0289488,0.0,0.0,0.0,5.029945e-06,,True,False
tt,27,std,rep1,ctl0,20,neighbor_column,0,147,0.0289442,0.0289442,0.0,0.0,0.0,5.029945e-06,,True,False
tt,27,std,rep1,ctl0,21,shared_wbl_column,0,1,0.0414291,0.041429,1.0000000000287557e-07,1.1111111111430618e-07,1.1177655555876976e-12,5.029944441117222e-06,3.354054054149979e-08,True,False
tt,27,std,rep1,ctl0,21,shared_wbl_column,0,4,0.0414293,0.0414288,5.000000000005e-07,5.555555555561112e-07,5.588827777783367e-12,5.029942205586111e-06,1.6770270270284426e-07,True,False
tt,27,std,rep1,ctl0,21,shared_wbl_column,0,16,0.0414298,0.041428,1.800000000003188e-06,2.000000000003542e-06,2.0119780000035633e-11,5.029934940109999e-06,6.037297297307047e-07,True,False
tt,27,std,rep1,ctl0,21,shared_wbl_column,0,64,0.041432,0.0414248,7.199999999998874e-06,7.99999999999875e-06,8.047911999998741e-11,5.02990476044e-06,2.4149189189181644e-06,True,False
tt,27,std,rep1,ctl0,21,shared_wbl_column,0,147,0.0414357,0.0414192,1.6499999999995685e-05,1.833333333332854e-05,1.8443131666661843e-10,5.0298527843416666e-06,5.534189189186878e-06,True,False
tt,27,std,rep1,ctl0,22,neighbor_column,0,1,0.041429,0.041429,0.0,0.0,0.0,5.029945e-06,,True,False
tt,27,std,rep1,ctl0,22,neighbor_column,0,4,0.0414288,0.0414288,0.0,0.0,0.0,5.029945e-06,,True,False
tt,27,std,rep1,ctl0,22,neighbor_column,0,16,0.041428,0.041428,0.0,0.0,0.0,5.029945e-06,,True,False
tt,27,std,rep1,ctl0,22,neighbor_column,0,64,0.0414247,0.0414247,0.0,0.0,0.0,5.029945e-06,,True,False
tt,27,std,rep1,ctl0,22,neighbor_column,0,147,0.0414191,0.0414191,0.0,0.0,0.0,5.029945e-06,,True,False
tt,27,std,rep1,ctl0,23,neighbor_column,0,1,0.0415514,0.0415514,0.0,0.0,0.0,5.029945e-06,,True,False
tt,27,std,rep1,ctl0,23,neighbor_column,0,4,0.0415512,0.0415512,0.0,0.0,0.0,5.029945e-06,,True,False
tt,27,std,rep1,ctl0,23,neighbor_column,0,16,0.0415504,0.0415504,0.0,0.0,0.0,5.029945e-06,,True,False
tt,27,std,rep1,ctl0,23,neighbor_column,0,64,0.0415471,0.0415471,0.0,0.0,0.0,5.029945e-06,,True,False
tt,27,std,rep1,ctl0,23,neighbor_column,0,147,0.0415415,0.0415415,0.0,0.0,0.0,5.029945e-06,,True,False
tt,27,std,rep1,ctl0,30,neighbor_column,1,1,1.01527,1.01527,0.0,0.0,0.0,5.029945e-06,,True,False
tt,27,std,rep1,ctl0,30,neighbor_column,1,4,1.01527,1.01527,0.0,0.0,0.0,5.029945e-06,,True,False
tt,27,std,rep1,ctl0,30,neighbor_column,1,16,1.01526,1.01526,0.0,0.0,0.0,5.029945e-06,,True,False
tt,27,std,rep1,ctl0,30,neighbor_column,1,64,1.01524,1.01524,0.0,0.0,0.0,5.029945e-06,,True,False
tt,27,std,rep1,ctl0,30,neighbor_column,1,147,1.0152,1.0152,0.0,0.0,0.0,5.029945e-06,,True,False
tt,27,std,rep1,ctl0,31,shared_wbl_column,1,1,1.02977,1.02977,0.0,0.0,0.0,5.029945e-06,,True,False
tt,27,std,rep1,ctl0,31,shared_wbl_column,1,4,1.02977,1.02977,0.0,0.0,0.0,5.029945e-06,,True,False
tt,27,std,rep1,ctl0,31,shared_wbl_column,1,16,1.02977,1.02976,-1.0000000000065512e-05,-1.1111111111183902e-05,-1.1177655555628782e-10,5.030000888277778e-06,,True,False
tt,27,std,rep1,ctl0,31,shared_wbl_column,1,64,1.02976,1.02974,-1.999999999990898e-05,-2.2222222222121088e-05,-2.235531111100937e-10,5.030056776555555e-06,,True,False
tt,27,std,rep1,ctl0,31,shared_wbl_column,1,147,1.02974,1.0297,-4.0000000000040004e-05,-4.444444444448889e-05,-4.4710622222266934e-10,5.030168553111111e-06,,True,False
tt,27,std,rep1,ctl0,32,neighbor_column,1,1,1.02977,1.02977,0.0,0.0,0.0,5.029945e-06,,True,False
tt,27,std,rep1,ctl0,32,neighbor_column,1,4,1.02977,1.02977,0.0,0.0,0.0,5.029945e-06,,True,False
tt,27,std,rep1,ctl0,32,neighbor_column,1,16,1.02976,1.02976,0.0,0.0,0.0,5.029945e-06,,True,False
tt,27,std,rep1,ctl0,32,neighbor_column,1,64,1.02974,1.02974,0.0,0.0,0.0,5.029945e-06,,True,False
tt,27,std,rep1,ctl0,32,neighbor_column,1,147,1.0297,1.0297,0.0,0.0,0.0,5.029945e-06,,True,False
tt,27,std,rep1,ctl0,33,neighbor_column,1,1,1.02987,1.02987,0.0,0.0,0.0,5.029945e-06,,True,False
tt,27,std,rep1,ctl0,33,neighbor_column,1,4,1.02987,1.02987,0.0,0.0,0.0,5.029945e-06,,True,False
tt,27,std,rep1,ctl0,33,neighbor_column,1,16,1.02986,1.02986,0.0,0.0,0.0,5.029945e-06,,True,False
tt,27,std,rep1,ctl0,33,neighbor_column,1,64,1.02984,1.02984,0.0,0.0,0.0,5.029945e-06,,True,False
tt,27,std,rep1,ctl0,33,neighbor_column,1,147,1.0298,1.0298,0.0,0.0,0.0,5.029945e-06,,True,False
tt,27,std,rep0,ctl1,00,half_selected_row0,1,1,1.0457,1.03931,-0.006390000000000118,-0.0071000000000001305,-7.14252190000013e-08,5.0656576095000005e-06,,False,False
tt,27,std,rep0,ctl1,00,half_selected_row0,1,4,1.05929,1.03931,-0.01998000000000011,-0.02220000000000012,-2.2332955800000118e-07,5.141609779000001e-06,,False,False
tt,27,std,rep0,ctl1,00,half_selected_row0,1,16,1.08599,1.03931,-0.046680000000000055,-0.05186666666666673,-5.217729613333339e-07,5.290831480666667e-06,,False,False
tt,27,std,rep0,ctl1,00,half_selected_row0,1,64,1.12158,1.03931,-0.08227000000000007,-0.09141111111111118,-9.195857225555561e-07,5.489737861277777e-06,,False,False
tt,27,std,rep0,ctl1,00,half_selected_row0,1,147,1.14463,1.0393,-0.10533000000000015,-0.11703333333333349,-1.1773424596666682e-06,5.618616229833334e-06,,False,False
tt,27,std,rep0,ctl1,01,target_cell,1,1,-0.119758,1.0535,1.1732580000000001,1.3036200000000002,1.31142738018e-05,-1.5271919009000011e-06,0.6618241718179375,False,
tt,27,std,rep0,ctl1,01,target_cell,1,4,-0.118105,1.0535,1.171605,1.3017833333333333,1.3095797137166665e-05,-1.517953568583333e-06,0.6608917295452105,False,
tt,27,std,rep0,ctl1,01,target_cell,1,16,-0.117812,1.0535,1.1713120000000001,1.3014577777777778,1.3092522084088888e-05,-1.5163160420444446e-06,0.6607264509088471,False,
tt,27,std,rep0,ctl1,01,target_cell,1,64,-0.118245,1.0535,1.171745,1.301938888888889,1.3097362008944445e-05,-1.5187360044722225e-06,0.6609707022724832,False,
tt,27,std,rep0,ctl1,01,target_cell,1,147,-0.11802,1.05349,1.17151,1.3016777777777777,1.3094735259888888e-05,-1.517422629944444e-06,0.660838140908847,False,
tt,27,std,rep0,ctl1,02,half_selected_row0,1,1,1.05773,1.0535,-0.004229999999999956,-0.004699999999999951,-4.72814829999995e-08,5.053585741499999e-06,,False,False
tt,27,std,rep0,ctl1,02,half_selected_row0,1,4,1.06767,1.0535,-0.014169999999999794,-0.015744444444444214,-1.583873792222199e-07,5.109138689611109e-06,,False,False
tt,27,std,rep0,ctl1,02,half_selected_row0,1,16,1.09011,1.0535,-0.03660999999999981,-0.04067777777777756,-4.092139698888867e-07,5.2345519849444436e-06,,False,False
tt,27,std,rep0,ctl1,02,half_selected_row0,1,64,1.12344,1.0535,-0.06993999999999989,-0.077711111111111,-7.817652295555543e-07,5.420827614777777e-06,,False,False
tt,27,std,rep0,ctl1,02,half_selected_row0,1,147,1.14595,1.05349,-0.09245999999999999,-0.10273333333333332,-1.0334860326666665e-06,5.546688016333333e-06,,False,False
tt,27,std,rep0,ctl1,03,half_selected_row0,1,1,1.05917,1.05368,-0.005489999999999995,-0.006099999999999994,-6.136532899999994e-08,5.0606276645e-06,,False,False
tt,27,std,rep0,ctl1,03,half_selected_row0,1,4,1.07131,1.05368,-0.017630000000000035,-0.019588888888888926,-1.970620674444448e-07,5.128476033722222e-06,,False,False
tt,27,std,rep0,ctl1,03,half_selected_row0,1,16,1.09646,1.05368,-0.04278000000000004,-0.04753333333333338,-4.781801046666671e-07,5.269035052333333e-06,,False,False
tt,27,std,rep0,ctl1,03,half_selected_row0,1,64,1.1313,1.05368,-0.07762000000000002,-0.08624444444444447,-8.676096242222224e-07,5.463749812111111e-06,,False,False
tt,27,std,rep0,ctl1,03,half_selected_row0,1,147,1.15419,1.05367,-0.10051999999999994,-0.11168888888888882,-1.1235779364444436e-06,5.591733968222221e-06,,False,False
tt,27,std,rep0,ctl1,10,neighbor_column,1,1,1.04901,1.04901,0.0,0.0,0.0,5.029945e-06,,True,False
tt,27,std,rep0,ctl1,10,neighbor_column,1,4,1.04901,1.04901,0.0,0.0,0.0,5.029945e-06,,True,False
tt,27,std,rep0,ctl1,10,neighbor_column,1,16,1.04901,1.04901,0.0,0.0,0.0,5.029945e-06,,True,False
tt,27,std,rep0,ctl1,10,neighbor_column,1,64,1.04901,1.04901,0.0,0.0,0.0,5.029945e-06,,True,False
tt,27,std,rep0,ctl1,10,neighbor_column,1,147,1.049,1.049,0.0,0.0,0.0,5.029945e-06,,True,False
tt,27,std,rep0,ctl1,11,shared_wbl_column,1,1,1.06315,1.06315,0.0,0.0,0.0,5.029945e-06,,True,False
tt,27,std,rep0,ctl1,11,shared_wbl_column,1,4,1.06315,1.06315,0.0,0.0,0.0,5.029945e-06,,True,False
tt,27,std,rep0,ctl1,11,shared_wbl_column,1,16,1.06315,1.06315,0.0,0.0,0.0,5.029945e-06,,True,False
tt,27,std,rep0,ctl1,11,shared_wbl_column,1,64,1.06313,1.06315,2.0000000000131024e-05,2.2222222222367805e-05,2.2355311111257565e-10,5.029833223444444e-06,1.418285714294712e-06,True,False
tt,27,std,rep0,ctl1,11,shared_wbl_column,1,147,1.0631,1.06315,5.0000000000105516e-05,5.5555555555672794e-05,5.588827777789571e-10,5.02966555861111e-06,3.545714285721034e-06,True,False
tt,27,std,rep0,ctl1,12,neighbor_column,1,1,1.06315,1.06315,0.0,0.0,0.0,5.029945e-06,,True,False
tt,27,std,rep0,ctl1,12,neighbor_column,1,4,1.06315,1.06315,0.0,0.0,0.0,5.029945e-06,,True,False
tt,27,std,rep0,ctl1,12,neighbor_column,1,16,1.06315,1.06315,0.0,0.0,0.0,5.029945e-06,,True,False
tt,27,std,rep0,ctl1,12,neighbor_column,1,64,1.06315,1.06315,0.0,0.0,0.0,5.029945e-06,,True,False
tt,27,std,rep0,ctl1,12,neighbor_column,1,147,1.06315,1.06315,0.0,0.0,0.0,5.029945e-06,,True,False
tt,27,std,rep0,ctl1,13,neighbor_column,1,1,1.06337,1.06337,0.0,0.0,0.0,5.029945e-06,,True,False
tt,27,std,rep0,ctl1,13,neighbor_column,1,4,1.06337,1.06337,0.0,0.0,0.0,5.029945e-06,,True,False
tt,27,std,rep0,ctl1,13,neighbor_column,1,16,1.06337,1.06337,0.0,0.0,0.0,5.029945e-06,,True,False
tt,27,std,rep0,ctl1,13,neighbor_column,1,64,1.06336,1.06336,0.0,0.0,0.0,5.029945e-06,,True,False
tt,27,std,rep0,ctl1,13,neighbor_column,1,147,1.06336,1.06336,0.0,0.0,0.0,5.029945e-06,,True,False
tt,27,std,rep0,ctl1,20,neighbor_column,0,1,0.0429825,0.0429825,0.0,0.0,0.0,5.029945e-06,,True,False
tt,27,std,rep0,ctl1,20,neighbor_column,0,4,0.042983,0.042983,0.0,0.0,0.0,5.029945e-06,,True,False
tt,27,std,rep0,ctl1,20,neighbor_column,0,16,0.042985,0.042985,0.0,0.0,0.0,5.029945e-06,,True,False
tt,27,std,rep0,ctl1,20,neighbor_column,0,64,0.0429932,0.0429932,0.0,0.0,0.0,5.029945e-06,,True,False
tt,27,std,rep0,ctl1,20,neighbor_column,0,147,0.0430074,0.0430074,0.0,0.0,0.0,5.029945e-06,,True,False
tt,27,std,rep0,ctl1,21,shared_wbl_column,0,1,0.0554557,0.0554558,-1.0000000000287557e-07,-1.1111111111430618e-07,-1.1177655555876976e-12,5.029945558882778e-06,,True,False
tt,27,std,rep0,ctl1,21,shared_wbl_column,0,4,0.0554556,0.0554561,-5.000000000005e-07,-5.555555555561112e-07,-5.588827777783367e-12,5.0299477944138885e-06,,True,False
tt,27,std,rep0,ctl1,21,shared_wbl_column,0,16,0.0554554,0.0554574,-1.9999999999950613e-06,-2.2222222222167346e-06,-2.2355311111055904e-11,5.029956177655555e-06,,True,False
tt,27,std,rep0,ctl1,21,shared_wbl_column,0,64,0.0554542,0.0554622,-8.000000000001062e-06,-8.888888888890069e-06,-8.942124444445631e-11,5.029989710622222e-06,,True,False
tt,27,std,rep0,ctl1,21,shared_wbl_column,0,147,0.0554522,0.0554706,-1.8400000000001748e-05,-2.0444444444446387e-05,-2.0566886222224174e-10,5.030047834431111e-06,,True,False
tt,27,std,rep0,ctl1,22,neighbor_column,0,1,0.0554558,0.0554558,0.0,0.0,0.0,5.029945e-06,,True,False
tt,27,std,rep0,ctl1,22,neighbor_column,0,4,0.0554561,0.0554561,0.0,0.0,0.0,5.029945e-06,,True,False
tt,27,std,rep0,ctl1,22,neighbor_column,0,16,0.0554573,0.0554573,0.0,0.0,0.0,5.029945e-06,,True,False
tt,27,std,rep0,ctl1,22,neighbor_column,0,64,0.0554622,0.0554622,0.0,0.0,0.0,5.029945e-06,,True,False
tt,27,std,rep0,ctl1,22,neighbor_column,0,147,0.0554706,0.0554706,0.0,0.0,0.0,5.029945e-06,,True,False
tt,27,std,rep0,ctl1,23,neighbor_column,0,1,0.05562,0.05562,0.0,0.0,0.0,5.029945e-06,,True,False
tt,27,std,rep0,ctl1,23,neighbor_column,0,4,0.0556203,0.0556203,0.0,0.0,0.0,5.029945e-06,,True,False
tt,27,std,rep0,ctl1,23,neighbor_column,0,16,0.0556216,0.0556216,0.0,0.0,0.0,5.029945e-06,,True,False
tt,27,std,rep0,ctl1,23,neighbor_column,0,64,0.0556264,0.0556264,0.0,0.0,0.0,5.029945e-06,,True,False
tt,27,std,rep0,ctl1,23,neighbor_column,0,147,0.0556347,0.0556347,0.0,0.0,0.0,5.029945e-06,,True,False
tt,27,std,rep0,ctl1,30,neighbor_column,1,1,1.03153,1.03153,0.0,0.0,0.0,5.029945e-06,,True,False
tt,27,std,rep0,ctl1,30,neighbor_column,1,4,1.03153,1.03153,0.0,0.0,0.0,5.029945e-06,,True,False
tt,27,std,rep0,ctl1,30,neighbor_column,1,16,1.03153,1.03153,0.0,0.0,0.0,5.029945e-06,,True,False
tt,27,std,rep0,ctl1,30,neighbor_column,1,64,1.03153,1.03153,0.0,0.0,0.0,5.029945e-06,,True,False
tt,27,std,rep0,ctl1,30,neighbor_column,1,147,1.03152,1.03152,0.0,0.0,0.0,5.029945e-06,,True,False
tt,27,std,rep0,ctl1,31,shared_wbl_column,1,1,1.046,1.046,0.0,0.0,0.0,5.029945e-06,,True,False
tt,27,std,rep0,ctl1,31,shared_wbl_column,1,4,1.046,1.046,0.0,0.0,0.0,5.029945e-06,,True,False
tt,27,std,rep0,ctl1,31,shared_wbl_column,1,16,1.04599,1.046,1.0000000000065512e-05,1.1111111111183902e-05,1.1177655555628782e-10,5.029889111722222e-06,7.09142857147356e-07,True,False
tt,27,std,rep0,ctl1,31,shared_wbl_column,1,64,1.04597,1.04599,1.999999999990898e-05,2.2222222222121088e-05,2.235531111100937e-10,5.0298332234444446e-06,1.418285714278966e-06,True,False
tt,27,std,rep0,ctl1,31,shared_wbl_column,1,147,1.04594,1.04599,4.999999999988347e-05,5.555555555542608e-05,5.588827777764752e-10,5.0296655586111115e-06,3.545714285705288e-06,True,False
tt,27,std,rep0,ctl1,32,neighbor_column,1,1,1.046,1.046,0.0,0.0,0.0,5.029945e-06,,True,False
tt,27,std,rep0,ctl1,32,neighbor_column,1,4,1.046,1.046,0.0,0.0,0.0,5.029945e-06,,True,False
tt,27,std,rep0,ctl1,32,neighbor_column,1,16,1.046,1.046,0.0,0.0,0.0,5.029945e-06,,True,False
tt,27,std,rep0,ctl1,32,neighbor_column,1,64,1.04599,1.04599,0.0,0.0,0.0,5.029945e-06,,True,False
tt,27,std,rep0,ctl1,32,neighbor_column,1,147,1.04599,1.04599,0.0,0.0,0.0,5.029945e-06,,True,False
tt,27,std,rep0,ctl1,33,neighbor_column,1,1,1.04615,1.04615,0.0,0.0,0.0,5.029945e-06,,True,False
tt,27,std,rep0,ctl1,33,neighbor_column,1,4,1.04615,1.04615,0.0,0.0,0.0,5.029945e-06,,True,False
tt,27,std,rep0,ctl1,33,neighbor_column,1,16,1.04615,1.04615,0.0,0.0,0.0,5.029945e-06,,True,False
tt,27,std,rep0,ctl1,33,neighbor_column,1,64,1.04615,1.04615,0.0,0.0,0.0,5.029945e-06,,True,False
tt,27,std,rep0,ctl1,33,neighbor_column,1,147,1.04615,1.04615,0.0,0.0,0.0,5.029945e-06,,True,False
tt,27,neg,neg_rep1,neg_ctl0,00,half_selected_row0,0,1,-0.223812,0.00475923,-0.22857123000000001,-0.25396803333333334,-2.5548904788496667e-06,6.307390239424833e-06,,False,False
tt,27,neg,neg_rep1,neg_ctl0,00,half_selected_row0,0,4,-0.223288,0.00475857,-0.22804656999999998,-0.25338507777777775,-2.5490260100858885e-06,6.304458005042944e-06,,False,False
tt,27,neg,neg_rep1,neg_ctl0,00,half_selected_row0,0,16,-0.228154,0.00475595,-0.23290995,-0.25878883333333336,-2.6033871965616668e-06,6.331638598280834e-06,,False,False
tt,27,neg,neg_rep1,neg_ctl0,00,half_selected_row0,0,64,-0.223118,0.00474546,-0.22786346000000002,-0.25318162222222224,-2.546979269577111e-06,6.303434634788555e-06,,False,False
tt,27,neg,neg_rep1,neg_ctl0,00,half_selected_row0,0,147,-0.224383,0.00472739,-0.22911039,-0.2545671,-2.5609170236189998e-06,6.3104035118094995e-06,,False,False
tt,27,neg,neg_rep1,neg_ctl0,01,target_cell,0,1,0.816236,0.00773629,0.80849971,0.8983330111111111,9.037131275146554e-06,5.113793624267224e-07,0.4013392560413707,False,
tt,27,neg,neg_rep1,neg_ctl0,01,target_cell,0,4,0.86068,0.00773526,0.85294474,0.9477163777777777,9.533922511642888e-06,2.629837441785558e-07,0.4234017689332262,False,
tt,27,neg,neg_rep1,neg_ctl0,01,target_cell,0,16,0.903375,0.00773113,0.89564387,0.9951598555555555,1.0011198679304777e-05,2.4345660347611247e-08,0.4445976170650873,False,
tt,27,neg,neg_rep1,neg_ctl0,01,target_cell,0,64,0.944669,0.00771462,0.93695438,1.0410604222222222,1.047295333090911e-05,-2.0653166545455527e-07,0.46510415422895296,False,
tt,27,neg,neg_rep1,neg_ctl0,01,target_cell,0,147,0.968797,0.00768615,0.9611108500000001,1.0679009444444445,1.0742966032007223e-05,-3.4153801600361135e-07,0.4770954259368745,False,
tt,27,neg,neg_rep1,neg_ctl0,02,half_selected_row0,0,1,-0.223214,0.00773629,-0.23095029,-0.2566114333333333,-2.5814827920756663e-06,6.320686396037833e-06,,False,False
tt,27,neg,neg_rep1,neg_ctl0,02,half_selected_row0,0,4,-0.22241,0.00773526,-0.23014526,-0.2557169555555555,-2.5724844440237773e-06,6.316187222011889e-06,,False,False
tt,27,neg,neg_rep1,neg_ctl0,02,half_selected_row0,0,16,-0.226657,0.00773112,-0.23438812,-0.26043124444444443,-2.619909671674222e-06,6.33989983583711e-06,,False,False
tt,27,neg,neg_rep1,neg_ctl0,02,half_selected_row0,0,64,-0.22232,0.00771462,-0.23003462,-0.2555940222222222,-2.571247748213111e-06,6.315568874106555e-06,,False,False
tt,27,neg,neg_rep1,neg_ctl0,02,half_selected_row0,0,147,-0.223318,0.00768615,-0.23100415,-0.25667127777777776,-2.5820848206038886e-06,6.320987410301944e-06,,False,False
tt,27,neg,neg_rep1,neg_ctl0,03,half_selected_row0,0,1,-0.223179,0.0077417,-0.23092069999999998,-0.25657855555555553,-2.5811520452477774e-06,6.320521022623888e-06,,False,False
tt,27,neg,neg_rep1,neg_ctl0,03,half_selected_row0,0,4,-0.222651,0.00774066,-0.23039166,-0.25599073333333333,-2.5752386183526664e-06,6.317564309176333e-06,,False,False
tt,27,neg,neg_rep1,neg_ctl0,03,half_selected_row0,0,16,-0.227506,0.00773653,-0.23524253,-0.2613805888888889,-2.629459972357444e-06,6.344674986178722e-06,,False,False
tt,27,neg,neg_rep1,neg_ctl0,03,half_selected_row0,0,64,-0.222482,0.00772,-0.23020200000000002,-0.25578,-2.5731186642e-06,6.3165043321e-06,,False,False
tt,27,neg,neg_rep1,neg_ctl0,03,half_selected_row0,0,147,-0.223742,0.00769149,-0.23143349,-0.2571483222222222,-2.586883835240111e-06,6.3233869176200546e-06,,False,False
tt,27,neg,neg_rep1,neg_ctl0,10,neighbor_column,1,1,1.00903,1.00903,0.0,0.0,0.0,5.029945e-06,,True,False
tt,27,neg,neg_rep1,neg_ctl0,10,neighbor_column,1,4,1.00899,1.00899,0.0,0.0,0.0,5.029945e-06,,True,False
tt,27,neg,neg_rep1,neg_ctl0,10,neighbor_column,1,16,1.00883,1.00883,0.0,0.0,0.0,5.029945e-06,,True,False
tt,27,neg,neg_rep1,neg_ctl0,10,neighbor_column,1,64,1.0082,1.0082,0.0,0.0,0.0,5.029945e-06,,True,False
tt,27,neg,neg_rep1,neg_ctl0,10,neighbor_column,1,147,1.0071,1.0071,0.0,0.0,0.0,5.029945e-06,,True,False
tt,27,neg,neg_rep1,neg_ctl0,11,shared_wbl_column,1,1,1.01294,1.01293,-9.999999999843467e-06,-1.1111111110937185e-05,-1.1177655555380587e-10,5.030000888277777e-06,,True,False
tt,27,neg,neg_rep1,neg_ctl0,11,shared_wbl_column,1,4,1.01293,1.01289,-4.0000000000040004e-05,-4.444444444448889e-05,-4.4710622222266934e-10,5.030168553111111e-06,,True,False
tt,27,neg,neg_rep1,neg_ctl0,11,shared_wbl_column,1,16,1.01288,1.01273,-0.0001500000000000945,-0.00016666666666677167,-1.6766483333343895e-09,5.0307833241666675e-06,,True,False
tt,27,neg,neg_rep1,neg_ctl0,11,shared_wbl_column,1,64,1.01269,1.0121,-0.0005900000000000905,-0.000655555555555656,-6.594816777778788e-09,5.033242408388889e-06,,True,False
tt,27,neg,neg_rep1,neg_ctl0,11,shared_wbl_column,1,147,1.01236,1.011,-0.0013600000000000279,-0.001511111111111142,-1.5201611555555865e-08,5.037545805777778e-06,,False,False
tt,27,neg,neg_rep1,neg_ctl0,12,neighbor_column,1,1,1.01293,1.01293,0.0,0.0,0.0,5.029945e-06,,True,False
tt,27,neg,neg_rep1,neg_ctl0,12,neighbor_column,1,4,1.01289,1.01289,0.0,0.0,0.0,5.029945e-06,,True,False
tt,27,neg,neg_rep1,neg_ctl0,12,neighbor_column,1,16,1.01273,1.01273,0.0,0.0,0.0,5.029945e-06,,True,False
tt,27,neg,neg_rep1,neg_ctl0,12,neighbor_column,1,64,1.0121,1.0121,0.0,0.0,0.0,5.029945e-06,,True,False
tt,27,neg,neg_rep1,neg_ctl0,12,neighbor_column,1,147,1.011,1.011,0.0,0.0,0.0,5.029945e-06,,True,False
tt,27,neg,neg_rep1,neg_ctl0,13,neighbor_column,1,1,1.01295,1.01295,0.0,0.0,0.0,5.029945e-06,,True,False
tt,27,neg,neg_rep1,neg_ctl0,13,neighbor_column,1,4,1.01291,1.01291,0.0,0.0,0.0,5.029945e-06,,True,False
tt,27,neg,neg_rep1,neg_ctl0,13,neighbor_column,1,16,1.01275,1.01275,0.0,0.0,0.0,5.029945e-06,,True,False
tt,27,neg,neg_rep1,neg_ctl0,13,neighbor_column,1,64,1.01211,1.01211,0.0,0.0,0.0,5.029945e-06,,True,False
tt,27,neg,neg_rep1,neg_ctl0,13,neighbor_column,1,147,1.01101,1.01101,0.0,0.0,0.0,5.029945e-06,,True,False
tt,27,neg,neg_rep1,neg_ctl0,20,neighbor_column,0,1,0.00685704,0.00685704,0.0,0.0,0.0,5.029945e-06,,True,False
tt,27,neg,neg_rep1,neg_ctl0,20,neighbor_column,0,4,0.00685612,0.00685612,0.0,0.0,0.0,5.029945e-06,,True,False
tt,27,neg,neg_rep1,neg_ctl0,20,neighbor_column,0,16,0.00685243,0.00685243,0.0,0.0,0.0,5.029945e-06,,True,False
tt,27,neg,neg_rep1,neg_ctl0,20,neighbor_column,0,64,0.00683768,0.00683768,0.0,0.0,0.0,5.029945e-06,,True,False
tt,27,neg,neg_rep1,neg_ctl0,20,neighbor_column,0,147,0.00681224,0.00681224,0.0,0.0,0.0,5.029945e-06,,True,False
tt,27,neg,neg_rep1,neg_ctl0,21,shared_wbl_column,0,1,0.00985008,0.0098385,1.1580000000000618e-05,1.2866666666667353e-05,1.2943725133334023e-10,5.029880281374333e-06,2.4951436756664236e-08,True,False
tt,27,neg,neg_rep1,neg_ctl0,21,shared_wbl_column,0,4,0.00988373,0.00983722,4.650999999999961e-05,5.167777777777734e-05,5.198727598888844e-10,5.029685063620055e-06,1.0021514020314179e-07,True,False
tt,27,neg,neg_rep1,neg_ctl0,21,shared_wbl_column,0,16,0.0100179,0.00983209,0.0001858099999999998,0.0002064555555555553,2.076920178777775e-09,5.028906539910611e-06,4.003649795989231e-07,True,False
tt,27,neg,neg_rep1,neg_ctl0,21,shared_wbl_column,0,64,0.0105488,0.0098116,0.0007372000000000004,0.0008191111111111115,8.240167675555559e-09,5.025824916162222e-06,1.5884455247851384e-06,True,False
tt,27,neg,neg_rep1,neg_ctl0,21,shared_wbl_column,0,147,0.0114455,0.00977627,0.0016692300000000007,0.0018547000000000008,1.8658077983000008e-08,5.0206159610085e-06,3.596691431547879e-06,False,False
tt,27,neg,neg_rep1,neg_ctl0,22,neighbor_column,0,1,0.00983849,0.00983849,0.0,0.0,0.0,5.029945e-06,,True,False
tt,27,neg,neg_rep1,neg_ctl0,22,neighbor_column,0,4,0.00983721,0.00983721,0.0,0.0,0.0,5.029945e-06,,True,False
tt,27,neg,neg_rep1,neg_ctl0,22,neighbor_column,0,16,0.00983208,0.00983208,0.0,0.0,0.0,5.029945e-06,,True,False
tt,27,neg,neg_rep1,neg_ctl0,22,neighbor_column,0,64,0.00981159,0.00981159,0.0,0.0,0.0,5.029945e-06,,True,False
tt,27,neg,neg_rep1,neg_ctl0,22,neighbor_column,0,147,0.00977626,0.00977626,0.0,0.0,0.0,5.029945e-06,,True,False
tt,27,neg,neg_rep1,neg_ctl0,23,neighbor_column,0,1,0.00984536,0.00984536,0.0,0.0,0.0,5.029945e-06,,True,False
tt,27,neg,neg_rep1,neg_ctl0,23,neighbor_column,0,4,0.00984407,0.00984407,0.0,0.0,0.0,5.029945e-06,,True,False
tt,27,neg,neg_rep1,neg_ctl0,23,neighbor_column,0,16,0.00983894,0.00983894,0.0,0.0,0.0,5.029945e-06,,True,False
tt,27,neg,neg_rep1,neg_ctl0,23,neighbor_column,0,64,0.00981842,0.00981842,0.0,0.0,0.0,5.029945e-06,,True,False
tt,27,neg,neg_rep1,neg_ctl0,23,neighbor_column,0,147,0.00978304,0.00978304,0.0,0.0,0.0,5.029945e-06,,True,False
tt,27,neg,neg_rep1,neg_ctl0,30,neighbor_column,1,1,1.0041,1.0041,0.0,0.0,0.0,5.029945e-06,,True,False
tt,27,neg,neg_rep1,neg_ctl0,30,neighbor_column,1,4,1.00406,1.00406,0.0,0.0,0.0,5.029945e-06,,True,False
tt,27,neg,neg_rep1,neg_ctl0,30,neighbor_column,1,16,1.00391,1.00391,0.0,0.0,0.0,5.029945e-06,,True,False
tt,27,neg,neg_rep1,neg_ctl0,30,neighbor_column,1,64,1.00327,1.00327,0.0,0.0,0.0,5.029945e-06,,True,False
tt,27,neg,neg_rep1,neg_ctl0,30,neighbor_column,1,147,1.00218,1.00218,0.0,0.0,0.0,5.029945e-06,,True,False
tt,27,neg,neg_rep1,neg_ctl0,31,shared_wbl_column,1,1,1.00804,1.00803,-1.0000000000065512e-05,-1.1111111111183902e-05,-1.1177655555628782e-10,5.030000888277778e-06,,True,False
tt,27,neg,neg_rep1,neg_ctl0,31,shared_wbl_column,1,4,1.00803,1.00799,-4.0000000000040004e-05,-4.444444444448889e-05,-4.4710622222266934e-10,5.030168553111111e-06,,True,False
tt,27,neg,neg_rep1,neg_ctl0,31,shared_wbl_column,1,16,1.00798,1.00783,-0.0001500000000000945,-0.00016666666666677167,-1.6766483333343895e-09,5.0307833241666675e-06,,True,False
tt,27,neg,neg_rep1,neg_ctl0,31,shared_wbl_column,1,64,1.00779,1.00719,-0.0005999999999999339,-0.0006666666666665932,-6.706593333332594e-09,5.033298296666666e-06,,True,False
tt,27,neg,neg_rep1,neg_ctl0,31,shared_wbl_column,1,147,1.00745,1.0061,-0.0013499999999999623,-0.0014999999999999582,-1.5089834999999578e-08,5.0374899174999995e-06,,False,False
tt,27,neg,neg_rep1,neg_ctl0,32,neighbor_column,1,1,1.00803,1.00803,0.0,0.0,0.0,5.029945e-06,,True,False
tt,27,neg,neg_rep1,neg_ctl0,32,neighbor_column,1,4,1.00799,1.00799,0.0,0.0,0.0,5.029945e-06,,True,False
tt,27,neg,neg_rep1,neg_ctl0,32,neighbor_column,1,16,1.00783,1.00783,0.0,0.0,0.0,5.029945e-06,,True,False
tt,27,neg,neg_rep1,neg_ctl0,32,neighbor_column,1,64,1.00719,1.00719,0.0,0.0,0.0,5.029945e-06,,True,False
tt,27,neg,neg_rep1,neg_ctl0,32,neighbor_column,1,147,1.0061,1.0061,0.0,0.0,0.0,5.029945e-06,,True,False
tt,27,neg,neg_rep1,neg_ctl0,33,neighbor_column,1,1,1.00804,1.00804,0.0,0.0,0.0,5.029945e-06,,True,False
tt,27,neg,neg_rep1,neg_ctl0,33,neighbor_column,1,4,1.008,1.008,0.0,0.0,0.0,5.029945e-06,,True,False
tt,27,neg,neg_rep1,neg_ctl0,33,neighbor_column,1,16,1.00784,1.00784,0.0,0.0,0.0,5.029945e-06,,True,False
tt,27,neg,neg_rep1,neg_ctl0,33,neighbor_column,1,64,1.0072,1.0072,0.0,0.0,0.0,5.029945e-06,,True,False
tt,27,neg,neg_rep1,neg_ctl0,33,neighbor_column,1,147,1.0061,1.0061,0.0,0.0,0.0,5.029945e-06,,True,False
tt,27,neg,neg_rep0,neg_ctl1,00,half_selected_row0,1,1,1.01071,1.01067,-4.0000000000040004e-05,-4.444444444448889e-05,-4.4710622222266934e-10,5.030168553111111e-06,,True,False
tt,27,neg,neg_rep0,neg_ctl1,00,half_selected_row0,1,4,1.01085,1.01067,-0.000180000000000069,-0.00020000000000007666,-2.011978000000771e-09,5.030950989e-06,,True,False
tt,27,neg,neg_rep0,neg_ctl1,00,half_selected_row0,1,16,1.0114,1.01067,-0.0007300000000001194,-0.0008111111111112438,-8.15968855555689e-09,5.034024844277779e-06,,True,False
tt,27,neg,neg_rep0,neg_ctl1,00,half_selected_row0,1,64,1.0135,1.01066,-0.0028400000000001757,-0.0031555555555557507,-3.174454177777974e-08,5.04581727088889e-06,,False,False
tt,27,neg,neg_rep0,neg_ctl1,00,half_selected_row0,1,147,1.01677,1.01066,-0.00611000000000006,-0.006788888888888955,-6.82954754444451e-08,5.064092737722222e-06,,False,False
tt,27,neg,neg_rep0,neg_ctl1,01,target_cell,1,1,-0.216941,1.01457,1.231511,1.3683455555555555,1.3765405770877776e-05,-1.8527578854388883e-06,0.12192302760271305,False,
tt,27,neg,neg_rep0,neg_ctl1,01,target_cell,1,4,-0.216199,1.01457,1.230769,1.3675211111111112,1.3757111950455556e-05,-1.848610975227778e-06,0.12184956753091408,False,
tt,27,neg,neg_rep0,neg_ctl1,01,target_cell,1,16,-0.220115,1.01457,1.234685,1.3718722222222222,1.380088364961111e-05,-1.870496824805555e-06,0.12223726246509838,False,
tt,27,neg,neg_rep0,neg_ctl1,01,target_cell,1,64,-0.216115,1.01457,1.230685,1.3674277777777777,1.3756173027388887e-05,-1.8481415136944438e-06,0.12184125129637081,False,
tt,27,neg,neg_rep0,neg_ctl1,01,target_cell,1,147,-0.217039,1.01456,1.2315989999999999,1.3684433333333332,1.3766389404566665e-05,-1.8532497022833327e-06,0.12193173984842505,False,
tt,27,neg,neg_rep0,neg_ctl1,02,half_selected_row0,1,1,1.01461,1.01457,-4.0000000000040004e-05,-4.444444444448889e-05,-4.4710622222266934e-10,5.030168553111111e-06,,True,False
tt,27,neg,neg_rep0,neg_ctl1,02,half_selected_row0,1,4,1.01475,1.01457,-0.000180000000000069,-0.00020000000000007666,-2.011978000000771e-09,5.030950989e-06,,True,False
tt,27,neg,neg_rep0,neg_ctl1,02,half_selected_row0,1,16,1.01527,1.01457,-0.0006999999999999229,-0.0007777777777776921,-7.824358888888026e-09,5.033857179444444e-06,,True,False
tt,27,neg,neg_rep0,neg_ctl1,02,half_selected_row0,1,64,1.01727,1.01457,-0.0026999999999999247,-0.0029999999999999164,-3.0179669999999157e-08,5.045034834999999e-06,,False,False
tt,27,neg,neg_rep0,neg_ctl1,02,half_selected_row0,1,147,1.02042,1.01456,-0.005860000000000198,-0.006511111111111331,-6.550106155555776e-08,5.062695530777779e-06,,False,False
tt,27,neg,neg_rep0,neg_ctl1,03,half_selected_row0,1,1,1.01463,1.01458,-4.999999999988347e-05,-5.555555555542608e-05,-5.588827777764752e-10,5.030224441388888e-06,,True,False
tt,27,neg,neg_rep0,neg_ctl1,03,half_selected_row0,1,4,1.01476,1.01458,-0.000180000000000069,-0.00020000000000007666,-2.011978000000771e-09,5.030950989e-06,,True,False
tt,27,neg,neg_rep0,neg_ctl1,03,half_selected_row0,1,16,1.01529,1.01458,-0.0007099999999999884,-0.000788888888888876,-7.936135444444314e-09,5.033913067722222e-06,,True,False
tt,27,neg,neg_rep0,neg_ctl1,03,half_selected_row0,1,64,1.0173,1.01458,-0.0027200000000000557,-0.003022222222222284,-3.040322311111173e-08,5.045146611555555e-06,,False,False
tt,27,neg,neg_rep0,neg_ctl1,03,half_selected_row0,1,147,1.02047,1.01458,-0.005889999999999951,-0.006544444444444389,-6.583639122222166e-08,5.062863195611111e-06,,False,False
tt,27,neg,neg_rep0,neg_ctl1,10,neighbor_column,1,1,1.01341,1.01341,0.0,0.0,0.0,5.029945e-06,,True,False
tt,27,neg,neg_rep0,neg_ctl1,10,neighbor_column,1,4,1.01341,1.01341,0.0,0.0,0.0,5.029945e-06,,True,False
tt,27,neg,neg_rep0,neg_ctl1,10,neighbor_column,1,16,1.01341,1.01341,0.0,0.0,0.0,5.029945e-06,,True,False
tt,27,neg,neg_rep0,neg_ctl1,10,neighbor_column,1,64,1.0134,1.0134,0.0,0.0,0.0,5.029945e-06,,True,False
tt,27,neg,neg_rep0,neg_ctl1,10,neighbor_column,1,147,1.0134,1.0134,0.0,0.0,0.0,5.029945e-06,,True,False
tt,27,neg,neg_rep0,neg_ctl1,11,shared_wbl_column,1,1,1.0173,1.01731,9.999999999843467e-06,1.1111111110937185e-05,1.1177655555380587e-10,5.0298891117222225e-06,2.572020725348062e-08,True,False
tt,27,neg,neg_rep0,neg_ctl1,11,shared_wbl_column,1,4,1.01727,1.01731,4.0000000000040004e-05,4.444444444448889e-05,4.4710622222266934e-10,5.029721446888889e-06,1.0288082901563579e-07,True,False
tt,27,neg,neg_rep0,neg_ctl1,11,shared_wbl_column,1,16,1.01716,1.01731,0.00014999999999987246,0.00016666666666652496,1.6766483333319077e-09,5.0291066758333335e-06,3.858031088079203e-07,True,False
tt,27,neg,neg_rep0,neg_ctl1,11,shared_wbl_column,1,64,1.0167,1.01731,0.0006099999999999994,0.0006777777777777771,6.818369888888882e-09,5.026535815055555e-06,1.5689326424868751e-06,True,False
tt,27,neg,neg_rep0,neg_ctl1,11,shared_wbl_column,1,147,1.01592,1.0173,0.0013800000000001589,0.0015333333333335099,1.542516466666844e-08,5.022232417666666e-06,3.5493886010362936e-06,False,False
tt,27,neg,neg_rep0,neg_ctl1,12,neighbor_column,1,1,1.01731,1.01731,0.0,0.0,0.0,5.029945e-06,,True,False
tt,27,neg,neg_rep0,neg_ctl1,12,neighbor_column,1,4,1.01731,1.01731,0.0,0.0,0.0,5.029945e-06,,True,False
tt,27,neg,neg_rep0,neg_ctl1,12,neighbor_column,1,16,1.01731,1.01731,0.0,0.0,0.0,5.029945e-06,,True,False
tt,27,neg,neg_rep0,neg_ctl1,12,neighbor_column,1,64,1.01731,1.01731,0.0,0.0,0.0,5.029945e-06,,True,False
tt,27,neg,neg_rep0,neg_ctl1,12,neighbor_column,1,147,1.0173,1.0173,0.0,0.0,0.0,5.029945e-06,,True,False
tt,27,neg,neg_rep0,neg_ctl1,13,neighbor_column,1,1,1.01732,1.01732,0.0,0.0,0.0,5.029945e-06,,True,False
tt,27,neg,neg_rep0,neg_ctl1,13,neighbor_column,1,4,1.01732,1.01732,0.0,0.0,0.0,5.029945e-06,,True,False
tt,27,neg,neg_rep0,neg_ctl1,13,neighbor_column,1,16,1.01732,1.01732,0.0,0.0,0.0,5.029945e-06,,True,False
tt,27,neg,neg_rep0,neg_ctl1,13,neighbor_column,1,64,1.01732,1.01732,0.0,0.0,0.0,5.029945e-06,,True,False
tt,27,neg,neg_rep0,neg_ctl1,13,neighbor_column,1,147,1.01732,1.01732,0.0,0.0,0.0,5.029945e-06,,True,False
tt,27,neg,neg_rep0,neg_ctl1,20,neighbor_column,0,1,0.0102956,0.0102956,0.0,0.0,0.0,5.029945e-06,,True,False
tt,27,neg,neg_rep0,neg_ctl1,20,neighbor_column,0,4,0.0103493,0.0103493,0.0,0.0,0.0,5.029945e-06,,True,False
tt,27,neg,neg_rep0,neg_ctl1,20,neighbor_column,0,16,0.0105633,0.0105633,0.0,0.0,0.0,5.029945e-06,,True,False
tt,27,neg,neg_rep0,neg_ctl1,20,neighbor_column,0,64,0.0114056,0.0114056,0.0,0.0,0.0,5.029945e-06,,True,False
tt,27,neg,neg_rep0,neg_ctl1,20,neighbor_column,0,147,0.012813,0.012813,0.0,0.0,0.0,5.029945e-06,,True,False
tt,27,neg,neg_rep0,neg_ctl1,21,shared_wbl_column,0,1,0.0132801,0.013292,-1.1900000000000452e-05,-1.3222222222222725e-05,-1.3301410111111615e-10,5.030011507050556e-06,,True,False
tt,27,neg,neg_rep0,neg_ctl1,21,shared_wbl_column,0,4,0.0132932,0.013341,-4.780000000000062e-05,-5.31111111111118e-05,-5.342919355555625e-10,5.0302121459677775e-06,,True,False
tt,27,neg,neg_rep0,neg_ctl1,21,shared_wbl_column,0,16,0.0133456,0.0135363,-0.0001906999999999985,-0.00021188888888888722,-2.1315789144444275e-09,5.031010789457222e-06,,True,False
tt,27,neg,neg_rep0,neg_ctl1,21,shared_wbl_column,0,64,0.0135539,0.014306,-0.0007520999999999986,-0.0008356666666666651,-8.406714743333318e-09,5.034148357371667e-06,,True,False
tt,27,neg,neg_rep0,neg_ctl1,21,shared_wbl_column,0,147,0.0139078,0.0155958,-0.0016880000000000003,-0.0018755555555555559,-1.886788257777778e-08,5.039378941288889e-06,,False,False
tt,27,neg,neg_rep0,neg_ctl1,22,neighbor_column,0,1,0.013292,0.013292,0.0,0.0,0.0,5.029945e-06,,True,False
tt,27,neg,neg_rep0,neg_ctl1,22,neighbor_column,0,4,0.013341,0.013341,0.0,0.0,0.0,5.029945e-06,,True,False
tt,27,neg,neg_rep0,neg_ctl1,22,neighbor_column,0,16,0.0135363,0.0135363,0.0,0.0,0.0,5.029945e-06,,True,False
tt,27,neg,neg_rep0,neg_ctl1,22,neighbor_column,0,64,0.014306,0.014306,0.0,0.0,0.0,5.029945e-06,,True,False
tt,27,neg,neg_rep0,neg_ctl1,22,neighbor_column,0,147,0.0155958,0.0155958,0.0,0.0,0.0,5.029945e-06,,True,False
tt,27,neg,neg_rep0,neg_ctl1,23,neighbor_column,0,1,0.0133014,0.0133014,0.0,0.0,0.0,5.029945e-06,,True,False
tt,27,neg,neg_rep0,neg_ctl1,23,neighbor_column,0,4,0.0133504,0.0133504,0.0,0.0,0.0,5.029945e-06,,True,False
tt,27,neg,neg_rep0,neg_ctl1,23,neighbor_column,0,16,0.0135457,0.0135457,0.0,0.0,0.0,5.029945e-06,,True,False
tt,27,neg,neg_rep0,neg_ctl1,23,neighbor_column,0,64,0.0143158,0.0143158,0.0,0.0,0.0,5.029945e-06,,True,False
tt,27,neg,neg_rep0,neg_ctl1,23,neighbor_column,0,147,0.0156061,0.0156061,0.0,0.0,0.0,5.029945e-06,,True,False
tt,27,neg,neg_rep0,neg_ctl1,30,neighbor_column,1,1,1.0085,1.0085,0.0,0.0,0.0,5.029945e-06,,True,False
tt,27,neg,neg_rep0,neg_ctl1,30,neighbor_column,1,4,1.0085,1.0085,0.0,0.0,0.0,5.029945e-06,,True,False
tt,27,neg,neg_rep0,neg_ctl1,30,neighbor_column,1,16,1.0085,1.0085,0.0,0.0,0.0,5.029945e-06,,True,False
tt,27,neg,neg_rep0,neg_ctl1,30,neighbor_column,1,64,1.0085,1.0085,0.0,0.0,0.0,5.029945e-06,,True,False
tt,27,neg,neg_rep0,neg_ctl1,30,neighbor_column,1,147,1.00849,1.00849,0.0,0.0,0.0,5.029945e-06,,True,False
tt,27,neg,neg_rep0,neg_ctl1,31,shared_wbl_column,1,1,1.01242,1.01242,0.0,0.0,0.0,5.029945e-06,,True,False
tt,27,neg,neg_rep0,neg_ctl1,31,shared_wbl_column,1,4,1.01239,1.01242,3.0000000000196536e-05,3.333333333355171e-05,3.3532966666886343e-10,5.029777335166665e-06,7.716062176216404e-08,True,False
tt,27,neg,neg_rep0,neg_ctl1,31,shared_wbl_column,1,16,1.01227,1.01242,0.0001500000000000945,0.00016666666666677167,1.6766483333343895e-09,5.029106675833333e-06,3.858031088085358e-07,True,False
tt,27,neg,neg_rep0,neg_ctl1,31,shared_wbl_column,1,64,1.01182,1.01242,0.000600000000000156,0.0006666666666668399,6.7065933333350754e-09,5.026591703333332e-06,1.543212435233572e-06,True,False
tt,27,neg,neg_rep0,neg_ctl1,31,shared_wbl_column,1,147,1.01104,1.01242,0.0013800000000001589,0.0015333333333335099,1.542516466666844e-08,5.022232417666666e-06,3.549388601036702e-06,False,False
tt,27,neg,neg_rep0,neg_ctl1,32,neighbor_column,1,1,1.01242,1.01242,0.0,0.0,0.0,5.029945e-06,,True,False
tt,27,neg,neg_rep0,neg_ctl1,32,neighbor_column,1,4,1.01242,1.01242,0.0,0.0,0.0,5.029945e-06,,True,False
tt,27,neg,neg_rep0,neg_ctl1,32,neighbor_column,1,16,1.01242,1.01242,0.0,0.0,0.0,5.029945e-06,,True,False
tt,27,neg,neg_rep0,neg_ctl1,32,neighbor_column,1,64,1.01242,1.01242,0.0,0.0,0.0,5.029945e-06,,True,False
tt,27,neg,neg_rep0,neg_ctl1,32,neighbor_column,1,147,1.01242,1.01242,0.0,0.0,0.0,5.029945e-06,,True,False
tt,27,neg,neg_rep0,neg_ctl1,33,neighbor_column,1,1,1.01244,1.01244,0.0,0.0,0.0,5.029945e-06,,True,False
tt,27,neg,neg_rep0,neg_ctl1,33,neighbor_column,1,4,1.01244,1.01244,0.0,0.0,0.0,5.029945e-06,,True,False
tt,27,neg,neg_rep0,neg_ctl1,33,neighbor_column,1,16,1.01244,1.01244,0.0,0.0,0.0,5.029945e-06,,True,False
tt,27,neg,neg_rep0,neg_ctl1,33,neighbor_column,1,64,1.01243,1.01243,0.0,0.0,0.0,5.029945e-06,,True,False
tt,27,neg,neg_rep0,neg_ctl1,33,neighbor_column,1,147,1.01243,1.01243,0.0,0.0,0.0,5.029945e-06,,True,False
tt,125,std,rep1,ctl0,00,half_selected_row0,0,1,-0.131863,0.0197436,-0.1516066,-0.16845177777777778,-1.6946063547488887e-06,5.8772481773744445e-06,,False,False
tt,125,std,rep1,ctl0,00,half_selected_row0,0,4,-0.135045,0.0194379,-0.1544829,-0.17164766666666667,-1.7267566454233332e-06,5.8933233227116666e-06,,False,False
tt,125,std,rep1,ctl0,00,half_selected_row0,0,16,-0.132502,0.0182534,-0.1507554,-0.16750600000000002,-1.68509193434e-06,5.8724909671699996e-06,,False,False
tt,125,std,rep1,ctl0,00,half_selected_row0,0,64,-0.1324,0.0140974,-0.1464974,-0.16277488888888889,-1.6374974769844443e-06,5.848693738492222e-06,,False,False
tt,125,std,rep1,ctl0,00,half_selected_row0,0,147,-0.132799,0.00882555,-0.14162455,-0.1573606111111111,-1.5830304381105554e-06,5.821460219055278e-06,,False,False
tt,125,std,rep1,ctl0,01,target_cell,0,1,1.07527,0.0320522,1.0432177999999999,1.1591308888888887,1.1660729237824442e-05,-8.004196189122212e-07,0.00012285962418030804,False,
tt,125,std,rep1,ctl0,01,target_cell,0,4,1.13055,0.0316132,1.0989368,1.2210408888888888,1.2283537027724444e-05,-1.1118235138622219e-06,0.00012942164353973862,False,
tt,125,std,rep1,ctl0,01,target_cell,0,16,1.18273,0.0298993,1.1528307,1.280923,1.288594447847e-05,-1.413027239235e-06,0.00013576872111031987,False,
tt,125,std,rep1,ctl0,01,target_cell,0,64,1.22821,0.0237122,1.2044978,1.3383308888888887,1.3463461525824443e-05,-1.7017857629122214e-06,0.00014185354873546811,False,
tt,125,std,rep1,ctl0,01,target_cell,0,147,1.2478,0.0154104,1.2323896,1.3693217777777777,1.3775226459048888e-05,-1.8576682295244441e-06,0.00014513836238196873,False,
tt,125,std,rep1,ctl0,02,half_selected_row0,0,1,-0.131505,0.0320522,-0.1635572,-0.18173022222222224,-1.828186045231111e-06,5.944038022615556e-06,,False,False
tt,125,std,rep1,ctl0,02,half_selected_row0,0,4,-0.134601,0.0316132,-0.1662142,-0.18468244444444445,-1.8578850760422222e-06,5.958887538021111e-06,,False,False
tt,125,std,rep1,ctl0,02,half_selected_row0,0,16,-0.13215,0.0298993,-0.16204929999999998,-0.18005477777777776,-1.8113312584188885e-06,5.935610629209443e-06,,False,False
tt,125,std,rep1,ctl0,02,half_selected_row0,0,64,-0.132048,0.0237121,-0.1557601,-0.1730667777777778,-1.741032747098889e-06,5.900461373549443e-06,,False,False
tt,125,std,rep1,ctl0,02,half_selected_row0,0,147,-0.132363,0.0154104,-0.1477734,-0.16419266666666665,-1.651760165473333e-06,5.855825082736666e-06,,False,False
tt,125,std,rep1,ctl0,03,half_selected_row0,0,1,-0.128237,0.0321459,-0.1603829,-0.1782032222222222,-1.7927048132011108e-06,5.926297406600555e-06,,False,False
tt,125,std,rep1,ctl0,03,half_selected_row0,0,4,-0.131324,0.0317047,-0.1630287,-0.181143,-1.8222786542699998e-06,5.941084327135e-06,,False,False
tt,125,std,rep1,ctl0,03,half_selected_row0,0,16,-0.128877,0.0299823,-0.15885929999999998,-0.1765103333333333,-1.775674537196666e-06,5.917782268598333e-06,,False,False
tt,125,std,rep1,ctl0,03,half_selected_row0,0,64,-0.128775,0.0237655,-0.1525405,-0.16948944444444444,-1.705045167272222e-06,5.8824675836361106e-06,,False,False
tt,125,std,rep1,ctl0,03,half_selected_row0,0,147,-0.129099,0.0154278,-0.14452679999999998,-0.1605853333333333,-1.6154707889466662e-06,5.837680394473333e-06,,False,False
tt,125,std,rep1,ctl0,10,neighbor_column,1,1,1.03239,1.03239,0.0,0.0,0.0,5.029945e-06,,True,False
tt,125,std,rep1,ctl0,10,neighbor_column,1,4,1.03111,1.03111,0.0,0.0,0.0,5.029945e-06,,True,False
tt,125,std,rep1,ctl0,10,neighbor_column,1,16,1.026,1.026,0.0,0.0,0.0,5.029945e-06,,True,False
tt,125,std,rep1,ctl0,10,neighbor_column,1,64,1.00564,1.00564,0.0,0.0,0.0,5.029945e-06,,True,False
tt,125,std,rep1,ctl0,10,neighbor_column,1,147,0.970831,0.970831,0.0,0.0,0.0,5.029945e-06,,True,False
tt,125,std,rep1,ctl0,11,shared_wbl_column,1,1,1.04659,1.04648,-0.00010999999999983245,-0.00012222222222203606,-1.2295421111092382e-09,5.030559771055555e-06,,True,False
tt,125,std,rep1,ctl0,11,shared_wbl_column,1,4,1.0456,1.0452,-0.000400000000000178,-0.0004444444444446422,-4.471062222224211e-09,5.032180531111112e-06,,True,False
tt,125,std,rep1,ctl0,11,shared_wbl_column,1,16,1.04167,1.04008,-0.0015900000000002024,-0.0017666666666668915,-1.7772472333335592e-08,5.0388312361666675e-06,,False,False
tt,125,std,rep1,ctl0,11,shared_wbl_column,1,64,1.02598,1.01967,-0.006309999999999816,-0.0070111111111109065,-7.05310065555535e-08,5.065210503277776e-06,,False,False
tt,125,std,rep1,ctl0,11,shared_wbl_column,1,147,0.998954,0.984767,-0.01418700000000006,-0.0157633333333334,-1.5857739936666732e-07,5.109233699683333e-06,,False,False
tt,125,std,rep1,ctl0,12,neighbor_column,1,1,1.04648,1.04648,0.0,0.0,0.0,5.029945e-06,,True,False
tt,125,std,rep1,ctl0,12,neighbor_column,1,4,1.0452,1.0452,0.0,0.0,0.0,5.029945e-06,,True,False
tt,125,std,rep1,ctl0,12,neighbor_column,1,16,1.04008,1.04008,0.0,0.0,0.0,5.029945e-06,,True,False
tt,125,std,rep1,ctl0,12,neighbor_column,1,64,1.01967,1.01967,0.0,0.0,0.0,5.029945e-06,,True,False
tt,125,std,rep1,ctl0,12,neighbor_column,1,147,0.984767,0.984767,0.0,0.0,0.0,5.029945e-06,,True,False
tt,125,std,rep1,ctl0,13,neighbor_column,1,1,1.04664,1.04664,0.0,0.0,0.0,5.029945e-06,,True,False
tt,125,std,rep1,ctl0,13,neighbor_column,1,4,1.04535,1.04535,0.0,0.0,0.0,5.029945e-06,,True,False
tt,125,std,rep1,ctl0,13,neighbor_column,1,16,1.04021,1.04021,0.0,0.0,0.0,5.029945e-06,,True,False
tt,125,std,rep1,ctl0,13,neighbor_column,1,64,1.01973,1.01973,0.0,0.0,0.0,5.029945e-06,,True,False
tt,125,std,rep1,ctl0,13,neighbor_column,1,147,0.984715,0.984715,0.0,0.0,0.0,5.029945e-06,,True,False
tt,125,std,rep1,ctl0,20,neighbor_column,0,1,0.0282845,0.0282845,0.0,0.0,0.0,5.029945e-06,,True,False
tt,125,std,rep1,ctl0,20,neighbor_column,0,4,0.027885,0.027885,0.0,0.0,0.0,5.029945e-06,,True,False
tt,125,std,rep1,ctl0,20,neighbor_column,0,16,0.0263284,0.0263284,0.0,0.0,0.0,5.029945e-06,,True,False
tt,125,std,rep1,ctl0,20,neighbor_column,0,64,0.0207502,0.0207502,0.0,0.0,0.0,5.029945e-06,,True,False
tt,125,std,rep1,ctl0,20,neighbor_column,0,147,0.0133733,0.0133733,0.0,0.0,0.0,5.029945e-06,,True,False
tt,125,std,rep1,ctl0,21,shared_wbl_column,0,1,0.0406033,0.0405693,3.399999999999931e-05,3.7777777777777006e-05,3.8004028888888107e-10,5.029754979855555e-06,1.2100025809411586e-08,True,False
tt,125,std,rep1,ctl0,21,shared_wbl_column,0,4,0.0401958,0.0400602,0.0001355999999999996,0.00015066666666666622,1.5156900933333287e-09,5.029187154953333e-06,4.825774999283058e-08,True,False
tt,125,std,rep1,ctl0,21,shared_wbl_column,0,16,0.0386027,0.0380637,0.0005389999999999978,0.0005988888888888864,6.0247563444444195e-09,5.026932621827777e-06,1.918209973903809e-07,True,False
tt,125,std,rep1,ctl0,21,shared_wbl_column,0,64,0.0328188,0.0307335,0.0020853000000000017,0.002317000000000002,2.3308765130000018e-08,5.018290617435e-06,7.421230535401916e-07,False,False
tt,125,std,rep1,ctl0,21,shared_wbl_column,0,147,0.024948,0.0205358,0.0044122000000000015,0.004902444444444446,4.9318051842222235e-08,5.005285974078889e-06,1.570227466949615e-06,False,False
tt,125,std,rep1,ctl0,22,neighbor_column,0,1,0.0405693,0.0405693,0.0,0.0,0.0,5.029945e-06,,True,False
tt,125,std,rep1,ctl0,22,neighbor_column,0,4,0.0400601,0.0400601,0.0,0.0,0.0,5.029945e-06,,True,False
tt,125,std,rep1,ctl0,22,neighbor_column,0,16,0.0380637,0.0380637,0.0,0.0,0.0,5.029945e-06,,True,False
tt,125,std,rep1,ctl0,22,neighbor_column,0,64,0.0307335,0.0307335,0.0,0.0,0.0,5.029945e-06,,True,False
tt,125,std,rep1,ctl0,22,neighbor_column,0,147,0.0205358,0.0205358,0.0,0.0,0.0,5.029945e-06,,True,False
tt,125,std,rep1,ctl0,23,neighbor_column,0,1,0.0406874,0.0406874,0.0,0.0,0.0,5.029945e-06,,True,False
tt,125,std,rep1,ctl0,23,neighbor_column,0,4,0.0401758,0.0401758,0.0,0.0,0.0,5.029945e-06,,True,False
tt,125,std,rep1,ctl0,23,neighbor_column,0,16,0.0381699,0.0381699,0.0,0.0,0.0,5.029945e-06,,True,False
tt,125,std,rep1,ctl0,23,neighbor_column,0,64,0.0308056,0.0308056,0.0,0.0,0.0,5.029945e-06,,True,False
tt,125,std,rep1,ctl0,23,neighbor_column,0,147,0.0205638,0.0205638,0.0,0.0,0.0,5.029945e-06,,True,False
tt,125,std,rep1,ctl0,30,neighbor_column,1,1,1.01469,1.01469,0.0,0.0,0.0,5.029945e-06,,True,False
tt,125,std,rep1,ctl0,30,neighbor_column,1,4,1.01339,1.01339,0.0,0.0,0.0,5.029945e-06,,True,False
tt,125,std,rep1,ctl0,30,neighbor_column,1,16,1.00821,1.00821,0.0,0.0,0.0,5.029945e-06,,True,False
tt,125,std,rep1,ctl0,30,neighbor_column,1,64,0.987585,0.987585,0.0,0.0,0.0,5.029945e-06,,True,False
tt,125,std,rep1,ctl0,30,neighbor_column,1,147,0.952322,0.952322,0.0,0.0,0.0,5.029945e-06,,True,False
tt,125,std,rep1,ctl0,31,shared_wbl_column,1,1,1.02921,1.02911,-9.999999999998899e-05,-0.00011111111111109886,-1.1177655555554322e-09,5.030503882777778e-06,,True,False
tt,125,std,rep1,ctl0,31,shared_wbl_column,1,4,1.02821,1.02781,-0.000400000000000178,-0.0004444444444446422,-4.471062222224211e-09,5.032180531111112e-06,,True,False
tt,125,std,rep1,ctl0,31,shared_wbl_column,1,16,1.02421,1.02261,-0.0016000000000000458,-0.0017777777777778286,-1.7884248888889397e-08,5.0388871244444446e-06,,False,False
tt,125,std,rep1,ctl0,31,shared_wbl_column,1,64,1.00825,1.00193,-0.006320000000000103,-0.007022222222222337,-7.064278311111226e-08,5.0652663915555555e-06,,False,False
tt,125,std,rep1,ctl0,31,shared_wbl_column,1,147,0.980766,0.966573,-0.014193000000000011,-0.015770000000000013,-1.586444653000001e-07,5.10926723265e-06,,False,False
tt,125,std,rep1,ctl0,32,neighbor_column,1,1,1.02911,1.02911,0.0,0.0,0.0,5.029945e-06,,True,False
tt,125,std,rep1,ctl0,32,neighbor_column,1,4,1.02781,1.02781,0.0,0.0,0.0,5.029945e-06,,True,False
tt,125,std,rep1,ctl0,32,neighbor_column,1,16,1.02261,1.02261,0.0,0.0,0.0,5.029945e-06,,True,False
tt,125,std,rep1,ctl0,32,neighbor_column,1,64,1.00193,1.00193,0.0,0.0,0.0,5.029945e-06,,True,False
tt,125,std,rep1,ctl0,32,neighbor_column,1,147,0.966573,0.966573,0.0,0.0,0.0,5.029945e-06,,True,False
tt,125,std,rep1,ctl0,33,neighbor_column,1,1,1.02921,1.02921,0.0,0.0,0.0,5.029945e-06,,True,False
tt,125,std,rep1,ctl0,33,neighbor_column,1,4,1.0279,1.0279,0.0,0.0,0.0,5.029945e-06,,True,False
tt,125,std,rep1,ctl0,33,neighbor_column,1,16,1.02269,1.02269,0.0,0.0,0.0,5.029945e-06,,True,False
tt,125,std,rep1,ctl0,33,neighbor_column,1,64,1.00194,1.00194,0.0,0.0,0.0,5.029945e-06,,True,False
tt,125,std,rep1,ctl0,33,neighbor_column,1,147,0.96646,0.96646,0.0,0.0,0.0,5.029945e-06,,True,False
tt,125,std,rep0,ctl1,00,half_selected_row0,1,1,1.10056,1.03876,-0.06180000000000008,-0.06866666666666675,-6.907791133333341e-07,5.375334556666666e-06,,False,False
tt,125,std,rep0,ctl1,00,half_selected_row0,1,4,1.14814,1.03789,-0.11024999999999996,-0.12249999999999996,-1.2323365249999994e-06,5.6461132625e-06,,False,False
tt,125,std,rep0,ctl1,00,half_selected_row0,1,16,1.19848,1.03441,-0.16406999999999994,-0.18229999999999993,-1.8339179469999993e-06,5.946903973499999e-06,,False,False
tt,125,std,rep0,ctl1,00,half_selected_row0,1,64,1.24446,1.02048,-0.22397999999999985,-0.2488666666666665,-2.5035712913333314e-06,6.281730645666665e-06,,False,False
tt,125,std,rep0,ctl1,00,half_selected_row0,1,147,1.26542,0.996426,-0.26899399999999996,-0.29888222222222216,-3.0067222785111103e-06,6.533306139255555e-06,,False,False
tt,125,std,rep0,ctl1,01,target_cell,1,1,-0.11756,1.05288,1.1704400000000001,1.300488888888889,1.3082775168444444e-05,-1.5114425842222228e-06,0.00034912474371762663,False,
tt,125,std,rep0,ctl1,01,target_cell,1,4,-0.120623,1.05201,1.1726329999999998,1.3029255555555552,1.3107287767077774e-05,-1.5236988835388872e-06,0.0003497788828131571,False,
tt,125,std,rep0,ctl1,01,target_cell,1,16,-0.118199,1.04854,1.166739,1.2963766666666665,1.304140666523333e-05,-1.4907583326166658e-06,0.0003480207907798434,False,
tt,125,std,rep0,ctl1,01,target_cell,1,64,-0.118097,1.03468,1.152777,1.2808633333333332,1.2885344238366664e-05,-1.4127271191833327e-06,0.00034385613503346983,False,
tt,125,std,rep0,ctl1,01,target_cell,1,147,-0.11841,1.01073,1.1291399999999998,1.2545999999999997,1.2621137993999995e-05,-1.2806239969999985e-06,0.0003368055715126968,False,
tt,125,std,rep0,ctl1,02,half_selected_row0,1,1,1.10462,1.05288,-0.0517399999999999,-0.05748888888888877,-5.783318984444432e-07,5.319110949222221e-06,,False,False
tt,125,std,rep0,ctl1,02,half_selected_row0,1,4,1.14992,1.05201,-0.09791000000000016,-0.10878888888888907,-1.0944042554444462e-06,5.5771471277222225e-06,,False,False
tt,125,std,rep0,ctl1,02,half_selected_row0,1,16,1.19954,1.04854,-0.15100000000000002,-0.1677777777777778,-1.687825988888889e-06,5.873857994444444e-06,,False,False
tt,125,std,rep0,ctl1,02,half_selected_row0,1,64,1.24536,1.03468,-0.21067999999999998,-0.23408888888888885,-2.354908472444444e-06,6.207399236222221e-06,,False,False
tt,125,std,rep0,ctl1,02,half_selected_row0,1,147,1.26633,1.01073,-0.25560000000000005,-0.28400000000000003,-2.85700876e-06,6.45844938e-06,,False,False
tt,125,std,rep0,ctl1,03,half_selected_row0,1,1,1.11099,1.05305,-0.05793999999999988,-0.06437777777777764,-6.476333628888875e-07,5.353761681444444e-06,,False,False
tt,125,std,rep0,ctl1,03,half_selected_row0,1,4,1.15778,1.05218,-0.10560000000000014,-0.11733333333333348,-1.180360426666668e-06,5.620125213333334e-06,,False,False
tt,125,std,rep0,ctl1,03,half_selected_row0,1,16,1.20788,1.04871,-0.15917000000000003,-0.1768555555555556,-1.779147434777778e-06,5.919518717388889e-06,,False,False
tt,125,std,rep0,ctl1,03,half_selected_row0,1,64,1.2538,1.03479,-0.21900999999999993,-0.24334444444444436,-2.448018343222221e-06,6.25395417161111e-06,,False,False
tt,125,std,rep0,ctl1,03,half_selected_row0,1,147,1.27476,1.01077,-0.26398999999999995,-0.29332222222222215,-2.95078929011111e-06,6.505339645055555e-06,,False,False
tt,125,std,rep0,ctl1,10,neighbor_column,1,1,1.04841,1.04841,0.0,0.0,0.0,5.029945e-06,,True,False
tt,125,std,rep0,ctl1,10,neighbor_column,1,4,1.04755,1.04755,0.0,0.0,0.0,5.029945e-06,,True,False
tt,125,std,rep0,ctl1,10,neighbor_column,1,16,1.04411,1.04411,0.0,0.0,0.0,5.029945e-06,,True,False
tt,125,std,rep0,ctl1,10,neighbor_column,1,64,1.03033,1.03033,0.0,0.0,0.0,5.029945e-06,,True,False
tt,125,std,rep0,ctl1,10,neighbor_column,1,147,1.00653,1.00653,0.0,0.0,0.0,5.029945e-06,,True,False
tt,125,std,rep0,ctl1,11,shared_wbl_column,1,1,1.06238,1.06248,9.999999999998899e-05,0.00011111111111109886,1.1177655555554322e-09,5.0293861172222225e-06,8.043686095311269e-09,True,False
tt,125,std,rep0,ctl1,11,shared_wbl_column,1,4,1.06122,1.06162,0.00039999999999995595,0.00044444444444439546,4.471062222221729e-09,5.027709468888889e-06,3.2174744381245076e-08,True,False
tt,125,std,rep0,ctl1,11,shared_wbl_column,1,16,1.05659,1.05818,0.0015899999999999803,0.0017666666666666447,1.777247233333311e-08,5.021058763833333e-06,1.2789460891546167e-07,False,False
tt,125,std,rep0,ctl1,11,shared_wbl_column,1,64,1.03813,1.04443,0.006299999999999972,0.006999999999999969,7.041922999999969e-08,4.994735385e-06,5.067522240046635e-07,False,False
tt,125,std,rep0,ctl1,11,shared_wbl_column,1,147,1.00647,1.02068,0.014210000000000056,0.01578888888888895,1.5883448544444503e-07,4.950527757277777e-06,1.1430077941438616e-06,False,False
tt,125,std,rep0,ctl1,12,neighbor_column,1,1,1.06248,1.06248,0.0,0.0,0.0,5.029945e-06,,True,False
tt,125,std,rep0,ctl1,12,neighbor_column,1,4,1.06162,1.06162,0.0,0.0,0.0,5.029945e-06,,True,False
tt,125,std,rep0,ctl1,12,neighbor_column,1,16,1.05818,1.05818,0.0,0.0,0.0,5.029945e-06,,True,False
tt,125,std,rep0,ctl1,12,neighbor_column,1,64,1.04443,1.04443,0.0,0.0,0.0,5.029945e-06,,True,False
tt,125,std,rep0,ctl1,12,neighbor_column,1,147,1.02068,1.02068,0.0,0.0,0.0,5.029945e-06,,True,False
tt,125,std,rep0,ctl1,13,neighbor_column,1,1,1.06269,1.06269,0.0,0.0,0.0,5.029945e-06,,True,False
tt,125,std,rep0,ctl1,13,neighbor_column,1,4,1.06182,1.06182,0.0,0.0,0.0,5.029945e-06,,True,False
tt,125,std,rep0,ctl1,13,neighbor_column,1,16,1.05837,1.05837,0.0,0.0,0.0,5.029945e-06,,True,False
tt,125,std,rep0,ctl1,13,neighbor_column,1,64,1.04458,1.04458,0.0,0.0,0.0,5.029945e-06,,True,False
tt,125,std,rep0,ctl1,13,neighbor_column,1,147,1.02075,1.02075,0.0,0.0,0.0,5.029945e-06,,True,False
tt,125,std,rep0,ctl1,20,neighbor_column,0,1,0.0422951,0.0422951,0.0,0.0,0.0,5.029945e-06,,True,False
tt,125,std,rep0,ctl1,20,neighbor_column,0,4,0.0420631,0.0420631,0.0,0.0,0.0,5.029945e-06,,True,False
tt,125,std,rep0,ctl1,20,neighbor_column,0,16,0.0411645,0.0411645,0.0,0.0,0.0,5.029945e-06,,True,False
tt,125,std,rep0,ctl1,20,neighbor_column,0,64,0.0380135,0.0380135,0.0,0.0,0.0,5.029945e-06,,True,False
tt,125,std,rep0,ctl1,20,neighbor_column,0,147,0.0340079,0.0340079,0.0,0.0,0.0,5.029945e-06,,True,False
tt,125,std,rep0,ctl1,21,shared_wbl_column,0,1,0.0545252,0.0545591,-3.389999999999643e-05,-3.7666666666662706e-05,-3.7892252333329347e-10,5.030134461261666e-06,,True,False
tt,125,std,rep0,ctl1,21,shared_wbl_column,0,4,0.0540575,0.0541929,-0.0001354000000000008,-0.00015044444444444532,-1.5134545622222309e-09,5.030701727281111e-06,,True,False
tt,125,std,rep0,ctl1,21,shared_wbl_column,0,16,0.052226,0.0527628,-0.000536799999999997,-0.0005964444444444411,-6.000165502222188e-09,5.03294508275111e-06,,True,False
tt,125,std,rep0,ctl1,21,shared_wbl_column,0,64,0.0455299,0.0475927,-0.0020628000000000035,-0.0022920000000000037,-2.3057267880000037e-08,5.041473633939999e-06,,False,False
tt,125,std,rep0,ctl1,21,shared_wbl_column,0,147,0.0362935,0.0406107,-0.0043172,-0.004796888888888889,-4.825617456444444e-08,5.054073087282222e-06,,False,False
tt,125,std,rep0,ctl1,22,neighbor_column,0,1,0.054559,0.054559,0.0,0.0,0.0,5.029945e-06,,True,False
tt,125,std,rep0,ctl1,22,neighbor_column,0,4,0.0541928,0.0541928,0.0,0.0,0.0,5.029945e-06,,True,False
tt,125,std,rep0,ctl1,22,neighbor_column,0,16,0.0527627,0.0527627,0.0,0.0,0.0,5.029945e-06,,True,False
tt,125,std,rep0,ctl1,22,neighbor_column,0,64,0.0475926,0.0475926,0.0,0.0,0.0,5.029945e-06,,True,False
tt,125,std,rep0,ctl1,22,neighbor_column,0,147,0.0406106,0.0406106,0.0,0.0,0.0,5.029945e-06,,True,False
tt,125,std,rep0,ctl1,23,neighbor_column,0,1,0.054718,0.054718,0.0,0.0,0.0,5.029945e-06,,True,False
tt,125,std,rep0,ctl1,23,neighbor_column,0,4,0.0543492,0.0543492,0.0,0.0,0.0,5.029945e-06,,True,False
tt,125,std,rep0,ctl1,23,neighbor_column,0,16,0.052909,0.052909,0.0,0.0,0.0,5.029945e-06,,True,False
tt,125,std,rep0,ctl1,23,neighbor_column,0,64,0.0477023,0.0477023,0.0,0.0,0.0,5.029945e-06,,True,False
tt,125,std,rep0,ctl1,23,neighbor_column,0,147,0.0406717,0.0406717,0.0,0.0,0.0,5.029945e-06,,True,False
tt,125,std,rep0,ctl1,30,neighbor_column,1,1,1.03102,1.03102,0.0,0.0,0.0,5.029945e-06,,True,False
tt,125,std,rep0,ctl1,30,neighbor_column,1,4,1.03014,1.03014,0.0,0.0,0.0,5.029945e-06,,True,False
tt,125,std,rep0,ctl1,30,neighbor_column,1,16,1.02663,1.02663,0.0,0.0,0.0,5.029945e-06,,True,False
tt,125,std,rep0,ctl1,30,neighbor_column,1,64,1.01258,1.01258,0.0,0.0,0.0,5.029945e-06,,True,False
tt,125,std,rep0,ctl1,30,neighbor_column,1,147,0.988324,0.988324,0.0,0.0,0.0,5.029945e-06,,True,False
tt,125,std,rep0,ctl1,31,shared_wbl_column,1,1,1.04531,1.04541,9.999999999998899e-05,0.00011111111111109886,1.1177655555554322e-09,5.0293861172222225e-06,7.937700881077534e-09,True,False
tt,125,std,rep0,ctl1,31,shared_wbl_column,1,4,1.04413,1.04453,0.00039999999999995595,0.00044444444444439546,4.471062222221729e-09,5.027709468888889e-06,3.1750803524310136e-08,True,False
tt,125,std,rep0,ctl1,31,shared_wbl_column,1,16,1.03943,1.04103,0.0015999999999998238,0.0017777777777775818,1.7884248888886916e-08,5.0210028755555564e-06,1.2700321409724054e-07,False,False
tt,125,std,rep0,ctl1,31,shared_wbl_column,1,64,1.0207,1.02701,0.006310000000000038,0.007011111111111153,7.053100655555597e-08,4.994679496722222e-06,5.008689255960505e-07,False,False
tt,125,std,rep0,ctl1,31,shared_wbl_column,1,147,0.988579,1.0028,0.014220999999999928,0.01580111111111103,1.5895743965555473e-07,4.950466280172222e-06,1.1288204422981547e-06,False,False
tt,125,std,rep0,ctl1,32,neighbor_column,1,1,1.04541,1.04541,0.0,0.0,0.0,5.029945e-06,,True,False
tt,125,std,rep0,ctl1,32,neighbor_column,1,4,1.04453,1.04453,0.0,0.0,0.0,5.029945e-06,,True,False
tt,125,std,rep0,ctl1,32,neighbor_column,1,16,1.04103,1.04103,0.0,0.0,0.0,5.029945e-06,,True,False
tt,125,std,rep0,ctl1,32,neighbor_column,1,64,1.02701,1.02701,0.0,0.0,0.0,5.029945e-06,,True,False
tt,125,std,rep0,ctl1,32,neighbor_column,1,147,1.0028,1.0028,0.0,0.0,0.0,5.029945e-06,,True,False
tt,125,std,rep0,ctl1,33,neighbor_column,1,1,1.04556,1.04556,0.0,0.0,0.0,5.029945e-06,,True,False
tt,125,std,rep0,ctl1,33,neighbor_column,1,4,1.04468,1.04468,0.0,0.0,0.0,5.029945e-06,,True,False
tt,125,std,rep0,ctl1,33,neighbor_column,1,16,1.04117,1.04117,0.0,0.0,0.0,5.029945e-06,,True,False
tt,125,std,rep0,ctl1,33,neighbor_column,1,64,1.0271,1.0271,0.0,0.0,0.0,5.029945e-06,,True,False
tt,125,std,rep0,ctl1,33,neighbor_column,1,147,1.00281,1.00281,0.0,0.0,0.0,5.029945e-06,,True,False
tt,125,neg,neg_rep1,neg_ctl0,00,half_selected_row0,0,1,-0.197785,0.00425645,-0.20204144999999998,-0.22449049999999998,-2.2583497360449995e-06,6.159119868022499e-06,,False,False
tt,125,neg,neg_rep1,neg_ctl0,00,half_selected_row0,0,4,-0.203925,0.00406835,-0.20799335,-0.2311037222222222,-2.3248780241461105e-06,6.192384012073054e-06,,False,False
tt,125,neg,neg_rep1,neg_ctl0,00,half_selected_row0,0,16,-0.197528,0.00339421,-0.20092221000000002,-0.22324690000000003,-2.2458392568410002e-06,6.152864628420499e-06,,False,False
tt,125,neg,neg_rep1,neg_ctl0,00,half_selected_row0,0,64,-0.197544,0.00163779,-0.19918179,-0.22131309999999998,-2.226385441559e-06,6.143137720779499e-06,,False,False
tt,125,neg,neg_rep1,neg_ctl0,00,half_selected_row0,0,147,-0.20316,0.000461314,-0.203621314,-0.22624590444444442,-2.276008911661622e-06,6.167949455830811e-06,,False,False
tt,125,neg,neg_rep1,neg_ctl0,01,target_cell,0,1,0.919177,0.00695372,0.91222328,1.0135814222222221,1.019651761359911e-05,-6.831380679955513e-08,6.37094469648409e-05,False,
tt,125,neg,neg_rep1,neg_ctl0,01,target_cell,0,4,0.975022,0.00665083,0.9683711700000001,1.0759679666666666,1.0824119388190332e-05,-3.8211469409516633e-07,6.76308016359722e-05,False,
tt,125,neg,neg_rep1,neg_ctl0,01,target_cell,0,16,1.02389,0.00556168,1.01832832,1.131475911111111,1.1382523203427554e-05,-6.613166017137772e-07,7.111979656541491e-05,False,
tt,125,neg,neg_rep1,neg_ctl0,01,target_cell,0,64,1.05552,0.00269897,1.05282103,1.1698011444444445,1.1768070834985221e-05,-8.540904174926114e-07,7.352875885194925e-05,False,
tt,125,neg,neg_rep1,neg_ctl0,01,target_cell,0,147,1.0611,0.00076326,1.0603367399999999,1.1781519333333332,1.1852078852620665e-05,-8.960944263103327e-07,7.405365416885906e-05,False,
tt,125,neg,neg_rep1,neg_ctl0,02,half_selected_row0,0,1,-0.197415,0.00695373,-0.20436873,-0.22707636666666667,-2.284363270266333e-06,6.172126635133166e-06,,False,False
tt,125,neg,neg_rep1,neg_ctl0,02,half_selected_row0,0,4,-0.203749,0.00665084,-0.21039984,-0.2337776,-2.351776940464e-06,6.205833470231999e-06,,False,False
tt,125,neg,neg_rep1,neg_ctl0,02,half_selected_row0,0,16,-0.197318,0.00556169,-0.20287969,-0.22542187777777778,-2.267719294037889e-06,6.1638046470189445e-06,,False,False
tt,125,neg,neg_rep1,neg_ctl0,02,half_selected_row0,0,64,-0.19731,0.00269897,-0.20000897,-0.2222321888888889,-2.2356313746814443e-06,6.1477606873407224e-06,,False,False
tt,125,neg,neg_rep1,neg_ctl0,02,half_selected_row0,0,147,-0.202564,0.000763261,-0.20332726099999998,-0.22591917888888885,-2.272722088512544e-06,6.1663060442562716e-06,,False,False
tt,125,neg,neg_rep1,neg_ctl0,03,half_selected_row0,0,1,-0.197463,0.00695813,-0.20442113,-0.22713458888888888,-2.2849489794174443e-06,6.172419489708722e-06,,False,False
tt,125,neg,neg_rep1,neg_ctl0,03,half_selected_row0,0,4,-0.203643,0.00665487,-0.21029787,-0.2336643,-2.350637154927e-06,6.2052635774635e-06,,False,False
tt,125,neg,neg_rep1,neg_ctl0,03,half_selected_row0,0,16,-0.197209,0.00556443,-0.20277343,-0.2253038111111111,-2.2665315563585553e-06,6.1632107781792775e-06,,False,False
tt,125,neg,neg_rep1,neg_ctl0,03,half_selected_row0,0,64,-0.197225,0.00269907,-0.19992407,-0.22213785555555557,-2.234682391724778e-06,6.147286195862388e-06,,False,False
tt,125,neg,neg_rep1,neg_ctl0,03,half_selected_row0,0,147,-0.202862,0.000762679,-0.20362467899999998,-0.2262496433333333,-2.276046524472566e-06,6.1679682622362836e-06,,False,False
tt,125,neg,neg_rep1,neg_ctl0,10,neighbor_column,1,1,1.00603,1.00603,0.0,0.0,0.0,5.029945e-06,,True,False
tt,125,neg,neg_rep1,neg_ctl0,10,neighbor_column,1,4,0.998648,0.998648,0.0,0.0,0.0,5.029945e-06,,True,False
tt,125,neg,neg_rep1,neg_ctl0,10,neighbor_column,1,16,0.969666,0.969666,0.0,0.0,0.0,5.029945e-06,,True,False
tt,125,neg,neg_rep1,neg_ctl0,10,neighbor_column,1,64,0.86192,0.86192,0.0,0.0,0.0,5.029945e-06,,True,False
tt,125,neg,neg_rep1,neg_ctl0,10,neighbor_column,1,147,0.701474,0.701474,0.0,0.0,0.0,5.029945e-06,,True,False
tt,125,neg,neg_rep1,neg_ctl0,11,shared_wbl_column,1,1,1.01129,1.00988,-0.0014099999999999113,-0.001566666666666568,-1.5760494333332342e-08,5.037825247166666e-06,,False,False
tt,125,neg,neg_rep1,neg_ctl0,11,shared_wbl_column,1,4,1.00808,1.00247,-0.005610000000000115,-0.00623333333333346,-6.270664766666795e-08,5.061298323833334e-06,,False,False
tt,125,neg,neg_rep1,neg_ctl0,11,shared_wbl_column,1,16,0.995328,0.973401,-0.02192700000000003,-0.024363333333333365,-2.45092453366667e-07,5.152491226683333e-06,,False,False
tt,125,neg,neg_rep1,neg_ctl0,11,shared_wbl_column,1,64,0.945504,0.865325,-0.080179,-0.08908777777777778,-8.962132447888889e-07,5.478051622394445e-06,,False,False
tt,125,neg,neg_rep1,neg_ctl0,11,shared_wbl_column,1,147,0.863608,0.704421,-0.15918700000000008,-0.17687444444444453,-1.779337454922223e-06,5.9196137274611116e-06,,False,False
tt,125,neg,neg_rep1,neg_ctl0,12,neighbor_column,1,1,1.00988,1.00988,0.0,0.0,0.0,5.029945e-06,,True,False
tt,125,neg,neg_rep1,neg_ctl0,12,neighbor_column,1,4,1.00247,1.00247,0.0,0.0,0.0,5.029945e-06,,True,False
tt,125,neg,neg_rep1,neg_ctl0,12,neighbor_column,1,16,0.973401,0.973401,0.0,0.0,0.0,5.029945e-06,,True,False
tt,125,neg,neg_rep1,neg_ctl0,12,neighbor_column,1,64,0.865325,0.865325,0.0,0.0,0.0,5.029945e-06,,True,False
tt,125,neg,neg_rep1,neg_ctl0,12,neighbor_column,1,147,0.704421,0.704421,0.0,0.0,0.0,5.029945e-06,,True,False
tt,125,neg,neg_rep1,neg_ctl0,13,neighbor_column,1,1,1.00989,1.00989,0.0,0.0,0.0,5.029945e-06,,True,False
tt,125,neg,neg_rep1,neg_ctl0,13,neighbor_column,1,4,1.00248,1.00248,0.0,0.0,0.0,5.029945e-06,,True,False
tt,125,neg,neg_rep1,neg_ctl0,13,neighbor_column,1,16,0.973377,0.973377,0.0,0.0,0.0,5.029945e-06,,True,False
tt,125,neg,neg_rep1,neg_ctl0,13,neighbor_column,1,64,0.865213,0.865213,0.0,0.0,0.0,5.029945e-06,,True,False
tt,125,neg,neg_rep1,neg_ctl0,13,neighbor_column,1,147,0.7042,0.7042,0.0,0.0,0.0,5.029945e-06,,True,False
tt,125,neg,neg_rep1,neg_ctl0,20,neighbor_column,0,1,0.00615556,0.00615556,0.0,0.0,0.0,5.029945e-06,,True,False
tt,125,neg,neg_rep1,neg_ctl0,20,neighbor_column,0,4,0.00588659,0.00588659,0.0,0.0,0.0,5.029945e-06,,True,False
tt,125,neg,neg_rep1,neg_ctl0,20,neighbor_column,0,16,0.00492031,0.00492031,0.0,0.0,0.0,5.029945e-06,,True,False
tt,125,neg,neg_rep1,neg_ctl0,20,neighbor_column,0,64,0.00238599,0.00238599,0.0,0.0,0.0,5.029945e-06,,True,False
tt,125,neg,neg_rep1,neg_ctl0,20,neighbor_column,0,147,0.000675135,0.000675135,0.0,0.0,0.0,5.029945e-06,,True,False
tt,125,neg,neg_rep1,neg_ctl0,21,shared_wbl_column,0,1,0.0104323,0.00887334,0.0015589599999999999,0.0017321777777777776,1.7425517904888886e-08,5.021232241047555e-06,1.1122528896209356e-07,False,False
tt,125,neg,neg_rep1,neg_ctl0,21,shared_wbl_column,0,4,0.0143986,0.00849168,0.0059069199999999995,0.006563244444444444,6.602551715422222e-08,4.996932241422889e-06,4.214340867475559e-07,False,False
tt,125,neg,neg_rep1,neg_ctl0,21,shared_wbl_column,0,16,0.0266771,0.00711543,0.01956167,0.02173518888888889,2.1865360935144443e-07,4.920618195324277e-06,1.3956435048565179e-06,False,False
tt,125,neg,neg_rep1,neg_ctl0,21,shared_wbl_column,0,64,0.0504464,0.00347095,0.04697545,0.05219494444444445,5.250753996672222e-07,4.767407300166388e-06,3.351502283813811e-06,False,False
tt,125,neg,neg_rep1,neg_ctl0,21,shared_wbl_column,0,147,0.0638902,0.000985733,0.06290446699999999,0.0698938522222222,7.031244650318109e-07,4.678382767484094e-06,4.487971159671498e-06,False,False
tt,125,neg,neg_rep1,neg_ctl0,22,neighbor_column,0,1,0.00887337,0.00887337,0.0,0.0,0.0,5.029945e-06,,True,False
tt,125,neg,neg_rep1,neg_ctl0,22,neighbor_column,0,4,0.0084917,0.0084917,0.0,0.0,0.0,5.029945e-06,,True,False
tt,125,neg,neg_rep1,neg_ctl0,22,neighbor_column,0,16,0.00711546,0.00711546,0.0,0.0,0.0,5.029945e-06,,True,False
tt,125,neg,neg_rep1,neg_ctl0,22,neighbor_column,0,64,0.00347096,0.00347096,0.0,0.0,0.0,5.029945e-06,,True,False
tt,125,neg,neg_rep1,neg_ctl0,22,neighbor_column,0,147,0.000985736,0.000985736,0.0,0.0,0.0,5.029945e-06,,True,False
tt,125,neg,neg_rep1,neg_ctl0,23,neighbor_column,0,1,0.00887898,0.00887898,0.0,0.0,0.0,5.029945e-06,,True,False
tt,125,neg,neg_rep1,neg_ctl0,23,neighbor_column,0,4,0.00849684,0.00849684,0.0,0.0,0.0,5.029945e-06,,True,False
tt,125,neg,neg_rep1,neg_ctl0,23,neighbor_column,0,16,0.00711897,0.00711897,0.0,0.0,0.0,5.029945e-06,,True,False
tt,125,neg,neg_rep1,neg_ctl0,23,neighbor_column,0,64,0.0034711,0.0034711,0.0,0.0,0.0,5.029945e-06,,True,False
tt,125,neg,neg_rep1,neg_ctl0,23,neighbor_column,0,147,0.00098499,0.00098499,0.0,0.0,0.0,5.029945e-06,,True,False
tt,125,neg,neg_rep1,neg_ctl0,30,neighbor_column,1,1,1.00116,1.00116,0.0,0.0,0.0,5.029945e-06,,True,False
tt,125,neg,neg_rep1,neg_ctl0,30,neighbor_column,1,4,0.993772,0.993772,0.0,0.0,0.0,5.029945e-06,,True,False
tt,125,neg,neg_rep1,neg_ctl0,30,neighbor_column,1,16,0.964781,0.964781,0.0,0.0,0.0,5.029945e-06,,True,False
tt,125,neg,neg_rep1,neg_ctl0,30,neighbor_column,1,64,0.857025,0.857025,0.0,0.0,0.0,5.029945e-06,,True,False
tt,125,neg,neg_rep1,neg_ctl0,30,neighbor_column,1,147,0.696632,0.696632,0.0,0.0,0.0,5.029945e-06,,True,False
tt,125,neg,neg_rep1,neg_ctl0,31,shared_wbl_column,1,1,1.00644,1.00503,-0.0014099999999999113,-0.001566666666666568,-1.5760494333332342e-08,5.037825247166666e-06,,False,False
tt,125,neg,neg_rep1,neg_ctl0,31,shared_wbl_column,1,4,1.00323,0.99762,-0.005610000000000115,-0.00623333333333346,-6.270664766666795e-08,5.061298323833334e-06,,False,False
tt,125,neg,neg_rep1,neg_ctl0,31,shared_wbl_column,1,16,0.990451,0.968536,-0.021915000000000018,-0.024350000000000017,-2.4495832150000015e-07,5.15242416075e-06,,False,False
tt,125,neg,neg_rep1,neg_ctl0,31,shared_wbl_column,1,64,0.940555,0.860447,-0.08010800000000007,-0.08900888888888896,-8.95419631244445e-07,5.477654815622222e-06,,False,False
tt,125,neg,neg_rep1,neg_ctl0,31,shared_wbl_column,1,147,0.85855,0.699593,-0.15895700000000001,-0.1766188888888889,-1.7767665941444446e-06,5.918328297072222e-06,,False,False
tt,125,neg,neg_rep1,neg_ctl0,32,neighbor_column,1,1,1.00503,1.00503,0.0,0.0,0.0,5.029945e-06,,True,False
tt,125,neg,neg_rep1,neg_ctl0,32,neighbor_column,1,4,0.99762,0.99762,0.0,0.0,0.0,5.029945e-06,,True,False
tt,125,neg,neg_rep1,neg_ctl0,32,neighbor_column,1,16,0.968536,0.968536,0.0,0.0,0.0,5.029945e-06,,True,False
tt,125,neg,neg_rep1,neg_ctl0,32,neighbor_column,1,64,0.860447,0.860447,0.0,0.0,0.0,5.029945e-06,,True,False
tt,125,neg,neg_rep1,neg_ctl0,32,neighbor_column,1,147,0.699593,0.699593,0.0,0.0,0.0,5.029945e-06,,True,False
tt,125,neg,neg_rep1,neg_ctl0,33,neighbor_column,1,1,1.00504,1.00504,0.0,0.0,0.0,5.029945e-06,,True,False
tt,125,neg,neg_rep1,neg_ctl0,33,neighbor_column,1,4,0.997618,0.997618,0.0,0.0,0.0,5.029945e-06,,True,False
tt,125,neg,neg_rep1,neg_ctl0,33,neighbor_column,1,16,0.968508,0.968508,0.0,0.0,0.0,5.029945e-06,,True,False
tt,125,neg,neg_rep1,neg_ctl0,33,neighbor_column,1,64,0.860331,0.860331,0.0,0.0,0.0,5.029945e-06,,True,False
tt,125,neg,neg_rep1,neg_ctl0,33,neighbor_column,1,147,0.699368,0.699368,0.0,0.0,0.0,5.029945e-06,,True,False
tt,125,neg,neg_rep0,neg_ctl1,00,half_selected_row0,1,1,1.01414,1.00997,-0.004170000000000007,-0.004633333333333341,-4.661082366666674e-08,5.053250411833332e-06,,False,False
tt,125,neg,neg_rep0,neg_ctl1,00,half_selected_row0,1,4,1.02324,1.0085,-0.014739999999999975,-0.01637777777777775,-1.647586428888886e-07,5.112324321444445e-06,,False,False
tt,125,neg,neg_rep0,neg_ctl1,00,half_selected_row0,1,16,1.04502,1.00262,-0.04239999999999999,-0.047111111111111104,-4.7393259555555546e-07,5.266911297777777e-06,,False,False
tt,125,neg,neg_rep0,neg_ctl1,00,half_selected_row0,1,64,1.07468,0.979167,-0.09551300000000007,-0.10612555555555563,-1.0676114150777783e-06,5.563750707538888e-06,,False,False
tt,125,neg,neg_rep0,neg_ctl1,00,half_selected_row0,1,147,1.08738,0.938837,-0.14854299999999998,-0.16504777777777777,-1.6603624891888886e-06,5.860126244594443e-06,,False,False
tt,125,neg,neg_rep0,neg_ctl1,01,target_cell,1,1,-0.169159,1.01383,1.182989,1.3144322222222222,1.322304356801111e-05,-1.5815767840055554e-06,0.0009486140603444656,False,
tt,125,neg,neg_rep0,neg_ctl1,01,target_cell,1,4,-0.172874,1.01236,1.185234,1.3169266666666666,1.3248137404733332e-05,-1.594123702366666e-06,0.0009504142787450367,False,
tt,125,neg,neg_rep0,neg_ctl1,01,target_cell,1,16,-0.1691,1.00648,1.17558,1.3062,1.3140228317999999e-05,-1.5401691590000001e-06,0.0009426729386830705,False,
tt,125,neg,neg_rep0,neg_ctl1,01,target_cell,1,64,-0.169095,0.983052,1.152147,1.2801633333333333,1.2878302315366665e-05,-1.4092061576833332e-06,0.0009238825076004046,False,
tt,125,neg,neg_rep0,neg_ctl1,01,target_cell,1,147,-0.172196,0.942753,1.114949,1.2388322222222221,1.246251588401111e-05,-1.2013129420055548e-06,0.0008940542118033232,False,
tt,125,neg,neg_rep0,neg_ctl1,02,half_selected_row0,1,1,1.01768,1.01383,-0.003849999999999909,-0.0042777777777776764,-4.3033973888887864e-08,5.051461986944443e-06,,False,False
tt,125,neg,neg_rep0,neg_ctl1,02,half_selected_row0,1,4,1.02611,1.01236,-0.013750000000000151,-0.015277777777777946,-1.5369276388889057e-07,5.106791381944445e-06,,False,False
tt,125,neg,neg_rep0,neg_ctl1,02,half_selected_row0,1,16,1.04678,1.00648,-0.0403,-0.04477777777777778,-4.5045951888888884e-07,5.255174759444444e-06,,False,False
tt,125,neg,neg_rep0,neg_ctl1,02,half_selected_row0,1,64,1.07571,0.983052,-0.09265799999999991,-0.10295333333333323,-1.0356992084666656e-06,5.547794604233332e-06,,False,False
tt,125,neg,neg_rep0,neg_ctl1,02,half_selected_row0,1,147,1.08831,0.942753,-0.14555700000000016,-0.16173000000000018,-1.6269860097000016e-06,5.84343800485e-06,,False,False
tt,125,neg,neg_rep0,neg_ctl1,03,half_selected_row0,1,1,1.01789,1.01384,-0.004049999999999887,-0.004499999999999875,-4.5269504999998735e-08,5.052579752499999e-06,,False,False
tt,125,neg,neg_rep0,neg_ctl1,03,half_selected_row0,1,4,1.02673,1.01237,-0.014359999999999928,-0.015955555555555476,-1.6051113377777697e-07,5.110200566888889e-06,,False,False
tt,125,neg,neg_rep0,neg_ctl1,03,half_selected_row0,1,16,1.04809,1.00649,-0.04159999999999986,-0.04622222222222207,-4.6499047111110954e-07,5.262440235555555e-06,,False,False
tt,125,neg,neg_rep0,neg_ctl1,03,half_selected_row0,1,64,1.07747,0.983036,-0.0944339999999999,-0.10492666666666656,-1.0555507247333322e-06,5.557720362366666e-06,,False,False
tt,125,neg,neg_rep0,neg_ctl1,03,half_selected_row0,1,147,1.0901,0.942701,-0.14739900000000006,-0.16377666666666674,-1.6475752512333339e-06,5.853732625616667e-06,,False,False
tt,125,neg,neg_rep0,neg_ctl1,10,neighbor_column,1,1,1.01268,1.01268,0.0,0.0,0.0,5.029945e-06,,True,False
tt,125,neg,neg_rep0,neg_ctl1,10,neighbor_column,1,4,1.01121,1.01121,0.0,0.0,0.0,5.029945e-06,,True,False
tt,125,neg,neg_rep0,neg_ctl1,10,neighbor_column,1,16,1.00535,1.00535,0.0,0.0,0.0,5.029945e-06,,True,False
tt,125,neg,neg_rep0,neg_ctl1,10,neighbor_column,1,64,0.981956,0.981956,0.0,0.0,0.0,5.029945e-06,,True,False
tt,125,neg,neg_rep0,neg_ctl1,10,neighbor_column,1,147,0.941728,0.941728,0.0,0.0,0.0,5.029945e-06,,True,False
tt,125,neg,neg_rep0,neg_ctl1,11,shared_wbl_column,1,1,1.01512,1.01653,0.0014099999999999113,0.001566666666666568,1.5760494333332342e-08,5.022064752833334e-06,2.2913844411196124e-08,False,False
tt,125,neg,neg_rep0,neg_ctl1,11,shared_wbl_column,1,4,1.00945,1.01507,0.005619999999999958,0.006244444444444398,6.281842422222176e-08,4.998535787888889e-06,9.13303585751272e-08,False,False
tt,125,neg,neg_rep0,neg_ctl1,11,shared_wbl_column,1,16,0.987076,1.00921,0.022133999999999987,0.024593333333333318,2.474062280666665e-07,4.906241885966666e-06,3.596986043953522e-07,False,False
tt,125,neg,neg_rep0,neg_ctl1,11,shared_wbl_column,1,64,0.902178,0.985818,0.08363999999999994,0.09293333333333326,9.348991106666658e-07,4.5624954446666665e-06,1.3592297493280587e-06,False,False
tt,125,neg,neg_rep0,neg_ctl1,11,shared_wbl_column,1,147,0.77065,0.945595,0.17494500000000002,0.19438333333333335,1.955474951166667e-06,4.052207524416666e-06,2.843023057104226e-06,False,True
tt,125,neg,neg_rep0,neg_ctl1,12,neighbor_column,1,1,1.01653,1.01653,0.0,0.0,0.0,5.029945e-06,,True,False
tt,125,neg,neg_rep0,neg_ctl1,12,neighbor_column,1,4,1.01507,1.01507,0.0,0.0,0.0,5.029945e-06,,True,False
tt,125,neg,neg_rep0,neg_ctl1,12,neighbor_column,1,16,1.00921,1.00921,0.0,0.0,0.0,5.029945e-06,,True,False
tt,125,neg,neg_rep0,neg_ctl1,12,neighbor_column,1,64,0.985818,0.985818,0.0,0.0,0.0,5.029945e-06,,True,False
tt,125,neg,neg_rep0,neg_ctl1,12,neighbor_column,1,147,0.945595,0.945595,0.0,0.0,0.0,5.029945e-06,,True,False
tt,125,neg,neg_rep0,neg_ctl1,13,neighbor_column,1,1,1.01655,1.01655,0.0,0.0,0.0,5.029945e-06,,True,False
tt,125,neg,neg_rep0,neg_ctl1,13,neighbor_column,1,4,1.01508,1.01508,0.0,0.0,0.0,5.029945e-06,,True,False
tt,125,neg,neg_rep0,neg_ctl1,13,neighbor_column,1,16,1.00921,1.00921,0.0,0.0,0.0,5.029945e-06,,True,False
tt,125,neg,neg_rep0,neg_ctl1,13,neighbor_column,1,64,0.985805,0.985805,0.0,0.0,0.0,5.029945e-06,,True,False
tt,125,neg,neg_rep0,neg_ctl1,13,neighbor_column,1,147,0.945546,0.945546,0.0,0.0,0.0,5.029945e-06,,True,False
tt,125,neg,neg_rep0,neg_ctl1,20,neighbor_column,0,1,0.0124445,0.0124445,0.0,0.0,0.0,5.029945e-06,,True,False
tt,125,neg,neg_rep0,neg_ctl1,20,neighbor_column,0,4,0.0185047,0.0185047,0.0,0.0,0.0,5.029945e-06,,True,False
tt,125,neg,neg_rep0,neg_ctl1,20,neighbor_column,0,16,0.0358726,0.0358726,0.0,0.0,0.0,5.029945e-06,,True,False
tt,125,neg,neg_rep0,neg_ctl1,20,neighbor_column,0,64,0.0667285,0.0667285,0.0,0.0,0.0,5.029945e-06,,True,False
tt,125,neg,neg_rep0,neg_ctl1,20,neighbor_column,0,147,0.0845472,0.0845472,0.0,0.0,0.0,5.029945e-06,,True,False
tt,125,neg,neg_rep0,neg_ctl1,21,shared_wbl_column,0,1,0.0135397,0.0151101,-0.0015703999999999996,-0.0017448888888888883,-1.7553390284444437e-08,5.038721695142222e-06,,False,False
tt,125,neg,neg_rep0,neg_ctl1,21,shared_wbl_column,0,4,0.0150448,0.0207785,-0.005733699999999998,-0.0063707777777777756,-6.408932365888886e-08,5.061989661829444e-06,,False,False
tt,125,neg,neg_rep0,neg_ctl1,21,shared_wbl_column,0,16,0.0200757,0.0372649,-0.017189199999999998,-0.01909911111111111,-1.921349568755555e-07,5.126012478437777e-06,,False,False
tt,125,neg,neg_rep0,neg_ctl1,21,shared_wbl_column,0,64,0.0311015,0.0671791,-0.0360776,-0.040086222222222224,-4.032629860711111e-07,5.231576493035555e-06,,False,False
tt,125,neg,neg_rep0,neg_ctl1,21,shared_wbl_column,0,147,0.0373582,0.0846867,-0.0473285,-0.05258722222222222,-5.290216709611111e-07,5.294455835480555e-06,,False,False
tt,125,neg,neg_rep0,neg_ctl1,22,neighbor_column,0,1,0.0151101,0.0151101,0.0,0.0,0.0,5.029945e-06,,True,False
tt,125,neg,neg_rep0,neg_ctl1,22,neighbor_column,0,4,0.0207785,0.0207785,0.0,0.0,0.0,5.029945e-06,,True,False
tt,125,neg,neg_rep0,neg_ctl1,22,neighbor_column,0,16,0.0372649,0.0372649,0.0,0.0,0.0,5.029945e-06,,True,False
tt,125,neg,neg_rep0,neg_ctl1,22,neighbor_column,0,64,0.0671791,0.0671791,0.0,0.0,0.0,5.029945e-06,,True,False
tt,125,neg,neg_rep0,neg_ctl1,22,neighbor_column,0,147,0.0846867,0.0846867,0.0,0.0,0.0,5.029945e-06,,True,False
tt,125,neg,neg_rep0,neg_ctl1,23,neighbor_column,0,1,0.0151196,0.0151196,0.0,0.0,0.0,5.029945e-06,,True,False
tt,125,neg,neg_rep0,neg_ctl1,23,neighbor_column,0,4,0.0207902,0.0207902,0.0,0.0,0.0,5.029945e-06,,True,False
tt,125,neg,neg_rep0,neg_ctl1,23,neighbor_column,0,16,0.0372811,0.0372811,0.0,0.0,0.0,5.029945e-06,,True,False
tt,125,neg,neg_rep0,neg_ctl1,23,neighbor_column,0,64,0.0671965,0.0671965,0.0,0.0,0.0,5.029945e-06,,True,False
tt,125,neg,neg_rep0,neg_ctl1,23,neighbor_column,0,147,0.0846992,0.0846992,0.0,0.0,0.0,5.029945e-06,,True,False
tt,125,neg,neg_rep0,neg_ctl1,30,neighbor_column,1,1,1.00782,1.00782,0.0,0.0,0.0,5.029945e-06,,True,False
tt,125,neg,neg_rep0,neg_ctl1,30,neighbor_column,1,4,1.00635,1.00635,0.0,0.0,0.0,5.029945e-06,,True,False
tt,125,neg,neg_rep0,neg_ctl1,30,neighbor_column,1,16,1.00046,1.00046,0.0,0.0,0.0,5.029945e-06,,True,False
tt,125,neg,neg_rep0,neg_ctl1,30,neighbor_column,1,64,0.976962,0.976962,0.0,0.0,0.0,5.029945e-06,,True,False
tt,125,neg,neg_rep0,neg_ctl1,30,neighbor_column,1,147,0.936551,0.936551,0.0,0.0,0.0,5.029945e-06,,True,False
tt,125,neg,neg_rep0,neg_ctl1,31,shared_wbl_column,1,1,1.01029,1.0117,0.0014100000000001334,0.0015666666666668148,1.5760494333334823e-08,5.022064752833332e-06,2.2915494848366964e-08,False,False
tt,125,neg,neg_rep0,neg_ctl1,31,shared_wbl_column,1,4,1.00462,1.01023,0.005609999999999893,0.006233333333333214,6.270664766666546e-08,4.998591676166667e-06,9.117441567327948e-08,False,False
tt,125,neg,neg_rep0,neg_ctl1,31,shared_wbl_column,1,16,0.982229,1.00434,0.022110999999999992,0.024567777777777768,2.471491419888888e-07,4.906370429005555e-06,3.5935071389517294e-07,False,False
tt,125,neg,neg_rep0,neg_ctl1,31,shared_wbl_column,1,64,0.897294,0.980845,0.08355099999999993,0.09283444444444437,9.339042993222214e-07,4.562992850338889e-06,1.3578812128196636e-06,False,False
tt,125,neg,neg_rep0,neg_ctl1,31,shared_wbl_column,1,147,0.765746,0.940439,0.174693,0.19410333333333332,1.9526581819666664e-06,4.053615909016667e-06,2.8391322989683625e-06,False,True
tt,125,neg,neg_rep0,neg_ctl1,32,neighbor_column,1,1,1.0117,1.0117,0.0,0.0,0.0,5.029945e-06,,True,False
tt,125,neg,neg_rep0,neg_ctl1,32,neighbor_column,1,4,1.01023,1.01023,0.0,0.0,0.0,5.029945e-06,,True,False
tt,125,neg,neg_rep0,neg_ctl1,32,neighbor_column,1,16,1.00434,1.00434,0.0,0.0,0.0,5.029945e-06,,True,False
tt,125,neg,neg_rep0,neg_ctl1,32,neighbor_column,1,64,0.980845,0.980845,0.0,0.0,0.0,5.029945e-06,,True,False
tt,125,neg,neg_rep0,neg_ctl1,32,neighbor_column,1,147,0.940439,0.940439,0.0,0.0,0.0,5.029945e-06,,True,False
tt,125,neg,neg_rep0,neg_ctl1,33,neighbor_column,1,1,1.01171,1.01171,0.0,0.0,0.0,5.029945e-06,,True,False
tt,125,neg,neg_rep0,neg_ctl1,33,neighbor_column,1,4,1.01024,1.01024,0.0,0.0,0.0,5.029945e-06,,True,False
tt,125,neg,neg_rep0,neg_ctl1,33,neighbor_column,1,16,1.00434,1.00434,0.0,0.0,0.0,5.029945e-06,,True,False
tt,125,neg,neg_rep0,neg_ctl1,33,neighbor_column,1,64,0.980828,0.980828,0.0,0.0,0.0,5.029945e-06,,True,False
tt,125,neg,neg_rep0,neg_ctl1,33,neighbor_column,1,147,0.940386,0.940386,0.0,0.0,0.0,5.029945e-06,,True,False
ss,27,std,rep1,ctl0,00,half_selected_row0,0,1,-0.139426,0.0194796,-0.15890559999999998,-0.17656177777777776,-1.7761920626488887e-06,5.9180410313244435e-06,,False,False
ss,27,std,rep1,ctl0,00,half_selected_row0,0,4,-0.14213,0.0194796,-0.16160960000000002,-0.17956622222222224,-1.8064164432711111e-06,5.933153221635556e-06,,False,False
ss,27,std,rep1,ctl0,00,half_selected_row0,0,16,-0.141517,0.0194794,-0.1609964,-0.1788848888888889,-1.7995623048844444e-06,5.9297261524422225e-06,,False,False
ss,27,std,rep1,ctl0,00,half_selected_row0,0,64,-0.137721,0.0194789,-0.1571999,-0.17466655555555555,-1.7571263355677776e-06,5.908508167783888e-06,,False,False
ss,27,std,rep1,ctl0,00,half_selected_row0,0,147,-0.138472,0.019478,-0.15795,-0.17550000000000002,-1.765510695e-06,5.912700347499999e-06,,False,False
ss,27,std,rep1,ctl0,01,target_cell,0,1,0.914775,0.031521,0.883254,0.9813933333333333,9.872708980066666e-06,9.359050996666662e-08,0.43844728559712765,False,
ss,27,std,rep1,ctl0,01,target_cell,0,4,0.955221,0.031521,0.9237,1.0263333333333333,1.0324800436666665e-05,-1.3245521833333325e-07,0.4585246799969961,False,
ss,27,std,rep1,ctl0,01,target_cell,0,16,0.993949,0.0315208,0.9624282,1.0693646666666665,1.0757690916553332e-05,-3.489004582766659e-07,0.4777493584768701,False,
ss,27,std,rep1,ctl0,01,target_cell,0,64,1.03169,0.0315201,1.0001699,1.1112998888888888,1.1179554639234442e-05,-5.598323196172215e-07,0.4964843383567474,False,
ss,27,std,rep1,ctl0,01,target_cell,0,147,1.05402,0.0315188,1.0225012,1.1361124444444444,1.1429166218742221e-05,-6.846381093711107e-07,0.5075695956766748,False,
ss,27,std,rep1,ctl0,02,half_selected_row0,0,1,-0.139046,0.031521,-0.170567,-0.18951888888888888,-1.906539175144444e-06,5.983214587572221e-06,,False,False
ss,27,std,rep1,ctl0,02,half_selected_row0,0,4,-0.141696,0.0315209,-0.17321689999999998,-0.1924632222222222,-1.936158844601111e-06,5.998024422300555e-06,,False,False
ss,27,std,rep1,ctl0,02,half_selected_row0,0,16,-0.141099,0.0315208,-0.1726198,-0.19179977777777776,-1.9294846664688886e-06,5.994687333234444e-06,,False,False
ss,27,std,rep1,ctl0,02,half_selected_row0,0,64,-0.137272,0.03152,-0.168792,-0.18754666666666667,-1.8866988365333331e-06,5.973294418266667e-06,,False,False
ss,27,std,rep1,ctl0,02,half_selected_row0,0,147,-0.138004,0.0315188,-0.16952279999999997,-0.18835866666666662,-1.8948674672133328e-06,5.977378733606666e-06,,False,False
ss,27,std,rep1,ctl0,03,half_selected_row0,0,1,-0.135205,0.031611,-0.166816,-0.1853511111111111,-1.8646117891555553e-06,5.962250894577777e-06,,False,False
ss,27,std,rep1,ctl0,03,half_selected_row0,0,4,-0.137838,0.0316109,-0.16944889999999999,-0.18827655555555553,-1.8940414384677773e-06,5.976965719233888e-06,,False,False
ss,27,std,rep1,ctl0,03,half_selected_row0,0,16,-0.137244,0.0316107,-0.1688547,-0.18761633333333333,-1.8873996755366664e-06,5.973644837768333e-06,,False,False
ss,27,std,rep1,ctl0,03,half_selected_row0,0,64,-0.133461,0.03161,-0.165071,-0.18341222222222223,-1.845106780211111e-06,5.952498390105555e-06,,False,False
ss,27,std,rep1,ctl0,03,half_selected_row0,0,147,-0.134192,0.0316087,-0.16580070000000002,-0.18422300000000003,-1.8532631154700002e-06,5.9565765577349995e-06,,False,False
ss,27,std,rep1,ctl0,10,neighbor_column,1,1,1.03213,1.03213,0.0,0.0,0.0,5.029945e-06,,True,False
ss,27,std,rep1,ctl0,10,neighbor_column,1,4,1.03213,1.03213,0.0,0.0,0.0,5.029945e-06,,True,False
ss,27,std,rep1,ctl0,10,neighbor_column,1,16,1.03213,1.03213,0.0,0.0,0.0,5.029945e-06,,True,False
ss,27,std,rep1,ctl0,10,neighbor_column,1,64,1.03213,1.03213,0.0,0.0,0.0,5.029945e-06,,True,False
ss,27,std,rep1,ctl0,10,neighbor_column,1,147,1.03213,1.03213,0.0,0.0,0.0,5.029945e-06,,True,False
ss,27,std,rep1,ctl0,11,shared_wbl_column,1,1,1.04592,1.04592,0.0,0.0,0.0,5.029945e-06,,True,False
ss,27,std,rep1,ctl0,11,shared_wbl_column,1,4,1.04592,1.04592,0.0,0.0,0.0,5.029945e-06,,True,False
ss,27,std,rep1,ctl0,11,shared_wbl_column,1,16,1.04592,1.04592,0.0,0.0,0.0,5.029945e-06,,True,False
ss,27,std,rep1,ctl0,11,shared_wbl_column,1,64,1.04591,1.04591,0.0,0.0,0.0,5.029945e-06,,True,False
ss,27,std,rep1,ctl0,11,shared_wbl_column,1,147,1.04591,1.04591,0.0,0.0,0.0,5.029945e-06,,True,False
ss,27,std,rep1,ctl0,12,neighbor_column,1,1,1.04592,1.04592,0.0,0.0,0.0,5.029945e-06,,True,False
ss,27,std,rep1,ctl0,12,neighbor_column,1,4,1.04592,1.04592,0.0,0.0,0.0,5.029945e-06,,True,False
ss,27,std,rep1,ctl0,12,neighbor_column,1,16,1.04592,1.04592,0.0,0.0,0.0,5.029945e-06,,True,False
ss,27,std,rep1,ctl0,12,neighbor_column,1,64,1.04591,1.04591,0.0,0.0,0.0,5.029945e-06,,True,False
ss,27,std,rep1,ctl0,12,neighbor_column,1,147,1.04591,1.04591,0.0,0.0,0.0,5.029945e-06,,True,False
ss,27,std,rep1,ctl0,13,neighbor_column,1,1,1.04607,1.04607,0.0,0.0,0.0,5.029945e-06,,True,False
ss,27,std,rep1,ctl0,13,neighbor_column,1,4,1.04607,1.04607,0.0,0.0,0.0,5.029945e-06,,True,False
ss,27,std,rep1,ctl0,13,neighbor_column,1,16,1.04607,1.04607,0.0,0.0,0.0,5.029945e-06,,True,False
ss,27,std,rep1,ctl0,13,neighbor_column,1,64,1.04606,1.04606,0.0,0.0,0.0,5.029945e-06,,True,False
ss,27,std,rep1,ctl0,13,neighbor_column,1,147,1.04606,1.04606,0.0,0.0,0.0,5.029945e-06,,True,False
ss,27,std,rep1,ctl0,20,neighbor_column,0,1,0.027842,0.027842,0.0,0.0,0.0,5.029945e-06,,True,False
ss,27,std,rep1,ctl0,20,neighbor_column,0,4,0.0278419,0.0278419,0.0,0.0,0.0,5.029945e-06,,True,False
ss,27,std,rep1,ctl0,20,neighbor_column,0,16,0.0278418,0.0278418,0.0,0.0,0.0,5.029945e-06,,True,False
ss,27,std,rep1,ctl0,20,neighbor_column,0,64,0.0278411,0.0278411,0.0,0.0,0.0,5.029945e-06,,True,False
ss,27,std,rep1,ctl0,20,neighbor_column,0,147,0.02784,0.02784,0.0,0.0,0.0,5.029945e-06,,True,False
ss,27,std,rep1,ctl0,21,shared_wbl_column,0,1,0.0398381,0.0398381,0.0,0.0,0.0,5.029945e-06,,True,False
ss,27,std,rep1,ctl0,21,shared_wbl_column,0,4,0.039838,0.039838,0.0,0.0,0.0,5.029945e-06,,True,False
ss,27,std,rep1,ctl0,21,shared_wbl_column,0,16,0.0398377,0.0398378,-1.0000000000287557e-07,-1.1111111111430618e-07,-1.1177655555876976e-12,5.029945558882778e-06,,True,False
ss,27,std,rep1,ctl0,21,shared_wbl_column,0,64,0.0398364,0.039837,-5.999999999964367e-07,-6.666666666627075e-07,-6.706593333293503e-12,5.029948353296667e-06,,True,False
ss,27,std,rep1,ctl0,21,shared_wbl_column,0,147,0.0398342,0.0398356,-1.3999999999986246e-06,-1.5555555555540273e-06,-1.56487177777624e-11,5.029952824358888e-06,,True,False
ss,27,std,rep1,ctl0,22,neighbor_column,0,1,0.039838,0.039838,0.0,0.0,0.0,5.029945e-06,,True,False
ss,27,std,rep1,ctl0,22,neighbor_column,0,4,0.039838,0.039838,0.0,0.0,0.0,5.029945e-06,,True,False
ss,27,std,rep1,ctl0,22,neighbor_column,0,16,0.0398378,0.0398378,0.0,0.0,0.0,5.029945e-06,,True,False
ss,27,std,rep1,ctl0,22,neighbor_column,0,64,0.0398369,0.0398369,0.0,0.0,0.0,5.029945e-06,,True,False
ss,27,std,rep1,ctl0,22,neighbor_column,0,147,0.0398355,0.0398355,0.0,0.0,0.0,5.029945e-06,,True,False
ss,27,std,rep1,ctl0,23,neighbor_column,0,1,0.0399511,0.0399511,0.0,0.0,0.0,5.029945e-06,,True,False
ss,27,std,rep1,ctl0,23,neighbor_column,0,4,0.039951,0.039951,0.0,0.0,0.0,5.029945e-06,,True,False
ss,27,std,rep1,ctl0,23,neighbor_column,0,16,0.0399508,0.0399508,0.0,0.0,0.0,5.029945e-06,,True,False
ss,27,std,rep1,ctl0,23,neighbor_column,0,64,0.03995,0.03995,0.0,0.0,0.0,5.029945e-06,,True,False
ss,27,std,rep1,ctl0,23,neighbor_column,0,147,0.0399485,0.0399485,0.0,0.0,0.0,5.029945e-06,,True,False
ss,27,std,rep1,ctl0,30,neighbor_column,1,1,1.01483,1.01483,0.0,0.0,0.0,5.029945e-06,,True,False
ss,27,std,rep1,ctl0,30,neighbor_column,1,4,1.01483,1.01483,0.0,0.0,0.0,5.029945e-06,,True,False
ss,27,std,rep1,ctl0,30,neighbor_column,1,16,1.01483,1.01483,0.0,0.0,0.0,5.029945e-06,,True,False
ss,27,std,rep1,ctl0,30,neighbor_column,1,64,1.01483,1.01483,0.0,0.0,0.0,5.029945e-06,,True,False
ss,27,std,rep1,ctl0,30,neighbor_column,1,147,1.01483,1.01483,0.0,0.0,0.0,5.029945e-06,,True,False
ss,27,std,rep1,ctl0,31,shared_wbl_column,1,1,1.02892,1.02892,0.0,0.0,0.0,5.029945e-06,,True,False
ss,27,std,rep1,ctl0,31,shared_wbl_column,1,4,1.02892,1.02892,0.0,0.0,0.0,5.029945e-06,,True,False
ss,27,std,rep1,ctl0,31,shared_wbl_column,1,16,1.02892,1.02892,0.0,0.0,0.0,5.029945e-06,,True,False
ss,27,std,rep1,ctl0,31,shared_wbl_column,1,64,1.02892,1.02892,0.0,0.0,0.0,5.029945e-06,,True,False
ss,27,std,rep1,ctl0,31,shared_wbl_column,1,147,1.02891,1.02891,0.0,0.0,0.0,5.029945e-06,,True,False
ss,27,std,rep1,ctl0,32,neighbor_column,1,1,1.02892,1.02892,0.0,0.0,0.0,5.029945e-06,,True,False
ss,27,std,rep1,ctl0,32,neighbor_column,1,4,1.02892,1.02892,0.0,0.0,0.0,5.029945e-06,,True,False
ss,27,std,rep1,ctl0,32,neighbor_column,1,16,1.02892,1.02892,0.0,0.0,0.0,5.029945e-06,,True,False
ss,27,std,rep1,ctl0,32,neighbor_column,1,64,1.02892,1.02892,0.0,0.0,0.0,5.029945e-06,,True,False
ss,27,std,rep1,ctl0,32,neighbor_column,1,147,1.02891,1.02891,0.0,0.0,0.0,5.029945e-06,,True,False
ss,27,std,rep1,ctl0,33,neighbor_column,1,1,1.02902,1.02902,0.0,0.0,0.0,5.029945e-06,,True,False
ss,27,std,rep1,ctl0,33,neighbor_column,1,4,1.02902,1.02902,0.0,0.0,0.0,5.029945e-06,,True,False
ss,27,std,rep1,ctl0,33,neighbor_column,1,16,1.02902,1.02902,0.0,0.0,0.0,5.029945e-06,,True,False
ss,27,std,rep1,ctl0,33,neighbor_column,1,64,1.02901,1.02901,0.0,0.0,0.0,5.029945e-06,,True,False
ss,27,std,rep1,ctl0,33,neighbor_column,1,147,1.02901,1.02901,0.0,0.0,0.0,5.029945e-06,,True,False
ss,27,std,rep0,ctl1,00,half_selected_row0,1,1,1.03877,1.0382,-0.0005699999999999594,-0.0006333333333332882,-6.371263666666212e-09,5.033130631833333e-06,,True,False
ss,27,std,rep0,ctl1,00,half_selected_row0,1,4,1.04041,1.0382,-0.0022100000000000453,-0.0024555555555556057,-2.470261877777828e-08,5.042296309388889e-06,,False,False
ss,27,std,rep0,ctl1,00,half_selected_row0,1,16,1.04611,1.0382,-0.007910000000000084,-0.008788888888888981,-8.841525544444537e-08,5.0741526277222225e-06,,False,False
ss,27,std,rep0,ctl1,00,half_selected_row0,1,64,1.06133,1.0382,-0.023130000000000095,-0.025700000000000105,-2.5853917300000106e-07,5.1592145865e-06,,False,False
ss,27,std,rep0,ctl1,00,half_selected_row0,1,147,1.07626,1.03819,-0.03807000000000005,-0.04230000000000005,-4.255333470000005e-07,5.242711673499999e-06,,False,False
ss,27,std,rep0,ctl1,01,target_cell,1,1,-0.126051,1.052,1.178051,1.3089455555555556,1.3167848304877777e-05,-1.553979152438889e-06,2.658111438180837,False,
ss,27,std,rep0,ctl1,01,target_cell,1,4,-0.128711,1.052,1.180711,1.3119011111111112,1.3197580868655556e-05,-1.568845434327778e-06,2.664113365453562,False,
ss,27,std,rep0,ctl1,01,target_cell,1,16,-0.128111,1.052,1.1801110000000001,1.3112344444444446,1.3190874275322223e-05,-1.5654921376611118e-06,2.6627595472717442,False,
ss,27,std,rep0,ctl1,01,target_cell,1,64,-0.124271,1.052,1.176271,1.3069677777777777,1.3147952077988887e-05,-1.544031038994444e-06,2.654095110908111,False,
ss,27,std,rep0,ctl1,01,target_cell,1,147,-0.125006,1.05199,1.176996,1.3077733333333332,1.3156055878266665e-05,-1.5480829391333326e-06,2.6557309745444737,False,
ss,27,std,rep0,ctl1,02,half_selected_row0,1,1,1.05235,1.052,-0.00034999999999985043,-0.0003888888888887227,-3.912179444442772e-09,5.031901089722221e-06,,True,False
ss,27,std,rep0,ctl1,02,half_selected_row0,1,4,1.05338,1.052,-0.0013799999999999368,-0.0015333333333332631,-1.542516466666596e-08,5.037657582333332e-06,,False,False
ss,27,std,rep0,ctl1,02,half_selected_row0,1,16,1.05713,1.052,-0.005129999999999857,-0.005699999999999841,-5.734137299999839e-08,5.058615686499999e-06,,False,False
ss,27,std,rep0,ctl1,02,half_selected_row0,1,64,1.06837,1.052,-0.016369999999999996,-0.018188888888888883,-1.8297822144444437e-07,5.121434110722222e-06,,False,False
ss,27,std,rep0,ctl1,02,half_selected_row0,1,147,1.0808,1.05199,-0.028810000000000002,-0.032011111111111115,-3.220282565555556e-07,5.190959128277778e-06,,False,False
ss,27,std,rep0,ctl1,03,half_selected_row0,1,1,1.05265,1.05217,-0.00048000000000003595,-0.0005333333333333733,-5.3652746666670676e-09,5.032627637333333e-06,,True,False
ss,27,std,rep0,ctl1,03,half_selected_row0,1,4,1.05402,1.05217,-0.0018499999999999073,-0.0020555555555554525,-2.067866277777674e-08,5.040284331388888e-06,,False,False
ss,27,std,rep0,ctl1,03,half_selected_row0,1,16,1.05891,1.05217,-0.006739999999999968,-0.007488888888888853,-7.533739844444407e-08,5.067613699222222e-06,,False,False
ss,27,std,rep0,ctl1,03,half_selected_row0,1,64,1.07258,1.05217,-0.02041000000000004,-0.02267777777777782,-2.2813594988888932e-07,5.144012974944444e-06,,False,False
ss,27,std,rep0,ctl1,03,half_selected_row0,1,147,1.08661,1.05216,-0.03445000000000009,-0.038277777777777876,-3.8507023388888987e-07,5.222480116944444e-06,,False,False
ss,27,std,rep0,ctl1,10,neighbor_column,1,1,1.04764,1.04764,0.0,0.0,0.0,5.029945e-06,,True,False
ss,27,std,rep0,ctl1,10,neighbor_column,1,4,1.04764,1.04764,0.0,0.0,0.0,5.029945e-06,,True,False
ss,27,std,rep0,ctl1,10,neighbor_column,1,16,1.04764,1.04764,0.0,0.0,0.0,5.029945e-06,,True,False
ss,27,std,rep0,ctl1,10,neighbor_column,1,64,1.04764,1.04764,0.0,0.0,0.0,5.029945e-06,,True,False
ss,27,std,rep0,ctl1,10,neighbor_column,1,147,1.04763,1.04763,0.0,0.0,0.0,5.029945e-06,,True,False
ss,27,std,rep0,ctl1,11,shared_wbl_column,1,1,1.0614,1.0614,0.0,0.0,0.0,5.029945e-06,,True,False
ss,27,std,rep0,ctl1,11,shared_wbl_column,1,4,1.0614,1.0614,0.0,0.0,0.0,5.029945e-06,,True,False
ss,27,std,rep0,ctl1,11,shared_wbl_column,1,16,1.0614,1.0614,0.0,0.0,0.0,5.029945e-06,,True,False
ss,27,std,rep0,ctl1,11,shared_wbl_column,1,64,1.0614,1.0614,0.0,0.0,0.0,5.029945e-06,,True,False
ss,27,std,rep0,ctl1,11,shared_wbl_column,1,147,1.06139,1.06139,0.0,0.0,0.0,5.029945e-06,,True,False
ss,27,std,rep0,ctl1,12,neighbor_column,1,1,1.0614,1.0614,0.0,0.0,0.0,5.029945e-06,,True,False
ss,27,std,rep0,ctl1,12,neighbor_column,1,4,1.0614,1.0614,0.0,0.0,0.0,5.029945e-06,,True,False
ss,27,std,rep0,ctl1,12,neighbor_column,1,16,1.0614,1.0614,0.0,0.0,0.0,5.029945e-06,,True,False
ss,27,std,rep0,ctl1,12,neighbor_column,1,64,1.0614,1.0614,0.0,0.0,0.0,5.029945e-06,,True,False
ss,27,std,rep0,ctl1,12,neighbor_column,1,147,1.06139,1.06139,0.0,0.0,0.0,5.029945e-06,,True,False
ss,27,std,rep0,ctl1,13,neighbor_column,1,1,1.0616,1.0616,0.0,0.0,0.0,5.029945e-06,,True,False
ss,27,std,rep0,ctl1,13,neighbor_column,1,4,1.0616,1.0616,0.0,0.0,0.0,5.029945e-06,,True,False
ss,27,std,rep0,ctl1,13,neighbor_column,1,16,1.0616,1.0616,0.0,0.0,0.0,5.029945e-06,,True,False
ss,27,std,rep0,ctl1,13,neighbor_column,1,64,1.0616,1.0616,0.0,0.0,0.0,5.029945e-06,,True,False
ss,27,std,rep0,ctl1,13,neighbor_column,1,147,1.06159,1.06159,0.0,0.0,0.0,5.029945e-06,,True,False
ss,27,std,rep0,ctl1,20,neighbor_column,0,1,0.0413231,0.0413231,0.0,0.0,0.0,5.029945e-06,,True,False
ss,27,std,rep0,ctl1,20,neighbor_column,0,4,0.0413231,0.0413231,0.0,0.0,0.0,5.029945e-06,,True,False
ss,27,std,rep0,ctl1,20,neighbor_column,0,16,0.0413229,0.0413229,0.0,0.0,0.0,5.029945e-06,,True,False
ss,27,std,rep0,ctl1,20,neighbor_column,0,64,0.0413222,0.0413222,0.0,0.0,0.0,5.029945e-06,,True,False
ss,27,std,rep0,ctl1,20,neighbor_column,0,147,0.041321,0.041321,0.0,0.0,0.0,5.029945e-06,,True,False
ss,27,std,rep0,ctl1,21,shared_wbl_column,0,1,0.0533223,0.0533223,0.0,0.0,0.0,5.029945e-06,,True,False
ss,27,std,rep0,ctl1,21,shared_wbl_column,0,4,0.0533223,0.0533223,0.0,0.0,0.0,5.029945e-06,,True,False
ss,27,std,rep0,ctl1,21,shared_wbl_column,0,16,0.053322,0.0533221,-9.999999999593667e-08,-1.111111111065963e-07,-1.117765555510137e-12,5.029945558882778e-06,,True,False
ss,27,std,rep0,ctl1,21,shared_wbl_column,0,64,0.0533207,0.0533212,-5.000000000005e-07,-5.555555555561112e-07,-5.588827777783367e-12,5.0299477944138885e-06,,True,False
ss,27,std,rep0,ctl1,21,shared_wbl_column,0,147,0.0533186,0.0533198,-1.1999999999998123e-06,-1.3333333333331248e-06,-1.3413186666664568e-11,5.029951706593333e-06,,True,False
ss,27,std,rep0,ctl1,22,neighbor_column,0,1,0.0533222,0.0533222,0.0,0.0,0.0,5.029945e-06,,True,False
ss,27,std,rep0,ctl1,22,neighbor_column,0,4,0.0533222,0.0533222,0.0,0.0,0.0,5.029945e-06,,True,False
ss,27,std,rep0,ctl1,22,neighbor_column,0,16,0.053322,0.053322,0.0,0.0,0.0,5.029945e-06,,True,False
ss,27,std,rep0,ctl1,22,neighbor_column,0,64,0.0533211,0.0533211,0.0,0.0,0.0,5.029945e-06,,True,False
ss,27,std,rep0,ctl1,22,neighbor_column,0,147,0.0533197,0.0533197,0.0,0.0,0.0,5.029945e-06,,True,False
ss,27,std,rep0,ctl1,23,neighbor_column,0,1,0.053474,0.053474,0.0,0.0,0.0,5.029945e-06,,True,False
ss,27,std,rep0,ctl1,23,neighbor_column,0,4,0.0534739,0.0534739,0.0,0.0,0.0,5.029945e-06,,True,False
ss,27,std,rep0,ctl1,23,neighbor_column,0,16,0.0534737,0.0534737,0.0,0.0,0.0,5.029945e-06,,True,False
ss,27,std,rep0,ctl1,23,neighbor_column,0,64,0.0534729,0.0534729,0.0,0.0,0.0,5.029945e-06,,True,False
ss,27,std,rep0,ctl1,23,neighbor_column,0,147,0.0534714,0.0534714,0.0,0.0,0.0,5.029945e-06,,True,False
ss,27,std,rep0,ctl1,30,neighbor_column,1,1,1.03063,1.03063,0.0,0.0,0.0,5.029945e-06,,True,False
ss,27,std,rep0,ctl1,30,neighbor_column,1,4,1.03063,1.03063,0.0,0.0,0.0,5.029945e-06,,True,False
ss,27,std,rep0,ctl1,30,neighbor_column,1,16,1.03063,1.03063,0.0,0.0,0.0,5.029945e-06,,True,False
ss,27,std,rep0,ctl1,30,neighbor_column,1,64,1.03063,1.03063,0.0,0.0,0.0,5.029945e-06,,True,False
ss,27,std,rep0,ctl1,30,neighbor_column,1,147,1.03062,1.03062,0.0,0.0,0.0,5.029945e-06,,True,False
ss,27,std,rep0,ctl1,31,shared_wbl_column,1,1,1.04469,1.04469,0.0,0.0,0.0,5.029945e-06,,True,False
ss,27,std,rep0,ctl1,31,shared_wbl_column,1,4,1.04469,1.04469,0.0,0.0,0.0,5.029945e-06,,True,False
ss,27,std,rep0,ctl1,31,shared_wbl_column,1,16,1.04469,1.04469,0.0,0.0,0.0,5.029945e-06,,True,False
ss,27,std,rep0,ctl1,31,shared_wbl_column,1,64,1.04469,1.04469,0.0,0.0,0.0,5.029945e-06,,True,False
ss,27,std,rep0,ctl1,31,shared_wbl_column,1,147,1.04468,1.04468,0.0,0.0,0.0,5.029945e-06,,True,False
ss,27,std,rep0,ctl1,32,neighbor_column,1,1,1.04469,1.04469,0.0,0.0,0.0,5.029945e-06,,True,False
ss,27,std,rep0,ctl1,32,neighbor_column,1,4,1.04469,1.04469,0.0,0.0,0.0,5.029945e-06,,True,False
ss,27,std,rep0,ctl1,32,neighbor_column,1,16,1.04469,1.04469,0.0,0.0,0.0,5.029945e-06,,True,False
ss,27,std,rep0,ctl1,32,neighbor_column,1,64,1.04469,1.04469,0.0,0.0,0.0,5.029945e-06,,True,False
ss,27,std,rep0,ctl1,32,neighbor_column,1,147,1.04468,1.04468,0.0,0.0,0.0,5.029945e-06,,True,False
ss,27,std,rep0,ctl1,33,neighbor_column,1,1,1.04484,1.04484,0.0,0.0,0.0,5.029945e-06,,True,False
ss,27,std,rep0,ctl1,33,neighbor_column,1,4,1.04484,1.04484,0.0,0.0,0.0,5.029945e-06,,True,False
ss,27,std,rep0,ctl1,33,neighbor_column,1,16,1.04484,1.04484,0.0,0.0,0.0,5.029945e-06,,True,False
ss,27,std,rep0,ctl1,33,neighbor_column,1,64,1.04484,1.04484,0.0,0.0,0.0,5.029945e-06,,True,False
ss,27,std,rep0,ctl1,33,neighbor_column,1,147,1.04483,1.04483,0.0,0.0,0.0,5.029945e-06,,True,False
ss,27,neg,neg_rep1,neg_ctl0,00,half_selected_row0,0,1,-0.212737,0.00437348,-0.21711048000000002,-0.24123386666666669,-2.4267861629413333e-06,6.243338081470666e-06,,False,False
ss,27,neg,neg_rep1,neg_ctl0,00,half_selected_row0,0,4,-0.219912,0.00437323,-0.22428523,-0.24920581111111112,-2.5069830471385554e-06,6.283436523569277e-06,,False,False
ss,27,neg,neg_rep1,neg_ctl0,00,half_selected_row0,0,16,-0.21764,0.00437222,-0.22201222,-0.24668024444444445,-2.481576124284222e-06,6.270733062142111e-06,,False,False
ss,27,neg,neg_rep1,neg_ctl0,00,half_selected_row0,0,64,-0.226175,0.00436818,-0.23054318,-0.2561590888888889,-2.576932256722444e-06,6.318411128361222e-06,,False,False
ss,27,neg,neg_rep1,neg_ctl0,00,half_selected_row0,0,147,-0.226315,0.00436121,-0.23067621,-0.2563069,-2.578419220241e-06,6.3191546101205e-06,,False,False
ss,27,neg,neg_rep1,neg_ctl0,01,target_cell,0,1,0.813886,0.00710573,0.80678027,0.8964225222222222,9.01791196707811e-06,5.209890164609446e-07,0.4004857260253763,False,
ss,27,neg,neg_rep1,neg_ctl0,01,target_cell,0,4,0.858449,0.00710534,0.8513436600000001,0.9459374,9.516026190886e-06,2.7193190455699976e-07,0.42260699282123143,False,
ss,27,neg,neg_rep1,neg_ctl0,01,target_cell,0,16,0.901247,0.00710375,0.8941432500000001,0.9934925,9.994425265824999e-06,3.273236708749999e-08,0.44385270929709225,False,
ss,27,neg,neg_rep1,neg_ctl0,01,target_cell,0,64,0.942694,0.00709738,0.93559662,1.0395518,1.0457776757301998e-05,-1.9894337865099956e-07,0.4644301621649574,False,
ss,27,neg,neg_rep1,neg_ctl0,01,target_cell,0,147,0.966977,0.00708639,0.95989061,1.0665451222222222,1.0729326609592111e-05,-3.347183047960554e-07,0.4764896988008784,False,
ss,27,neg,neg_rep1,neg_ctl0,02,half_selected_row0,0,1,-0.212009,0.00710573,-0.21911473,-0.24346081111111112,-2.4491889790885553e-06,6.2545394895442775e-06,,False,False
ss,27,neg,neg_rep1,neg_ctl0,02,half_selected_row0,0,4,-0.219672,0.00710533,-0.22677733,-0.2519748111111111,-2.534838882548555e-06,6.297364441274277e-06,,False,False
ss,27,neg,neg_rep1,neg_ctl0,02,half_selected_row0,0,16,-0.217314,0.00710374,-0.22441774,-0.24935304444444445,-2.5084641982762222e-06,6.284177099138111e-06,,False,False
ss,27,neg,neg_rep1,neg_ctl0,02,half_selected_row0,0,64,-0.22534,0.00709738,-0.23243738000000003,-0.2582637555555556,-2.598104971875778e-06,6.328997485937888e-06,,False,False
ss,27,neg,neg_rep1,neg_ctl0,02,half_selected_row0,0,147,-0.226033,0.00708639,-0.23311939,-0.2590215444444445,-2.6057282447412223e-06,6.33280912237061e-06,,False,False
ss,27,neg,neg_rep1,neg_ctl0,03,half_selected_row0,0,1,-0.212118,0.0071103,-0.2192283,-0.24358699999999997,-2.4504584254299996e-06,6.255174212715e-06,,False,False
ss,27,neg,neg_rep1,neg_ctl0,03,half_selected_row0,0,4,-0.219301,0.0071099,-0.2264109,-0.25156766666666663,-2.530743054223333e-06,6.295316527111666e-06,,False,False
ss,27,neg,neg_rep1,neg_ctl0,03,half_selected_row0,0,16,-0.217028,0.0071083,-0.2241363,-0.24904033333333334,-2.5053183588966664e-06,6.282604179448333e-06,,False,False
ss,27,neg,neg_rep1,neg_ctl0,03,half_selected_row0,0,64,-0.225561,0.00710193,-0.23266293000000002,-0.25851436666666666,-2.600626092086333e-06,6.330258046043166e-06,,False,False
ss,27,neg,neg_rep1,neg_ctl0,03,half_selected_row0,0,147,-0.225716,0.00709093,-0.23280693,-0.25867436666666666,-2.602235674486333e-06,6.331062837243166e-06,,False,False
ss,27,neg,neg_rep1,neg_ctl0,10,neighbor_column,1,1,1.00839,1.00839,0.0,0.0,0.0,5.029945e-06,,True,False
ss,27,neg,neg_rep1,neg_ctl0,10,neighbor_column,1,4,1.00838,1.00838,0.0,0.0,0.0,5.029945e-06,,True,False
ss,27,neg,neg_rep1,neg_ctl0,10,neighbor_column,1,16,1.00834,1.00834,0.0,0.0,0.0,5.029945e-06,,True,False
ss,27,neg,neg_rep1,neg_ctl0,10,neighbor_column,1,64,1.00815,1.00815,0.0,0.0,0.0,5.029945e-06,,True,False
ss,27,neg,neg_rep1,neg_ctl0,10,neighbor_column,1,147,1.00782,1.00782,0.0,0.0,0.0,5.029945e-06,,True,False
ss,27,neg,neg_rep1,neg_ctl0,11,shared_wbl_column,1,1,1.01202,1.01202,0.0,0.0,0.0,5.029945e-06,,True,False
ss,27,neg,neg_rep1,neg_ctl0,11,shared_wbl_column,1,4,1.01202,1.01201,-9.999999999843467e-06,-1.1111111110937185e-05,-1.1177655555380587e-10,5.030000888277777e-06,,True,False
ss,27,neg,neg_rep1,neg_ctl0,11,shared_wbl_column,1,16,1.012,1.01196,-4.0000000000040004e-05,-4.444444444448889e-05,-4.4710622222266934e-10,5.030168553111111e-06,,True,False
ss,27,neg,neg_rep1,neg_ctl0,11,shared_wbl_column,1,64,1.01194,1.01177,-0.00017000000000000348,-0.00018888888888889276,-1.900201444444483e-09,5.030895100722222e-06,,True,False
ss,27,neg,neg_rep1,neg_ctl0,11,shared_wbl_column,1,147,1.01184,1.01144,-0.000400000000000178,-0.0004444444444446422,-4.471062222224211e-09,5.032180531111112e-06,,True,False
ss,27,neg,neg_rep1,neg_ctl0,12,neighbor_column,1,1,1.01202,1.01202,0.0,0.0,0.0,5.029945e-06,,True,False
ss,27,neg,neg_rep1,neg_ctl0,12,neighbor_column,1,4,1.01201,1.01201,0.0,0.0,0.0,5.029945e-06,,True,False
ss,27,neg,neg_rep1,neg_ctl0,12,neighbor_column,1,16,1.01196,1.01196,0.0,0.0,0.0,5.029945e-06,,True,False
ss,27,neg,neg_rep1,neg_ctl0,12,neighbor_column,1,64,1.01177,1.01177,0.0,0.0,0.0,5.029945e-06,,True,False
ss,27,neg,neg_rep1,neg_ctl0,12,neighbor_column,1,147,1.01144,1.01144,0.0,0.0,0.0,5.029945e-06,,True,False
ss,27,neg,neg_rep1,neg_ctl0,13,neighbor_column,1,1,1.01203,1.01203,0.0,0.0,0.0,5.029945e-06,,True,False
ss,27,neg,neg_rep1,neg_ctl0,13,neighbor_column,1,4,1.01202,1.01202,0.0,0.0,0.0,5.029945e-06,,True,False
ss,27,neg,neg_rep1,neg_ctl0,13,neighbor_column,1,16,1.01197,1.01197,0.0,0.0,0.0,5.029945e-06,,True,False
ss,27,neg,neg_rep1,neg_ctl0,13,neighbor_column,1,64,1.01178,1.01178,0.0,0.0,0.0,5.029945e-06,,True,False
ss,27,neg,neg_rep1,neg_ctl0,13,neighbor_column,1,147,1.01145,1.01145,0.0,0.0,0.0,5.029945e-06,,True,False
ss,27,neg,neg_rep1,neg_ctl0,20,neighbor_column,0,1,0.0062998,0.0062998,0.0,0.0,0.0,5.029945e-06,,True,False
ss,27,neg,neg_rep1,neg_ctl0,20,neighbor_column,0,4,0.00629945,0.00629945,0.0,0.0,0.0,5.029945e-06,,True,False
ss,27,neg,neg_rep1,neg_ctl0,20,neighbor_column,0,16,0.00629802,0.00629802,0.0,0.0,0.0,5.029945e-06,,True,False
ss,27,neg,neg_rep1,neg_ctl0,20,neighbor_column,0,64,0.00629234,0.00629234,0.0,0.0,0.0,5.029945e-06,,True,False
ss,27,neg,neg_rep1,neg_ctl0,20,neighbor_column,0,147,0.00628252,0.00628252,0.0,0.0,0.0,5.029945e-06,,True,False
ss,27,neg,neg_rep1,neg_ctl0,21,shared_wbl_column,0,1,0.00903819,0.00903491,3.2799999999996027e-06,3.644444444444003e-06,3.666271022221778e-11,5.029926668644888e-06,2.4323155064233664e-08,True,False
ss,27,neg,neg_rep1,neg_ctl0,21,shared_wbl_column,0,4,0.00904755,0.00903441,1.3140000000000027e-05,1.460000000000003e-05,1.4687439400000028e-10,5.029871562803e-06,9.744093217807004e-08,True,False
ss,27,neg,neg_rep1,neg_ctl0,21,shared_wbl_column,0,16,0.00908495,0.00903244,5.2510000000000404e-05,5.834444444444489e-05,5.869386932222267e-10,5.029651530653389e-06,3.8939294890947386e-07,True,False
ss,27,neg,neg_rep1,neg_ctl0,21,shared_wbl_column,0,64,0.00923354,0.00902453,0.0002090100000000008,0.0002322333333333342,2.3362417876666754e-09,5.028776879106166e-06,1.5499337317000347e-06,True,False
ss,27,neg,neg_rep1,neg_ctl0,21,shared_wbl_column,0,147,0.0094889,0.00901089,0.0004780099999999992,0.0005311222222222213,5.343031132111101e-09,5.027273484433944e-06,3.5447290708096715e-06,True,False
ss,27,neg,neg_rep1,neg_ctl0,22,neighbor_column,0,1,0.00903489,0.00903489,0.0,0.0,0.0,5.029945e-06,,True,False
ss,27,neg,neg_rep1,neg_ctl0,22,neighbor_column,0,4,0.0090344,0.0090344,0.0,0.0,0.0,5.029945e-06,,True,False
ss,27,neg,neg_rep1,neg_ctl0,22,neighbor_column,0,16,0.00903242,0.00903242,0.0,0.0,0.0,5.029945e-06,,True,False
ss,27,neg,neg_rep1,neg_ctl0,22,neighbor_column,0,64,0.00902452,0.00902452,0.0,0.0,0.0,5.029945e-06,,True,False
ss,27,neg,neg_rep1,neg_ctl0,22,neighbor_column,0,147,0.00901087,0.00901087,0.0,0.0,0.0,5.029945e-06,,True,False
ss,27,neg,neg_rep1,neg_ctl0,23,neighbor_column,0,1,0.00904069,0.00904069,0.0,0.0,0.0,5.029945e-06,,True,False
ss,27,neg,neg_rep1,neg_ctl0,23,neighbor_column,0,4,0.00904019,0.00904019,0.0,0.0,0.0,5.029945e-06,,True,False
ss,27,neg,neg_rep1,neg_ctl0,23,neighbor_column,0,16,0.00903822,0.00903822,0.0,0.0,0.0,5.029945e-06,,True,False
ss,27,neg,neg_rep1,neg_ctl0,23,neighbor_column,0,64,0.0090303,0.0090303,0.0,0.0,0.0,5.029945e-06,,True,False
ss,27,neg,neg_rep1,neg_ctl0,23,neighbor_column,0,147,0.00901664,0.00901664,0.0,0.0,0.0,5.029945e-06,,True,False
ss,27,neg,neg_rep1,neg_ctl0,30,neighbor_column,1,1,1.00382,1.00382,0.0,0.0,0.0,5.029945e-06,,True,False
ss,27,neg,neg_rep1,neg_ctl0,30,neighbor_column,1,4,1.00381,1.00381,0.0,0.0,0.0,5.029945e-06,,True,False
ss,27,neg,neg_rep1,neg_ctl0,30,neighbor_column,1,16,1.00376,1.00376,0.0,0.0,0.0,5.029945e-06,,True,False
ss,27,neg,neg_rep1,neg_ctl0,30,neighbor_column,1,64,1.00357,1.00357,0.0,0.0,0.0,5.029945e-06,,True,False
ss,27,neg,neg_rep1,neg_ctl0,30,neighbor_column,1,147,1.00325,1.00325,0.0,0.0,0.0,5.029945e-06,,True,False
ss,27,neg,neg_rep1,neg_ctl0,31,shared_wbl_column,1,1,1.00746,1.00746,0.0,0.0,0.0,5.029945e-06,,True,False
ss,27,neg,neg_rep1,neg_ctl0,31,shared_wbl_column,1,4,1.00746,1.00745,-1.0000000000065512e-05,-1.1111111111183902e-05,-1.1177655555628782e-10,5.030000888277778e-06,,True,False
ss,27,neg,neg_rep1,neg_ctl0,31,shared_wbl_column,1,16,1.00745,1.0074,-4.999999999988347e-05,-5.555555555542608e-05,-5.588827777764752e-10,5.030224441388888e-06,,True,False
ss,27,neg,neg_rep1,neg_ctl0,31,shared_wbl_column,1,64,1.00739,1.00721,-0.000180000000000069,-0.00020000000000007666,-2.011978000000771e-09,5.030950989e-06,,True,False
ss,27,neg,neg_rep1,neg_ctl0,31,shared_wbl_column,1,147,1.00728,1.00689,-0.00038999999999989043,-0.00043333333333321156,-4.3592856666654415e-09,5.032124642833333e-06,,True,False
ss,27,neg,neg_rep1,neg_ctl0,32,neighbor_column,1,1,1.00746,1.00746,0.0,0.0,0.0,5.029945e-06,,True,False
ss,27,neg,neg_rep1,neg_ctl0,32,neighbor_column,1,4,1.00745,1.00745,0.0,0.0,0.0,5.029945e-06,,True,False
ss,27,neg,neg_rep1,neg_ctl0,32,neighbor_column,1,16,1.0074,1.0074,0.0,0.0,0.0,5.029945e-06,,True,False
ss,27,neg,neg_rep1,neg_ctl0,32,neighbor_column,1,64,1.00721,1.00721,0.0,0.0,0.0,5.029945e-06,,True,False
ss,27,neg,neg_rep1,neg_ctl0,32,neighbor_column,1,147,1.00689,1.00689,0.0,0.0,0.0,5.029945e-06,,True,False
ss,27,neg,neg_rep1,neg_ctl0,33,neighbor_column,1,1,1.00747,1.00747,0.0,0.0,0.0,5.029945e-06,,True,False
ss,27,neg,neg_rep1,neg_ctl0,33,neighbor_column,1,4,1.00746,1.00746,0.0,0.0,0.0,5.029945e-06,,True,False
ss,27,neg,neg_rep1,neg_ctl0,33,neighbor_column,1,16,1.00741,1.00741,0.0,0.0,0.0,5.029945e-06,,True,False
ss,27,neg,neg_rep1,neg_ctl0,33,neighbor_column,1,64,1.00722,1.00722,0.0,0.0,0.0,5.029945e-06,,True,False
ss,27,neg,neg_rep1,neg_ctl0,33,neighbor_column,1,147,1.00689,1.00689,0.0,0.0,0.0,5.029945e-06,,True,False
ss,27,neg,neg_rep0,neg_ctl1,00,half_selected_row0,1,1,1.00995,1.0099,-4.999999999988347e-05,-5.555555555542608e-05,-5.588827777764752e-10,5.030224441388888e-06,,True,False
ss,27,neg,neg_rep0,neg_ctl1,00,half_selected_row0,1,4,1.01008,1.0099,-0.000180000000000069,-0.00020000000000007666,-2.011978000000771e-09,5.030950989e-06,,True,False
ss,27,neg,neg_rep0,neg_ctl1,00,half_selected_row0,1,16,1.0106,1.0099,-0.0006999999999999229,-0.0007777777777776921,-7.824358888888026e-09,5.033857179444444e-06,,True,False
ss,27,neg,neg_rep0,neg_ctl1,00,half_selected_row0,1,64,1.0126,1.0099,-0.0026999999999999247,-0.0029999999999999164,-3.0179669999999157e-08,5.045034834999999e-06,,False,False
ss,27,neg,neg_rep0,neg_ctl1,00,half_selected_row0,1,147,1.01571,1.00989,-0.005819999999999936,-0.0064666666666665954,-6.505395533333261e-08,5.062471977666666e-06,,False,False
ss,27,neg,neg_rep0,neg_ctl1,01,target_cell,1,1,-0.208203,1.01353,1.221733,1.3574811111111111,1.3656110654855554e-05,-1.7981103274277778e-06,0.3135823480868584,False,
ss,27,neg,neg_rep0,neg_ctl1,01,target_cell,1,4,-0.215705,1.01353,1.229235,1.3658166666666667,1.3739965426833333e-05,-1.8400377134166666e-06,0.31550788728024,False,
ss,27,neg,neg_rep0,neg_ctl1,01,target_cell,1,16,-0.2134,1.01353,1.22693,1.3632555555555557,1.3714200930777778e-05,-1.8271554653888893e-06,0.31491626266803735,False,
ss,27,neg,neg_rep0,neg_ctl1,01,target_cell,1,64,-0.221237,1.01353,1.234767,1.3719633333333332,1.3801800217366664e-05,-1.8709551086833326e-06,0.3169277863495264,False,
ss,27,neg,neg_rep0,neg_ctl1,01,target_cell,1,147,-0.221907,1.01352,1.235427,1.3726966666666667,1.3809177470033333e-05,-1.8746437350166666e-06,0.31709718862460395,False,
ss,27,neg,neg_rep0,neg_ctl1,02,half_selected_row0,1,1,1.01357,1.01353,-4.0000000000040004e-05,-4.444444444448889e-05,-4.4710622222266934e-10,5.030168553111111e-06,,True,False
ss,27,neg,neg_rep0,neg_ctl1,02,half_selected_row0,1,4,1.0137,1.01353,-0.00017000000000000348,-0.00018888888888889276,-1.900201444444483e-09,5.030895100722222e-06,,True,False
ss,27,neg,neg_rep0,neg_ctl1,02,half_selected_row0,1,16,1.01421,1.01353,-0.0006800000000000139,-0.000755555555555571,-7.600805777777932e-09,5.033745402888889e-06,,True,False
ss,27,neg,neg_rep0,neg_ctl1,02,half_selected_row0,1,64,1.01614,1.01353,-0.002610000000000001,-0.002900000000000001,-2.9173681000000008e-08,5.044531840499999e-06,,False,False
ss,27,neg,neg_rep0,neg_ctl1,02,half_selected_row0,1,147,1.01919,1.01352,-0.005670000000000064,-0.006300000000000071,-6.337730700000072e-08,5.061633653499999e-06,,False,False
ss,27,neg,neg_rep0,neg_ctl1,03,half_selected_row0,1,1,1.01358,1.01354,-3.999999999981796e-05,-4.4444444444242175e-05,-4.471062222201874e-10,5.03016855311111e-06,,True,False
ss,27,neg,neg_rep0,neg_ctl1,03,half_selected_row0,1,4,1.01371,1.01354,-0.00017000000000000348,-0.00018888888888889276,-1.900201444444483e-09,5.030895100722222e-06,,True,False
ss,27,neg,neg_rep0,neg_ctl1,03,half_selected_row0,1,16,1.01422,1.01354,-0.0006799999999997919,-0.0007555555555553243,-7.600805777775451e-09,5.033745402888888e-06,,True,False
ss,27,neg,neg_rep0,neg_ctl1,03,half_selected_row0,1,64,1.01614,1.01354,-0.0025999999999999357,-0.002888888888888817,-2.906190444444372e-08,5.044475952222221e-06,,False,False
ss,27,neg,neg_rep0,neg_ctl1,03,half_selected_row0,1,147,1.01915,1.01353,-0.005619999999999958,-0.006244444444444398,-6.281842422222176e-08,5.061354212111111e-06,,False,False
ss,27,neg,neg_rep0,neg_ctl1,10,neighbor_column,1,1,1.01245,1.01245,0.0,0.0,0.0,5.029945e-06,,True,False
ss,27,neg,neg_rep0,neg_ctl1,10,neighbor_column,1,4,1.01245,1.01245,0.0,0.0,0.0,5.029945e-06,,True,False
ss,27,neg,neg_rep0,neg_ctl1,10,neighbor_column,1,16,1.01245,1.01245,0.0,0.0,0.0,5.029945e-06,,True,False
ss,27,neg,neg_rep0,neg_ctl1,10,neighbor_column,1,64,1.01245,1.01245,0.0,0.0,0.0,5.029945e-06,,True,False
ss,27,neg,neg_rep0,neg_ctl1,10,neighbor_column,1,147,1.01244,1.01244,0.0,0.0,0.0,5.029945e-06,,True,False
ss,27,neg,neg_rep0,neg_ctl1,11,shared_wbl_column,1,1,1.01607,1.01607,0.0,0.0,0.0,5.029945e-06,,True,False
ss,27,neg,neg_rep0,neg_ctl1,11,shared_wbl_column,1,4,1.01606,1.01607,1.0000000000065512e-05,1.1111111111183902e-05,1.1177655555628782e-10,5.029889111722222e-06,8.558620689710873e-08,True,False
ss,27,neg,neg_rep0,neg_ctl1,11,shared_wbl_column,1,16,1.01603,1.01607,4.0000000000040004e-05,4.444444444448889e-05,4.4710622222266934e-10,5.029721446888889e-06,3.4234482758653455e-07,True,False
ss,27,neg,neg_rep0,neg_ctl1,11,shared_wbl_column,1,64,1.01589,1.01607,0.000180000000000069,0.00020000000000007666,2.011978000000771e-09,5.0289390109999996e-06,1.5405517241384553e-06,True,False
ss,27,neg,neg_rep0,neg_ctl1,11,shared_wbl_column,1,147,1.01565,1.01607,0.00042000000000008697,0.00046666666666676326,4.694615333334305e-09,5.0275976923333325e-06,3.594620689655762e-06,True,False
ss,27,neg,neg_rep0,neg_ctl1,12,neighbor_column,1,1,1.01607,1.01607,0.0,0.0,0.0,5.029945e-06,,True,False
ss,27,neg,neg_rep0,neg_ctl1,12,neighbor_column,1,4,1.01607,1.01607,0.0,0.0,0.0,5.029945e-06,,True,False
ss,27,neg,neg_rep0,neg_ctl1,12,neighbor_column,1,16,1.01607,1.01607,0.0,0.0,0.0,5.029945e-06,,True,False
ss,27,neg,neg_rep0,neg_ctl1,12,neighbor_column,1,64,1.01607,1.01607,0.0,0.0,0.0,5.029945e-06,,True,False
ss,27,neg,neg_rep0,neg_ctl1,12,neighbor_column,1,147,1.01607,1.01607,0.0,0.0,0.0,5.029945e-06,,True,False
ss,27,neg,neg_rep0,neg_ctl1,13,neighbor_column,1,1,1.01609,1.01609,0.0,0.0,0.0,5.029945e-06,,True,False
ss,27,neg,neg_rep0,neg_ctl1,13,neighbor_column,1,4,1.01609,1.01609,0.0,0.0,0.0,5.029945e-06,,True,False
ss,27,neg,neg_rep0,neg_ctl1,13,neighbor_column,1,16,1.01609,1.01609,0.0,0.0,0.0,5.029945e-06,,True,False
ss,27,neg,neg_rep0,neg_ctl1,13,neighbor_column,1,64,1.01608,1.01608,0.0,0.0,0.0,5.029945e-06,,True,False
ss,27,neg,neg_rep0,neg_ctl1,13,neighbor_column,1,147,1.01608,1.01608,0.0,0.0,0.0,5.029945e-06,,True,False
ss,27,neg,neg_rep0,neg_ctl1,20,neighbor_column,0,1,0.0094218,0.0094218,0.0,0.0,0.0,5.029945e-06,,True,False
ss,27,neg,neg_rep0,neg_ctl1,20,neighbor_column,0,4,0.00943698,0.00943698,0.0,0.0,0.0,5.029945e-06,,True,False
ss,27,neg,neg_rep0,neg_ctl1,20,neighbor_column,0,16,0.0094976,0.0094976,0.0,0.0,0.0,5.029945e-06,,True,False
ss,27,neg,neg_rep0,neg_ctl1,20,neighbor_column,0,64,0.00973893,0.00973893,0.0,0.0,0.0,5.029945e-06,,True,False
ss,27,neg,neg_rep0,neg_ctl1,20,neighbor_column,0,147,0.0101519,0.0101519,0.0,0.0,0.0,5.029945e-06,,True,False
ss,27,neg,neg_rep0,neg_ctl1,21,shared_wbl_column,0,1,0.0121658,0.0121692,-3.4000000000006247e-06,-3.777777777778472e-06,-3.800402888889587e-11,5.029964002014443e-06,,True,False
ss,27,neg,neg_rep0,neg_ctl1,21,shared_wbl_column,0,4,0.0121693,0.0121831,-1.3800000000001311e-05,-1.533333333333479e-05,-1.5425164666668133e-10,5.030022125823333e-06,,True,False
ss,27,neg,neg_rep0,neg_ctl1,21,shared_wbl_column,0,16,0.0121834,0.0122386,-5.520000000000004e-05,-6.133333333333338e-05,-6.170065866666671e-10,5.030253503293333e-06,,True,False
ss,27,neg,neg_rep0,neg_ctl1,21,shared_wbl_column,0,64,0.0122391,0.0124598,-0.00022070000000000076,-0.00024522222222222306,-2.4669085811111195e-09,5.031178454290555e-06,,True,False
ss,27,neg,neg_rep0,neg_ctl1,21,shared_wbl_column,0,147,0.0123351,0.0128386,-0.0005035000000000005,-0.000559444444444445,-5.6279495722222275e-09,5.03275897478611e-06,,True,False
ss,27,neg,neg_rep0,neg_ctl1,22,neighbor_column,0,1,0.0121692,0.0121692,0.0,0.0,0.0,5.029945e-06,,True,False
ss,27,neg,neg_rep0,neg_ctl1,22,neighbor_column,0,4,0.0121831,0.0121831,0.0,0.0,0.0,5.029945e-06,,True,False
ss,27,neg,neg_rep0,neg_ctl1,22,neighbor_column,0,16,0.0122386,0.0122386,0.0,0.0,0.0,5.029945e-06,,True,False
ss,27,neg,neg_rep0,neg_ctl1,22,neighbor_column,0,64,0.0124598,0.0124598,0.0,0.0,0.0,5.029945e-06,,True,False
ss,27,neg,neg_rep0,neg_ctl1,22,neighbor_column,0,147,0.0128385,0.0128385,0.0,0.0,0.0,5.029945e-06,,True,False
ss,27,neg,neg_rep0,neg_ctl1,23,neighbor_column,0,1,0.012177,0.012177,0.0,0.0,0.0,5.029945e-06,,True,False
ss,27,neg,neg_rep0,neg_ctl1,23,neighbor_column,0,4,0.012191,0.012191,0.0,0.0,0.0,5.029945e-06,,True,False
ss,27,neg,neg_rep0,neg_ctl1,23,neighbor_column,0,16,0.0122465,0.0122465,0.0,0.0,0.0,5.029945e-06,,True,False
ss,27,neg,neg_rep0,neg_ctl1,23,neighbor_column,0,64,0.0124677,0.0124677,0.0,0.0,0.0,5.029945e-06,,True,False
ss,27,neg,neg_rep0,neg_ctl1,23,neighbor_column,0,147,0.0128466,0.0128466,0.0,0.0,0.0,5.029945e-06,,True,False
ss,27,neg,neg_rep0,neg_ctl1,30,neighbor_column,1,1,1.00789,1.00789,0.0,0.0,0.0,5.029945e-06,,True,False
ss,27,neg,neg_rep0,neg_ctl1,30,neighbor_column,1,4,1.00789,1.00789,0.0,0.0,0.0,5.029945e-06,,True,False
ss,27,neg,neg_rep0,neg_ctl1,30,neighbor_column,1,16,1.00789,1.00789,0.0,0.0,0.0,5.029945e-06,,True,False
ss,27,neg,neg_rep0,neg_ctl1,30,neighbor_column,1,64,1.00789,1.00789,0.0,0.0,0.0,5.029945e-06,,True,False
ss,27,neg,neg_rep0,neg_ctl1,30,neighbor_column,1,147,1.00788,1.00788,0.0,0.0,0.0,5.029945e-06,,True,False
ss,27,neg,neg_rep0,neg_ctl1,31,shared_wbl_column,1,1,1.01153,1.01153,0.0,0.0,0.0,5.029945e-06,,True,False
ss,27,neg,neg_rep0,neg_ctl1,31,shared_wbl_column,1,4,1.01152,1.01153,1.0000000000065512e-05,1.1111111111183902e-05,1.1177655555628782e-10,5.029889111722222e-06,8.708771929882235e-08,True,False
ss,27,neg,neg_rep0,neg_ctl1,31,shared_wbl_column,1,16,1.01149,1.01153,4.0000000000040004e-05,4.444444444448889e-05,4.4710622222266934e-10,5.029721446888889e-06,3.483508771933557e-07,True,False
ss,27,neg,neg_rep0,neg_ctl1,31,shared_wbl_column,1,64,1.01135,1.01153,0.000180000000000069,0.00020000000000007666,2.011978000000771e-09,5.0289390109999996e-06,1.5675789473691336e-06,True,False
ss,27,neg,neg_rep0,neg_ctl1,31,shared_wbl_column,1,147,1.01111,1.01153,0.00042000000000008697,0.00046666666666676326,4.694615333334305e-09,5.0275976923333325e-06,3.6576842105273337e-06,True,False
ss,27,neg,neg_rep0,neg_ctl1,32,neighbor_column,1,1,1.01153,1.01153,0.0,0.0,0.0,5.029945e-06,,True,False
ss,27,neg,neg_rep0,neg_ctl1,32,neighbor_column,1,4,1.01153,1.01153,0.0,0.0,0.0,5.029945e-06,,True,False
ss,27,neg,neg_rep0,neg_ctl1,32,neighbor_column,1,16,1.01153,1.01153,0.0,0.0,0.0,5.029945e-06,,True,False
ss,27,neg,neg_rep0,neg_ctl1,32,neighbor_column,1,64,1.01153,1.01153,0.0,0.0,0.0,5.029945e-06,,True,False
ss,27,neg,neg_rep0,neg_ctl1,32,neighbor_column,1,147,1.01153,1.01153,0.0,0.0,0.0,5.029945e-06,,True,False
ss,27,neg,neg_rep0,neg_ctl1,33,neighbor_column,1,1,1.01154,1.01154,0.0,0.0,0.0,5.029945e-06,,True,False
ss,27,neg,neg_rep0,neg_ctl1,33,neighbor_column,1,4,1.01154,1.01154,0.0,0.0,0.0,5.029945e-06,,True,False
ss,27,neg,neg_rep0,neg_ctl1,33,neighbor_column,1,16,1.01154,1.01154,0.0,0.0,0.0,5.029945e-06,,True,False
ss,27,neg,neg_rep0,neg_ctl1,33,neighbor_column,1,64,1.01154,1.01154,0.0,0.0,0.0,5.029945e-06,,True,False
ss,27,neg,neg_rep0,neg_ctl1,33,neighbor_column,1,147,1.01154,1.01154,0.0,0.0,0.0,5.029945e-06,,True,False
ss,125,std,rep1,ctl0,00,half_selected_row0,0,1,-0.140772,0.0190653,-0.15983730000000002,-0.177597,-1.78660628433e-06,5.923248142164999e-06,,False,False
ss,125,std,rep1,ctl0,00,half_selected_row0,0,4,-0.139634,0.0188115,-0.15844550000000002,-0.17605055555555557,-1.7710492233277778e-06,5.915469611663889e-06,,False,False
ss,125,std,rep1,ctl0,00,half_selected_row0,0,16,-0.13927,0.0178235,-0.1570935,-0.17454833333333333,-1.7559370330166666e-06,5.9079135165083325e-06,,False,False
ss,125,std,rep1,ctl0,00,half_selected_row0,0,64,-0.139266,0.0142904,-0.1535564,-0.17061822222222223,-1.716400547551111e-06,5.888145273775555e-06,,False,False
ss,125,std,rep1,ctl0,00,half_selected_row0,0,147,-0.139511,0.00959089,-0.14910189,-0.16566876666666666,-1.6666095691023332e-06,5.863249784551166e-06,,False,False
ss,125,std,rep1,ctl0,01,target_cell,0,1,1.00282,0.0309048,0.9719152000000001,1.0799057777777779,1.086373333480889e-05,-4.019216674044448e-07,0.0001176728549463417,False,
ss,125,std,rep1,ctl0,01,target_cell,0,4,1.05418,0.0305399,1.0236401,1.1373778888888888,1.1441896450654442e-05,-6.910032253272217e-07,0.0001239353525951222,False,
ss,125,std,rep1,ctl0,01,target_cell,0,16,1.10258,0.0291109,1.0734690999999998,1.1927434444444442,1.199886784933222e-05,-9.694889246661101e-07,0.00012996830761951244,False,
ss,125,std,rep1,ctl0,01,target_cell,0,64,1.14519,0.0238775,1.1213125,1.2459027777777776,1.2533644895138886e-05,-1.2368774475694433e-06,0.00013576085975609782,False,
ss,125,std,rep1,ctl0,01,target_cell,0,147,1.16413,0.016573,1.1475570000000002,1.2750633333333334,1.2826996876366667e-05,-1.3835534381833338e-06,0.00013893836458536615,False,
ss,125,std,rep1,ctl0,02,half_selected_row0,0,1,-0.14041,0.0309048,-0.17131480000000002,-0.19034977777777778,-1.914897825968889e-06,5.987393912984444e-06,,False,False
ss,125,std,rep1,ctl0,02,half_selected_row0,0,4,-0.139281,0.0305399,-0.1698209,-0.18868988888888888,-1.8981995263344443e-06,5.979044763167222e-06,,False,False
ss,125,std,rep1,ctl0,02,half_selected_row0,0,16,-0.138919,0.0291108,-0.16802979999999998,-0.18669977777777774,-1.8781792274688884e-06,5.969034613734444e-06,,False,False
ss,125,std,rep1,ctl0,02,half_selected_row0,0,64,-0.138914,0.0238775,-0.1627915,-0.18087944444444445,-1.8196273143722222e-06,5.939758657186111e-06,,False,False
ss,125,std,rep1,ctl0,02,half_selected_row0,0,147,-0.139158,0.016573,-0.155731,-0.17303444444444446,-1.7407074773222224e-06,5.900298738661111e-06,,False,False
ss,125,std,rep1,ctl0,03,half_selected_row0,0,1,-0.136864,0.0309916,-0.16785560000000002,-0.18650622222222224,-1.876232079871111e-06,5.968061039935555e-06,,False,False
ss,125,std,rep1,ctl0,03,half_selected_row0,0,4,-0.13574,0.030625,-0.16636499999999999,-0.18485,-1.8595706664999998e-06,5.95973033325e-06,,False,False
ss,125,std,rep1,ctl0,03,half_selected_row0,0,16,-0.135379,0.0291891,-0.1645681,-0.18285344444444443,-1.839485537232222e-06,5.949687768616111e-06,,False,False
ss,125,std,rep1,ctl0,03,half_selected_row0,0,64,-0.135375,0.0239314,-0.1593064,-0.1770071111111111,-1.7806720669955551e-06,5.9202810334977776e-06,,False,False
ss,125,std,rep1,ctl0,03,half_selected_row0,0,147,-0.135618,0.0165957,-0.15221369999999998,-0.1691263333333333,-1.7013923094366661e-06,5.880641154718332e-06,,False,False
ss,125,std,rep1,ctl0,10,neighbor_column,1,1,1.03166,1.03166,0.0,0.0,0.0,5.029945e-06,,True,False
ss,125,std,rep1,ctl0,10,neighbor_column,1,4,1.03081,1.03081,0.0,0.0,0.0,5.029945e-06,,True,False
ss,125,std,rep1,ctl0,10,neighbor_column,1,16,1.02738,1.02738,0.0,0.0,0.0,5.029945e-06,,True,False
ss,125,std,rep1,ctl0,10,neighbor_column,1,64,1.0137,1.0137,0.0,0.0,0.0,5.029945e-06,,True,False
ss,125,std,rep1,ctl0,10,neighbor_column,1,147,0.990075,0.990075,0.0,0.0,0.0,5.029945e-06,,True,False
ss,125,std,rep1,ctl0,11,shared_wbl_column,1,1,1.04539,1.04539,0.0,0.0,0.0,5.029945e-06,,True,False
ss,125,std,rep1,ctl0,11,shared_wbl_column,1,4,1.04455,1.04453,-2.0000000000131024e-05,-2.2222222222367805e-05,-2.2355311111257565e-10,5.030056776555556e-06,,True,False
ss,125,std,rep1,ctl0,11,shared_wbl_column,1,16,1.04118,1.04111,-7.00000000000145e-05,-7.777777777779388e-05,-7.824358888890509e-10,5.030336217944445e-06,,True,False
ss,125,std,rep1,ctl0,11,shared_wbl_column,1,64,1.02772,1.02745,-0.00026999999999999247,-0.0002999999999999916,-3.0179669999999156e-09,5.0314539835e-06,,True,False
ss,125,std,rep1,ctl0,11,shared_wbl_column,1,147,1.00449,1.00386,-0.0006300000000001305,-0.000700000000000145,-7.041923000001458e-09,5.0334659615e-06,,True,False
ss,125,std,rep1,ctl0,12,neighbor_column,1,1,1.04539,1.04539,0.0,0.0,0.0,5.029945e-06,,True,False
ss,125,std,rep1,ctl0,12,neighbor_column,1,4,1.04453,1.04453,0.0,0.0,0.0,5.029945e-06,,True,False
ss,125,std,rep1,ctl0,12,neighbor_column,1,16,1.04111,1.04111,0.0,0.0,0.0,5.029945e-06,,True,False
ss,125,std,rep1,ctl0,12,neighbor_column,1,64,1.02745,1.02745,0.0,0.0,0.0,5.029945e-06,,True,False
ss,125,std,rep1,ctl0,12,neighbor_column,1,147,1.00386,1.00386,0.0,0.0,0.0,5.029945e-06,,True,False
ss,125,std,rep1,ctl0,13,neighbor_column,1,1,1.04553,1.04553,0.0,0.0,0.0,5.029945e-06,,True,False
ss,125,std,rep1,ctl0,13,neighbor_column,1,4,1.04468,1.04468,0.0,0.0,0.0,5.029945e-06,,True,False
ss,125,std,rep1,ctl0,13,neighbor_column,1,16,1.04125,1.04125,0.0,0.0,0.0,5.029945e-06,,True,False
ss,125,std,rep1,ctl0,13,neighbor_column,1,64,1.02754,1.02754,0.0,0.0,0.0,5.029945e-06,,True,False
ss,125,std,rep1,ctl0,13,neighbor_column,1,147,1.00387,1.00387,0.0,0.0,0.0,5.029945e-06,,True,False
ss,125,std,rep1,ctl0,20,neighbor_column,0,1,0.0272883,0.0272883,0.0,0.0,0.0,5.029945e-06,,True,False
ss,125,std,rep1,ctl0,20,neighbor_column,0,4,0.0269564,0.0269564,0.0,0.0,0.0,5.029945e-06,,True,False
ss,125,std,rep1,ctl0,20,neighbor_column,0,16,0.0256582,0.0256582,0.0,0.0,0.0,5.029945e-06,,True,False
ss,125,std,rep1,ctl0,20,neighbor_column,0,64,0.0209333,0.0209333,0.0,0.0,0.0,5.029945e-06,,True,False
ss,125,std,rep1,ctl0,20,neighbor_column,0,147,0.0144193,0.0144193,0.0,0.0,0.0,5.029945e-06,,True,False
ss,125,std,rep1,ctl0,21,shared_wbl_column,0,1,0.0390823,0.0390984,-1.609999999999806e-05,-1.7888888888886734e-05,-1.7996025444442276e-10,5.030034980127222e-06,,True,False
ss,125,std,rep1,ctl0,21,shared_wbl_column,0,4,0.0386096,0.0386743,-6.470000000000087e-05,-7.188888888888985e-05,-7.231943144444541e-10,5.030306597157222e-06,,True,False
ss,125,std,rep1,ctl0,21,shared_wbl_column,0,16,0.0367464,0.037007,-0.0002605999999999997,-0.0002895555555555552,-2.912897037777774e-09,5.031401448518888e-06,,True,False
ss,125,std,rep1,ctl0,21,shared_wbl_column,0,64,0.0297494,0.0308155,-0.0010661000000000004,-0.0011845555555555559,-1.191649858777778e-08,5.035903249293889e-06,,False,False
ss,125,std,rep1,ctl0,21,shared_wbl_column,0,147,0.0194344,0.021909,-0.0024746000000000004,-0.002749555555555556,-2.766022643777778e-08,5.043775113218888e-06,,False,False
ss,125,std,rep1,ctl0,22,neighbor_column,0,1,0.0390984,0.0390984,0.0,0.0,0.0,5.029945e-06,,True,False
ss,125,std,rep1,ctl0,22,neighbor_column,0,4,0.0386742,0.0386742,0.0,0.0,0.0,5.029945e-06,,True,False
ss,125,std,rep1,ctl0,22,neighbor_column,0,16,0.037007,0.037007,0.0,0.0,0.0,5.029945e-06,,True,False
ss,125,std,rep1,ctl0,22,neighbor_column,0,64,0.0308154,0.0308154,0.0,0.0,0.0,5.029945e-06,,True,False
ss,125,std,rep1,ctl0,22,neighbor_column,0,147,0.0219089,0.0219089,0.0,0.0,0.0,5.029945e-06,,True,False
ss,125,std,rep1,ctl0,23,neighbor_column,0,1,0.0392077,0.0392077,0.0,0.0,0.0,5.029945e-06,,True,False
ss,125,std,rep1,ctl0,23,neighbor_column,0,4,0.0387816,0.0387816,0.0,0.0,0.0,5.029945e-06,,True,False
ss,125,std,rep1,ctl0,23,neighbor_column,0,16,0.0371067,0.0371067,0.0,0.0,0.0,5.029945e-06,,True,False
ss,125,std,rep1,ctl0,23,neighbor_column,0,64,0.0308873,0.0308873,0.0,0.0,0.0,5.029945e-06,,True,False
ss,125,std,rep1,ctl0,23,neighbor_column,0,147,0.0219429,0.0219429,0.0,0.0,0.0,5.029945e-06,,True,False
ss,125,std,rep1,ctl0,30,neighbor_column,1,1,1.01443,1.01443,0.0,0.0,0.0,5.029945e-06,,True,False
ss,125,std,rep1,ctl0,30,neighbor_column,1,4,1.01356,1.01356,0.0,0.0,0.0,5.029945e-06,,True,False
ss,125,std,rep1,ctl0,30,neighbor_column,1,16,1.01007,1.01007,0.0,0.0,0.0,5.029945e-06,,True,False
ss,125,std,rep1,ctl0,30,neighbor_column,1,64,0.996139,0.996139,0.0,0.0,0.0,5.029945e-06,,True,False
ss,125,std,rep1,ctl0,30,neighbor_column,1,147,0.972096,0.972096,0.0,0.0,0.0,5.029945e-06,,True,False
ss,125,std,rep1,ctl0,31,shared_wbl_column,1,1,1.02846,1.02846,0.0,0.0,0.0,5.029945e-06,,True,False
ss,125,std,rep1,ctl0,31,shared_wbl_column,1,4,1.0276,1.02759,-1.0000000000065512e-05,-1.1111111111183902e-05,-1.1177655555628782e-10,5.030000888277778e-06,,True,False
ss,125,std,rep1,ctl0,31,shared_wbl_column,1,16,1.02417,1.02411,-5.999999999994898e-05,-6.666666666660998e-05,-6.706593333327631e-10,5.030280329666667e-06,,True,False
ss,125,std,rep1,ctl0,31,shared_wbl_column,1,64,1.01047,1.01019,-0.000280000000000058,-0.00031111111111117553,-3.1297435555562035e-09,5.031509871777778e-06,,True,False
ss,125,std,rep1,ctl0,31,shared_wbl_column,1,147,0.986811,0.986182,-0.0006289999999999907,-0.0006988888888888786,-7.03074534444434e-09,5.0334603726722214e-06,,True,False
ss,125,std,rep1,ctl0,32,neighbor_column,1,1,1.02846,1.02846,0.0,0.0,0.0,5.029945e-06,,True,False
ss,125,std,rep1,ctl0,32,neighbor_column,1,4,1.02759,1.02759,0.0,0.0,0.0,5.029945e-06,,True,False
ss,125,std,rep1,ctl0,32,neighbor_column,1,16,1.02411,1.02411,0.0,0.0,0.0,5.029945e-06,,True,False
ss,125,std,rep1,ctl0,32,neighbor_column,1,64,1.01019,1.01019,0.0,0.0,0.0,5.029945e-06,,True,False
ss,125,std,rep1,ctl0,32,neighbor_column,1,147,0.986182,0.986182,0.0,0.0,0.0,5.029945e-06,,True,False
ss,125,std,rep1,ctl0,33,neighbor_column,1,1,1.02855,1.02855,0.0,0.0,0.0,5.029945e-06,,True,False
ss,125,std,rep1,ctl0,33,neighbor_column,1,4,1.02768,1.02768,0.0,0.0,0.0,5.029945e-06,,True,False
ss,125,std,rep1,ctl0,33,neighbor_column,1,16,1.02418,1.02418,0.0,0.0,0.0,5.029945e-06,,True,False
ss,125,std,rep1,ctl0,33,neighbor_column,1,64,1.01023,1.01023,0.0,0.0,0.0,5.029945e-06,,True,False
ss,125,std,rep1,ctl0,33,neighbor_column,1,147,0.986137,0.986137,0.0,0.0,0.0,5.029945e-06,,True,False
ss,125,std,rep0,ctl1,00,half_selected_row0,1,1,1.05486,1.0377,-0.017159999999999842,-0.019066666666666492,-1.9180856933333157e-07,5.1258492846666655e-06,,False,False
ss,125,std,rep0,ctl1,00,half_selected_row0,1,4,1.08166,1.03685,-0.044810000000000016,-0.0497888888888889,-5.008707454444446e-07,5.280380372722222e-06,,False,False
ss,125,std,rep0,ctl1,00,half_selected_row0,1,16,1.12067,1.03347,-0.08719999999999994,-0.09688888888888883,-9.746915644444438e-07,5.517290782222221e-06,,False,False
ss,125,std,rep0,ctl1,00,half_selected_row0,1,64,1.16061,1.01992,-0.14068999999999998,-0.1563222222222222,-1.5725843601111108e-06,5.816237180055555e-06,,False,False
ss,125,std,rep0,ctl1,00,half_selected_row0,1,147,1.17909,0.996524,-0.182566,-0.20285111111111112,-2.0406598641555554e-06,6.0502749320777776e-06,,False,False
ss,125,std,rep0,ctl1,01,target_cell,1,1,-0.127801,1.05144,1.179241,1.3102677777777778,1.3181149714988889e-05,-1.5606298574944444e-06,0.0004084450190485494,False,
ss,125,std,rep0,ctl1,01,target_cell,1,4,-0.126663,1.0506,1.177263,1.3080699999999998,1.3159040312299997e-05,-1.5495751561499992e-06,0.00040775991375821606,False,
ss,125,std,rep0,ctl1,01,target_cell,1,16,-0.126298,1.04722,1.173518,1.303908888888889,1.3117179992244445e-05,-1.5286449961222226e-06,0.0004064627856933533,False,
ss,125,std,rep0,ctl1,01,target_cell,1,64,-0.126294,1.03373,1.160024,1.2889155555555554,1.2966348708177775e-05,-1.453229354088888e-06,0.00040178896830823767,False,
ss,125,std,rep0,ctl1,01,target_cell,1,147,-0.12654,1.01044,1.13698,1.2633111111111113,1.2708770813555556e-05,-1.3244404067777785e-06,0.00039380738776706355,False,
ss,125,std,rep0,ctl1,02,half_selected_row0,1,1,1.06422,1.05144,-0.012780000000000014,-0.014200000000000015,-1.4285043800000014e-07,5.101370219e-06,,False,False
ss,125,std,rep0,ctl1,02,half_selected_row0,1,4,1.08665,1.0506,-0.036049999999999915,-0.04005555555555546,-4.0295448277777683e-07,5.231422241388888e-06,,False,False
ss,125,std,rep0,ctl1,02,half_selected_row0,1,16,1.12277,1.04722,-0.07555,-0.08394444444444445,-8.444718772222221e-07,5.452180938611111e-06,,False,False
ss,125,std,rep0,ctl1,02,half_selected_row0,1,64,1.16171,1.03373,-0.12797999999999998,-0.14219999999999997,-1.4305163579999995e-06,5.745203178999999e-06,,False,False
ss,125,std,rep0,ctl1,02,half_selected_row0,1,147,1.18002,1.01044,-0.16958000000000006,-0.1884222222222223,-1.8955068291111117e-06,5.977698414555555e-06,,False,False
ss,125,std,rep0,ctl1,03,half_selected_row0,1,1,1.06701,1.05161,-0.01540000000000008,-0.0171111111111112,-1.7213589555555643e-07,5.116012947777778e-06,,False,False
ss,125,std,rep0,ctl1,03,half_selected_row0,1,4,1.09218,1.05077,-0.04140999999999995,-0.04601111111111105,-4.6286671655555495e-07,5.261378358277777e-06,,False,False
ss,125,std,rep0,ctl1,03,half_selected_row0,1,16,1.13019,1.04738,-0.08281000000000005,-0.09201111111111117,-9.256216565555561e-07,5.492755828277778e-06,,False,False
ss,125,std,rep0,ctl1,03,half_selected_row0,1,64,1.16981,1.03384,-0.13596999999999992,-0.1510777777777777,-1.519825825888888e-06,5.7898579129444435e-06,,False,False
ss,125,std,rep0,ctl1,03,half_selected_row0,1,147,1.18824,1.01047,-0.17776999999999998,-0.1975222222222222,-1.987051828111111e-06,6.0234709140555545e-06,,False,False
ss,125,std,rep0,ctl1,10,neighbor_column,1,1,1.04711,1.04711,0.0,0.0,0.0,5.029945e-06,,True,False
ss,125,std,rep0,ctl1,10,neighbor_column,1,4,1.04627,1.04627,0.0,0.0,0.0,5.029945e-06,,True,False
ss,125,std,rep0,ctl1,10,neighbor_column,1,16,1.04292,1.04292,0.0,0.0,0.0,5.029945e-06,,True,False
ss,125,std,rep0,ctl1,10,neighbor_column,1,64,1.0295,1.0295,0.0,0.0,0.0,5.029945e-06,,True,False
ss,125,std,rep0,ctl1,10,neighbor_column,1,147,1.00635,1.00635,0.0,0.0,0.0,5.029945e-06,,True,False
ss,125,std,rep0,ctl1,11,shared_wbl_column,1,1,1.0608,1.06081,1.0000000000065512e-05,1.1111111111183902e-05,1.1177655555628782e-10,5.029889111722222e-06,1.1952805201137763e-09,True,False
ss,125,std,rep0,ctl1,11,shared_wbl_column,1,4,1.05995,1.05997,2.0000000000131024e-05,2.2222222222367805e-05,2.2355311111257565e-10,5.029833223444444e-06,2.3905610402275526e-09,True,False
ss,125,std,rep0,ctl1,11,shared_wbl_column,1,16,1.05655,1.05662,6.999999999979245e-05,7.777777777754717e-05,7.824358888865689e-10,5.029553782055556e-06,8.366963640716812e-09,True,False
ss,125,std,rep0,ctl1,11,shared_wbl_column,1,64,1.04295,1.04323,0.000280000000000058,0.00031111111111117553,3.1297435555562035e-09,5.0283801282222215e-06,3.3467854562973406e-08,True,False
ss,125,std,rep0,ctl1,11,shared_wbl_column,1,147,1.01948,1.02012,0.0006399999999999739,0.0007111111111110821,7.153699555555263e-09,5.026368150222222e-06,7.64979532867774e-08,True,False
ss,125,std,rep0,ctl1,12,neighbor_column,1,1,1.06081,1.06081,0.0,0.0,0.0,5.029945e-06,,True,False
ss,125,std,rep0,ctl1,12,neighbor_column,1,4,1.05997,1.05997,0.0,0.0,0.0,5.029945e-06,,True,False
ss,125,std,rep0,ctl1,12,neighbor_column,1,16,1.05662,1.05662,0.0,0.0,0.0,5.029945e-06,,True,False
ss,125,std,rep0,ctl1,12,neighbor_column,1,64,1.04323,1.04323,0.0,0.0,0.0,5.029945e-06,,True,False
ss,125,std,rep0,ctl1,12,neighbor_column,1,147,1.02012,1.02012,0.0,0.0,0.0,5.029945e-06,,True,False
ss,125,std,rep0,ctl1,13,neighbor_column,1,1,1.061,1.061,0.0,0.0,0.0,5.029945e-06,,True,False
ss,125,std,rep0,ctl1,13,neighbor_column,1,4,1.06016,1.06016,0.0,0.0,0.0,5.029945e-06,,True,False
ss,125,std,rep0,ctl1,13,neighbor_column,1,16,1.0568,1.0568,0.0,0.0,0.0,5.029945e-06,,True,False
ss,125,std,rep0,ctl1,13,neighbor_column,1,64,1.04337,1.04337,0.0,0.0,0.0,5.029945e-06,,True,False
ss,125,std,rep0,ctl1,13,neighbor_column,1,147,1.02018,1.02018,0.0,0.0,0.0,5.029945e-06,,True,False
ss,125,std,rep0,ctl1,20,neighbor_column,0,1,0.0405937,0.0405937,0.0,0.0,0.0,5.029945e-06,,True,False
ss,125,std,rep0,ctl1,20,neighbor_column,0,4,0.0401704,0.0401704,0.0,0.0,0.0,5.029945e-06,,True,False
ss,125,std,rep0,ctl1,20,neighbor_column,0,16,0.0385067,0.0385067,0.0,0.0,0.0,5.029945e-06,,True,False
ss,125,std,rep0,ctl1,20,neighbor_column,0,64,0.0323297,0.0323297,0.0,0.0,0.0,5.029945e-06,,True,False
ss,125,std,rep0,ctl1,20,neighbor_column,0,147,0.0234513,0.0234513,0.0,0.0,0.0,5.029945e-06,,True,False
ss,125,std,rep0,ctl1,21,shared_wbl_column,0,1,0.0524295,0.0524134,1.609999999999806e-05,1.7888888888886734e-05,1.7996025444442276e-10,5.029855019872777e-06,3.846413737672737e-09,True,False
ss,125,std,rep0,ctl1,21,shared_wbl_column,0,4,0.0519839,0.0519191,6.47999999999968e-05,7.199999999999645e-05,7.243120799999642e-10,5.02958284396e-06,1.5481218024919942e-08,True,False
ss,125,std,rep0,ctl1,21,shared_wbl_column,0,16,0.0502302,0.0499685,0.0002617000000000036,0.0002907777777777818,2.925192458888929e-09,5.028482403770555e-06,6.25221413136081e-08,True,False
ss,125,std,rep0,ctl1,21,shared_wbl_column,0,64,0.0436863,0.0426078,0.0010784999999999961,0.001198333333333329,1.2055101516666623e-08,5.0239174492416665e-06,2.5766193888698954e-07,False,False
ss,125,std,rep0,ctl1,21,shared_wbl_column,0,147,0.0341728,0.0316355,0.0025373000000000062,0.002819222222222229,2.8361065441111177e-08,5.015764467279444e-06,6.061804705961637e-07,False,False
ss,125,std,rep0,ctl1,22,neighbor_column,0,1,0.0524132,0.0524132,0.0,0.0,0.0,5.029945e-06,,True,False
ss,125,std,rep0,ctl1,22,neighbor_column,0,4,0.0519189,0.0519189,0.0,0.0,0.0,5.029945e-06,,True,False
ss,125,std,rep0,ctl1,22,neighbor_column,0,16,0.0499683,0.0499683,0.0,0.0,0.0,5.029945e-06,,True,False
ss,125,std,rep0,ctl1,22,neighbor_column,0,64,0.0426077,0.0426077,0.0,0.0,0.0,5.029945e-06,,True,False
ss,125,std,rep0,ctl1,22,neighbor_column,0,147,0.0316354,0.0316354,0.0,0.0,0.0,5.029945e-06,,True,False
ss,125,std,rep0,ctl1,23,neighbor_column,0,1,0.0525603,0.0525603,0.0,0.0,0.0,5.029945e-06,,True,False
ss,125,std,rep0,ctl1,23,neighbor_column,0,4,0.0520638,0.0520638,0.0,0.0,0.0,5.029945e-06,,True,False
ss,125,std,rep0,ctl1,23,neighbor_column,0,16,0.0501047,0.0501047,0.0,0.0,0.0,5.029945e-06,,True,False
ss,125,std,rep0,ctl1,23,neighbor_column,0,64,0.0427117,0.0427117,0.0,0.0,0.0,5.029945e-06,,True,False
ss,125,std,rep0,ctl1,23,neighbor_column,0,147,0.0316924,0.0316924,0.0,0.0,0.0,5.029945e-06,,True,False
ss,125,std,rep0,ctl1,30,neighbor_column,1,1,1.03016,1.03016,0.0,0.0,0.0,5.029945e-06,,True,False
ss,125,std,rep0,ctl1,30,neighbor_column,1,4,1.02931,1.02931,0.0,0.0,0.0,5.029945e-06,,True,False
ss,125,std,rep0,ctl1,30,neighbor_column,1,16,1.02589,1.02589,0.0,0.0,0.0,5.029945e-06,,True,False
ss,125,std,rep0,ctl1,30,neighbor_column,1,64,1.01223,1.01223,0.0,0.0,0.0,5.029945e-06,,True,False
ss,125,std,rep0,ctl1,30,neighbor_column,1,147,0.988651,0.988651,0.0,0.0,0.0,5.029945e-06,,True,False
ss,125,std,rep0,ctl1,31,shared_wbl_column,1,1,1.04416,1.04416,0.0,0.0,0.0,5.029945e-06,,True,False
ss,125,std,rep0,ctl1,31,shared_wbl_column,1,4,1.04329,1.04331,1.999999999990898e-05,2.2222222222121088e-05,2.235531111100937e-10,5.0298332234444446e-06,2.3482662377489086e-09,True,False
ss,125,std,rep0,ctl1,31,shared_wbl_column,1,16,1.03983,1.0399,7.00000000000145e-05,7.777777777779388e-05,7.824358888890509e-10,5.029553782055555e-06,8.218931832160286e-09,True,False
ss,125,std,rep0,ctl1,31,shared_wbl_column,1,64,1.02598,1.02626,0.000280000000000058,0.00031111111111117553,3.1297435555562035e-09,5.0283801282222215e-06,3.2875727328641145e-08,True,False
ss,125,std,rep0,ctl1,31,shared_wbl_column,1,147,1.00209,1.00272,0.0006300000000001305,0.000700000000000145,7.041923000001458e-09,5.026424038499999e-06,7.397038648944257e-08,True,False
ss,125,std,rep0,ctl1,32,neighbor_column,1,1,1.04416,1.04416,0.0,0.0,0.0,5.029945e-06,,True,False
ss,125,std,rep0,ctl1,32,neighbor_column,1,4,1.04331,1.04331,0.0,0.0,0.0,5.029945e-06,,True,False
ss,125,std,rep0,ctl1,32,neighbor_column,1,16,1.0399,1.0399,0.0,0.0,0.0,5.029945e-06,,True,False
ss,125,std,rep0,ctl1,32,neighbor_column,1,64,1.02626,1.02626,0.0,0.0,0.0,5.029945e-06,,True,False
ss,125,std,rep0,ctl1,32,neighbor_column,1,147,1.00272,1.00272,0.0,0.0,0.0,5.029945e-06,,True,False
ss,125,std,rep0,ctl1,33,neighbor_column,1,1,1.04431,1.04431,0.0,0.0,0.0,5.029945e-06,,True,False
ss,125,std,rep0,ctl1,33,neighbor_column,1,4,1.04345,1.04345,0.0,0.0,0.0,5.029945e-06,,True,False
ss,125,std,rep0,ctl1,33,neighbor_column,1,16,1.04003,1.04003,0.0,0.0,0.0,5.029945e-06,,True,False
ss,125,std,rep0,ctl1,33,neighbor_column,1,64,1.02635,1.02635,0.0,0.0,0.0,5.029945e-06,,True,False
ss,125,std,rep0,ctl1,33,neighbor_column,1,147,1.00273,1.00273,0.0,0.0,0.0,5.029945e-06,,True,False
ss,125,neg,neg_rep1,neg_ctl0,00,half_selected_row0,0,1,-0.197432,0.00396021,-0.20139221,-0.2237691222222222,-2.251092754952111e-06,6.1554913774760555e-06,,False,False
ss,125,neg,neg_rep1,neg_ctl0,00,half_selected_row0,0,4,-0.196737,0.00383392,-0.20057091999999999,-0.22285657777777776,-2.2419126582208885e-06,6.150901329110444e-06,,False,False
ss,125,neg,neg_rep1,neg_ctl0,00,half_selected_row0,0,16,-0.196873,0.00336702,-0.20024002,-0.2224889111111111,-2.2382139719975553e-06,6.149051985998777e-06,,False,False
ss,125,neg,neg_rep1,neg_ctl0,00,half_selected_row0,0,64,-0.196876,0.00199738,-0.19887338,-0.2209704222222222,-2.222938140809111e-06,6.1414140704045546e-06,,False,False
ss,125,neg,neg_rep1,neg_ctl0,00,half_selected_row0,0,147,-0.196752,0.00080484,-0.19755684,-0.2195076,-2.2082223101639997e-06,6.134056155081999e-06,,False,False
ss,125,neg,neg_rep1,neg_ctl0,01,target_cell,0,1,0.915566,0.00646113,0.90910487,1.0101165222222221,1.0161661100738109e-05,-5.088555036905517e-08,6.841924519664044e-05,False,
ss,125,neg,neg_rep1,neg_ctl0,01,target_cell,0,4,0.972244,0.00625834,0.96598566,1.0733173999999999,1.0797454979085997e-05,-3.687824895429993e-07,7.270009424542908e-05,False,
ss,125,neg,neg_rep1,neg_ctl0,01,target_cell,0,16,1.02358,0.00550664,1.01807336,1.1311926222222222,1.1379673348367109e-05,-6.598916741835552e-07,7.66202152739624e-05,False,
ss,125,neg,neg_rep1,neg_ctl0,01,target_cell,0,64,1.06244,0.00328432,1.0591556800000002,1.1768396444444447,1.1838877370750224e-05,-8.894936853751121e-07,7.971207125018972e-05,False,
ss,125,neg,neg_rep1,neg_ctl0,01,target_cell,0,147,1.07366,0.00132964,1.07233036,1.1914781777777779,1.1986139405844888e-05,-9.631247029224449e-07,8.07035978507537e-05,False,
ss,125,neg,neg_rep1,neg_ctl0,02,half_selected_row0,0,1,-0.197463,0.00646113,-0.20392413,-0.22658236666666667,-2.2793936846063334e-06,6.169641842303166e-06,,False,False
ss,125,neg,neg_rep1,neg_ctl0,02,half_selected_row0,0,4,-0.196656,0.00625833,-0.20291433,-0.22546036666666666,-2.268106488026333e-06,6.163998244013166e-06,,False,False
ss,125,neg,neg_rep1,neg_ctl0,02,half_selected_row0,0,16,-0.196659,0.00550663,-0.20216563,-0.22462847777777778,-2.259737777311889e-06,6.159813888655944e-06,,False,False
ss,125,neg,neg_rep1,neg_ctl0,02,half_selected_row0,0,64,-0.196661,0.00328432,-0.19994532,-0.22216146666666667,-2.234919916905333e-06,6.1474049584526665e-06,,False,False
ss,125,neg,neg_rep1,neg_ctl0,02,half_selected_row0,0,147,-0.196628,0.00132964,-0.19795764,-0.21995293333333332,-2.2127023145106666e-06,6.136296157255333e-06,,False,False
ss,125,neg,neg_rep1,neg_ctl0,03,half_selected_row0,0,1,-0.197057,0.00646496,-0.20352196,-0.2261355111111111,-2.274898366871555e-06,6.1673941834357775e-06,,False,False
ss,125,neg,neg_rep1,neg_ctl0,03,half_selected_row0,0,4,-0.196358,0.00626192,-0.20261992,-0.22513324444444444,-2.264815674454222e-06,6.162352837227111e-06,,False,False
ss,125,neg,neg_rep1,neg_ctl0,03,half_selected_row0,0,16,-0.196491,0.00550939,-0.20200039,-0.22444487777777777,-2.2578907815078885e-06,6.158890390753944e-06,,False,False
ss,125,neg,neg_rep1,neg_ctl0,03,half_selected_row0,0,64,-0.196494,0.00328498,-0.19977898,-0.22197664444444443,-2.2330606256802217e-06,6.146475312840111e-06,,False,False
ss,125,neg,neg_rep1,neg_ctl0,03,half_selected_row0,0,147,-0.196372,0.0013292,-0.1977012,-0.21966799999999997,-2.2098359165199997e-06,6.134862958259999e-06,,False,False
ss,125,neg,neg_rep1,neg_ctl0,10,neighbor_column,1,1,1.00687,1.00687,0.0,0.0,0.0,5.029945e-06,,True,False
ss,125,neg,neg_rep1,neg_ctl0,10,neighbor_column,1,4,1.00324,1.00324,0.0,0.0,0.0,5.029945e-06,,True,False
ss,125,neg,neg_rep1,neg_ctl0,10,neighbor_column,1,16,0.988816,0.988816,0.0,0.0,0.0,5.029945e-06,,True,False
ss,125,neg,neg_rep1,neg_ctl0,10,neighbor_column,1,64,0.93271,0.93271,0.0,0.0,0.0,5.029945e-06,,True,False
ss,125,neg,neg_rep1,neg_ctl0,10,neighbor_column,1,147,0.841279,0.841279,0.0,0.0,0.0,5.029945e-06,,True,False
ss,125,neg,neg_rep1,neg_ctl0,11,shared_wbl_column,1,1,1.01099,1.01045,-0.0005399999999999849,-0.0005999999999999833,-6.035933999999831e-09,5.032962966999999e-06,,True,False
ss,125,neg,neg_rep1,neg_ctl0,11,shared_wbl_column,1,4,1.00896,1.00681,-0.0021500000000000963,-0.002388888888888996,-2.403195944444552e-08,5.041960979722223e-06,,False,False
ss,125,neg,neg_rep1,neg_ctl0,11,shared_wbl_column,1,16,1.00087,0.992358,-0.008511999999999964,-0.009457777777777737,-9.514420408888847e-08,5.077517102044444e-06,,False,False
ss,125,neg,neg_rep1,neg_ctl0,11,shared_wbl_column,1,64,0.968827,0.936137,-0.03269,-0.03632222222222222,-3.6539756011111105e-07,5.212643780055555e-06,,False,False
ss,125,neg,neg_rep1,neg_ctl0,11,shared_wbl_column,1,147,0.914604,0.844526,-0.07007799999999997,-0.07786444444444442,-7.833077460222219e-07,5.421598873011111e-06,,False,False
ss,125,neg,neg_rep1,neg_ctl0,12,neighbor_column,1,1,1.01045,1.01045,0.0,0.0,0.0,5.029945e-06,,True,False
ss,125,neg,neg_rep1,neg_ctl0,12,neighbor_column,1,4,1.00681,1.00681,0.0,0.0,0.0,5.029945e-06,,True,False
ss,125,neg,neg_rep1,neg_ctl0,12,neighbor_column,1,16,0.992358,0.992358,0.0,0.0,0.0,5.029945e-06,,True,False
ss,125,neg,neg_rep1,neg_ctl0,12,neighbor_column,1,64,0.936137,0.936137,0.0,0.0,0.0,5.029945e-06,,True,False
ss,125,neg,neg_rep1,neg_ctl0,12,neighbor_column,1,147,0.844526,0.844526,0.0,0.0,0.0,5.029945e-06,,True,False
ss,125,neg,neg_rep1,neg_ctl0,13,neighbor_column,1,1,1.01046,1.01046,0.0,0.0,0.0,5.029945e-06,,True,False
ss,125,neg,neg_rep1,neg_ctl0,13,neighbor_column,1,4,1.00682,1.00682,0.0,0.0,0.0,5.029945e-06,,True,False
ss,125,neg,neg_rep1,neg_ctl0,13,neighbor_column,1,16,0.992351,0.992351,0.0,0.0,0.0,5.029945e-06,,True,False
ss,125,neg,neg_rep1,neg_ctl0,13,neighbor_column,1,64,0.936085,0.936085,0.0,0.0,0.0,5.029945e-06,,True,False
ss,125,neg,neg_rep1,neg_ctl0,13,neighbor_column,1,147,0.844405,0.844405,0.0,0.0,0.0,5.029945e-06,,True,False
ss,125,neg,neg_rep1,neg_ctl0,20,neighbor_column,0,1,0.00572223,0.00572223,0.0,0.0,0.0,5.029945e-06,,True,False
ss,125,neg,neg_rep1,neg_ctl0,20,neighbor_column,0,4,0.00554198,0.00554198,0.0,0.0,0.0,5.029945e-06,,True,False
ss,125,neg,neg_rep1,neg_ctl0,20,neighbor_column,0,16,0.00487432,0.00487432,0.0,0.0,0.0,5.029945e-06,,True,False
ss,125,neg,neg_rep1,neg_ctl0,20,neighbor_column,0,64,0.00290439,0.00290439,0.0,0.0,0.0,5.029945e-06,,True,False
ss,125,neg,neg_rep1,neg_ctl0,20,neighbor_column,0,147,0.00117556,0.00117556,0.0,0.0,0.0,5.029945e-06,,True,False
ss,125,neg,neg_rep1,neg_ctl0,21,shared_wbl_column,0,1,0.0088096,0.00823832,0.0005712800000000004,0.000634755555555556,6.385571065777782e-09,5.02675221446711e-06,7.324556574923553e-08,True,False
ss,125,neg,neg_rep1,neg_ctl0,21,shared_wbl_column,0,4,0.0102098,0.00798313,0.00222667,0.002474077777777778,2.4888950295888887e-08,5.0175005248520555e-06,2.8548820873625926e-07,False,False
ss,125,neg,neg_rep1,neg_ctl0,21,shared_wbl_column,0,16,0.0151023,0.00703529,0.008067010000000001,0.008963344444444446,9.017025914322224e-08,4.9848598704283884e-06,1.0342961618728824e-06,False,False
ss,125,neg,neg_rep1,neg_ctl0,21,shared_wbl_column,0,64,0.0274602,0.00421543,0.02324477,0.025827522222222222,2.598220325281111e-07,4.900033983735944e-06,2.9802834500785195e-06,False,False
ss,125,neg,neg_rep1,neg_ctl0,21,shared_wbl_column,0,147,0.0367752,0.00171403,0.03506117,0.03895685555555556,3.919016816347778e-07,4.833994159182611e-06,4.495300434953303e-06,False,False
ss,125,neg,neg_rep1,neg_ctl0,22,neighbor_column,0,1,0.00823831,0.00823831,0.0,0.0,0.0,5.029945e-06,,True,False
ss,125,neg,neg_rep1,neg_ctl0,22,neighbor_column,0,4,0.00798313,0.00798313,0.0,0.0,0.0,5.029945e-06,,True,False
ss,125,neg,neg_rep1,neg_ctl0,22,neighbor_column,0,16,0.00703529,0.00703529,0.0,0.0,0.0,5.029945e-06,,True,False
ss,125,neg,neg_rep1,neg_ctl0,22,neighbor_column,0,64,0.00421543,0.00421543,0.0,0.0,0.0,5.029945e-06,,True,False
ss,125,neg,neg_rep1,neg_ctl0,22,neighbor_column,0,147,0.00171403,0.00171403,0.0,0.0,0.0,5.029945e-06,,True,False
ss,125,neg,neg_rep1,neg_ctl0,23,neighbor_column,0,1,0.00824315,0.00824315,0.0,0.0,0.0,5.029945e-06,,True,False
ss,125,neg,neg_rep1,neg_ctl0,23,neighbor_column,0,4,0.00798767,0.00798767,0.0,0.0,0.0,5.029945e-06,,True,False
ss,125,neg,neg_rep1,neg_ctl0,23,neighbor_column,0,16,0.00703879,0.00703879,0.0,0.0,0.0,5.029945e-06,,True,False
ss,125,neg,neg_rep1,neg_ctl0,23,neighbor_column,0,64,0.00421627,0.00421627,0.0,0.0,0.0,5.029945e-06,,True,False
ss,125,neg,neg_rep1,neg_ctl0,23,neighbor_column,0,147,0.00171347,0.00171347,0.0,0.0,0.0,5.029945e-06,,True,False
ss,125,neg,neg_rep1,neg_ctl0,30,neighbor_column,1,1,1.00235,1.00235,0.0,0.0,0.0,5.029945e-06,,True,False
ss,125,neg,neg_rep1,neg_ctl0,30,neighbor_column,1,4,0.99871,0.99871,0.0,0.0,0.0,5.029945e-06,,True,False
ss,125,neg,neg_rep1,neg_ctl0,30,neighbor_column,1,16,0.984264,0.984264,0.0,0.0,0.0,5.029945e-06,,True,False
ss,125,neg,neg_rep1,neg_ctl0,30,neighbor_column,1,64,0.928082,0.928082,0.0,0.0,0.0,5.029945e-06,,True,False
ss,125,neg,neg_rep1,neg_ctl0,30,neighbor_column,1,147,0.836546,0.836546,0.0,0.0,0.0,5.029945e-06,,True,False
ss,125,neg,neg_rep1,neg_ctl0,31,shared_wbl_column,1,1,1.00648,1.00595,-0.0005300000000001415,-0.0005888888888890461,-5.924157444446026e-09,5.032907078722222e-06,,True,False
ss,125,neg,neg_rep1,neg_ctl0,31,shared_wbl_column,1,4,1.00445,1.0023,-0.0021500000000000963,-0.002388888888888996,-2.403195944444552e-08,5.041960979722223e-06,,False,False
ss,125,neg,neg_rep1,neg_ctl0,31,shared_wbl_column,1,16,0.996339,0.987824,-0.00851499999999994,-0.009461111111111043,-9.517773705555487e-08,5.0775338685277775e-06,,False,False
ss,125,neg,neg_rep1,neg_ctl0,31,shared_wbl_column,1,64,0.964214,0.931526,-0.03268800000000005,-0.036320000000000054,-3.653752048000005e-07,5.2126326024000005e-06,,False,False
ss,125,neg,neg_rep1,neg_ctl0,31,shared_wbl_column,1,147,0.909846,0.839807,-0.07003900000000007,-0.07782111111111119,-7.828718174555562e-07,5.4213809087277776e-06,,False,False
ss,125,neg,neg_rep1,neg_ctl0,32,neighbor_column,1,1,1.00595,1.00595,0.0,0.0,0.0,5.029945e-06,,True,False
ss,125,neg,neg_rep1,neg_ctl0,32,neighbor_column,1,4,1.0023,1.0023,0.0,0.0,0.0,5.029945e-06,,True,False
ss,125,neg,neg_rep1,neg_ctl0,32,neighbor_column,1,16,0.987824,0.987824,0.0,0.0,0.0,5.029945e-06,,True,False
ss,125,neg,neg_rep1,neg_ctl0,32,neighbor_column,1,64,0.931526,0.931526,0.0,0.0,0.0,5.029945e-06,,True,False
ss,125,neg,neg_rep1,neg_ctl0,32,neighbor_column,1,147,0.839807,0.839807,0.0,0.0,0.0,5.029945e-06,,True,False
ss,125,neg,neg_rep1,neg_ctl0,33,neighbor_column,1,1,1.00595,1.00595,0.0,0.0,0.0,5.029945e-06,,True,False
ss,125,neg,neg_rep1,neg_ctl0,33,neighbor_column,1,4,1.0023,1.0023,0.0,0.0,0.0,5.029945e-06,,True,False
ss,125,neg,neg_rep1,neg_ctl0,33,neighbor_column,1,16,0.987814,0.987814,0.0,0.0,0.0,5.029945e-06,,True,False
ss,125,neg,neg_rep1,neg_ctl0,33,neighbor_column,1,64,0.93147,0.93147,0.0,0.0,0.0,5.029945e-06,,True,False
ss,125,neg,neg_rep1,neg_ctl0,33,neighbor_column,1,147,0.839682,0.839682,0.0,0.0,0.0,5.029945e-06,,True,False
ss,125,neg,neg_rep0,neg_ctl1,00,half_selected_row0,1,1,1.01321,1.00925,-0.0039599999999999635,-0.0043999999999999595,-4.426351599999959e-08,5.052076757999999e-06,,False,False
ss,125,neg,neg_rep0,neg_ctl1,00,half_selected_row0,1,4,1.02196,1.00788,-0.01407999999999987,-0.0156444444444443,-1.5738139022222077e-07,5.1086356951111105e-06,,False,False
ss,125,neg,neg_rep0,neg_ctl1,00,half_selected_row0,1,16,1.0433,1.00243,-0.04086999999999996,-0.04541111111111107,-4.568307825555551e-07,5.258360391277777e-06,,False,False
ss,125,neg,neg_rep0,neg_ctl1,00,half_selected_row0,1,64,1.07331,0.980668,-0.092642,-0.10293555555555556,-1.0355203659777777e-06,5.547705182988889e-06,,False,False
ss,125,neg,neg_rep0,neg_ctl1,00,half_selected_row0,1,147,1.08679,0.943244,-0.14354599999999995,-0.1594955555555555,-1.604507744377777e-06,5.832198872188888e-06,,False,False
ss,125,neg,neg_rep0,neg_ctl1,01,target_cell,1,1,-0.183582,1.01283,1.1964119999999998,1.3293466666666665,1.337308123853333e-05,-1.6565956192666655e-06,0.0011573615398256646,False,
ss,125,neg,neg_rep0,neg_ctl1,01,target_cell,1,4,-0.182935,1.01147,1.1944050000000002,1.3271166666666667,1.3350647683833333e-05,-1.6453788419166668e-06,0.0011554200475885174,False,
ss,125,neg,neg_rep0,neg_ctl1,01,target_cell,1,16,-0.182939,1.00602,1.1889589999999999,1.3210655555555555,1.3289774171677776e-05,-1.6149420858388884e-06,0.0011501518030825354,False,
ss,125,neg,neg_rep0,neg_ctl1,01,target_cell,1,64,-0.18294,0.984271,1.167211,1.296901111111111,1.3046682518655554e-05,-1.4933962593277775e-06,0.0011291136500314724,False,
ss,125,neg,neg_rep0,neg_ctl1,01,target_cell,1,147,-0.182913,0.946872,1.129785,1.2553166666666666,1.2628347581833333e-05,-1.2842287909166664e-06,0.0010929092212982976,False,
ss,125,neg,neg_rep0,neg_ctl1,02,half_selected_row0,1,1,1.01651,1.01283,-0.0036800000000001276,-0.004088888888889031,-4.1133772444445867e-08,5.050511886222223e-06,,False,False
ss,125,neg,neg_rep0,neg_ctl1,02,half_selected_row0,1,4,1.02464,1.01147,-0.013169999999999904,-0.014633333333333226,-1.4720972366666557e-07,5.103549861833333e-06,,False,False
ss,125,neg,neg_rep0,neg_ctl1,02,half_selected_row0,1,16,1.04496,1.00602,-0.0389400000000002,-0.043266666666666884,-4.352579073333355e-07,5.247573953666667e-06,,False,False
ss,125,neg,neg_rep0,neg_ctl1,02,half_selected_row0,1,64,1.07427,0.984271,-0.08999900000000005,-0.09999888888888894,-1.0059778223444449e-06,5.532933911172222e-06,,False,False
ss,125,neg,neg_rep0,neg_ctl1,02,half_selected_row0,1,147,1.08767,0.946872,-0.14079799999999987,-0.15644222222222207,-1.5737915469111094e-06,5.816840773455555e-06,,False,False
ss,125,neg,neg_rep0,neg_ctl1,03,half_selected_row0,1,1,1.0167,1.01284,-0.0038599999999999746,-0.00428888888888886,-4.314575044444416e-08,5.051517875222221e-06,,False,False
ss,125,neg,neg_rep0,neg_ctl1,03,half_selected_row0,1,4,1.02521,1.01148,-0.01373000000000002,-0.015255555555555578,-1.53469210777778e-07,5.106679605388888e-06,,False,False
ss,125,neg,neg_rep0,neg_ctl1,03,half_selected_row0,1,16,1.04615,1.00602,-0.04013,-0.044588888888888886,-4.485593174444444e-07,5.254224658722222e-06,,False,False
ss,125,neg,neg_rep0,neg_ctl1,03,half_selected_row0,1,64,1.07588,0.984258,-0.09162199999999998,-0.1018022222222222,-1.0241191573111108e-06,5.542004578655554e-06,,False,False
ss,125,neg,neg_rep0,neg_ctl1,03,half_selected_row0,1,147,1.08931,0.946828,-0.142482,-0.15831333333333333,-1.5926147188666666e-06,5.826252359433333e-06,,False,False
ss,125,neg,neg_rep0,neg_ctl1,10,neighbor_column,1,1,1.01176,1.01176,0.0,0.0,0.0,5.029945e-06,,True,False
ss,125,neg,neg_rep0,neg_ctl1,10,neighbor_column,1,4,1.0104,1.0104,0.0,0.0,0.0,5.029945e-06,,True,False
ss,125,neg,neg_rep0,neg_ctl1,10,neighbor_column,1,16,1.00496,1.00496,0.0,0.0,0.0,5.029945e-06,,True,False
ss,125,neg,neg_rep0,neg_ctl1,10,neighbor_column,1,64,0.983253,0.983253,0.0,0.0,0.0,5.029945e-06,,True,False
ss,125,neg,neg_rep0,neg_ctl1,10,neighbor_column,1,147,0.945915,0.945915,0.0,0.0,0.0,5.029945e-06,,True,False
ss,125,neg,neg_rep0,neg_ctl1,11,shared_wbl_column,1,1,1.01481,1.01535,0.0005399999999999849,0.0005999999999999833,6.035933999999831e-09,5.026927033e-06,1.615534823172009e-08,True,False
ss,125,neg,neg_rep0,neg_ctl1,11,shared_wbl_column,1,4,1.01184,1.01398,0.0021400000000000308,0.002377777777777812,2.3920182888889233e-08,5.017984908555555e-06,6.402304669607861e-08,False,False
ss,125,neg,neg_rep0,neg_ctl1,11,shared_wbl_column,1,16,1.00001,1.00854,0.008529999999999927,0.009477777777777696,9.534540188888806e-08,4.982272299055555e-06,2.551946674381019e-07,False,False
ss,125,neg,neg_rep0,neg_ctl1,11,shared_wbl_column,1,64,0.95368,0.986836,0.033156000000000074,0.03684000000000008,3.706063476000008e-07,4.844641826199999e-06,9.919383814276434e-07,False,False
ss,125,neg,neg_rep0,neg_ctl1,11,shared_wbl_column,1,147,0.876991,0.949501,0.07251000000000007,0.08056666666666674,8.104918043333341e-07,4.6246990978333326e-06,2.169304259781588e-06,False,False
ss,125,neg,neg_rep0,neg_ctl1,12,neighbor_column,1,1,1.01535,1.01535,0.0,0.0,0.0,5.029945e-06,,True,False
ss,125,neg,neg_rep0,neg_ctl1,12,neighbor_column,1,4,1.01398,1.01398,0.0,0.0,0.0,5.029945e-06,,True,False
ss,125,neg,neg_rep0,neg_ctl1,12,neighbor_column,1,16,1.00854,1.00854,0.0,0.0,0.0,5.029945e-06,,True,False
ss,125,neg,neg_rep0,neg_ctl1,12,neighbor_column,1,64,0.986836,0.986836,0.0,0.0,0.0,5.029945e-06,,True,False
ss,125,neg,neg_rep0,neg_ctl1,12,neighbor_column,1,147,0.949501,0.949501,0.0,0.0,0.0,5.029945e-06,,True,False
ss,125,neg,neg_rep0,neg_ctl1,13,neighbor_column,1,1,1.01536,1.01536,0.0,0.0,0.0,5.029945e-06,,True,False
ss,125,neg,neg_rep0,neg_ctl1,13,neighbor_column,1,4,1.014,1.014,0.0,0.0,0.0,5.029945e-06,,True,False
ss,125,neg,neg_rep0,neg_ctl1,13,neighbor_column,1,16,1.00855,1.00855,0.0,0.0,0.0,5.029945e-06,,True,False
ss,125,neg,neg_rep0,neg_ctl1,13,neighbor_column,1,64,0.986825,0.986825,0.0,0.0,0.0,5.029945e-06,,True,False
ss,125,neg,neg_rep0,neg_ctl1,13,neighbor_column,1,147,0.949459,0.949459,0.0,0.0,0.0,5.029945e-06,,True,False
ss,125,neg,neg_rep0,neg_ctl1,20,neighbor_column,0,1,0.00990691,0.00990691,0.0,0.0,0.0,5.029945e-06,,True,False
ss,125,neg,neg_rep0,neg_ctl1,20,neighbor_column,0,4,0.0121918,0.0121918,0.0,0.0,0.0,5.029945e-06,,True,False
ss,125,neg,neg_rep0,neg_ctl1,20,neighbor_column,0,16,0.0198633,0.0198633,0.0,0.0,0.0,5.029945e-06,,True,False
ss,125,neg,neg_rep0,neg_ctl1,20,neighbor_column,0,64,0.0378287,0.0378287,0.0,0.0,0.0,5.029945e-06,,True,False
ss,125,neg,neg_rep0,neg_ctl1,20,neighbor_column,0,147,0.0508567,0.0508567,0.0,0.0,0.0,5.029945e-06,,True,False
ss,125,neg,neg_rep0,neg_ctl1,21,shared_wbl_column,0,1,0.0118637,0.0124457,-0.0005820000000000009,-0.0006466666666666677,-6.505395533333343e-09,5.033197697766666e-06,,True,False
ss,125,neg,neg_rep0,neg_ctl1,21,shared_wbl_column,0,4,0.0123114,0.0145477,-0.0022363,-0.002484777777777778,-2.499659111888889e-08,5.0424432955594435e-06,,False,False
ss,125,neg,neg_rep0,neg_ctl1,21,shared_wbl_column,0,16,0.0139287,0.0216657,-0.007736999999999999,-0.008596666666666666,-8.648152103333332e-08,5.0731857605166655e-06,,False,False
ss,125,neg,neg_rep0,neg_ctl1,21,shared_wbl_column,0,64,0.0183157,0.0386423,-0.020326599999999997,-0.022585111111111108,-2.2720373341555551e-07,5.143546866707777e-06,,False,False
ss,125,neg,neg_rep0,neg_ctl1,21,shared_wbl_column,0,147,0.0217848,0.0511625,-0.0293777,-0.03264188888888889,-3.283738116144444e-07,5.1941319058072215e-06,,False,False
ss,125,neg,neg_rep0,neg_ctl1,22,neighbor_column,0,1,0.0124457,0.0124457,0.0,0.0,0.0,5.029945e-06,,True,False
ss,125,neg,neg_rep0,neg_ctl1,22,neighbor_column,0,4,0.0145477,0.0145477,0.0,0.0,0.0,5.029945e-06,,True,False
ss,125,neg,neg_rep0,neg_ctl1,22,neighbor_column,0,16,0.0216657,0.0216657,0.0,0.0,0.0,5.029945e-06,,True,False
ss,125,neg,neg_rep0,neg_ctl1,22,neighbor_column,0,64,0.0386423,0.0386423,0.0,0.0,0.0,5.029945e-06,,True,False
ss,125,neg,neg_rep0,neg_ctl1,22,neighbor_column,0,147,0.0511625,0.0511625,0.0,0.0,0.0,5.029945e-06,,True,False
ss,125,neg,neg_rep0,neg_ctl1,23,neighbor_column,0,1,0.0124532,0.0124532,0.0,0.0,0.0,5.029945e-06,,True,False
ss,125,neg,neg_rep0,neg_ctl1,23,neighbor_column,0,4,0.0145559,0.0145559,0.0,0.0,0.0,5.029945e-06,,True,False
ss,125,neg,neg_rep0,neg_ctl1,23,neighbor_column,0,16,0.0216759,0.0216759,0.0,0.0,0.0,5.029945e-06,,True,False
ss,125,neg,neg_rep0,neg_ctl1,23,neighbor_column,0,64,0.0386542,0.0386542,0.0,0.0,0.0,5.029945e-06,,True,False
ss,125,neg,neg_rep0,neg_ctl1,23,neighbor_column,0,147,0.0511718,0.0511718,0.0,0.0,0.0,5.029945e-06,,True,False
ss,125,neg,neg_rep0,neg_ctl1,30,neighbor_column,1,1,1.00726,1.00726,0.0,0.0,0.0,5.029945e-06,,True,False
ss,125,neg,neg_rep0,neg_ctl1,30,neighbor_column,1,4,1.00589,1.00589,0.0,0.0,0.0,5.029945e-06,,True,False
ss,125,neg,neg_rep0,neg_ctl1,30,neighbor_column,1,16,1.00043,1.00043,0.0,0.0,0.0,5.029945e-06,,True,False
ss,125,neg,neg_rep0,neg_ctl1,30,neighbor_column,1,64,0.978625,0.978625,0.0,0.0,0.0,5.029945e-06,,True,False
ss,125,neg,neg_rep0,neg_ctl1,30,neighbor_column,1,147,0.941133,0.941133,0.0,0.0,0.0,5.029945e-06,,True,False
ss,125,neg,neg_rep0,neg_ctl1,31,shared_wbl_column,1,1,1.01032,1.01086,0.0005399999999999849,0.0005999999999999833,6.035933999999831e-09,5.026927033e-06,1.6134053195138687e-08,True,False
ss,125,neg,neg_rep0,neg_ctl1,31,shared_wbl_column,1,4,1.00734,1.00949,0.0021500000000000963,0.002388888888888996,2.403195944444552e-08,5.0179290202777765e-06,6.423743401768648e-08,False,False
ss,125,neg,neg_rep0,neg_ctl1,31,shared_wbl_column,1,16,0.995497,1.00403,0.008533000000000013,0.009481111111111126,9.53789348555557e-08,4.982255532572221e-06,2.5494791835948603e-07,False,False
ss,125,neg,neg_rep0,neg_ctl1,31,shared_wbl_column,1,64,0.949091,0.982227,0.03313599999999994,0.03681777777777771,3.7038279448888824e-07,4.844753602755556e-06,9.900333086557953e-07,False,False
ss,125,neg,neg_rep0,neg_ctl1,31,shared_wbl_column,1,147,0.872291,0.944737,0.07244600000000001,0.08049555555555557,8.097764343777779e-07,4.625056782811111e-06,2.164532625509352e-06,False,False
ss,125,neg,neg_rep0,neg_ctl1,32,neighbor_column,1,1,1.01086,1.01086,0.0,0.0,0.0,5.029945e-06,,True,False
ss,125,neg,neg_rep0,neg_ctl1,32,neighbor_column,1,4,1.00949,1.00949,0.0,0.0,0.0,5.029945e-06,,True,False
ss,125,neg,neg_rep0,neg_ctl1,32,neighbor_column,1,16,1.00403,1.00403,0.0,0.0,0.0,5.029945e-06,,True,False
ss,125,neg,neg_rep0,neg_ctl1,32,neighbor_column,1,64,0.982227,0.982227,0.0,0.0,0.0,5.029945e-06,,True,False
ss,125,neg,neg_rep0,neg_ctl1,32,neighbor_column,1,147,0.944737,0.944737,0.0,0.0,0.0,5.029945e-06,,True,False
ss,125,neg,neg_rep0,neg_ctl1,33,neighbor_column,1,1,1.01087,1.01087,0.0,0.0,0.0,5.029945e-06,,True,False
ss,125,neg,neg_rep0,neg_ctl1,33,neighbor_column,1,4,1.0095,1.0095,0.0,0.0,0.0,5.029945e-06,,True,False
ss,125,neg,neg_rep0,neg_ctl1,33,neighbor_column,1,16,1.00403,1.00403,0.0,0.0,0.0,5.029945e-06,,True,False
ss,125,neg,neg_rep0,neg_ctl1,33,neighbor_column,1,64,0.982212,0.982212,0.0,0.0,0.0,5.029945e-06,,True,False
ss,125,neg,neg_rep0,neg_ctl1,33,neighbor_column,1,147,0.944691,0.944691,0.0,0.0,0.0,5.029945e-06,,True,False
ff,27,std,rep1,ctl0,00,half_selected_row0,0,1,-0.13061,0.0211149,-0.1517249,-0.16858322222222222,-1.695928671401111e-06,5.877909335700555e-06,,False,False
ff,27,std,rep1,ctl0,00,half_selected_row0,0,4,-0.129858,0.0211139,-0.1509719,-0.16774655555555554,-1.6875118967677774e-06,5.873700948383888e-06,,False,False
ff,27,std,rep1,ctl0,00,half_selected_row0,0,16,-0.129336,0.0211102,-0.1504462,-0.16716244444444445,-1.681635803242222e-06,5.87076290162111e-06,,False,False
ff,27,std,rep1,ctl0,00,half_selected_row0,0,64,-0.129664,0.0210954,-0.1507594,-0.16751044444444443,-1.685136644962222e-06,5.87251332248111e-06,,False,False
ff,27,std,rep1,ctl0,00,half_selected_row0,0,147,-0.129525,0.0210698,-0.1505948,-0.16732755555555556,-1.6832968028577777e-06,5.871593401428888e-06,,False,False
ff,27,std,rep1,ctl0,01,target_cell,0,1,1.03623,0.0341727,1.0020573,1.113397,1.1200651346329999e-05,-5.703806731649999e-07,0.49742124371674123,False,
ff,27,std,rep1,ctl0,01,target_cell,0,4,1.0806,0.0341714,1.0464286,1.1626984444444444,1.1696618454282221e-05,-8.183642271411106e-07,0.519447157036597,False,
ff,27,std,rep1,ctl0,01,target_cell,0,16,1.12366,0.0341663,1.0894937,1.2105485555555555,1.2177985308547777e-05,-1.0590476542738885e-06,0.540824672676457,False,
ff,27,std,rep1,ctl0,01,target_cell,0,64,1.16585,0.0341458,1.1317042000000002,1.2574491111111112,1.2649799738375557e-05,-1.2949548691877783e-06,0.5617779648763197,False,
ff,27,std,rep1,ctl0,01,target_cell,0,147,1.19081,0.0341105,1.1566995,1.2852216666666667,1.2929188592283333e-05,-1.4346492961416668e-06,0.5741856317962384,False,
ff,27,std,rep1,ctl0,02,half_selected_row0,0,1,-0.130217,0.0341727,-0.1643897,-0.18265522222222222,-1.8374914434811109e-06,5.948690721740555e-06,,False,False
ff,27,std,rep1,ctl0,02,half_selected_row0,0,4,-0.129472,0.0341714,-0.1636434,-0.181826,-1.8291495591399998e-06,5.94451977957e-06,,False,False
ff,27,std,rep1,ctl0,02,half_selected_row0,0,16,-0.128905,0.0341663,-0.16307129999999997,-0.18119033333333331,-1.8227548223966663e-06,5.941322411198333e-06,,False,False
ff,27,std,rep1,ctl0,02,half_selected_row0,0,64,-0.129176,0.0341459,-0.16332190000000002,-0.18146877777777778,-1.8255559428788888e-06,5.9427229714394435e-06,,False,False
ff,27,std,rep1,ctl0,02,half_selected_row0,0,147,-0.129104,0.0341105,-0.16321449999999998,-0.18134944444444442,-1.824355462672222e-06,5.94212273133611e-06,,False,False
ff,27,std,rep1,ctl0,03,half_selected_row0,0,1,-0.126741,0.0342787,-0.1610197,-0.17891077777777775,-1.7998227442588885e-06,5.929856372129445e-06,,False,False
ff,27,std,rep1,ctl0,03,half_selected_row0,0,4,-0.126007,0.0342774,-0.1602844,-0.17809377777777777,-1.7916038141288888e-06,5.925746907064444e-06,,False,False
ff,27,std,rep1,ctl0,03,half_selected_row0,0,16,-0.125454,0.0342723,-0.15972630000000002,-0.17747366666666667,-1.7853655645633331e-06,5.9226277822816664e-06,,False,False
ff,27,std,rep1,ctl0,03,half_selected_row0,0,64,-0.125744,0.0342517,-0.1599957,-0.177773,-1.7883768249699998e-06,5.9241334124849995e-06,,False,False
ff,27,std,rep1,ctl0,03,half_selected_row0,0,147,-0.125648,0.0342161,-0.1598641,-0.17762677777777777,-1.7869058454988888e-06,5.923397922749444e-06,,False,False
ff,27,std,rep1,ctl0,10,neighbor_column,1,1,1.034,1.034,0.0,0.0,0.0,5.029945e-06,,True,False
ff,27,std,rep1,ctl0,10,neighbor_column,1,4,1.03399,1.03399,0.0,0.0,0.0,5.029945e-06,,True,False
ff,27,std,rep1,ctl0,10,neighbor_column,1,16,1.03393,1.03393,0.0,0.0,0.0,5.029945e-06,,True,False
ff,27,std,rep1,ctl0,10,neighbor_column,1,64,1.03368,1.03368,0.0,0.0,0.0,5.029945e-06,,True,False
ff,27,std,rep1,ctl0,10,neighbor_column,1,147,1.03325,1.03325,0.0,0.0,0.0,5.029945e-06,,True,False
ff,27,std,rep1,ctl0,11,shared_wbl_column,1,1,1.04858,1.04858,0.0,0.0,0.0,5.029945e-06,,True,False
ff,27,std,rep1,ctl0,11,shared_wbl_column,1,4,1.04858,1.04856,-2.0000000000131024e-05,-2.2222222222367805e-05,-2.2355311111257565e-10,5.030056776555556e-06,,True,False
ff,27,std,rep1,ctl0,11,shared_wbl_column,1,16,1.04856,1.0485,-5.999999999994898e-05,-6.666666666660998e-05,-6.706593333327631e-10,5.030280329666667e-06,,True,False
ff,27,std,rep1,ctl0,11,shared_wbl_column,1,64,1.04848,1.04824,-0.00024000000000001798,-0.00026666666666668663,-2.6826373333335338e-09,5.031286318666666e-06,,True,False
ff,27,std,rep1,ctl0,11,shared_wbl_column,1,147,1.04835,1.04781,-0.0005399999999999849,-0.0005999999999999833,-6.035933999999831e-09,5.032962966999999e-06,,True,False
ff,27,std,rep1,ctl0,12,neighbor_column,1,1,1.04858,1.04858,0.0,0.0,0.0,5.029945e-06,,True,False
ff,27,std,rep1,ctl0,12,neighbor_column,1,4,1.04856,1.04856,0.0,0.0,0.0,5.029945e-06,,True,False
ff,27,std,rep1,ctl0,12,neighbor_column,1,16,1.0485,1.0485,0.0,0.0,0.0,5.029945e-06,,True,False
ff,27,std,rep1,ctl0,12,neighbor_column,1,64,1.04824,1.04824,0.0,0.0,0.0,5.029945e-06,,True,False
ff,27,std,rep1,ctl0,12,neighbor_column,1,147,1.04781,1.04781,0.0,0.0,0.0,5.029945e-06,,True,False
ff,27,std,rep1,ctl0,13,neighbor_column,1,1,1.04874,1.04874,0.0,0.0,0.0,5.029945e-06,,True,False
ff,27,std,rep1,ctl0,13,neighbor_column,1,4,1.04873,1.04873,0.0,0.0,0.0,5.029945e-06,,True,False
ff,27,std,rep1,ctl0,13,neighbor_column,1,16,1.04866,1.04866,0.0,0.0,0.0,5.029945e-06,,True,False
ff,27,std,rep1,ctl0,13,neighbor_column,1,64,1.04841,1.04841,0.0,0.0,0.0,5.029945e-06,,True,False
ff,27,std,rep1,ctl0,13,neighbor_column,1,147,1.04797,1.04797,0.0,0.0,0.0,5.029945e-06,,True,False
ff,27,std,rep1,ctl0,20,neighbor_column,0,1,0.0301678,0.0301678,0.0,0.0,0.0,5.029945e-06,,True,False
ff,27,std,rep1,ctl0,20,neighbor_column,0,4,0.0301666,0.0301666,0.0,0.0,0.0,5.029945e-06,,True,False
ff,27,std,rep1,ctl0,20,neighbor_column,0,16,0.0301619,0.0301619,0.0,0.0,0.0,5.029945e-06,,True,False
ff,27,std,rep1,ctl0,20,neighbor_column,0,64,0.0301431,0.0301431,0.0,0.0,0.0,5.029945e-06,,True,False
ff,27,std,rep1,ctl0,20,neighbor_column,0,147,0.0301105,0.0301105,0.0,0.0,0.0,5.029945e-06,,True,False
ff,27,std,rep1,ctl0,21,shared_wbl_column,0,1,0.0431723,0.0431709,1.3999999999986246e-06,1.5555555555540273e-06,1.56487177777624e-11,5.0299371756411105e-06,3.220389249301717e-08,True,False
ff,27,std,rep1,ctl0,21,shared_wbl_column,0,4,0.043175,0.0431695,5.499999999998562e-06,6.111111111109513e-06,6.147710555553947e-11,5.029914261447221e-06,1.2651529193694437e-07,True,False
ff,27,std,rep1,ctl0,21,shared_wbl_column,0,16,0.0431858,0.0431637,2.210000000000406e-05,2.4555555555560066e-05,2.4702618777782313e-10,5.029821486906111e-06,5.08361445783221e-07,True,False
ff,27,std,rep1,ctl0,21,shared_wbl_column,0,64,0.0432289,0.0431405,8.840000000000237e-05,9.822222222222484e-05,9.881047511111374e-10,5.0294509476244445e-06,2.033445783132565e-06,True,False
ff,27,std,rep1,ctl0,21,shared_wbl_column,0,147,0.0433033,0.0431005,0.00020280000000000298,0.00022533333333333663,2.2668285466666996e-09,5.028811585726666e-06,4.66496385542171e-06,True,False
ff,27,std,rep1,ctl0,22,neighbor_column,0,1,0.043171,0.043171,0.0,0.0,0.0,5.029945e-06,,True,False
ff,27,std,rep1,ctl0,22,neighbor_column,0,4,0.0431695,0.0431695,0.0,0.0,0.0,5.029945e-06,,True,False
ff,27,std,rep1,ctl0,22,neighbor_column,0,16,0.0431637,0.0431637,0.0,0.0,0.0,5.029945e-06,,True,False
ff,27,std,rep1,ctl0,22,neighbor_column,0,64,0.0431406,0.0431406,0.0,0.0,0.0,5.029945e-06,,True,False
ff,27,std,rep1,ctl0,22,neighbor_column,0,147,0.0431006,0.0431006,0.0,0.0,0.0,5.029945e-06,,True,False
ff,27,std,rep1,ctl0,23,neighbor_column,0,1,0.043304,0.043304,0.0,0.0,0.0,5.029945e-06,,True,False
ff,27,std,rep1,ctl0,23,neighbor_column,0,4,0.0433026,0.0433026,0.0,0.0,0.0,5.029945e-06,,True,False
ff,27,std,rep1,ctl0,23,neighbor_column,0,16,0.0432967,0.0432967,0.0,0.0,0.0,5.029945e-06,,True,False
ff,27,std,rep1,ctl0,23,neighbor_column,0,64,0.0432735,0.0432735,0.0,0.0,0.0,5.029945e-06,,True,False
ff,27,std,rep1,ctl0,23,neighbor_column,0,147,0.0432333,0.0432333,0.0,0.0,0.0,5.029945e-06,,True,False
ff,27,std,rep1,ctl0,30,neighbor_column,1,1,1.01571,1.01571,0.0,0.0,0.0,5.029945e-06,,True,False
ff,27,std,rep1,ctl0,30,neighbor_column,1,4,1.0157,1.0157,0.0,0.0,0.0,5.029945e-06,,True,False
ff,27,std,rep1,ctl0,30,neighbor_column,1,16,1.01564,1.01564,0.0,0.0,0.0,5.029945e-06,,True,False
ff,27,std,rep1,ctl0,30,neighbor_column,1,64,1.01539,1.01539,0.0,0.0,0.0,5.029945e-06,,True,False
ff,27,std,rep1,ctl0,30,neighbor_column,1,147,1.01496,1.01496,0.0,0.0,0.0,5.029945e-06,,True,False
ff,27,std,rep1,ctl0,31,shared_wbl_column,1,1,1.03064,1.03064,0.0,0.0,0.0,5.029945e-06,,True,False
ff,27,std,rep1,ctl0,31,shared_wbl_column,1,4,1.03063,1.03062,-9.999999999843467e-06,-1.1111111110937185e-05,-1.1177655555380587e-10,5.030000888277777e-06,,True,False
ff,27,std,rep1,ctl0,31,shared_wbl_column,1,16,1.03062,1.03056,-6.000000000017103e-05,-6.666666666685669e-05,-6.706593333352449e-10,5.0302803296666675e-06,,True,False
ff,27,std,rep1,ctl0,31,shared_wbl_column,1,64,1.03054,1.0303,-0.00024000000000001798,-0.00026666666666668663,-2.6826373333335338e-09,5.031286318666666e-06,,True,False
ff,27,std,rep1,ctl0,31,shared_wbl_column,1,147,1.03041,1.02987,-0.0005399999999999849,-0.0005999999999999833,-6.035933999999831e-09,5.032962966999999e-06,,True,False
ff,27,std,rep1,ctl0,32,neighbor_column,1,1,1.03064,1.03064,0.0,0.0,0.0,5.029945e-06,,True,False
ff,27,std,rep1,ctl0,32,neighbor_column,1,4,1.03062,1.03062,0.0,0.0,0.0,5.029945e-06,,True,False
ff,27,std,rep1,ctl0,32,neighbor_column,1,16,1.03056,1.03056,0.0,0.0,0.0,5.029945e-06,,True,False
ff,27,std,rep1,ctl0,32,neighbor_column,1,64,1.0303,1.0303,0.0,0.0,0.0,5.029945e-06,,True,False
ff,27,std,rep1,ctl0,32,neighbor_column,1,147,1.02987,1.02987,0.0,0.0,0.0,5.029945e-06,,True,False
ff,27,std,rep1,ctl0,33,neighbor_column,1,1,1.03074,1.03074,0.0,0.0,0.0,5.029945e-06,,True,False
ff,27,std,rep1,ctl0,33,neighbor_column,1,4,1.03073,1.03073,0.0,0.0,0.0,5.029945e-06,,True,False
ff,27,std,rep1,ctl0,33,neighbor_column,1,16,1.03066,1.03066,0.0,0.0,0.0,5.029945e-06,,True,False
ff,27,std,rep1,ctl0,33,neighbor_column,1,64,1.03041,1.03041,0.0,0.0,0.0,5.029945e-06,,True,False
ff,27,std,rep1,ctl0,33,neighbor_column,1,147,1.02997,1.02997,0.0,0.0,0.0,5.029945e-06,,True,False
ff,27,std,rep0,ctl1,00,half_selected_row0,1,1,1.06905,1.04045,-0.02859999999999996,-0.03177777777777773,-3.196809488888884e-07,5.1897854744444436e-06,,False,False
ff,27,std,rep0,ctl1,00,half_selected_row0,1,4,1.1012,1.04045,-0.06074999999999986,-0.06749999999999984,-6.790425749999984e-07,5.369466287499999e-06,,False,False
ff,27,std,rep0,ctl1,00,half_selected_row0,1,16,1.14049,1.04045,-0.1000399999999999,-0.11115555555555545,-1.1182126617777766e-06,5.589051330888888e-06,,False,False
ff,27,std,rep0,ctl1,00,half_selected_row0,1,64,1.18174,1.04045,-0.14128999999999992,-0.1569888888888888,-1.5792909534444432e-06,5.819590476722222e-06,,False,False
ff,27,std,rep0,ctl1,00,half_selected_row0,1,147,1.2066,1.04044,-0.16615999999999986,-0.18462222222222208,-1.8572792471111095e-06,5.958584623555554e-06,,False,False
ff,27,std,rep0,ctl1,01,target_cell,1,1,-0.115897,1.05504,1.170937,1.3010411111111109,1.3088330463255553e-05,-1.5142202316277764e-06,0.09344905575562945,False,
ff,27,std,rep0,ctl1,01,target_cell,1,4,-0.115151,1.05504,1.170191,1.300212222222222,1.307999193221111e-05,-1.5100509661055549e-06,0.09338951967845904,False,
ff,27,std,rep0,ctl1,01,target_cell,1,16,-0.114584,1.05504,1.169624,1.2995822222222222,1.307365420151111e-05,-1.5068821007555553e-06,0.09334426906752656,False,
ff,27,std,rep0,ctl1,01,target_cell,1,64,-0.114856,1.05504,1.169896,1.2998844444444444,1.307669452382222e-05,-1.5084022619111109e-06,0.09336597659164232,False,
ff,27,std,rep0,ctl1,01,target_cell,1,147,-0.114783,1.05503,1.169813,1.2997922222222222,1.307576677841111e-05,-1.5079383892055554e-06,0.09335935260450406,False,
ff,27,std,rep0,ctl1,02,half_selected_row0,1,1,1.07622,1.05504,-0.021179999999999977,-0.023533333333333305,-2.3674274466666638e-07,5.148316372333334e-06,,False,False
ff,27,std,rep0,ctl1,02,half_selected_row0,1,4,1.10449,1.05504,-0.049449999999999994,-0.054944444444444435,-5.527350672222221e-07,5.3063125336111105e-06,,False,False
ff,27,std,rep0,ctl1,02,half_selected_row0,1,16,1.14211,1.05504,-0.08706999999999998,-0.09674444444444442,-9.73238469222222e-07,5.516564234611111e-06,,False,False
ff,27,std,rep0,ctl1,02,half_selected_row0,1,64,1.18286,1.05504,-0.12782000000000004,-0.14202222222222227,-1.4287279331111114e-06,5.744308966555555e-06,,False,False
ff,27,std,rep0,ctl1,02,half_selected_row0,1,147,1.20763,1.05503,-0.15260000000000007,-0.16955555555555563,-1.7057102377777783e-06,5.8828001188888895e-06,,False,False
ff,27,std,rep0,ctl1,03,half_selected_row0,1,1,1.08088,1.05523,-0.025650000000000173,-0.028500000000000192,-2.867068650000019e-07,5.1732984325000005e-06,,False,False
ff,27,std,rep0,ctl1,03,half_selected_row0,1,4,1.11165,1.05523,-0.05642000000000014,-0.06268888888888904,-6.30643326444446e-07,5.345266663222223e-06,,False,False
ff,27,std,rep0,ctl1,03,half_selected_row0,1,16,1.15039,1.05523,-0.09516000000000013,-0.10573333333333348,-1.063665702666668e-06,5.561777851333334e-06,,False,False
ff,27,std,rep0,ctl1,03,half_selected_row0,1,64,1.19149,1.05523,-0.13626000000000005,-0.15140000000000006,-1.5230673460000004e-06,5.7914786729999996e-06,,False,False
ff,27,std,rep0,ctl1,03,half_selected_row0,1,147,1.21632,1.05522,-0.16110000000000002,-0.17900000000000002,-1.8007203100000002e-06,5.930305155e-06,,False,False
ff,27,std,rep0,ctl1,10,neighbor_column,1,1,1.05041,1.05041,0.0,0.0,0.0,5.029945e-06,,True,False
ff,27,std,rep0,ctl1,10,neighbor_column,1,4,1.05041,1.05041,0.0,0.0,0.0,5.029945e-06,,True,False
ff,27,std,rep0,ctl1,10,neighbor_column,1,16,1.05041,1.05041,0.0,0.0,0.0,5.029945e-06,,True,False
ff,27,std,rep0,ctl1,10,neighbor_column,1,64,1.05041,1.05041,0.0,0.0,0.0,5.029945e-06,,True,False
ff,27,std,rep0,ctl1,10,neighbor_column,1,147,1.05041,1.05041,0.0,0.0,0.0,5.029945e-06,,True,False
ff,27,std,rep0,ctl1,11,shared_wbl_column,1,1,1.06495,1.06495,0.0,0.0,0.0,5.029945e-06,,True,False
ff,27,std,rep0,ctl1,11,shared_wbl_column,1,4,1.06494,1.06495,1.0000000000065512e-05,1.1111111111183902e-05,1.1177655555628782e-10,5.029889111722222e-06,6.446753246794146e-08,True,False
ff,27,std,rep0,ctl1,11,shared_wbl_column,1,16,1.06489,1.06495,6.000000000017103e-05,6.666666666685669e-05,6.706593333352449e-10,5.029609670333332e-06,3.868051948062173e-07,True,False
ff,27,std,rep0,ctl1,11,shared_wbl_column,1,64,1.06471,1.06495,0.00024000000000001798,0.00026666666666668663,2.6826373333335338e-09,5.0286036813333334e-06,1.5472207792205747e-06,True,False
ff,27,std,rep0,ctl1,11,shared_wbl_column,1,147,1.0644,1.06494,0.0005399999999999849,0.0005999999999999833,6.035933999999831e-09,5.026927033e-06,3.4812467532459355e-06,True,False
ff,27,std,rep0,ctl1,12,neighbor_column,1,1,1.06495,1.06495,0.0,0.0,0.0,5.029945e-06,,True,False
ff,27,std,rep0,ctl1,12,neighbor_column,1,4,1.06495,1.06495,0.0,0.0,0.0,5.029945e-06,,True,False
ff,27,std,rep0,ctl1,12,neighbor_column,1,16,1.06495,1.06495,0.0,0.0,0.0,5.029945e-06,,True,False
ff,27,std,rep0,ctl1,12,neighbor_column,1,64,1.06495,1.06495,0.0,0.0,0.0,5.029945e-06,,True,False
ff,27,std,rep0,ctl1,12,neighbor_column,1,147,1.06494,1.06494,0.0,0.0,0.0,5.029945e-06,,True,False
ff,27,std,rep0,ctl1,13,neighbor_column,1,1,1.06518,1.06518,0.0,0.0,0.0,5.029945e-06,,True,False
ff,27,std,rep0,ctl1,13,neighbor_column,1,4,1.06518,1.06518,0.0,0.0,0.0,5.029945e-06,,True,False
ff,27,std,rep0,ctl1,13,neighbor_column,1,16,1.06517,1.06517,0.0,0.0,0.0,5.029945e-06,,True,False
ff,27,std,rep0,ctl1,13,neighbor_column,1,64,1.06517,1.06517,0.0,0.0,0.0,5.029945e-06,,True,False
ff,27,std,rep0,ctl1,13,neighbor_column,1,147,1.06517,1.06517,0.0,0.0,0.0,5.029945e-06,,True,False
ff,27,std,rep0,ctl1,20,neighbor_column,0,1,0.0448032,0.0448032,0.0,0.0,0.0,5.029945e-06,,True,False
ff,27,std,rep0,ctl1,20,neighbor_column,0,4,0.0448102,0.0448102,0.0,0.0,0.0,5.029945e-06,,True,False
ff,27,std,rep0,ctl1,20,neighbor_column,0,16,0.0448378,0.0448378,0.0,0.0,0.0,5.029945e-06,,True,False
ff,27,std,rep0,ctl1,20,neighbor_column,0,64,0.0449483,0.0449483,0.0,0.0,0.0,5.029945e-06,,True,False
ff,27,std,rep0,ctl1,20,neighbor_column,0,147,0.0451384,0.0451384,0.0,0.0,0.0,5.029945e-06,,True,False
ff,27,std,rep0,ctl1,21,shared_wbl_column,0,1,0.0577926,0.057794,-1.3999999999986246e-06,-1.5555555555540273e-06,-1.56487177777624e-11,5.029952824358888e-06,,True,False
ff,27,std,rep0,ctl1,21,shared_wbl_column,0,4,0.0577929,0.0577985,-5.600000000001437e-06,-6.222222222223819e-06,-6.259487111112717e-11,5.0299762974355545e-06,,True,False
ff,27,std,rep0,ctl1,21,shared_wbl_column,0,16,0.057794,0.0578163,-2.2300000000002873e-05,-2.477777777778097e-05,-2.4926171888892096e-10,5.030069630859444e-06,,True,False
ff,27,std,rep0,ctl1,21,shared_wbl_column,0,64,0.0577984,0.0578873,-8.890000000000287e-05,-9.877777777778096e-05,-9.936935788889208e-10,5.030441846789444e-06,,True,False
ff,27,std,rep0,ctl1,21,shared_wbl_column,0,147,0.057806,0.0580098,-0.00020379999999999704,-0.00022644444444444115,-2.278006202222189e-09,5.031084003101111e-06,,True,False
ff,27,std,rep0,ctl1,22,neighbor_column,0,1,0.0577941,0.0577941,0.0,0.0,0.0,5.029945e-06,,True,False
ff,27,std,rep0,ctl1,22,neighbor_column,0,4,0.0577986,0.0577986,0.0,0.0,0.0,5.029945e-06,,True,False
ff,27,std,rep0,ctl1,22,neighbor_column,0,16,0.0578164,0.0578164,0.0,0.0,0.0,5.029945e-06,,True,False
ff,27,std,rep0,ctl1,22,neighbor_column,0,64,0.0578874,0.0578874,0.0,0.0,0.0,5.029945e-06,,True,False
ff,27,std,rep0,ctl1,22,neighbor_column,0,147,0.0580099,0.0580099,0.0,0.0,0.0,5.029945e-06,,True,False
ff,27,std,rep0,ctl1,23,neighbor_column,0,1,0.0579726,0.0579726,0.0,0.0,0.0,5.029945e-06,,True,False
ff,27,std,rep0,ctl1,23,neighbor_column,0,4,0.057977,0.057977,0.0,0.0,0.0,5.029945e-06,,True,False
ff,27,std,rep0,ctl1,23,neighbor_column,0,16,0.0579948,0.0579948,0.0,0.0,0.0,5.029945e-06,,True,False
ff,27,std,rep0,ctl1,23,neighbor_column,0,64,0.0580656,0.0580656,0.0,0.0,0.0,5.029945e-06,,True,False
ff,27,std,rep0,ctl1,23,neighbor_column,0,147,0.0581878,0.0581878,0.0,0.0,0.0,5.029945e-06,,True,False
ff,27,std,rep0,ctl1,30,neighbor_column,1,1,1.03245,1.03245,0.0,0.0,0.0,5.029945e-06,,True,False
ff,27,std,rep0,ctl1,30,neighbor_column,1,4,1.03245,1.03245,0.0,0.0,0.0,5.029945e-06,,True,False
ff,27,std,rep0,ctl1,30,neighbor_column,1,16,1.03245,1.03245,0.0,0.0,0.0,5.029945e-06,,True,False
ff,27,std,rep0,ctl1,30,neighbor_column,1,64,1.03245,1.03245,0.0,0.0,0.0,5.029945e-06,,True,False
ff,27,std,rep0,ctl1,30,neighbor_column,1,147,1.03245,1.03245,0.0,0.0,0.0,5.029945e-06,,True,False
ff,27,std,rep0,ctl1,31,shared_wbl_column,1,1,1.04733,1.04734,9.999999999843467e-06,1.1111111110937185e-05,1.1177655555380587e-10,5.0298891117222225e-06,6.446753246652858e-08,True,False
ff,27,std,rep0,ctl1,31,shared_wbl_column,1,4,1.04732,1.04734,1.999999999990898e-05,2.2222222222121088e-05,2.235531111100937e-10,5.0298332234444446e-06,1.2893506493448863e-07,True,False
ff,27,std,rep0,ctl1,31,shared_wbl_column,1,16,1.04728,1.04734,5.999999999994898e-05,6.666666666660998e-05,6.706593333327631e-10,5.029609670333333e-06,3.868051948048974e-07,True,False
ff,27,std,rep0,ctl1,31,shared_wbl_column,1,64,1.0471,1.04733,0.0002300000000001745,0.00025555555555574944,2.570860777779728e-09,5.02865956961111e-06,1.4827532467544923e-06,True,False
ff,27,std,rep0,ctl1,31,shared_wbl_column,1,147,1.04679,1.04733,0.0005399999999999849,0.0005999999999999833,6.035933999999831e-09,5.026927033e-06,3.4812467532469392e-06,True,False
ff,27,std,rep0,ctl1,32,neighbor_column,1,1,1.04734,1.04734,0.0,0.0,0.0,5.029945e-06,,True,False
ff,27,std,rep0,ctl1,32,neighbor_column,1,4,1.04734,1.04734,0.0,0.0,0.0,5.029945e-06,,True,False
ff,27,std,rep0,ctl1,32,neighbor_column,1,16,1.04734,1.04734,0.0,0.0,0.0,5.029945e-06,,True,False
ff,27,std,rep0,ctl1,32,neighbor_column,1,64,1.04733,1.04733,0.0,0.0,0.0,5.029945e-06,,True,False
ff,27,std,rep0,ctl1,32,neighbor_column,1,147,1.04733,1.04733,0.0,0.0,0.0,5.029945e-06,,True,False
ff,27,std,rep0,ctl1,33,neighbor_column,1,1,1.04751,1.04751,0.0,0.0,0.0,5.029945e-06,,True,False
ff,27,std,rep0,ctl1,33,neighbor_column,1,4,1.04751,1.04751,0.0,0.0,0.0,5.029945e-06,,True,False
ff,27,std,rep0,ctl1,33,neighbor_column,1,16,1.0475,1.0475,0.0,0.0,0.0,5.029945e-06,,True,False
ff,27,std,rep0,ctl1,33,neighbor_column,1,64,1.0475,1.0475,0.0,0.0,0.0,5.029945e-06,,True,False
ff,27,std,rep0,ctl1,33,neighbor_column,1,147,1.0475,1.0475,0.0,0.0,0.0,5.029945e-06,,True,False
ff,27,neg,neg_rep1,neg_ctl0,00,half_selected_row0,0,1,-0.237207,0.00526713,-0.24247413,-0.2694157,-2.7102923062729995e-06,6.385091153136499e-06,,False,False
ff,27,neg,neg_rep1,neg_ctl0,00,half_selected_row0,0,4,-0.234659,0.00526542,-0.23992442,-0.26658268888888886,-2.681792526126444e-06,6.370841263063222e-06,,False,False
ff,27,neg,neg_rep1,neg_ctl0,00,half_selected_row0,0,16,-0.241019,0.00525858,-0.24627758000000002,-0.2736417555555556,-2.7528059602957777e-06,6.406347980147888e-06,,False,False
ff,27,neg,neg_rep1,neg_ctl0,00,half_selected_row0,0,64,-0.246179,0.00523132,-0.25141032,-0.2793448,-2.810177960072e-06,6.435033980036e-06,,False,False
ff,27,neg,neg_rep1,neg_ctl0,00,half_selected_row0,0,147,-0.240094,0.00518451,-0.24527851,-0.27253167777777776,-2.7416386999598887e-06,6.400764349979944e-06,,False,False
ff,27,neg,neg_rep1,neg_ctl0,01,target_cell,0,1,0.816281,0.00856821,0.8077127900000001,0.8974586555555556,9.028335354436778e-06,5.157773227816109e-07,0.4009486289533733,False,
ff,27,neg,neg_rep1,neg_ctl0,01,target_cell,0,4,0.860377,0.00856552,0.85181148,0.9464571999999999,9.521255321707997e-06,2.6931733914600054e-07,0.42283921866922985,False,
ff,27,neg,neg_rep1,neg_ctl0,01,target_cell,0,16,0.902712,0.00855474,0.89415726,0.9935080666666666,9.994581864779332e-06,3.265406761033377e-08,0.44385966386109216,False,
ff,27,neg,neg_rep1,neg_ctl0,01,target_cell,0,64,0.943467,0.00851176,0.93495524,1.0388391555555554,1.0450607632581776e-05,-1.9535881629088807e-07,0.4641117811329595,False,
ff,27,neg,neg_rep1,neg_ctl0,01,target_cell,0,147,0.966959,0.00843791,0.95852109,1.0650234333333333,1.0714018586755666e-05,-3.27064293377833e-07,0.47580986907288286,False,
ff,27,neg,neg_rep1,neg_ctl0,02,half_selected_row0,0,1,-0.236607,0.00856822,-0.24517522,-0.2724169111111111,-2.7404841599175553e-06,6.400187079958778e-06,,False,False
ff,27,neg,neg_rep1,neg_ctl0,02,half_selected_row0,0,4,-0.234308,0.00856552,-0.24287351999999998,-0.26985946666666666,-2.714756550125333e-06,6.3873232750626665e-06,,False,False
ff,27,neg,neg_rep1,neg_ctl0,02,half_selected_row0,0,16,-0.239576,0.00855474,-0.24813074000000002,-0.27570082222222225,-2.7735199444651114e-06,6.416704972232556e-06,,False,False
ff,27,neg,neg_rep1,neg_ctl0,02,half_selected_row0,0,64,-0.244568,0.00851176,-0.25307976,-0.2811997333333333,-2.828838385362666e-06,6.444364192681333e-06,,False,False
ff,27,neg,neg_rep1,neg_ctl0,02,half_selected_row0,0,147,-0.238776,0.00843791,-0.24721390999999998,-0.2746821222222222,-2.763271934522111e-06,6.411580967261055e-06,,False,False
ff,27,neg,neg_rep1,neg_ctl0,03,half_selected_row0,0,1,-0.236591,0.00857489,-0.24516589,-0.27240654444444445,-2.740379872391222e-06,6.40013493619561e-06,,False,False
ff,27,neg,neg_rep1,neg_ctl0,03,half_selected_row0,0,4,-0.234045,0.00857219,-0.24261719,-0.26957465555555554,-2.7118913816767774e-06,6.385890690838389e-06,,False,False
ff,27,neg,neg_rep1,neg_ctl0,03,half_selected_row0,0,16,-0.240399,0.00856139,-0.24896039,-0.27662265555555554,-2.7827934863967775e-06,6.421341743198388e-06,,False,False
ff,27,neg,neg_rep1,neg_ctl0,03,half_selected_row0,0,64,-0.245576,0.00851835,-0.25409434999999997,-0.28232705555555554,-2.8401791229127773e-06,6.450034561456388e-06,,False,False
ff,27,neg,neg_rep1,neg_ctl0,03,half_selected_row0,0,147,-0.239474,0.00844439,-0.24791839,-0.2754648777777778,-2.771146369307889e-06,6.415518184653944e-06,,False,False
ff,27,neg,neg_rep1,neg_ctl0,10,neighbor_column,1,1,1.00981,1.00981,0.0,0.0,0.0,5.029945e-06,,True,False
ff,27,neg,neg_rep1,neg_ctl0,10,neighbor_column,1,4,1.00964,1.00964,0.0,0.0,0.0,5.029945e-06,,True,False
ff,27,neg,neg_rep1,neg_ctl0,10,neighbor_column,1,16,1.00897,1.00897,0.0,0.0,0.0,5.029945e-06,,True,False
ff,27,neg,neg_rep1,neg_ctl0,10,neighbor_column,1,64,1.0063,1.0063,0.0,0.0,0.0,5.029945e-06,,True,False
ff,27,neg,neg_rep1,neg_ctl0,10,neighbor_column,1,147,1.00171,1.00171,0.0,0.0,0.0,5.029945e-06,,True,False
ff,27,neg,neg_rep1,neg_ctl0,11,shared_wbl_column,1,1,1.01411,1.01407,-4.0000000000040004e-05,-4.444444444448889e-05,-4.4710622222266934e-10,5.030168553111111e-06,,True,False
ff,27,neg,neg_rep1,neg_ctl0,11,shared_wbl_column,1,4,1.01406,1.0139,-0.00015999999999993797,-0.00017777777777770886,-1.7884248888881954e-09,5.030839212444443e-06,,True,False
ff,27,neg,neg_rep1,neg_ctl0,11,shared_wbl_column,1,16,1.01385,1.01323,-0.0006199999999998429,-0.0006888888888887143,-6.930146444442687e-09,5.033410073222221e-06,,True,False
ff,27,neg,neg_rep1,neg_ctl0,11,shared_wbl_column,1,64,1.01305,1.01054,-0.0025100000000000122,-0.0027888888888889024,-2.805591544444458e-08,5.043972957722222e-06,,False,False
ff,27,neg,neg_rep1,neg_ctl0,11,shared_wbl_column,1,147,1.01168,1.00592,-0.005759999999999987,-0.0063999999999999856,-6.438329599999984e-08,5.062136647999999e-06,,False,False
ff,27,neg,neg_rep1,neg_ctl0,12,neighbor_column,1,1,1.01407,1.01407,0.0,0.0,0.0,5.029945e-06,,True,False
ff,27,neg,neg_rep1,neg_ctl0,12,neighbor_column,1,4,1.0139,1.0139,0.0,0.0,0.0,5.029945e-06,,True,False
ff,27,neg,neg_rep1,neg_ctl0,12,neighbor_column,1,16,1.01323,1.01323,0.0,0.0,0.0,5.029945e-06,,True,False
ff,27,neg,neg_rep1,neg_ctl0,12,neighbor_column,1,64,1.01054,1.01054,0.0,0.0,0.0,5.029945e-06,,True,False
ff,27,neg,neg_rep1,neg_ctl0,12,neighbor_column,1,147,1.00592,1.00592,0.0,0.0,0.0,5.029945e-06,,True,False
ff,27,neg,neg_rep1,neg_ctl0,13,neighbor_column,1,1,1.01408,1.01408,0.0,0.0,0.0,5.029945e-06,,True,False
ff,27,neg,neg_rep1,neg_ctl0,13,neighbor_column,1,4,1.01392,1.01392,0.0,0.0,0.0,5.029945e-06,,True,False
ff,27,neg,neg_rep1,neg_ctl0,13,neighbor_column,1,16,1.01324,1.01324,0.0,0.0,0.0,5.029945e-06,,True,False
ff,27,neg,neg_rep1,neg_ctl0,13,neighbor_column,1,64,1.01055,1.01055,0.0,0.0,0.0,5.029945e-06,,True,False
ff,27,neg,neg_rep1,neg_ctl0,13,neighbor_column,1,147,1.00592,1.00592,0.0,0.0,0.0,5.029945e-06,,True,False
ff,27,neg,neg_rep1,neg_ctl0,20,neighbor_column,0,1,0.00759165,0.00759165,0.0,0.0,0.0,5.029945e-06,,True,False
ff,27,neg,neg_rep1,neg_ctl0,20,neighbor_column,0,4,0.00758925,0.00758925,0.0,0.0,0.0,5.029945e-06,,True,False
ff,27,neg,neg_rep1,neg_ctl0,20,neighbor_column,0,16,0.00757962,0.00757962,0.0,0.0,0.0,5.029945e-06,,True,False
ff,27,neg,neg_rep1,neg_ctl0,20,neighbor_column,0,64,0.00754125,0.00754125,0.0,0.0,0.0,5.029945e-06,,True,False
ff,27,neg,neg_rep1,neg_ctl0,20,neighbor_column,0,147,0.00747531,0.00747531,0.0,0.0,0.0,5.029945e-06,,True,False
ff,27,neg,neg_rep1,neg_ctl0,21,shared_wbl_column,0,1,0.0109513,0.0108996,5.170000000000001e-05,5.744444444444445e-05,5.778847922222223e-10,5.029656057603888e-06,2.780003466354695e-08,True,False
ff,27,neg,neg_rep1,neg_ctl0,21,shared_wbl_column,0,4,0.0111016,0.0108963,0.00020530000000000027,0.0002281111111111114,2.2947726855555583e-09,5.028797613657222e-06,1.1039356124615465e-07,True,False
ff,27,neg,neg_rep1,neg_ctl0,21,shared_wbl_column,0,16,0.0116965,0.0108829,0.0008136000000000011,0.0009040000000000013,9.094140560000013e-09,5.02539792972e-06,4.3748758611725e-07,True,False
ff,27,neg,neg_rep1,neg_ctl0,21,shared_wbl_column,0,64,0.0139829,0.0108295,0.003153399999999999,0.0035037777777777767,3.524761902888887e-08,5.012321190485555e-06,1.6956407989947564e-06,False,False
ff,27,neg,neg_rep1,neg_ctl0,21,shared_wbl_column,0,147,0.017603,0.0107378,0.0068652,0.007628,7.673684092e-08,4.99157657954e-06,3.691543481086702e-06,False,False
ff,27,neg,neg_rep1,neg_ctl0,22,neighbor_column,0,1,0.0108996,0.0108996,0.0,0.0,0.0,5.029945e-06,,True,False
ff,27,neg,neg_rep1,neg_ctl0,22,neighbor_column,0,4,0.0108963,0.0108963,0.0,0.0,0.0,5.029945e-06,,True,False
ff,27,neg,neg_rep1,neg_ctl0,22,neighbor_column,0,16,0.0108829,0.0108829,0.0,0.0,0.0,5.029945e-06,,True,False
ff,27,neg,neg_rep1,neg_ctl0,22,neighbor_column,0,64,0.0108295,0.0108295,0.0,0.0,0.0,5.029945e-06,,True,False
ff,27,neg,neg_rep1,neg_ctl0,22,neighbor_column,0,147,0.0107378,0.0107378,0.0,0.0,0.0,5.029945e-06,,True,False
ff,27,neg,neg_rep1,neg_ctl0,23,neighbor_column,0,1,0.0109081,0.0109081,0.0,0.0,0.0,5.029945e-06,,True,False
ff,27,neg,neg_rep1,neg_ctl0,23,neighbor_column,0,4,0.0109048,0.0109048,0.0,0.0,0.0,5.029945e-06,,True,False
ff,27,neg,neg_rep1,neg_ctl0,23,neighbor_column,0,16,0.0108914,0.0108914,0.0,0.0,0.0,5.029945e-06,,True,False
ff,27,neg,neg_rep1,neg_ctl0,23,neighbor_column,0,64,0.0108379,0.0108379,0.0,0.0,0.0,5.029945e-06,,True,False
ff,27,neg,neg_rep1,neg_ctl0,23,neighbor_column,0,147,0.0107461,0.0107461,0.0,0.0,0.0,5.029945e-06,,True,False
ff,27,neg,neg_rep1,neg_ctl0,30,neighbor_column,1,1,1.00443,1.00443,0.0,0.0,0.0,5.029945e-06,,True,False
ff,27,neg,neg_rep1,neg_ctl0,30,neighbor_column,1,4,1.00427,1.00427,0.0,0.0,0.0,5.029945e-06,,True,False
ff,27,neg,neg_rep1,neg_ctl0,30,neighbor_column,1,16,1.0036,1.0036,0.0,0.0,0.0,5.029945e-06,,True,False
ff,27,neg,neg_rep1,neg_ctl0,30,neighbor_column,1,64,1.00093,1.00093,0.0,0.0,0.0,5.029945e-06,,True,False
ff,27,neg,neg_rep1,neg_ctl0,30,neighbor_column,1,147,0.99635,0.99635,0.0,0.0,0.0,5.029945e-06,,True,False
ff,27,neg,neg_rep1,neg_ctl0,31,shared_wbl_column,1,1,1.00876,1.00872,-4.0000000000040004e-05,-4.444444444448889e-05,-4.4710622222266934e-10,5.030168553111111e-06,,True,False
ff,27,neg,neg_rep1,neg_ctl0,31,shared_wbl_column,1,4,1.0087,1.00855,-0.00014999999999987246,-0.00016666666666652496,-1.6766483333319077e-09,5.030783324166665e-06,,True,False
ff,27,neg,neg_rep1,neg_ctl0,31,shared_wbl_column,1,16,1.00847,1.00788,-0.0005899999999998684,-0.0006555555555554093,-6.594816777776306e-09,5.033242408388888e-06,,True,False
ff,27,neg,neg_rep1,neg_ctl0,31,shared_wbl_column,1,64,1.00764,1.0052,-0.0024399999999999977,-0.0027111111111111086,-2.727347955555553e-08,5.043581739777777e-06,,False,False
ff,27,neg,neg_rep1,neg_ctl0,31,shared_wbl_column,1,147,1.00627,1.00059,-0.005679999999999907,-0.006311111111111008,-6.348908355555451e-08,5.061689541777776e-06,,False,False
ff,27,neg,neg_rep1,neg_ctl0,32,neighbor_column,1,1,1.00872,1.00872,0.0,0.0,0.0,5.029945e-06,,True,False
ff,27,neg,neg_rep1,neg_ctl0,32,neighbor_column,1,4,1.00855,1.00855,0.0,0.0,0.0,5.029945e-06,,True,False
ff,27,neg,neg_rep1,neg_ctl0,32,neighbor_column,1,16,1.00788,1.00788,0.0,0.0,0.0,5.029945e-06,,True,False
ff,27,neg,neg_rep1,neg_ctl0,32,neighbor_column,1,64,1.0052,1.0052,0.0,0.0,0.0,5.029945e-06,,True,False
ff,27,neg,neg_rep1,neg_ctl0,32,neighbor_column,1,147,1.00059,1.00059,0.0,0.0,0.0,5.029945e-06,,True,False
ff,27,neg,neg_rep1,neg_ctl0,33,neighbor_column,1,1,1.00873,1.00873,0.0,0.0,0.0,5.029945e-06,,True,False
ff,27,neg,neg_rep1,neg_ctl0,33,neighbor_column,1,4,1.00856,1.00856,0.0,0.0,0.0,5.029945e-06,,True,False
ff,27,neg,neg_rep1,neg_ctl0,33,neighbor_column,1,16,1.00789,1.00789,0.0,0.0,0.0,5.029945e-06,,True,False
ff,27,neg,neg_rep1,neg_ctl0,33,neighbor_column,1,64,1.0052,1.0052,0.0,0.0,0.0,5.029945e-06,,True,False
ff,27,neg,neg_rep1,neg_ctl0,33,neighbor_column,1,147,1.00059,1.00059,0.0,0.0,0.0,5.029945e-06,,True,False
ff,27,neg,neg_rep0,neg_ctl1,00,half_selected_row0,1,1,1.01169,1.01165,-4.0000000000040004e-05,-4.444444444448889e-05,-4.4710622222266934e-10,5.030168553111111e-06,,True,False
ff,27,neg,neg_rep0,neg_ctl1,00,half_selected_row0,1,4,1.01182,1.01165,-0.00017000000000000348,-0.00018888888888889276,-1.900201444444483e-09,5.030895100722222e-06,,True,False
ff,27,neg,neg_rep0,neg_ctl1,00,half_selected_row0,1,16,1.01233,1.01165,-0.0006800000000000139,-0.000755555555555571,-7.600805777777932e-09,5.033745402888889e-06,,True,False
ff,27,neg,neg_rep0,neg_ctl1,00,half_selected_row0,1,64,1.01426,1.01164,-0.0026199999999998447,-0.0029111111111109387,-2.928545755555382e-08,5.0445877287777765e-06,,False,False
ff,27,neg,neg_rep0,neg_ctl1,00,half_selected_row0,1,147,1.01731,1.01164,-0.005669999999999842,-0.006299999999999824,-6.337730699999823e-08,5.061633653499998e-06,,False,False
ff,27,neg,neg_rep0,neg_ctl1,01,target_cell,1,1,-0.219847,1.01591,1.235757,1.3730633333333333,1.3812866096366665e-05,-1.876488048183333e-06,0.04707826360706068,False,
ff,27,neg,neg_rep0,neg_ctl1,01,target_cell,1,4,-0.218208,1.01591,1.234118,1.3712422222222223,1.379454591891111e-05,-1.8673279594555555e-06,0.04701582311588647,False,
ff,27,neg,neg_rep0,neg_ctl1,01,target_cell,1,16,-0.221919,1.01591,1.237829,1.3753655555555555,1.3836026198677777e-05,-1.8880680993388885e-06,0.04715719996930167,False,
ff,27,neg,neg_rep0,neg_ctl1,01,target_cell,1,64,-0.225281,1.01591,1.2411910000000002,1.3791011111111113,1.3873605476655557e-05,-1.9068577383277788e-06,0.04728528107444365,False,
ff,27,neg,neg_rep0,neg_ctl1,01,target_cell,1,147,-0.221366,1.0159,1.237266,1.3747399999999999,1.3829733178599998e-05,-1.8849215892999992e-06,0.04713575152724487,False,
ff,27,neg,neg_rep0,neg_ctl1,02,half_selected_row0,1,1,1.01595,1.01591,-3.999999999981796e-05,-4.4444444444242175e-05,-4.471062222201874e-10,5.03016855311111e-06,,True,False
ff,27,neg,neg_rep0,neg_ctl1,02,half_selected_row0,1,4,1.01607,1.01591,-0.00015999999999993797,-0.00017777777777770886,-1.7884248888881954e-09,5.030839212444443e-06,,True,False
ff,27,neg,neg_rep0,neg_ctl1,02,half_selected_row0,1,16,1.01655,1.01591,-0.0006399999999999739,-0.0007111111111110821,-7.153699555555263e-09,5.033521849777777e-06,,True,False
ff,27,neg,neg_rep0,neg_ctl1,02,half_selected_row0,1,64,1.01837,1.01591,-0.0024599999999999067,-0.0027333333333332296,-2.749703266666562e-08,5.043693516333332e-06,,False,False
ff,27,neg,neg_rep0,neg_ctl1,02,half_selected_row0,1,147,1.02127,1.0159,-0.005369999999999875,-0.005966666666666527,-6.002401033333193e-08,5.059957005166665e-06,,False,False
ff,27,neg,neg_rep0,neg_ctl1,03,half_selected_row0,1,1,1.01597,1.01593,-4.0000000000040004e-05,-4.444444444448889e-05,-4.4710622222266934e-10,5.030168553111111e-06,,True,False
ff,27,neg,neg_rep0,neg_ctl1,03,half_selected_row0,1,4,1.01609,1.01593,-0.00015999999999993797,-0.00017777777777770886,-1.7884248888881954e-09,5.030839212444443e-06,,True,False
ff,27,neg,neg_rep0,neg_ctl1,03,half_selected_row0,1,16,1.01658,1.01593,-0.0006500000000000394,-0.000722222222222266,-7.265476111111551e-09,5.033577738055556e-06,,True,False
ff,27,neg,neg_rep0,neg_ctl1,03,half_selected_row0,1,64,1.01843,1.01592,-0.0025100000000000122,-0.0027888888888889024,-2.805591544444458e-08,5.043972957722222e-06,,False,False
ff,27,neg,neg_rep0,neg_ctl1,03,half_selected_row0,1,147,1.02137,1.01592,-0.005449999999999955,-0.006055555555555505,-6.091822277777727e-08,5.060404111388888e-06,,False,False
ff,27,neg,neg_rep0,neg_ctl1,10,neighbor_column,1,1,1.01464,1.01464,0.0,0.0,0.0,5.029945e-06,,True,False
ff,27,neg,neg_rep0,neg_ctl1,10,neighbor_column,1,4,1.01464,1.01464,0.0,0.0,0.0,5.029945e-06,,True,False
ff,27,neg,neg_rep0,neg_ctl1,10,neighbor_column,1,16,1.01464,1.01464,0.0,0.0,0.0,5.029945e-06,,True,False
ff,27,neg,neg_rep0,neg_ctl1,10,neighbor_column,1,64,1.01463,1.01463,0.0,0.0,0.0,5.029945e-06,,True,False
ff,27,neg,neg_rep0,neg_ctl1,10,neighbor_column,1,147,1.01463,1.01463,0.0,0.0,0.0,5.029945e-06,,True,False
ff,27,neg,neg_rep0,neg_ctl1,11,shared_wbl_column,1,1,1.01886,1.01889,2.999999999997449e-05,3.333333333330499e-05,3.3532966666638153e-10,5.029777335166667e-06,1.8272392638021045e-08,True,False
ff,27,neg,neg_rep0,neg_ctl1,11,shared_wbl_column,1,4,1.01874,1.01889,0.0001500000000000945,0.00016666666666677167,1.6766483333343895e-09,5.029106675833333e-06,9.136196319024047e-08,True,False
ff,27,neg,neg_rep0,neg_ctl1,11,shared_wbl_column,1,16,1.01826,1.01889,0.0006300000000001305,0.000700000000000145,7.041923000001458e-09,5.026424038499999e-06,3.837202453988477e-07,True,False
ff,27,neg,neg_rep0,neg_ctl1,11,shared_wbl_column,1,64,1.01636,1.01889,0.0025300000000001432,0.00281111111111127,2.8279468555557152e-08,5.015805265722221e-06,1.5409717791411724e-06,False,False
ff,27,neg,neg_rep0,neg_ctl1,11,shared_wbl_column,1,147,1.01308,1.01889,0.005810000000000093,0.006455555555555659,6.494217877777882e-08,4.99747391061111e-06,3.5387533742331415e-06,False,False
ff,27,neg,neg_rep0,neg_ctl1,12,neighbor_column,1,1,1.01889,1.01889,0.0,0.0,0.0,5.029945e-06,,True,False
ff,27,neg,neg_rep0,neg_ctl1,12,neighbor_column,1,4,1.01889,1.01889,0.0,0.0,0.0,5.029945e-06,,True,False
ff,27,neg,neg_rep0,neg_ctl1,12,neighbor_column,1,16,1.01889,1.01889,0.0,0.0,0.0,5.029945e-06,,True,False
ff,27,neg,neg_rep0,neg_ctl1,12,neighbor_column,1,64,1.01889,1.01889,0.0,0.0,0.0,5.029945e-06,,True,False
ff,27,neg,neg_rep0,neg_ctl1,12,neighbor_column,1,147,1.01889,1.01889,0.0,0.0,0.0,5.029945e-06,,True,False
ff,27,neg,neg_rep0,neg_ctl1,13,neighbor_column,1,1,1.01891,1.01891,0.0,0.0,0.0,5.029945e-06,,True,False
ff,27,neg,neg_rep0,neg_ctl1,13,neighbor_column,1,4,1.01891,1.01891,0.0,0.0,0.0,5.029945e-06,,True,False
ff,27,neg,neg_rep0,neg_ctl1,13,neighbor_column,1,16,1.01891,1.01891,0.0,0.0,0.0,5.029945e-06,,True,False
ff,27,neg,neg_rep0,neg_ctl1,13,neighbor_column,1,64,1.01891,1.01891,0.0,0.0,0.0,5.029945e-06,,True,False
ff,27,neg,neg_rep0,neg_ctl1,13,neighbor_column,1,147,1.01891,1.01891,0.0,0.0,0.0,5.029945e-06,,True,False
ff,27,neg,neg_rep0,neg_ctl1,20,neighbor_column,0,1,0.0115033,0.0115033,0.0,0.0,0.0,5.029945e-06,,True,False
ff,27,neg,neg_rep0,neg_ctl1,20,neighbor_column,0,4,0.0117437,0.0117437,0.0,0.0,0.0,5.029945e-06,,True,False
ff,27,neg,neg_rep0,neg_ctl1,20,neighbor_column,0,16,0.0126886,0.0126886,0.0,0.0,0.0,5.029945e-06,,True,False
ff,27,neg,neg_rep0,neg_ctl1,20,neighbor_column,0,64,0.0162225,0.0162225,0.0,0.0,0.0,5.029945e-06,,True,False
ff,27,neg,neg_rep0,neg_ctl1,20,neighbor_column,0,147,0.0215712,0.0215712,0.0,0.0,0.0,5.029945e-06,,True,False
ff,27,neg,neg_rep0,neg_ctl1,21,shared_wbl_column,0,1,0.0147709,0.0148233,-5.239999999999932e-05,-5.8222222222221465e-05,-5.857091511111035e-10,5.0302378545755555e-06,,True,False
ff,27,neg,neg_rep0,neg_ctl1,21,shared_wbl_column,0,4,0.014832,0.015041,-0.00020900000000000085,-0.00023222222222222315,-2.3361300111111204e-09,5.031113065005555e-06,,True,False
ff,27,neg,neg_rep0,neg_ctl1,21,shared_wbl_column,0,16,0.0150751,0.0158979,-0.0008228000000000003,-0.0009142222222222225,-9.196974991111114e-09,5.0345434874955555e-06,,True,False
ff,27,neg,neg_rep0,neg_ctl1,21,shared_wbl_column,0,64,0.0160337,0.0191219,-0.0030881999999999993,-0.0034313333333333322,-3.4518835886666654e-08,5.047204417943333e-06,,False,False
ff,27,neg,neg_rep0,neg_ctl1,21,shared_wbl_column,0,147,0.0176203,0.0240549,-0.006434600000000002,-0.007149555555555557,-7.192374243777779e-08,5.065906871218889e-06,,False,False
ff,27,neg,neg_rep0,neg_ctl1,22,neighbor_column,0,1,0.0148233,0.0148233,0.0,0.0,0.0,5.029945e-06,,True,False
ff,27,neg,neg_rep0,neg_ctl1,22,neighbor_column,0,4,0.015041,0.015041,0.0,0.0,0.0,5.029945e-06,,True,False
ff,27,neg,neg_rep0,neg_ctl1,22,neighbor_column,0,16,0.0158979,0.0158979,0.0,0.0,0.0,5.029945e-06,,True,False
ff,27,neg,neg_rep0,neg_ctl1,22,neighbor_column,0,64,0.0191219,0.0191219,0.0,0.0,0.0,5.029945e-06,,True,False
ff,27,neg,neg_rep0,neg_ctl1,22,neighbor_column,0,147,0.0240549,0.0240549,0.0,0.0,0.0,5.029945e-06,,True,False
ff,27,neg,neg_rep0,neg_ctl1,23,neighbor_column,0,1,0.014835,0.014835,0.0,0.0,0.0,5.029945e-06,,True,False
ff,27,neg,neg_rep0,neg_ctl1,23,neighbor_column,0,4,0.0150528,0.0150528,0.0,0.0,0.0,5.029945e-06,,True,False
ff,27,neg,neg_rep0,neg_ctl1,23,neighbor_column,0,16,0.0159101,0.0159101,0.0,0.0,0.0,5.029945e-06,,True,False
ff,27,neg,neg_rep0,neg_ctl1,23,neighbor_column,0,64,0.0191354,0.0191354,0.0,0.0,0.0,5.029945e-06,,True,False
ff,27,neg,neg_rep0,neg_ctl1,23,neighbor_column,0,147,0.0240701,0.0240701,0.0,0.0,0.0,5.029945e-06,,True,False
ff,27,neg,neg_rep0,neg_ctl1,30,neighbor_column,1,1,1.00928,1.00928,0.0,0.0,0.0,5.029945e-06,,True,False
ff,27,neg,neg_rep0,neg_ctl1,30,neighbor_column,1,4,1.00928,1.00928,0.0,0.0,0.0,5.029945e-06,,True,False
ff,27,neg,neg_rep0,neg_ctl1,30,neighbor_column,1,16,1.00928,1.00928,0.0,0.0,0.0,5.029945e-06,,True,False
ff,27,neg,neg_rep0,neg_ctl1,30,neighbor_column,1,64,1.00928,1.00928,0.0,0.0,0.0,5.029945e-06,,True,False
ff,27,neg,neg_rep0,neg_ctl1,30,neighbor_column,1,147,1.00928,1.00928,0.0,0.0,0.0,5.029945e-06,,True,False
ff,27,neg,neg_rep0,neg_ctl1,31,shared_wbl_column,1,1,1.01353,1.01357,4.0000000000040004e-05,4.444444444448889e-05,4.4710622222266934e-10,5.029721446888889e-06,2.4423124231266828e-08,True,False
ff,27,neg,neg_rep0,neg_ctl1,31,shared_wbl_column,1,4,1.01341,1.01357,0.00016000000000016001,0.00017777777777795557,1.7884248888906774e-09,5.029050787555555e-06,9.769249692506731e-08,True,False
ff,27,neg,neg_rep0,neg_ctl1,31,shared_wbl_column,1,16,1.01294,1.01357,0.0006300000000001305,0.000700000000000145,7.041923000001458e-09,5.026424038499999e-06,3.846642066421475e-07,True,False
ff,27,neg,neg_rep0,neg_ctl1,31,shared_wbl_column,1,64,1.01104,1.01357,0.0025300000000001432,0.00281111111111127,2.8279468555557152e-08,5.015805265722221e-06,1.5447626076261695e-06,False,False
ff,27,neg,neg_rep0,neg_ctl1,31,shared_wbl_column,1,147,1.00777,1.01356,0.005789999999999962,0.006433333333333291,6.471862566666623e-08,4.997585687166667e-06,3.5352472324723147e-06,False,False
ff,27,neg,neg_rep0,neg_ctl1,32,neighbor_column,1,1,1.01357,1.01357,0.0,0.0,0.0,5.029945e-06,,True,False
ff,27,neg,neg_rep0,neg_ctl1,32,neighbor_column,1,4,1.01357,1.01357,0.0,0.0,0.0,5.029945e-06,,True,False
ff,27,neg,neg_rep0,neg_ctl1,32,neighbor_column,1,16,1.01357,1.01357,0.0,0.0,0.0,5.029945e-06,,True,False
ff,27,neg,neg_rep0,neg_ctl1,32,neighbor_column,1,64,1.01357,1.01357,0.0,0.0,0.0,5.029945e-06,,True,False
ff,27,neg,neg_rep0,neg_ctl1,32,neighbor_column,1,147,1.01356,1.01356,0.0,0.0,0.0,5.029945e-06,,True,False
ff,27,neg,neg_rep0,neg_ctl1,33,neighbor_column,1,1,1.01358,1.01358,0.0,0.0,0.0,5.029945e-06,,True,False
ff,27,neg,neg_rep0,neg_ctl1,33,neighbor_column,1,4,1.01358,1.01358,0.0,0.0,0.0,5.029945e-06,,True,False
ff,27,neg,neg_rep0,neg_ctl1,33,neighbor_column,1,16,1.01358,1.01358,0.0,0.0,0.0,5.029945e-06,,True,False
ff,27,neg,neg_rep0,neg_ctl1,33,neighbor_column,1,64,1.01358,1.01358,0.0,0.0,0.0,5.029945e-06,,True,False
ff,27,neg,neg_rep0,neg_ctl1,33,neighbor_column,1,147,1.01358,1.01358,0.0,0.0,0.0,5.029945e-06,,True,False
ff,125,std,rep1,ctl0,00,half_selected_row0,0,1,-0.127022,0.0204512,-0.1474732,-0.1638591111111111,-1.6484046332755552e-06,5.854147316637777e-06,,False,False
ff,125,std,rep1,ctl0,00,half_selected_row0,0,4,-0.131413,0.0199701,-0.1513831,-0.16820344444444443,-1.692108148732222e-06,5.8759990743661105e-06,,False,False
ff,125,std,rep1,ctl0,00,half_selected_row0,0,16,-0.132174,0.0181377,-0.15031170000000002,-0.16701300000000002,-1.68013240857e-06,5.870011204285e-06,,False,False
ff,125,std,rep1,ctl0,00,half_selected_row0,0,64,-0.127844,0.0121626,-0.1400066,-0.1555628888888889,-1.5649455503044443e-06,5.812417775152222e-06,,False,False
ff,125,std,rep1,ctl0,00,half_selected_row0,0,147,-0.12764,0.00585562,-0.13349562,-0.1483284666666667,-1.4921680585353333e-06,5.776029029267666e-06,,False,False
ff,125,std,rep1,ctl0,01,target_cell,0,1,1.13887,0.0332549,1.1056151,1.2284612222222222,1.235818476482111e-05,-1.1491473824105555e-06,0.0001267206962918496,False,
ff,125,std,rep1,ctl0,01,target_cell,0,4,1.19568,0.0325628,1.1631172,1.2923524444444445,1.3000923432342222e-05,-1.4705167161711115e-06,0.00013331133181251458,False,
ff,125,std,rep1,ctl0,01,target_cell,0,16,1.24815,0.0298952,1.2182548000000002,1.3536164444444447,1.3617232533302225e-05,-1.7786712666511125e-06,0.00013963095883629662,False,
ff,125,std,rep1,ctl0,01,target_cell,0,64,1.28937,0.0208153,1.2685547,1.4095052222222222,1.417946748998111e-05,-2.059788744990555e-06,0.00014539611015469881,False,
ff,125,std,rep1,ctl0,01,target_cell,0,147,1.3024,0.0104743,1.2919257,1.435473,1.444070047797e-05,-2.1904052389849998e-06,0.00014807479045947833,False,
ff,125,std,rep1,ctl0,02,half_selected_row0,0,1,-0.126632,0.0332549,-0.1598869,-0.1776521111111111,-1.7871606960455553e-06,5.923525348022778e-06,,False,False
ff,125,std,rep1,ctl0,02,half_selected_row0,0,4,-0.130956,0.0325628,-0.1635188,-0.18168755555555555,-1.8277568232577776e-06,5.943823411628888e-06,,False,False
ff,125,std,rep1,ctl0,02,half_selected_row0,0,16,-0.131754,0.0298952,-0.16164920000000002,-0.17961022222222225,-1.8068590784311114e-06,5.933374539215555e-06,,False,False
ff,125,std,rep1,ctl0,02,half_selected_row0,0,64,-0.127417,0.0208153,-0.1482323,-0.16470255555555557,-1.656889591607778e-06,5.858389795803888e-06,,False,False
ff,125,std,rep1,ctl0,02,half_selected_row0,0,147,-0.127217,0.0104743,-0.1376913,-0.1529903333333333,-1.5390659243966664e-06,5.799477962198333e-06,,False,False
ff,125,std,rep1,ctl0,03,half_selected_row0,0,1,-0.123594,0.0333562,-0.15695019999999998,-0.17438911111111108,-1.754335274975555e-06,5.907112637487777e-06,,False,False
ff,125,std,rep1,ctl0,03,half_selected_row0,0,4,-0.127908,0.0326605,-0.1605685,-0.17840944444444445,-1.7947793860722222e-06,5.92733469303611e-06,,False,False
ff,125,std,rep1,ctl0,03,half_selected_row0,0,16,-0.128697,0.0299792,-0.15867620000000002,-0.1763068888888889,-1.7736279084644445e-06,5.916758954232222e-06,,False,False
ff,125,std,rep1,ctl0,03,half_selected_row0,0,64,-0.12438,0.020855,-0.145235,-0.16137222222222222,-1.623386804611111e-06,5.8416384023055556e-06,,False,False
ff,125,std,rep1,ctl0,03,half_selected_row0,0,147,-0.124181,0.0104736,-0.1346546,-0.14961622222222223,-1.505122737771111e-06,5.782506368885555e-06,,False,False
ff,125,std,rep1,ctl0,10,neighbor_column,1,1,1.03237,1.03237,0.0,0.0,0.0,5.029945e-06,,True,False
ff,125,std,rep1,ctl0,10,neighbor_column,1,4,1.02871,1.02871,0.0,0.0,0.0,5.029945e-06,,True,False
ff,125,std,rep1,ctl0,10,neighbor_column,1,16,1.01421,1.01421,0.0,0.0,0.0,5.029945e-06,,True,False
ff,125,std,rep1,ctl0,10,neighbor_column,1,64,0.957955,0.957955,0.0,0.0,0.0,5.029945e-06,,True,False
ff,125,std,rep1,ctl0,10,neighbor_column,1,147,0.866938,0.866938,0.0,0.0,0.0,5.029945e-06,,True,False
ff,125,std,rep1,ctl0,11,shared_wbl_column,1,1,1.04749,1.04683,-0.000660000000000105,-0.0007333333333334499,-7.377252666667839e-09,5.033633626333334e-06,,True,False
ff,125,std,rep1,ctl0,11,shared_wbl_column,1,4,1.04579,1.04314,-0.002650000000000041,-0.00294444444444449,-2.9620787222222676e-08,5.04475539361111e-06,,False,False
ff,125,std,rep1,ctl0,11,shared_wbl_column,1,16,1.039,1.0285,-0.010499999999999954,-0.011666666666666615,-1.173653833333328e-07,5.088627691666666e-06,,False,False
ff,125,std,rep1,ctl0,11,shared_wbl_column,1,64,1.01206,0.971723,-0.040336999999999956,-0.04481888888888884,-4.508730921444439e-07,5.255381546072221e-06,,False,False
ff,125,std,rep1,ctl0,11,shared_wbl_column,1,147,0.966438,0.879864,-0.08657400000000004,-0.09619333333333338,-9.676943520666671e-07,5.513792176033333e-06,,False,False
ff,125,std,rep1,ctl0,12,neighbor_column,1,1,1.04683,1.04683,0.0,0.0,0.0,5.029945e-06,,True,False
ff,125,std,rep1,ctl0,12,neighbor_column,1,4,1.04314,1.04314,0.0,0.0,0.0,5.029945e-06,,True,False
ff,125,std,rep1,ctl0,12,neighbor_column,1,16,1.0285,1.0285,0.0,0.0,0.0,5.029945e-06,,True,False
ff,125,std,rep1,ctl0,12,neighbor_column,1,64,0.971723,0.971723,0.0,0.0,0.0,5.029945e-06,,True,False
ff,125,std,rep1,ctl0,12,neighbor_column,1,147,0.879864,0.879864,0.0,0.0,0.0,5.029945e-06,,True,False
ff,125,std,rep1,ctl0,13,neighbor_column,1,1,1.04699,1.04699,0.0,0.0,0.0,5.029945e-06,,True,False
ff,125,std,rep1,ctl0,13,neighbor_column,1,4,1.04329,1.04329,0.0,0.0,0.0,5.029945e-06,,True,False
ff,125,std,rep1,ctl0,13,neighbor_column,1,16,1.0286,1.0286,0.0,0.0,0.0,5.029945e-06,,True,False
ff,125,std,rep1,ctl0,13,neighbor_column,1,64,0.971624,0.971624,0.0,0.0,0.0,5.029945e-06,,True,False
ff,125,std,rep1,ctl0,13,neighbor_column,1,147,0.879473,0.879473,0.0,0.0,0.0,5.029945e-06,,True,False
ff,125,std,rep1,ctl0,20,neighbor_column,0,1,0.0293266,0.0293266,0.0,0.0,0.0,5.029945e-06,,True,False
ff,125,std,rep1,ctl0,20,neighbor_column,0,4,0.0286971,0.0286971,0.0,0.0,0.0,5.029945e-06,,True,False
ff,125,std,rep1,ctl0,20,neighbor_column,0,16,0.0262783,0.0262783,0.0,0.0,0.0,5.029945e-06,,True,False
ff,125,std,rep1,ctl0,20,neighbor_column,0,64,0.0181371,0.0181371,0.0,0.0,0.0,5.029945e-06,,True,False
ff,125,std,rep1,ctl0,20,neighbor_column,0,147,0.00904611,0.00904611,0.0,0.0,0.0,5.029945e-06,,True,False
ff,125,std,rep1,ctl0,21,shared_wbl_column,0,1,0.0424473,0.0421155,0.00033180000000000015,0.00036866666666666683,3.7087461133333347e-09,5.028090626943333e-06,1.0755225284053812e-07,True,False
ff,125,std,rep1,ctl0,21,shared_wbl_column,0,4,0.0426312,0.0413138,0.0013174000000000033,0.0014637777777777815,1.4725443428888926e-08,5.0225822782855554e-06,4.270323625440784e-07,False,False
ff,125,std,rep1,ctl0,21,shared_wbl_column,0,16,0.0433184,0.0382025,0.0051159,0.005684333333333333,5.718376805666666e-08,5.001353115971667e-06,1.6583079273867048e-06,False,False
ff,125,std,rep1,ctl0,21,shared_wbl_column,0,64,0.0454389,0.0273253,0.018113599999999997,0.02012622222222222,2.0246758167111106e-07,4.928711209164444e-06,5.871484288885986e-06,False,False
ff,125,std,rep1,ctl0,21,shared_wbl_column,0,147,0.0475665,0.01426,0.033306499999999996,0.03700722222222222,3.7228858476111104e-07,4.843800707619444e-06,1.0796229985634059e-05,False,False
ff,125,std,rep1,ctl0,22,neighbor_column,0,1,0.0421155,0.0421155,0.0,0.0,0.0,5.029945e-06,,True,False
ff,125,std,rep1,ctl0,22,neighbor_column,0,4,0.0413138,0.0413138,0.0,0.0,0.0,5.029945e-06,,True,False
ff,125,std,rep1,ctl0,22,neighbor_column,0,16,0.0382025,0.0382025,0.0,0.0,0.0,5.029945e-06,,True,False
ff,125,std,rep1,ctl0,22,neighbor_column,0,64,0.0273253,0.0273253,0.0,0.0,0.0,5.029945e-06,,True,False
ff,125,std,rep1,ctl0,22,neighbor_column,0,147,0.01426,0.01426,0.0,0.0,0.0,5.029945e-06,,True,False
ff,125,std,rep1,ctl0,23,neighbor_column,0,1,0.0422433,0.0422433,0.0,0.0,0.0,5.029945e-06,,True,False
ff,125,std,rep1,ctl0,23,neighbor_column,0,4,0.0414376,0.0414376,0.0,0.0,0.0,5.029945e-06,,True,False
ff,125,std,rep1,ctl0,23,neighbor_column,0,16,0.0383111,0.0383111,0.0,0.0,0.0,5.029945e-06,,True,False
ff,125,std,rep1,ctl0,23,neighbor_column,0,64,0.0273821,0.0273821,0.0,0.0,0.0,5.029945e-06,,True,False
ff,125,std,rep1,ctl0,23,neighbor_column,0,147,0.0142639,0.0142639,0.0,0.0,0.0,5.029945e-06,,True,False
ff,125,std,rep1,ctl0,30,neighbor_column,1,1,1.01418,1.01418,0.0,0.0,0.0,5.029945e-06,,True,False
ff,125,std,rep1,ctl0,30,neighbor_column,1,4,1.01051,1.01051,0.0,0.0,0.0,5.029945e-06,,True,False
ff,125,std,rep1,ctl0,30,neighbor_column,1,16,0.995933,0.995933,0.0,0.0,0.0,5.029945e-06,,True,False
ff,125,std,rep1,ctl0,30,neighbor_column,1,64,0.939432,0.939432,0.0,0.0,0.0,5.029945e-06,,True,False
ff,125,std,rep1,ctl0,30,neighbor_column,1,147,0.848103,0.848103,0.0,0.0,0.0,5.029945e-06,,True,False
ff,125,std,rep1,ctl0,31,shared_wbl_column,1,1,1.02966,1.02899,-0.0006699999999999484,-0.0007444444444443871,-7.489029222221646e-09,5.033689514611111e-06,,True,False
ff,125,std,rep1,ctl0,31,shared_wbl_column,1,4,1.02794,1.02529,-0.002650000000000041,-0.00294444444444449,-2.9620787222222676e-08,5.04475539361111e-06,,False,False
ff,125,std,rep1,ctl0,31,shared_wbl_column,1,16,1.02107,1.01057,-0.010499999999999954,-0.011666666666666615,-1.173653833333328e-07,5.088627691666666e-06,,False,False
ff,125,std,rep1,ctl0,31,shared_wbl_column,1,64,0.993858,0.953516,-0.04034199999999999,-0.04482444444444443,-4.5092898042222203e-07,5.25540949021111e-06,,False,False
ff,125,std,rep1,ctl0,31,shared_wbl_column,1,147,0.94777,0.86131,-0.08645999999999998,-0.09606666666666665,-9.66420099333333e-07,5.5131550496666665e-06,,False,False
ff,125,std,rep1,ctl0,32,neighbor_column,1,1,1.02899,1.02899,0.0,0.0,0.0,5.029945e-06,,True,False
ff,125,std,rep1,ctl0,32,neighbor_column,1,4,1.02529,1.02529,0.0,0.0,0.0,5.029945e-06,,True,False
ff,125,std,rep1,ctl0,32,neighbor_column,1,16,1.01057,1.01057,0.0,0.0,0.0,5.029945e-06,,True,False
ff,125,std,rep1,ctl0,32,neighbor_column,1,64,0.953516,0.953516,0.0,0.0,0.0,5.029945e-06,,True,False
ff,125,std,rep1,ctl0,32,neighbor_column,1,147,0.86131,0.86131,0.0,0.0,0.0,5.029945e-06,,True,False
ff,125,std,rep1,ctl0,33,neighbor_column,1,1,1.0291,1.0291,0.0,0.0,0.0,5.029945e-06,,True,False
ff,125,std,rep1,ctl0,33,neighbor_column,1,4,1.02537,1.02537,0.0,0.0,0.0,5.029945e-06,,True,False
ff,125,std,rep1,ctl0,33,neighbor_column,1,16,1.0106,1.0106,0.0,0.0,0.0,5.029945e-06,,True,False
ff,125,std,rep1,ctl0,33,neighbor_column,1,64,0.953356,0.953356,0.0,0.0,0.0,5.029945e-06,,True,False
ff,125,std,rep1,ctl0,33,neighbor_column,1,147,0.860856,0.860856,0.0,0.0,0.0,5.029945e-06,,True,False
ff,125,std,rep0,ctl1,00,half_selected_row0,1,1,1.15694,1.03985,-0.11709000000000014,-0.13010000000000016,-1.3087916890000016e-06,5.6843408445000005e-06,,False,False
ff,125,std,rep0,ctl1,00,half_selected_row0,1,4,1.21183,1.03895,-0.17287999999999992,-0.1920888888888888,-1.9323930924444435e-06,5.9961415462222214e-06,,False,False
ff,125,std,rep0,ctl1,00,half_selected_row0,1,16,1.26559,1.03537,-0.2302200000000001,-0.2558000000000001,-2.5733198620000007e-06,6.316604931e-06,,False,False
ff,125,std,rep0,ctl1,00,half_selected_row0,1,64,1.31365,1.02106,-0.2925899999999999,-0.3250999999999999,-3.2704702389999987e-06,6.665180119499999e-06,,False,False
ff,125,std,rep0,ctl1,00,half_selected_row0,1,147,1.33551,0.996324,-0.339186,-0.3768733333333333,-3.791304277266666e-06,6.925597138633332e-06,,False,False
ff,125,std,rep0,ctl1,01,target_cell,1,1,-0.109062,1.05434,1.163402,1.2926688888888889,1.3004106828644444e-05,-1.472108414322222e-06,0.00025351077355293544,False,
ff,125,std,rep0,ctl1,01,target_cell,1,4,-0.113044,1.05345,1.166494,1.2961044444444443,1.303866813962222e-05,-1.4893890698111102e-06,0.0002541845349112842,False,
ff,125,std,rep0,ctl1,01,target_cell,1,16,-0.113775,1.04988,1.1636549999999999,1.2929499999999998,1.3006934775499997e-05,-1.473522387749999e-06,0.00025356590344415865,False,
ff,125,std,rep0,ctl1,01,target_cell,1,64,-0.109787,1.03564,1.145427,1.2726966666666666,1.2803188470033331e-05,-1.3716492350166661e-06,0.00024959393641958515,False,
ff,125,std,rep0,ctl1,01,target_cell,1,147,-0.109603,1.01103,1.1206330000000002,1.245147777777778,1.252604967818889e-05,-1.2330798390944454e-06,0.00024419120707970825,False,
ff,125,std,rep0,ctl1,02,half_selected_row0,1,1,1.15882,1.05434,-0.1044799999999999,-0.11608888888888878,-1.1678414524444434e-06,5.613865726222221e-06,,False,False
ff,125,std,rep0,ctl1,02,half_selected_row0,1,4,1.21295,1.05345,-0.15949999999999998,-0.1772222222222222,-1.7828360611111108e-06,5.921363030555555e-06,,False,False
ff,125,std,rep0,ctl1,02,half_selected_row0,1,16,1.26652,1.04988,-0.21664000000000017,-0.2407111111111113,-2.421527299555557e-06,6.2407086497777784e-06,,False,False
ff,125,std,rep0,ctl1,02,half_selected_row0,1,64,1.31456,1.03564,-0.27892000000000006,-0.3099111111111112,-3.1176716875555563e-06,6.588780843777778e-06,,False,False
ff,125,std,rep0,ctl1,02,half_selected_row0,1,147,1.33645,1.01103,-0.3254199999999998,-0.36157777777777755,-3.6374326708888864e-06,6.848661335444443e-06,,False,False
ff,125,std,rep0,ctl1,03,half_selected_row0,1,1,1.16684,1.05452,-0.1123200000000002,-0.12480000000000022,-1.255474272000002e-06,5.6576821360000005e-06,,False,False
ff,125,std,rep0,ctl1,03,half_selected_row0,1,4,1.22145,1.05363,-0.16781999999999986,-0.1864666666666665,-1.8758341553333316e-06,5.967862077666665e-06,,False,False
ff,125,std,rep0,ctl1,03,half_selected_row0,1,16,1.27511,1.05006,-0.22504999999999997,-0.25005555555555553,-2.5155313827777774e-06,6.287710691388888e-06,,False,False
ff,125,std,rep0,ctl1,03,half_selected_row0,1,64,1.32312,1.03577,-0.28735,-0.31927777777777777,-3.2118993238888885e-06,6.635894661944444e-06,,False,False
ff,125,std,rep0,ctl1,03,half_selected_row0,1,147,1.34497,1.01107,-0.3339000000000001,-0.3710000000000001,-3.732219190000001e-06,6.896054595e-06,,False,False
ff,125,std,rep0,ctl1,10,neighbor_column,1,1,1.04975,1.04975,0.0,0.0,0.0,5.029945e-06,,True,False
ff,125,std,rep0,ctl1,10,neighbor_column,1,4,1.04886,1.04886,0.0,0.0,0.0,5.029945e-06,,True,False
ff,125,std,rep0,ctl1,10,neighbor_column,1,16,1.04532,1.04532,0.0,0.0,0.0,5.029945e-06,,True,False
ff,125,std,rep0,ctl1,10,neighbor_column,1,64,1.03117,1.03117,0.0,0.0,0.0,5.029945e-06,,True,False
ff,125,std,rep0,ctl1,10,neighbor_column,1,147,1.00671,1.00671,0.0,0.0,0.0,5.029945e-06,,True,False
ff,125,std,rep0,ctl1,11,shared_wbl_column,1,1,1.06352,1.06418,0.0006599999999998829,0.0007333333333332032,7.3772526666653575e-09,5.026256373666667e-06,1.9622198531434065e-08,True,False
ff,125,std,rep0,ctl1,11,shared_wbl_column,1,4,1.06066,1.0633,0.0026399999999999757,0.002933333333333306,2.950901066666639e-08,5.015190494666666e-06,7.848879412574947e-08,False,False
ff,125,std,rep0,ctl1,11,shared_wbl_column,1,16,1.04928,1.05977,0.01049000000000011,0.011655555555555678,1.17253606777779e-07,4.97131819661111e-06,3.118740342345182e-07,False,False
ff,125,std,rep0,ctl1,11,shared_wbl_column,1,64,1.00473,1.04565,0.04092000000000007,0.04546666666666674,4.5738966533333404e-07,4.801250167333332e-06,1.2165763089491298e-06,False,False
ff,125,std,rep0,ctl1,11,shared_wbl_column,1,147,0.931258,1.02125,0.08999199999999996,0.09999111111111106,1.005899578755555e-06,4.526995210622222e-06,2.6755165003653437e-06,False,False
ff,125,std,rep0,ctl1,12,neighbor_column,1,1,1.06418,1.06418,0.0,0.0,0.0,5.029945e-06,,True,False
ff,125,std,rep0,ctl1,12,neighbor_column,1,4,1.0633,1.0633,0.0,0.0,0.0,5.029945e-06,,True,False
ff,125,std,rep0,ctl1,12,neighbor_column,1,16,1.05977,1.05977,0.0,0.0,0.0,5.029945e-06,,True,False
ff,125,std,rep0,ctl1,12,neighbor_column,1,64,1.04565,1.04565,0.0,0.0,0.0,5.029945e-06,,True,False
ff,125,std,rep0,ctl1,12,neighbor_column,1,147,1.02125,1.02125,0.0,0.0,0.0,5.029945e-06,,True,False
ff,125,std,rep0,ctl1,13,neighbor_column,1,1,1.0644,1.0644,0.0,0.0,0.0,5.029945e-06,,True,False
ff,125,std,rep0,ctl1,13,neighbor_column,1,4,1.06352,1.06352,0.0,0.0,0.0,5.029945e-06,,True,False
ff,125,std,rep0,ctl1,13,neighbor_column,1,16,1.05997,1.05997,0.0,0.0,0.0,5.029945e-06,,True,False
ff,125,std,rep0,ctl1,13,neighbor_column,1,64,1.04581,1.04581,0.0,0.0,0.0,5.029945e-06,,True,False
ff,125,std,rep0,ctl1,13,neighbor_column,1,147,1.02132,1.02132,0.0,0.0,0.0,5.029945e-06,,True,False
ff,125,std,rep0,ctl1,20,neighbor_column,0,1,0.0446149,0.0446149,0.0,0.0,0.0,5.029945e-06,,True,False
ff,125,std,rep0,ctl1,20,neighbor_column,0,4,0.04569,0.04569,0.0,0.0,0.0,5.029945e-06,,True,False
ff,125,std,rep0,ctl1,20,neighbor_column,0,16,0.0495443,0.0495443,0.0,0.0,0.0,5.029945e-06,,True,False
ff,125,std,rep0,ctl1,20,neighbor_column,0,64,0.0601684,0.0601684,0.0,0.0,0.0,5.029945e-06,,True,False
ff,125,std,rep0,ctl1,20,neighbor_column,0,147,0.0696064,0.0696064,0.0,0.0,0.0,5.029945e-06,,True,False
ff,125,std,rep0,ctl1,21,shared_wbl_column,0,1,0.0569142,0.0572442,-0.0003300000000000039,-0.000366666666666671,-3.688626333333377e-09,5.031789313166666e-06,,True,False
ff,125,std,rep0,ctl1,21,shared_wbl_column,0,4,0.0565248,0.0578268,-0.0013019999999999976,-0.001446666666666664,-1.4553307533333306e-08,5.037221653766666e-06,,False,False
ff,125,std,rep0,ctl1,21,shared_wbl_column,0,16,0.0550377,0.0599729,-0.004935200000000001,-0.005483555555555557,-5.5163965697777783e-08,5.057526982848888e-06,,False,False
ff,125,std,rep0,ctl1,21,shared_wbl_column,0,64,0.0501331,0.0663487,-0.016215599999999997,-0.01801733333333333,-1.8125239142666662e-07,5.1205711957133326e-06,,False,False
ff,125,std,rep0,ctl1,21,shared_wbl_column,0,147,0.0448056,0.0725582,-0.027752600000000002,-0.030836222222222223,-3.102090035711111e-07,5.1850495017855555e-06,,False,False
ff,125,std,rep0,ctl1,22,neighbor_column,0,1,0.0572442,0.0572442,0.0,0.0,0.0,5.029945e-06,,True,False
ff,125,std,rep0,ctl1,22,neighbor_column,0,4,0.0578267,0.0578267,0.0,0.0,0.0,5.029945e-06,,True,False
ff,125,std,rep0,ctl1,22,neighbor_column,0,16,0.0599729,0.0599729,0.0,0.0,0.0,5.029945e-06,,True,False
ff,125,std,rep0,ctl1,22,neighbor_column,0,64,0.0663487,0.0663487,0.0,0.0,0.0,5.029945e-06,,True,False
ff,125,std,rep0,ctl1,22,neighbor_column,0,147,0.0725582,0.0725582,0.0,0.0,0.0,5.029945e-06,,True,False
ff,125,std,rep0,ctl1,23,neighbor_column,0,1,0.0574164,0.0574164,0.0,0.0,0.0,5.029945e-06,,True,False
ff,125,std,rep0,ctl1,23,neighbor_column,0,4,0.057995,0.057995,0.0,0.0,0.0,5.029945e-06,,True,False
ff,125,std,rep0,ctl1,23,neighbor_column,0,16,0.0601266,0.0601266,0.0,0.0,0.0,5.029945e-06,,True,False
ff,125,std,rep0,ctl1,23,neighbor_column,0,64,0.0664601,0.0664601,0.0,0.0,0.0,5.029945e-06,,True,False
ff,125,std,rep0,ctl1,23,neighbor_column,0,147,0.0726269,0.0726269,0.0,0.0,0.0,5.029945e-06,,True,False
ff,125,std,rep0,ctl1,30,neighbor_column,1,1,1.0319,1.0319,0.0,0.0,0.0,5.029945e-06,,True,False
ff,125,std,rep0,ctl1,30,neighbor_column,1,4,1.03099,1.03099,0.0,0.0,0.0,5.029945e-06,,True,False
ff,125,std,rep0,ctl1,30,neighbor_column,1,16,1.02738,1.02738,0.0,0.0,0.0,5.029945e-06,,True,False
ff,125,std,rep0,ctl1,30,neighbor_column,1,64,1.01294,1.01294,0.0,0.0,0.0,5.029945e-06,,True,False
ff,125,std,rep0,ctl1,30,neighbor_column,1,147,0.987989,0.987989,0.0,0.0,0.0,5.029945e-06,,True,False
ff,125,std,rep0,ctl1,31,shared_wbl_column,1,1,1.04602,1.04668,0.000660000000000105,0.0007333333333334499,7.377252666667839e-09,5.026256373666665e-06,1.953864503817104e-08,True,False
ff,125,std,rep0,ctl1,31,shared_wbl_column,1,4,1.04314,1.04578,0.0026399999999999757,0.002933333333333306,2.950901066666639e-08,5.015190494666666e-06,7.815458015267102e-08,False,False
ff,125,std,rep0,ctl1,31,shared_wbl_column,1,16,1.03168,1.04218,0.010500000000000176,0.011666666666666861,1.1736538333333529e-07,4.971262308333332e-06,3.1084208015267687e-07,False,False
ff,125,std,rep0,ctl1,31,shared_wbl_column,1,64,0.986843,1.02777,0.04092700000000005,0.0454744444444445,4.5746790892222275e-07,4.801211045538888e-06,1.2116032204198484e-06,False,False
ff,125,std,rep0,ctl1,31,shared_wbl_column,1,147,0.912952,1.00288,0.08992800000000001,0.09992000000000001,1.0051842088e-06,4.5273528956e-06,2.6622291984732817e-06,False,False
ff,125,std,rep0,ctl1,32,neighbor_column,1,1,1.04668,1.04668,0.0,0.0,0.0,5.029945e-06,,True,False
ff,125,std,rep0,ctl1,32,neighbor_column,1,4,1.04578,1.04578,0.0,0.0,0.0,5.029945e-06,,True,False
ff,125,std,rep0,ctl1,32,neighbor_column,1,16,1.04218,1.04218,0.0,0.0,0.0,5.029945e-06,,True,False
ff,125,std,rep0,ctl1,32,neighbor_column,1,64,1.02777,1.02777,0.0,0.0,0.0,5.029945e-06,,True,False
ff,125,std,rep0,ctl1,32,neighbor_column,1,147,1.00288,1.00288,0.0,0.0,0.0,5.029945e-06,,True,False
ff,125,std,rep0,ctl1,33,neighbor_column,1,1,1.04684,1.04684,0.0,0.0,0.0,5.029945e-06,,True,False
ff,125,std,rep0,ctl1,33,neighbor_column,1,4,1.04594,1.04594,0.0,0.0,0.0,5.029945e-06,,True,False
ff,125,std,rep0,ctl1,33,neighbor_column,1,16,1.04232,1.04232,0.0,0.0,0.0,5.029945e-06,,True,False
ff,125,std,rep0,ctl1,33,neighbor_column,1,64,1.02787,1.02787,0.0,0.0,0.0,5.029945e-06,,True,False
ff,125,std,rep0,ctl1,33,neighbor_column,1,147,1.00289,1.00289,0.0,0.0,0.0,5.029945e-06,,True,False
ff,125,neg,neg_rep1,neg_ctl0,00,half_selected_row0,0,1,-0.194776,0.00463312,-0.19940912,-0.2215656888888889,-2.228926457996444e-06,6.144408228998221e-06,,False,False
ff,125,neg,neg_rep1,neg_ctl0,00,half_selected_row0,0,4,-0.198402,0.00433979,-0.20274179,-0.22526865555555556,-2.2661778953367777e-06,6.163033947668389e-06,,False,False
ff,125,neg,neg_rep1,neg_ctl0,00,half_selected_row0,0,16,-0.197473,0.00333889,-0.20081189000000002,-0.22312432222222223,-2.244606137880111e-06,6.1522480689400546e-06,,False,False
ff,125,neg,neg_rep1,neg_ctl0,00,half_selected_row0,0,64,-0.196494,0.0011641,-0.1976581,-0.2196201111111111,-2.2093541595655552e-06,6.134622079782778e-06,,False,False
ff,125,neg,neg_rep1,neg_ctl0,00,half_selected_row0,0,147,-0.196251,0.000187189,-0.196438189,-0.21826465444444446,-2.195718414599122e-06,6.1278042072995605e-06,,False,False
ff,125,neg,neg_rep1,neg_ctl0,01,target_cell,0,1,0.917928,0.00758221,0.9103457899999999,1.011495322222222,1.0175531677070109e-05,-5.782083853505468e-08,5.819872630700485e-05,False,
ff,125,neg,neg_rep1,neg_ctl0,01,target_cell,0,4,0.971392,0.00710791,0.96428409,1.0714267666666666,1.0778435415722331e-05,-3.5927270786116626e-07,6.164702078328856e-05,False,
ff,125,neg,neg_rep1,neg_ctl0,01,target_cell,0,16,1.01313,0.00548285,1.0076471500000002,1.1196079444444447,1.1263132764237223e-05,-6.016213821186122e-07,6.441923644957316e-05,False,
ff,125,neg,neg_rep1,neg_ctl0,01,target_cell,0,64,1.02966,0.00192118,1.02773882,1.1419320222222222,1.1487710531033111e-05,-7.139102655165556e-07,6.570370397413946e-05,False,
ff,125,neg,neg_rep1,neg_ctl0,01,target_cell,0,147,1.03025,0.000309895,1.029940105,1.1443778944444445,1.1512315736542721e-05,-7.262128682713613e-07,6.584443289785835e-05,False,
ff,125,neg,neg_rep1,neg_ctl0,02,half_selected_row0,0,1,-0.194365,0.00758223,-0.20194723,-0.2243858111111111,-2.2572965773385554e-06,6.158593288669277e-06,,False,False
ff,125,neg,neg_rep1,neg_ctl0,02,half_selected_row0,0,4,-0.198172,0.00710792,-0.20527991999999998,-0.22808879999999998,-2.2945482382319994e-06,6.177219119116e-06,,False,False
ff,125,neg,neg_rep1,neg_ctl0,02,half_selected_row0,0,16,-0.197505,0.00548286,-0.20298786,-0.22554206666666665,-2.268928381039333e-06,6.164409190519667e-06,,False,False
ff,125,neg,neg_rep1,neg_ctl0,02,half_selected_row0,0,64,-0.195993,0.00192118,-0.19791418,-0.21990464444444444,-2.212216533600222e-06,6.13605326680011e-06,,False,False
ff,125,neg,neg_rep1,neg_ctl0,02,half_selected_row0,0,147,-0.195748,0.000309895,-0.196057895,-0.21784210555555555,-2.1914676192572774e-06,6.125678809628638e-06,,False,False
ff,125,neg,neg_rep1,neg_ctl0,03,half_selected_row0,0,1,-0.194567,0.00758747,-0.20215447,-0.22461607777777778,-2.2596130346758887e-06,6.159751517337943e-06,,False,False
ff,125,neg,neg_rep1,neg_ctl0,03,half_selected_row0,0,4,-0.19823,0.00711252,-0.20534252,-0.22815835555555555,-2.2952479594697777e-06,6.1775689797348885e-06,,False,False
ff,125,neg,neg_rep1,neg_ctl0,03,half_selected_row0,0,16,-0.197298,0.00548542,-0.20278342,-0.2253149111111111,-2.266643221137555e-06,6.163266610568777e-06,,False,False
ff,125,neg,neg_rep1,neg_ctl0,03,half_selected_row0,0,64,-0.196297,0.00192067,-0.19821767,-0.22024185555555556,-2.215608840284778e-06,6.137749420142389e-06,,False,False
ff,125,neg,neg_rep1,neg_ctl0,03,half_selected_row0,0,147,-0.196052,0.000309425,-0.196361425,-0.2181793611111111,-2.1948603730480552e-06,6.1273751865240275e-06,,False,False
ff,125,neg,neg_rep1,neg_ctl0,10,neighbor_column,1,1,1.00202,1.00202,0.0,0.0,0.0,5.029945e-06,,True,False
ff,125,neg,neg_rep1,neg_ctl0,10,neighbor_column,1,4,0.982599,0.982599,0.0,0.0,0.0,5.029945e-06,,True,False
ff,125,neg,neg_rep1,neg_ctl0,10,neighbor_column,1,16,0.909535,0.909535,0.0,0.0,0.0,5.029945e-06,,True,False
ff,125,neg,neg_rep1,neg_ctl0,10,neighbor_column,1,64,0.675439,0.675439,0.0,0.0,0.0,5.029945e-06,,True,False
ff,125,neg,neg_rep1,neg_ctl0,10,neighbor_column,1,147,0.40798,0.40798,0.0,0.0,0.0,5.029945e-06,,True,False
ff,125,neg,neg_rep1,neg_ctl0,11,shared_wbl_column,1,1,1.0105,1.0062,-0.0042999999999999705,-0.0047777777777777445,-4.806391888888855e-08,5.053976959444444e-06,,False,False
ff,125,neg,neg_rep1,neg_ctl0,11,shared_wbl_column,1,4,1.00359,0.986691,-0.016898999999999997,-0.018776666666666664,-1.8889120123333329e-07,5.1243906006166665e-06,,False,False
ff,125,neg,neg_rep1,neg_ctl0,11,shared_wbl_column,1,16,0.976495,0.913307,-0.06318800000000002,-0.07020888888888892,-7.062936992444447e-07,5.3830918496222225e-06,,False,False
ff,125,neg,neg_rep1,neg_ctl0,11,shared_wbl_column,1,64,0.875695,0.678271,-0.19742400000000004,-0.21936000000000005,-2.2067374704000005e-06,6.1333137351999995e-06,,False,False
ff,125,neg,neg_rep1,neg_ctl0,11,shared_wbl_column,1,147,0.725407,0.409891,-0.315516,-0.35057333333333335,-3.5267291702666665e-06,6.793309585133333e-06,,False,False
ff,125,neg,neg_rep1,neg_ctl0,12,neighbor_column,1,1,1.0062,1.0062,0.0,0.0,0.0,5.029945e-06,,True,False
ff,125,neg,neg_rep1,neg_ctl0,12,neighbor_column,1,4,0.986691,0.986691,0.0,0.0,0.0,5.029945e-06,,True,False
ff,125,neg,neg_rep1,neg_ctl0,12,neighbor_column,1,16,0.913307,0.913307,0.0,0.0,0.0,5.029945e-06,,True,False
ff,125,neg,neg_rep1,neg_ctl0,12,neighbor_column,1,64,0.678271,0.678271,0.0,0.0,0.0,5.029945e-06,,True,False
ff,125,neg,neg_rep1,neg_ctl0,12,neighbor_column,1,147,0.409891,0.409891,0.0,0.0,0.0,5.029945e-06,,True,False
ff,125,neg,neg_rep1,neg_ctl0,13,neighbor_column,1,1,1.00621,1.00621,0.0,0.0,0.0,5.029945e-06,,True,False
ff,125,neg,neg_rep1,neg_ctl0,13,neighbor_column,1,4,0.986678,0.986678,0.0,0.0,0.0,5.029945e-06,,True,False
ff,125,neg,neg_rep1,neg_ctl0,13,neighbor_column,1,16,0.913227,0.913227,0.0,0.0,0.0,5.029945e-06,,True,False
ff,125,neg,neg_rep1,neg_ctl0,13,neighbor_column,1,64,0.678026,0.678026,0.0,0.0,0.0,5.029945e-06,,True,False
ff,125,neg,neg_rep1,neg_ctl0,13,neighbor_column,1,147,0.40955,0.40955,0.0,0.0,0.0,5.029945e-06,,True,False
ff,125,neg,neg_rep1,neg_ctl0,20,neighbor_column,0,1,0.00670759,0.00670759,0.0,0.0,0.0,5.029945e-06,,True,False
ff,125,neg,neg_rep1,neg_ctl0,20,neighbor_column,0,4,0.00628701,0.00628701,0.0,0.0,0.0,5.029945e-06,,True,False
ff,125,neg,neg_rep1,neg_ctl0,20,neighbor_column,0,16,0.00484758,0.00484758,0.0,0.0,0.0,5.029945e-06,,True,False
ff,125,neg,neg_rep1,neg_ctl0,20,neighbor_column,0,64,0.00169868,0.00169868,0.0,0.0,0.0,5.029945e-06,,True,False
ff,125,neg,neg_rep1,neg_ctl0,20,neighbor_column,0,147,0.000274513,0.000274513,0.0,0.0,0.0,5.029945e-06,,True,False
ff,125,neg,neg_rep1,neg_ctl0,21,shared_wbl_column,0,1,0.0145571,0.00968515,0.00487195,0.005413277777777777,5.445697898388888e-08,5.002716510508055e-06,2.208849312941542e-07,False,False
ff,125,neg,neg_rep1,neg_ctl0,21,shared_wbl_column,0,4,0.0260658,0.00908613,0.016979670000000002,0.018866300000000003,1.89792902707e-07,4.935048548646499e-06,7.698258892943097e-07,False,False
ff,125,neg,neg_rep1,neg_ctl0,21,shared_wbl_column,0,16,0.0531424,0.00702624,0.04611616,0.05124017777777778,5.154705520248889e-07,4.772209723987555e-06,2.090818837046814e-06,False,False
ff,125,neg,neg_rep1,neg_ctl0,21,shared_wbl_column,0,64,0.088544,0.00247491,0.08606909,0.09563232222222222,9.62050642000111e-07,4.548919678999945e-06,3.902208567657791e-06,False,False
ff,125,neg,neg_rep1,neg_ctl0,21,shared_wbl_column,0,147,0.102474,0.000400894,0.102073106,0.11341456222222221,1.1409380203537108e-06,4.459475989823144e-06,4.627800163341356e-06,False,True
ff,125,neg,neg_rep1,neg_ctl0,22,neighbor_column,0,1,0.00968522,0.00968522,0.0,0.0,0.0,5.029945e-06,,True,False
ff,125,neg,neg_rep1,neg_ctl0,22,neighbor_column,0,4,0.00908619,0.00908619,0.0,0.0,0.0,5.029945e-06,,True,False
ff,125,neg,neg_rep1,neg_ctl0,22,neighbor_column,0,16,0.00702629,0.00702629,0.0,0.0,0.0,5.029945e-06,,True,False
ff,125,neg,neg_rep1,neg_ctl0,22,neighbor_column,0,64,0.00247492,0.00247492,0.0,0.0,0.0,5.029945e-06,,True,False
ff,125,neg,neg_rep1,neg_ctl0,22,neighbor_column,0,147,0.000400897,0.000400897,0.0,0.0,0.0,5.029945e-06,,True,False
ff,125,neg,neg_rep1,neg_ctl0,23,neighbor_column,0,1,0.00969178,0.00969178,0.0,0.0,0.0,5.029945e-06,,True,False
ff,125,neg,neg_rep1,neg_ctl0,23,neighbor_column,0,4,0.00909194,0.00909194,0.0,0.0,0.0,5.029945e-06,,True,False
ff,125,neg,neg_rep1,neg_ctl0,23,neighbor_column,0,16,0.00702948,0.00702948,0.0,0.0,0.0,5.029945e-06,,True,False
ff,125,neg,neg_rep1,neg_ctl0,23,neighbor_column,0,64,0.00247425,0.00247425,0.0,0.0,0.0,5.029945e-06,,True,False
ff,125,neg,neg_rep1,neg_ctl0,23,neighbor_column,0,147,0.000400285,0.000400285,0.0,0.0,0.0,5.029945e-06,,True,False
ff,125,neg,neg_rep1,neg_ctl0,30,neighbor_column,1,1,0.996706,0.996706,0.0,0.0,0.0,5.029945e-06,,True,False
ff,125,neg,neg_rep1,neg_ctl0,30,neighbor_column,1,4,0.977304,0.977304,0.0,0.0,0.0,5.029945e-06,,True,False
ff,125,neg,neg_rep1,neg_ctl0,30,neighbor_column,1,16,0.904322,0.904322,0.0,0.0,0.0,5.029945e-06,,True,False
ff,125,neg,neg_rep1,neg_ctl0,30,neighbor_column,1,64,0.670623,0.670623,0.0,0.0,0.0,5.029945e-06,,True,False
ff,125,neg,neg_rep1,neg_ctl0,30,neighbor_column,1,147,0.403873,0.403873,0.0,0.0,0.0,5.029945e-06,,True,False
ff,125,neg,neg_rep1,neg_ctl0,31,shared_wbl_column,1,1,1.00521,1.00091,-0.0042999999999999705,-0.0047777777777777445,-4.806391888888855e-08,5.053976959444444e-06,,False,False
ff,125,neg,neg_rep1,neg_ctl0,31,shared_wbl_column,1,4,0.998303,0.981422,-0.016881000000000035,-0.018756666666666706,-1.886900034333337e-07,5.124290001716667e-06,,False,False
ff,125,neg,neg_rep1,neg_ctl0,31,shared_wbl_column,1,16,0.971208,0.908116,-0.06309199999999993,-0.07010222222222214,-7.052206443111102e-07,5.3825553221555545e-06,,False,False
ff,125,neg,neg_rep1,neg_ctl0,31,shared_wbl_column,1,64,0.870439,0.673469,-0.19696999999999998,-0.21885555555555553,-2.2016628147777774e-06,6.130776407388888e-06,,False,False
ff,125,neg,neg_rep1,neg_ctl0,31,shared_wbl_column,1,147,0.720259,0.405791,-0.31446799999999997,-0.3494088888888888,-3.5150149872444436e-06,6.787452493622222e-06,,False,False
ff,125,neg,neg_rep1,neg_ctl0,32,neighbor_column,1,1,1.00091,1.00091,0.0,0.0,0.0,5.029945e-06,,True,False
ff,125,neg,neg_rep1,neg_ctl0,32,neighbor_column,1,4,0.981422,0.981422,0.0,0.0,0.0,5.029945e-06,,True,False
ff,125,neg,neg_rep1,neg_ctl0,32,neighbor_column,1,16,0.908116,0.908116,0.0,0.0,0.0,5.029945e-06,,True,False
ff,125,neg,neg_rep1,neg_ctl0,32,neighbor_column,1,64,0.673469,0.673469,0.0,0.0,0.0,5.029945e-06,,True,False
ff,125,neg,neg_rep1,neg_ctl0,32,neighbor_column,1,147,0.405791,0.405791,0.0,0.0,0.0,5.029945e-06,,True,False
ff,125,neg,neg_rep1,neg_ctl0,33,neighbor_column,1,1,1.00091,1.00091,0.0,0.0,0.0,5.029945e-06,,True,False
ff,125,neg,neg_rep1,neg_ctl0,33,neighbor_column,1,4,0.981404,0.981404,0.0,0.0,0.0,5.029945e-06,,True,False
ff,125,neg,neg_rep1,neg_ctl0,33,neighbor_column,1,16,0.908031,0.908031,0.0,0.0,0.0,5.029945e-06,,True,False
ff,125,neg,neg_rep1,neg_ctl0,33,neighbor_column,1,64,0.67322,0.67322,0.0,0.0,0.0,5.029945e-06,,True,False
ff,125,neg,neg_rep1,neg_ctl0,33,neighbor_column,1,147,0.405447,0.405447,0.0,0.0,0.0,5.029945e-06,,True,False
ff,125,neg,neg_rep0,neg_ctl1,00,half_selected_row0,1,1,1.01469,1.01089,-0.0038000000000000256,-0.0042222222222222505,-4.2475091111111394e-08,5.051182545555556e-06,,False,False
ff,125,neg,neg_rep0,neg_ctl1,00,half_selected_row0,1,4,1.02285,1.00928,-0.013570000000000082,-0.015077777777777869,-1.516807858888898e-07,5.105785392944445e-06,,False,False
ff,125,neg,neg_rep0,neg_ctl1,00,half_selected_row0,1,16,1.04277,1.00286,-0.03990999999999989,-0.04434444444444432,-4.4610023322222095e-07,5.25299511661111e-06,,False,False
ff,125,neg,neg_rep0,neg_ctl1,00,half_selected_row0,1,64,1.07003,0.977236,-0.09279400000000004,-0.10310444444444448,-1.0372193696222226e-06,5.54855468481111e-06,,False,False
ff,125,neg,neg_rep0,neg_ctl1,00,half_selected_row0,1,147,1.08115,0.933165,-0.14798500000000003,-0.1644277777777778,-1.654125357388889e-06,5.857007678694444e-06,,False,False
ff,125,neg,neg_rep0,neg_ctl1,01,target_cell,1,1,-0.138631,1.0151,1.1537309999999998,1.281923333333333,1.2896007721766663e-05,-1.418058860883332e-06,0.00078752373680183,False,
ff,125,neg,neg_rep0,neg_ctl1,01,target_cell,1,4,-0.139993,1.0135,1.153493,1.281658888888889,1.2893347439744443e-05,-1.4167287198722222e-06,0.0007873612806925995,False,
ff,125,neg,neg_rep0,neg_ctl1,01,target_cell,1,16,-0.139757,1.00708,1.1468369999999999,1.274263333333333,1.2818948964366663e-05,-1.379529482183332e-06,0.0007828179703436938,False,
ff,125,neg,neg_rep0,neg_ctl1,01,target_cell,1,64,-0.13922,0.981483,1.120703,1.2452255555555556,1.2526832114077777e-05,-1.233471057038889e-06,0.0007649791974082532,False,
ff,125,neg,neg_rep0,neg_ctl1,01,target_cell,1,147,-0.139133,0.937453,1.076586,1.1962066666666666,1.2033707483933332e-05,-9.869087419666665e-07,0.0007348654319841758,False,
ff,125,neg,neg_rep0,neg_ctl1,02,half_selected_row0,1,1,1.01858,1.0151,-0.0034800000000001496,-0.003866666666666833,-3.8898241333335e-08,5.049394120666668e-06,,False,False
ff,125,neg,neg_rep0,neg_ctl1,02,half_selected_row0,1,4,1.02605,1.0135,-0.012549999999999839,-0.013944444444444265,-1.402795772222204e-07,5.1000847886111105e-06,,False,False
ff,125,neg,neg_rep0,neg_ctl1,02,half_selected_row0,1,16,1.04477,1.00708,-0.03769,-0.04187777777777778,-4.2128583788888884e-07,5.240587918944443e-06,,False,False
ff,125,neg,neg_rep0,neg_ctl1,02,half_selected_row0,1,64,1.07113,0.981483,-0.08964699999999992,-0.09960777777777768,-1.002043287588888e-06,5.5309666437944435e-06,,False,False
ff,125,neg,neg_rep0,neg_ctl1,02,half_selected_row0,1,147,1.08206,0.937453,-0.14460700000000004,-0.16067444444444448,-1.6163672369222224e-06,5.8381286184611115e-06,,False,False
ff,125,neg,neg_rep0,neg_ctl1,03,half_selected_row0,1,1,1.0188,1.01512,-0.0036799999999999056,-0.0040888888888887835,-4.113377244444338e-08,5.050511886222221e-06,,False,False
ff,125,neg,neg_rep0,neg_ctl1,03,half_selected_row0,1,4,1.02669,1.01351,-0.013180000000000192,-0.014644444444444658,-1.4732150022222435e-07,5.103605750111112e-06,,False,False
ff,125,neg,neg_rep0,neg_ctl1,03,half_selected_row0,1,16,1.04616,1.00709,-0.03906999999999994,-0.04341111111111104,-4.367110025555548e-07,5.248300501277777e-06,,False,False
ff,125,neg,neg_rep0,neg_ctl1,03,half_selected_row0,1,64,1.07309,0.981465,-0.09162500000000007,-0.10180555555555562,-1.0241526902777783e-06,5.542021345138889e-06,,False,False
ff,125,neg,neg_rep0,neg_ctl1,03,half_selected_row0,1,147,1.08415,0.937391,-0.14675899999999997,-0.16306555555555552,-1.6404215516777773e-06,5.850155775838888e-06,,False,False
ff,125,neg,neg_rep0,neg_ctl1,10,neighbor_column,1,1,1.01385,1.01385,0.0,0.0,0.0,5.029945e-06,,True,False
ff,125,neg,neg_rep0,neg_ctl1,10,neighbor_column,1,4,1.01224,1.01224,0.0,0.0,0.0,5.029945e-06,,True,False
ff,125,neg,neg_rep0,neg_ctl1,10,neighbor_column,1,16,1.00584,1.00584,0.0,0.0,0.0,5.029945e-06,,True,False
ff,125,neg,neg_rep0,neg_ctl1,10,neighbor_column,1,64,0.98029,0.98029,0.0,0.0,0.0,5.029945e-06,,True,False
ff,125,neg,neg_rep0,neg_ctl1,10,neighbor_column,1,147,0.936343,0.936343,0.0,0.0,0.0,5.029945e-06,,True,False
ff,125,neg,neg_rep0,neg_ctl1,11,shared_wbl_column,1,1,1.01375,1.01806,0.004310000000000036,0.0047888888888889284,4.817569544444484e-08,5.005857152277777e-06,3.58787809675859e-08,False,False
ff,125,neg,neg_rep0,neg_ctl1,11,shared_wbl_column,1,4,0.999397,1.01646,0.01706299999999994,0.01895888888888882,1.9072433674444374e-07,4.934582831627778e-06,1.42041679733158e-07,False,False
ff,125,neg,neg_rep0,neg_ctl1,11,shared_wbl_column,1,16,0.944454,1.01005,0.06559599999999988,0.07288444444444431,7.332094938222208e-07,4.6633402530888894e-06,5.460567323317264e-07,False,False
ff,125,neg,neg_rep0,neg_ctl1,11,shared_wbl_column,1,64,0.757754,0.984509,0.22675499999999993,0.2519499999999999,2.5345892854999987e-06,3.7626503572500003e-06,1.8876317815092507e-06,False,True
ff,125,neg,neg_rep0,neg_ctl1,11,shared_wbl_column,1,147,0.522173,0.940571,0.41839800000000005,0.4648866666666667,4.676708729133333e-06,2.691590635433333e-06,3.4829722040083254e-06,False,True
ff,125,neg,neg_rep0,neg_ctl1,12,neighbor_column,1,1,1.01806,1.01806,0.0,0.0,0.0,5.029945e-06,,True,False
ff,125,neg,neg_rep0,neg_ctl1,12,neighbor_column,1,4,1.01646,1.01646,0.0,0.0,0.0,5.029945e-06,,True,False
ff,125,neg,neg_rep0,neg_ctl1,12,neighbor_column,1,16,1.01005,1.01005,0.0,0.0,0.0,5.029945e-06,,True,False
ff,125,neg,neg_rep0,neg_ctl1,12,neighbor_column,1,64,0.984509,0.984509,0.0,0.0,0.0,5.029945e-06,,True,False
ff,125,neg,neg_rep0,neg_ctl1,12,neighbor_column,1,147,0.940571,0.940571,0.0,0.0,0.0,5.029945e-06,,True,False
ff,125,neg,neg_rep0,neg_ctl1,13,neighbor_column,1,1,1.01808,1.01808,0.0,0.0,0.0,5.029945e-06,,True,False
ff,125,neg,neg_rep0,neg_ctl1,13,neighbor_column,1,4,1.01647,1.01647,0.0,0.0,0.0,5.029945e-06,,True,False
ff,125,neg,neg_rep0,neg_ctl1,13,neighbor_column,1,16,1.01006,1.01006,0.0,0.0,0.0,5.029945e-06,,True,False
ff,125,neg,neg_rep0,neg_ctl1,13,neighbor_column,1,64,0.984494,0.984494,0.0,0.0,0.0,5.029945e-06,,True,False
ff,125,neg,neg_rep0,neg_ctl1,13,neighbor_column,1,147,0.940513,0.940513,0.0,0.0,0.0,5.029945e-06,,True,False
ff,125,neg,neg_rep0,neg_ctl1,20,neighbor_column,0,1,0.0192179,0.0192179,0.0,0.0,0.0,5.029945e-06,,True,False
ff,125,neg,neg_rep0,neg_ctl1,20,neighbor_column,0,4,0.0351466,0.0351466,0.0,0.0,0.0,5.029945e-06,,True,False
ff,125,neg,neg_rep0,neg_ctl1,20,neighbor_column,0,16,0.0687123,0.0687123,0.0,0.0,0.0,5.029945e-06,,True,False
ff,125,neg,neg_rep0,neg_ctl1,20,neighbor_column,0,64,0.111245,0.111245,0.0,0.0,0.0,5.029945e-06,,True,False
ff,125,neg,neg_rep0,neg_ctl1,20,neighbor_column,0,147,0.131279,0.131279,0.0,0.0,0.0,5.029945e-06,,True,False
ff,125,neg,neg_rep0,neg_ctl1,21,shared_wbl_column,0,1,0.017134,0.0218295,-0.004695500000000002,-0.005217222222222224,-5.2484681661111125e-08,5.056187340830555e-06,,False,False
ff,125,neg,neg_rep0,neg_ctl1,21,shared_wbl_column,0,4,0.0220932,0.0369357,-0.014842500000000002,-0.01649166666666667,-1.6590435258333333e-07,5.112897176291666e-06,,False,False
ff,125,neg,neg_rep0,neg_ctl1,21,shared_wbl_column,0,16,0.0358787,0.0694599,-0.033581200000000005,-0.03731244444444445,-3.753590867422222e-07,5.21762454337111e-06,,False,False
ff,125,neg,neg_rep0,neg_ctl1,21,shared_wbl_column,0,64,0.0565353,0.111411,-0.0548757,-0.060973,-6.133816729699999e-07,5.336635836484999e-06,,False,False
ff,125,neg,neg_rep0,neg_ctl1,21,shared_wbl_column,0,147,0.0636211,0.131318,-0.06769689999999999,-0.07521877777777776,-7.566926303788887e-07,5.408291315189444e-06,,False,False
ff,125,neg,neg_rep0,neg_ctl1,22,neighbor_column,0,1,0.0218295,0.0218295,0.0,0.0,0.0,5.029945e-06,,True,False
ff,125,neg,neg_rep0,neg_ctl1,22,neighbor_column,0,4,0.0369357,0.0369357,0.0,0.0,0.0,5.029945e-06,,True,False
ff,125,neg,neg_rep0,neg_ctl1,22,neighbor_column,0,16,0.0694599,0.0694599,0.0,0.0,0.0,5.029945e-06,,True,False
ff,125,neg,neg_rep0,neg_ctl1,22,neighbor_column,0,64,0.111411,0.111411,0.0,0.0,0.0,5.029945e-06,,True,False
ff,125,neg,neg_rep0,neg_ctl1,22,neighbor_column,0,147,0.131318,0.131318,0.0,0.0,0.0,5.029945e-06,,True,False
ff,125,neg,neg_rep0,neg_ctl1,23,neighbor_column,0,1,0.0218435,0.0218435,0.0,0.0,0.0,5.029945e-06,,True,False
ff,125,neg,neg_rep0,neg_ctl1,23,neighbor_column,0,4,0.0369549,0.0369549,0.0,0.0,0.0,5.029945e-06,,True,False
ff,125,neg,neg_rep0,neg_ctl1,23,neighbor_column,0,16,0.0694848,0.0694848,0.0,0.0,0.0,5.029945e-06,,True,False
ff,125,neg,neg_rep0,neg_ctl1,23,neighbor_column,0,64,0.111434,0.111434,0.0,0.0,0.0,5.029945e-06,,True,False
ff,125,neg,neg_rep0,neg_ctl1,23,neighbor_column,0,147,0.131333,0.131333,0.0,0.0,0.0,5.029945e-06,,True,False
ff,125,neg,neg_rep0,neg_ctl1,30,neighbor_column,1,1,1.00855,1.00855,0.0,0.0,0.0,5.029945e-06,,True,False
ff,125,neg,neg_rep0,neg_ctl1,30,neighbor_column,1,4,1.00694,1.00694,0.0,0.0,0.0,5.029945e-06,,True,False
ff,125,neg,neg_rep0,neg_ctl1,30,neighbor_column,1,16,1.0005,1.0005,0.0,0.0,0.0,5.029945e-06,,True,False
ff,125,neg,neg_rep0,neg_ctl1,30,neighbor_column,1,64,0.974821,0.974821,0.0,0.0,0.0,5.029945e-06,,True,False
ff,125,neg,neg_rep0,neg_ctl1,30,neighbor_column,1,147,0.930653,0.930653,0.0,0.0,0.0,5.029945e-06,,True,False
ff,125,neg,neg_rep0,neg_ctl1,31,shared_wbl_column,1,1,1.00849,1.01279,0.0042999999999999705,0.0047777777777777445,4.806391888888855e-08,5.005913040555555e-06,3.5867112291827105e-08,False,False
ff,125,neg,neg_rep0,neg_ctl1,31,shared_wbl_column,1,4,0.994144,1.01118,0.01703599999999994,0.01892888888888882,1.9042254004444375e-07,4.934733729977778e-06,1.4210049418687643e-07,False,False
ff,125,neg,neg_rep0,neg_ctl1,31,shared_wbl_column,1,16,0.939248,1.00474,0.065492,0.07276888888888888,7.320470176444443e-07,4.6639214911777775e-06,5.462811437712458e-07,False,False
ff,125,neg,neg_rep0,neg_ctl1,31,shared_wbl_column,1,64,0.752792,0.979067,0.226275,0.2514166666666667,2.5292240108333334e-06,3.765332994583333e-06,1.8874025194961011e-06,False,True
ff,125,neg,neg_rep0,neg_ctl1,31,shared_wbl_column,1,147,0.517699,0.934907,0.417208,0.46356444444444445,4.663407319022222e-06,2.6982413404888887e-06,3.480010740709002e-06,False,True
ff,125,neg,neg_rep0,neg_ctl1,32,neighbor_column,1,1,1.01279,1.01279,0.0,0.0,0.0,5.029945e-06,,True,False
ff,125,neg,neg_rep0,neg_ctl1,32,neighbor_column,1,4,1.01118,1.01118,0.0,0.0,0.0,5.029945e-06,,True,False
ff,125,neg,neg_rep0,neg_ctl1,32,neighbor_column,1,16,1.00474,1.00474,0.0,0.0,0.0,5.029945e-06,,True,False
ff,125,neg,neg_rep0,neg_ctl1,32,neighbor_column,1,64,0.979067,0.979067,0.0,0.0,0.0,5.029945e-06,,True,False
ff,125,neg,neg_rep0,neg_ctl1,32,neighbor_column,1,147,0.934907,0.934907,0.0,0.0,0.0,5.029945e-06,,True,False
ff,125,neg,neg_rep0,neg_ctl1,33,neighbor_column,1,1,1.0128,1.0128,0.0,0.0,0.0,5.029945e-06,,True,False
ff,125,neg,neg_rep0,neg_ctl1,33,neighbor_column,1,4,1.01119,1.01119,0.0,0.0,0.0,5.029945e-06,,True,False
ff,125,neg,neg_rep0,neg_ctl1,33,neighbor_column,1,16,1.00475,1.00475,0.0,0.0,0.0,5.029945e-06,,True,False
ff,125,neg,neg_rep0,neg_ctl1,33,neighbor_column,1,64,0.979046,0.979046,0.0,0.0,0.0,5.029945e-06,,True,False
ff,125,neg,neg_rep0,neg_ctl1,33,neighbor_column,1,147,0.934843,0.934843,0.0,0.0,0.0,5.029945e-06,,True,False
sf,27,std,rep1,ctl0,00,half_selected_row0,0,1,-0.133374,0.0218521,-0.15522609999999998,-0.17247344444444443,-1.735063879032222e-06,5.897476939516111e-06,,False,False
sf,27,std,rep1,ctl0,00,half_selected_row0,0,4,-0.133134,0.0218493,-0.1549833,-0.17220366666666664,-1.732349944263333e-06,5.896119972131666e-06,,False,False
sf,27,std,rep1,ctl0,00,half_selected_row0,0,16,-0.127686,0.0218384,-0.1495244,-0.16613822222222221,-1.6713322403511109e-06,5.865611120175556e-06,,False,False
sf,27,std,rep1,ctl0,00,half_selected_row0,0,64,-0.133283,0.0217945,-0.1550775,-0.17230833333333334,-1.7334028794166667e-06,5.896646439708333e-06,,False,False
sf,27,std,rep1,ctl0,00,half_selected_row0,0,147,-0.126097,0.0217188,-0.1478158,-0.16423977777777776,-1.6522340980688886e-06,5.856062049034444e-06,,False,False
sf,27,std,rep1,ctl0,01,target_cell,0,1,1.06928,0.0353696,1.0339104,1.1487893333333332,1.1556694326506665e-05,-7.484021632533327e-07,0.5132331225566377,False,
sf,27,std,rep1,ctl0,01,target_cell,0,4,1.11257,0.0353659,1.0772041,1.1968934444444446,1.2040616392832222e-05,-9.903631964161117e-07,0.534724115236497,False,
sf,27,std,rep1,ctl0,01,target_cell,0,16,1.1545,0.0353509,1.1191491,1.243499,1.2509463155109998e-05,-1.2247865775549995e-06,0.5555456132363605,False,
sf,27,std,rep1,ctl0,01,target_cell,0,64,1.19558,0.0352912,1.1602888,1.2892097777777778,1.2969308551368889e-05,-1.4547092756844444e-06,0.5759673603162268,False,
sf,27,std,rep1,ctl0,01,target_cell,0,147,1.21989,0.0351881,1.1847018999999999,1.3163354444444442,1.3242189774212219e-05,-1.5911498871061096e-06,0.5880860231561472,False,
sf,27,std,rep1,ctl0,02,half_selected_row0,0,1,-0.132879,0.0353696,-0.1682486,-0.18694288888888888,-1.8806248985044443e-06,5.970257449252221e-06,,False,False
sf,27,std,rep1,ctl0,02,half_selected_row0,0,4,-0.132623,0.0353659,-0.1679889,-0.18665433333333334,-1.8777220613566666e-06,5.968806030678332e-06,,False,False
sf,27,std,rep1,ctl0,02,half_selected_row0,0,16,-0.127177,0.0353509,-0.1625279,-0.18058655555555556,-1.8166808843677777e-06,5.938285442183888e-06,,False,False
sf,27,std,rep1,ctl0,02,half_selected_row0,0,64,-0.132779,0.0352912,-0.1680702,-0.18674466666666667,-1.8786308047533331e-06,5.969260402376667e-06,,False,False
sf,27,std,rep1,ctl0,02,half_selected_row0,0,147,-0.12567,0.0351882,-0.1608582,-0.17873133333333333,-1.7980175528866664e-06,5.928953776443333e-06,,False,False
sf,27,std,rep1,ctl0,03,half_selected_row0,0,1,-0.129548,0.0354832,-0.1650312,-0.18336799999999998,-1.8446619095199996e-06,5.95227595476e-06,,False,False
sf,27,std,rep1,ctl0,03,half_selected_row0,0,4,-0.129299,0.0354794,-0.1647784,-0.1830871111111111,-1.8418361981955552e-06,5.9508630990977765e-06,,False,False
sf,27,std,rep1,ctl0,03,half_selected_row0,0,16,-0.1239,0.0354644,-0.1593644,-0.17707155555555554,-1.7813203710177774e-06,5.920605185508888e-06,,False,False
sf,27,std,rep1,ctl0,03,half_selected_row0,0,64,-0.129452,0.0354044,-0.16485640000000001,-0.1831737777777778,-1.842708055328889e-06,5.951299027664444e-06,,False,False
sf,27,std,rep1,ctl0,03,half_selected_row0,0,147,-0.122386,0.0353008,-0.1576868,-0.17520755555555553,-1.7625687360577773e-06,5.911229368028888e-06,,False,False
sf,27,std,rep1,ctl0,10,neighbor_column,1,1,1.03501,1.03501,0.0,0.0,0.0,5.029945e-06,,True,False
sf,27,std,rep1,ctl0,10,neighbor_column,1,4,1.03498,1.03498,0.0,0.0,0.0,5.029945e-06,,True,False
sf,27,std,rep1,ctl0,10,neighbor_column,1,16,1.03485,1.03485,0.0,0.0,0.0,5.029945e-06,,True,False
sf,27,std,rep1,ctl0,10,neighbor_column,1,64,1.03434,1.03434,0.0,0.0,0.0,5.029945e-06,,True,False
sf,27,std,rep1,ctl0,10,neighbor_column,1,147,1.03346,1.03346,0.0,0.0,0.0,5.029945e-06,,True,False
sf,27,std,rep1,ctl0,11,shared_wbl_column,1,1,1.05001,1.05001,0.0,0.0,0.0,5.029945e-06,,True,False
sf,27,std,rep1,ctl0,11,shared_wbl_column,1,4,1.05001,1.04997,-4.0000000000040004e-05,-4.444444444448889e-05,-4.4710622222266934e-10,5.030168553111111e-06,,True,False
sf,27,std,rep1,ctl0,11,shared_wbl_column,1,16,1.04997,1.04985,-0.00012000000000012001,-0.00013333333333346667,-1.3413186666680079e-09,5.030615659333334e-06,,True,False
sf,27,std,rep1,ctl0,11,shared_wbl_column,1,64,1.04981,1.04933,-0.0004799999999998139,-0.0005333333333331266,-5.365274666664587e-09,5.032627637333331e-06,,True,False
sf,27,std,rep1,ctl0,11,shared_wbl_column,1,147,1.04955,1.04844,-0.0011099999999999444,-0.0012333333333332714,-1.2407197666666042e-08,5.0361485988333325e-06,,False,False
sf,27,std,rep1,ctl0,12,neighbor_column,1,1,1.05001,1.05001,0.0,0.0,0.0,5.029945e-06,,True,False
sf,27,std,rep1,ctl0,12,neighbor_column,1,4,1.04997,1.04997,0.0,0.0,0.0,5.029945e-06,,True,False
sf,27,std,rep1,ctl0,12,neighbor_column,1,16,1.04985,1.04985,0.0,0.0,0.0,5.029945e-06,,True,False
sf,27,std,rep1,ctl0,12,neighbor_column,1,64,1.04933,1.04933,0.0,0.0,0.0,5.029945e-06,,True,False
sf,27,std,rep1,ctl0,12,neighbor_column,1,147,1.04844,1.04844,0.0,0.0,0.0,5.029945e-06,,True,False
sf,27,std,rep1,ctl0,13,neighbor_column,1,1,1.05018,1.05018,0.0,0.0,0.0,5.029945e-06,,True,False
sf,27,std,rep1,ctl0,13,neighbor_column,1,4,1.05015,1.05015,0.0,0.0,0.0,5.029945e-06,,True,False
sf,27,std,rep1,ctl0,13,neighbor_column,1,16,1.05002,1.05002,0.0,0.0,0.0,5.029945e-06,,True,False
sf,27,std,rep1,ctl0,13,neighbor_column,1,64,1.0495,1.0495,0.0,0.0,0.0,5.029945e-06,,True,False
sf,27,std,rep1,ctl0,13,neighbor_column,1,147,1.04861,1.04861,0.0,0.0,0.0,5.029945e-06,,True,False
sf,27,std,rep1,ctl0,20,neighbor_column,0,1,0.0312164,0.0312164,0.0,0.0,0.0,5.029945e-06,,True,False
sf,27,std,rep1,ctl0,20,neighbor_column,0,4,0.031213,0.031213,0.0,0.0,0.0,5.029945e-06,,True,False
sf,27,std,rep1,ctl0,20,neighbor_column,0,16,0.0311992,0.0311992,0.0,0.0,0.0,5.029945e-06,,True,False
sf,27,std,rep1,ctl0,20,neighbor_column,0,64,0.031144,0.031144,0.0,0.0,0.0,5.029945e-06,,True,False
sf,27,std,rep1,ctl0,20,neighbor_column,0,147,0.0310487,0.0310487,0.0,0.0,0.0,5.029945e-06,,True,False
sf,27,std,rep1,ctl0,21,shared_wbl_column,0,1,0.0446782,0.0446755,2.7000000000013125e-06,3.0000000000014582e-06,3.0179670000014666e-11,5.029929910165e-06,3.831560891940142e-08,True,False
sf,27,std,rep1,ctl0,21,shared_wbl_column,0,4,0.0446821,0.0446713,1.080000000000525e-05,1.2000000000005833e-05,1.2071868000005866e-10,5.02988464066e-06,1.532624356776057e-07,True,False
sf,27,std,rep1,ctl0,21,shared_wbl_column,0,16,0.0446976,0.0446546,4.299999999999443e-05,4.777777777777159e-05,4.806391888888266e-10,5.0297046804055555e-06,6.102115494567581e-07,True,False
sf,27,std,rep1,ctl0,21,shared_wbl_column,0,64,0.0447593,0.0445878,0.00017150000000000498,0.00019055555555556108,1.916967927777833e-09,5.028986516036111e-06,2.4337507146942003e-06,True,False
sf,27,std,rep1,ctl0,21,shared_wbl_column,0,147,0.0448657,0.0444723,0.0003934000000000021,0.00043711111111111343,4.3972896955555786e-09,5.027746355152222e-06,5.582726129216768e-06,True,False
sf,27,std,rep1,ctl0,22,neighbor_column,0,1,0.0446755,0.0446755,0.0,0.0,0.0,5.029945e-06,,True,False
sf,27,std,rep1,ctl0,22,neighbor_column,0,4,0.0446714,0.0446714,0.0,0.0,0.0,5.029945e-06,,True,False
sf,27,std,rep1,ctl0,22,neighbor_column,0,16,0.0446546,0.0446546,0.0,0.0,0.0,5.029945e-06,,True,False
sf,27,std,rep1,ctl0,22,neighbor_column,0,64,0.0445878,0.0445878,0.0,0.0,0.0,5.029945e-06,,True,False
sf,27,std,rep1,ctl0,22,neighbor_column,0,147,0.0444724,0.0444724,0.0,0.0,0.0,5.029945e-06,,True,False
sf,27,std,rep1,ctl0,23,neighbor_column,0,1,0.044818,0.044818,0.0,0.0,0.0,5.029945e-06,,True,False
sf,27,std,rep1,ctl0,23,neighbor_column,0,4,0.0448138,0.0448138,0.0,0.0,0.0,5.029945e-06,,True,False
sf,27,std,rep1,ctl0,23,neighbor_column,0,16,0.044797,0.044797,0.0,0.0,0.0,5.029945e-06,,True,False
sf,27,std,rep1,ctl0,23,neighbor_column,0,64,0.0447299,0.0447299,0.0,0.0,0.0,5.029945e-06,,True,False
sf,27,std,rep1,ctl0,23,neighbor_column,0,147,0.0446139,0.0446139,0.0,0.0,0.0,5.029945e-06,,True,False
sf,27,std,rep1,ctl0,30,neighbor_column,1,1,1.01619,1.01619,0.0,0.0,0.0,5.029945e-06,,True,False
sf,27,std,rep1,ctl0,30,neighbor_column,1,4,1.01615,1.01615,0.0,0.0,0.0,5.029945e-06,,True,False
sf,27,std,rep1,ctl0,30,neighbor_column,1,16,1.01603,1.01603,0.0,0.0,0.0,5.029945e-06,,True,False
sf,27,std,rep1,ctl0,30,neighbor_column,1,64,1.01552,1.01552,0.0,0.0,0.0,5.029945e-06,,True,False
sf,27,std,rep1,ctl0,30,neighbor_column,1,147,1.01464,1.01464,0.0,0.0,0.0,5.029945e-06,,True,False
sf,27,std,rep1,ctl0,31,shared_wbl_column,1,1,1.03156,1.03156,0.0,0.0,0.0,5.029945e-06,,True,False
sf,27,std,rep1,ctl0,31,shared_wbl_column,1,4,1.03155,1.03152,-2.999999999997449e-05,-3.333333333330499e-05,-3.3532966666638153e-10,5.030112664833333e-06,,True,False
sf,27,std,rep1,ctl0,31,shared_wbl_column,1,16,1.03152,1.0314,-0.00011999999999989797,-0.00013333333333321996,-1.3413186666655261e-09,5.030615659333333e-06,,True,False
sf,27,std,rep1,ctl0,31,shared_wbl_column,1,64,1.03136,1.03088,-0.00048000000000003595,-0.0005333333333333733,-5.3652746666670676e-09,5.032627637333333e-06,,True,False
sf,27,std,rep1,ctl0,31,shared_wbl_column,1,147,1.0311,1.02999,-0.0011099999999999444,-0.0012333333333332714,-1.2407197666666042e-08,5.0361485988333325e-06,,False,False
sf,27,std,rep1,ctl0,32,neighbor_column,1,1,1.03156,1.03156,0.0,0.0,0.0,5.029945e-06,,True,False
sf,27,std,rep1,ctl0,32,neighbor_column,1,4,1.03152,1.03152,0.0,0.0,0.0,5.029945e-06,,True,False
sf,27,std,rep1,ctl0,32,neighbor_column,1,16,1.0314,1.0314,0.0,0.0,0.0,5.029945e-06,,True,False
sf,27,std,rep1,ctl0,32,neighbor_column,1,64,1.03088,1.03088,0.0,0.0,0.0,5.029945e-06,,True,False
sf,27,std,rep1,ctl0,32,neighbor_column,1,147,1.02999,1.02999,0.0,0.0,0.0,5.029945e-06,,True,False
sf,27,std,rep1,ctl0,33,neighbor_column,1,1,1.03167,1.03167,0.0,0.0,0.0,5.029945e-06,,True,False
sf,27,std,rep1,ctl0,33,neighbor_column,1,4,1.03164,1.03164,0.0,0.0,0.0,5.029945e-06,,True,False
sf,27,std,rep1,ctl0,33,neighbor_column,1,16,1.03151,1.03151,0.0,0.0,0.0,5.029945e-06,,True,False
sf,27,std,rep1,ctl0,33,neighbor_column,1,64,1.03099,1.03099,0.0,0.0,0.0,5.029945e-06,,True,False
sf,27,std,rep1,ctl0,33,neighbor_column,1,147,1.03009,1.03009,0.0,0.0,0.0,5.029945e-06,,True,False
sf,27,std,rep0,ctl1,00,half_selected_row0,1,1,1.09266,1.04167,-0.05098999999999987,-0.05665555555555541,-5.699486567777763e-07,5.3149193283888884e-06,,False,False
sf,27,std,rep0,ctl1,00,half_selected_row0,1,4,1.13044,1.04167,-0.0887699999999998,-0.0986333333333331,-9.922404836666643e-07,5.526065241833332e-06,,False,False
sf,27,std,rep0,ctl1,00,half_selected_row0,1,16,1.17092,1.04167,-0.12924999999999986,-0.14361111111111097,-1.444711980555554e-06,5.752300990277776e-06,,False,False
sf,27,std,rep0,ctl1,00,half_selected_row0,1,64,1.21173,1.04166,-0.17006999999999994,-0.1889666666666666,-1.9009838803333325e-06,5.980436940166666e-06,,False,False
sf,27,std,rep0,ctl1,00,half_selected_row0,1,147,1.23612,1.04166,-0.19446000000000008,-0.21606666666666674,-2.173606899333334e-06,6.1167484496666676e-06,,False,False
sf,27,std,rep0,ctl1,01,target_cell,1,1,-0.117974,1.05668,1.174654,1.3051711111111113,1.3129877808955557e-05,-1.5349939044777785e-06,0.03212662510192819,False,
sf,27,std,rep0,ctl1,01,target_cell,1,4,-0.117718,1.05668,1.174398,1.3048866666666668,1.3127016329133334e-05,-1.533563164566667e-06,0.03211962353718989,False,
sf,27,std,rep0,ctl1,01,target_cell,1,16,-0.112281,1.05668,1.1689610000000001,1.2988455555555556,1.3066243415877778e-05,-1.503176707938889e-06,0.03197092233608797,False,
sf,27,std,rep0,ctl1,01,target_cell,1,64,-0.117874,1.05668,1.174554,1.30506,1.31287600434e-05,-1.5344350217000005e-06,0.03212389011570229,False,
sf,27,std,rep0,ctl1,01,target_cell,1,147,-0.110776,1.05667,1.167446,1.297162222222222,1.3049309267711109e-05,-1.494709633855555e-06,0.03192948729476565,False,
sf,27,std,rep0,ctl1,02,half_selected_row0,1,1,1.09691,1.05668,-0.04022999999999999,-0.04469999999999998,-4.496770829999998e-07,5.2547835415e-06,,False,False
sf,27,std,rep0,ctl1,02,half_selected_row0,1,4,1.13239,1.05668,-0.07570999999999994,-0.08412222222222215,-8.462603021111103e-07,5.453075151055555e-06,,False,False
sf,27,std,rep0,ctl1,02,half_selected_row0,1,16,1.17214,1.05668,-0.1154599999999999,-0.12828888888888876,-1.290572110444443e-06,5.675231055222221e-06,,False,False
sf,27,std,rep0,ctl1,02,half_selected_row0,1,64,1.21276,1.05668,-0.15608,-0.17342222222222223,-1.744608479111111e-06,5.902249239555555e-06,,False,False
sf,27,std,rep0,ctl1,02,half_selected_row0,1,147,1.23711,1.05667,-0.18043999999999993,-0.2004888888888888,-2.0168961684444435e-06,6.038393084222221e-06,,False,False
sf,27,std,rep0,ctl1,03,half_selected_row0,1,1,1.10371,1.05689,-0.04681999999999986,-0.05202222222222207,-5.233378331111095e-07,5.291613916555554e-06,,False,False
sf,27,std,rep0,ctl1,03,half_selected_row0,1,4,1.14072,1.05689,-0.08382999999999985,-0.09314444444444428,-9.370228652222205e-07,5.49845643261111e-06,,False,False
sf,27,std,rep0,ctl1,03,half_selected_row0,1,16,1.18096,1.05689,-0.1240699999999999,-0.13785555555555545,-1.3868117247777767e-06,5.723350862388888e-06,,False,False
sf,27,std,rep0,ctl1,03,half_selected_row0,1,64,1.2217,1.05688,-0.16481999999999997,-0.1831333333333333,-1.8423011886666662e-06,5.951095594333333e-06,,False,False
sf,27,std,rep0,ctl1,03,half_selected_row0,1,147,1.24608,1.05688,-0.18920000000000003,-0.21022222222222225,-2.114812431111111e-06,6.0873512155555555e-06,,False,False
sf,27,std,rep0,ctl1,10,neighbor_column,1,1,1.05191,1.05191,0.0,0.0,0.0,5.029945e-06,,True,False
sf,27,std,rep0,ctl1,10,neighbor_column,1,4,1.05191,1.05191,0.0,0.0,0.0,5.029945e-06,,True,False
sf,27,std,rep0,ctl1,10,neighbor_column,1,16,1.05191,1.05191,0.0,0.0,0.0,5.029945e-06,,True,False
sf,27,std,rep0,ctl1,10,neighbor_column,1,64,1.05191,1.05191,0.0,0.0,0.0,5.029945e-06,,True,False
sf,27,std,rep0,ctl1,10,neighbor_column,1,147,1.0519,1.0519,0.0,0.0,0.0,5.029945e-06,,True,False
sf,27,std,rep0,ctl1,11,shared_wbl_column,1,1,1.06686,1.06687,1.0000000000065512e-05,1.1111111111183902e-05,1.1177655555628782e-10,5.029889111722222e-06,3.161783439511016e-08,True,False
sf,27,std,rep0,ctl1,11,shared_wbl_column,1,4,1.06684,1.06687,2.999999999997449e-05,3.333333333330499e-05,3.3532966666638153e-10,5.029777335166667e-06,9.485350318462843e-08,True,False
sf,27,std,rep0,ctl1,11,shared_wbl_column,1,16,1.06675,1.06687,0.00011999999999989797,0.00013333333333321996,1.3413186666655261e-09,5.0292743406666665e-06,3.794140127385137e-07,True,False
sf,27,std,rep0,ctl1,11,shared_wbl_column,1,64,1.06638,1.06687,0.0004899999999998794,0.0005444444444443105,5.477051222220874e-09,5.027206474388889e-06,1.549273885349867e-06,True,False
sf,27,std,rep0,ctl1,11,shared_wbl_column,1,147,1.06575,1.06686,0.0011099999999999444,0.0012333333333332714,1.2407197666666042e-08,5.023741401166667e-06,3.5095796178340597e-06,False,False
sf,27,std,rep0,ctl1,12,neighbor_column,1,1,1.06687,1.06687,0.0,0.0,0.0,5.029945e-06,,True,False
sf,27,std,rep0,ctl1,12,neighbor_column,1,4,1.06687,1.06687,0.0,0.0,0.0,5.029945e-06,,True,False
sf,27,std,rep0,ctl1,12,neighbor_column,1,16,1.06687,1.06687,0.0,0.0,0.0,5.029945e-06,,True,False
sf,27,std,rep0,ctl1,12,neighbor_column,1,64,1.06687,1.06687,0.0,0.0,0.0,5.029945e-06,,True,False
sf,27,std,rep0,ctl1,12,neighbor_column,1,147,1.06686,1.06686,0.0,0.0,0.0,5.029945e-06,,True,False
sf,27,std,rep0,ctl1,13,neighbor_column,1,1,1.06711,1.06711,0.0,0.0,0.0,5.029945e-06,,True,False
sf,27,std,rep0,ctl1,13,neighbor_column,1,4,1.06711,1.06711,0.0,0.0,0.0,5.029945e-06,,True,False
sf,27,std,rep0,ctl1,13,neighbor_column,1,16,1.06711,1.06711,0.0,0.0,0.0,5.029945e-06,,True,False
sf,27,std,rep0,ctl1,13,neighbor_column,1,64,1.0671,1.0671,0.0,0.0,0.0,5.029945e-06,,True,False
sf,27,std,rep0,ctl1,13,neighbor_column,1,147,1.0671,1.0671,0.0,0.0,0.0,5.029945e-06,,True,False
sf,27,std,rep0,ctl1,20,neighbor_column,0,1,0.0463739,0.0463739,0.0,0.0,0.0,5.029945e-06,,True,False
sf,27,std,rep0,ctl1,20,neighbor_column,0,4,0.0463855,0.0463855,0.0,0.0,0.0,5.029945e-06,,True,False
sf,27,std,rep0,ctl1,20,neighbor_column,0,16,0.046432,0.046432,0.0,0.0,0.0,5.029945e-06,,True,False
sf,27,std,rep0,ctl1,20,neighbor_column,0,64,0.0466174,0.0466174,0.0,0.0,0.0,5.029945e-06,,True,False
sf,27,std,rep0,ctl1,20,neighbor_column,0,147,0.0469351,0.0469351,0.0,0.0,0.0,5.029945e-06,,True,False
sf,27,std,rep0,ctl1,21,shared_wbl_column,0,1,0.0598121,0.0598148,-2.7000000000013125e-06,-3.0000000000014582e-06,-3.0179670000014666e-11,5.029960089835e-06,,True,False
sf,27,std,rep0,ctl1,21,shared_wbl_column,0,4,0.0598113,0.059822,-1.0700000000002374e-05,-1.1888888888891526e-05,-1.1960091444447098e-10,5.030004800457222e-06,,True,False
sf,27,std,rep0,ctl1,21,shared_wbl_column,0,16,0.059808,0.0598509,-4.2899999999998495e-05,-4.7666666666664995e-05,-4.795214233333165e-10,5.030184760711666e-06,,True,False
sf,27,std,rep0,ctl1,21,shared_wbl_column,0,64,0.0597949,0.0599663,-0.0001714000000000021,-0.00019044444444444678,-1.9158501622222456e-09,5.030902925081111e-06,,True,False
sf,27,std,rep0,ctl1,21,shared_wbl_column,0,147,0.0597721,0.0601646,-0.000392499999999997,-0.00043611111111110777,-4.3872298055555215e-09,5.032138614902777e-06,,True,False
sf,27,std,rep0,ctl1,22,neighbor_column,0,1,0.0598148,0.0598148,0.0,0.0,0.0,5.029945e-06,,True,False
sf,27,std,rep0,ctl1,22,neighbor_column,0,4,0.0598221,0.0598221,0.0,0.0,0.0,5.029945e-06,,True,False
sf,27,std,rep0,ctl1,22,neighbor_column,0,16,0.059851,0.059851,0.0,0.0,0.0,5.029945e-06,,True,False
sf,27,std,rep0,ctl1,22,neighbor_column,0,64,0.0599663,0.0599663,0.0,0.0,0.0,5.029945e-06,,True,False
sf,27,std,rep0,ctl1,22,neighbor_column,0,147,0.0601646,0.0601646,0.0,0.0,0.0,5.029945e-06,,True,False
sf,27,std,rep0,ctl1,23,neighbor_column,0,1,0.060006,0.060006,0.0,0.0,0.0,5.029945e-06,,True,False
sf,27,std,rep0,ctl1,23,neighbor_column,0,4,0.0600132,0.0600132,0.0,0.0,0.0,5.029945e-06,,True,False
sf,27,std,rep0,ctl1,23,neighbor_column,0,16,0.060042,0.060042,0.0,0.0,0.0,5.029945e-06,,True,False
sf,27,std,rep0,ctl1,23,neighbor_column,0,64,0.0601569,0.0601569,0.0,0.0,0.0,5.029945e-06,,True,False
sf,27,std,rep0,ctl1,23,neighbor_column,0,147,0.0603545,0.0603545,0.0,0.0,0.0,5.029945e-06,,True,False
sf,27,std,rep0,ctl1,30,neighbor_column,1,1,1.03344,1.03344,0.0,0.0,0.0,5.029945e-06,,True,False
sf,27,std,rep0,ctl1,30,neighbor_column,1,4,1.03344,1.03344,0.0,0.0,0.0,5.029945e-06,,True,False
sf,27,std,rep0,ctl1,30,neighbor_column,1,16,1.03344,1.03344,0.0,0.0,0.0,5.029945e-06,,True,False
sf,27,std,rep0,ctl1,30,neighbor_column,1,64,1.03344,1.03344,0.0,0.0,0.0,5.029945e-06,,True,False
sf,27,std,rep0,ctl1,30,neighbor_column,1,147,1.03343,1.03343,0.0,0.0,0.0,5.029945e-06,,True,False
sf,27,std,rep0,ctl1,31,shared_wbl_column,1,1,1.04876,1.04877,1.0000000000065512e-05,1.1111111111183902e-05,1.1177655555628782e-10,5.029889111722222e-06,3.161783439511016e-08,True,False
sf,27,std,rep0,ctl1,31,shared_wbl_column,1,4,1.04874,1.04877,2.999999999997449e-05,3.333333333330499e-05,3.3532966666638153e-10,5.029777335166667e-06,9.485350318462843e-08,True,False
sf,27,std,rep0,ctl1,31,shared_wbl_column,1,16,1.04865,1.04877,0.00011999999999989797,0.00013333333333321996,1.3413186666655261e-09,5.0292743406666665e-06,3.794140127385137e-07,True,False
sf,27,std,rep0,ctl1,31,shared_wbl_column,1,64,1.04828,1.04877,0.0004899999999998794,0.0005444444444443105,5.477051222220874e-09,5.027206474388889e-06,1.549273885349867e-06,True,False
sf,27,std,rep0,ctl1,31,shared_wbl_column,1,147,1.04765,1.04876,0.0011099999999999444,0.0012333333333332714,1.2407197666666042e-08,5.023741401166667e-06,3.5095796178340597e-06,False,False
sf,27,std,rep0,ctl1,32,neighbor_column,1,1,1.04877,1.04877,0.0,0.0,0.0,5.029945e-06,,True,False
sf,27,std,rep0,ctl1,32,neighbor_column,1,4,1.04877,1.04877,0.0,0.0,0.0,5.029945e-06,,True,False
sf,27,std,rep0,ctl1,32,neighbor_column,1,16,1.04877,1.04877,0.0,0.0,0.0,5.029945e-06,,True,False
sf,27,std,rep0,ctl1,32,neighbor_column,1,64,1.04877,1.04877,0.0,0.0,0.0,5.029945e-06,,True,False
sf,27,std,rep0,ctl1,32,neighbor_column,1,147,1.04876,1.04876,0.0,0.0,0.0,5.029945e-06,,True,False
sf,27,std,rep0,ctl1,33,neighbor_column,1,1,1.04895,1.04895,0.0,0.0,0.0,5.029945e-06,,True,False
sf,27,std,rep0,ctl1,33,neighbor_column,1,4,1.04895,1.04895,0.0,0.0,0.0,5.029945e-06,,True,False
sf,27,std,rep0,ctl1,33,neighbor_column,1,16,1.04895,1.04895,0.0,0.0,0.0,5.029945e-06,,True,False
sf,27,std,rep0,ctl1,33,neighbor_column,1,64,1.04894,1.04894,0.0,0.0,0.0,5.029945e-06,,True,False
sf,27,std,rep0,ctl1,33,neighbor_column,1,147,1.04894,1.04894,0.0,0.0,0.0,5.029945e-06,,True,False
sf,27,neg,neg_rep1,neg_ctl0,00,half_selected_row0,0,1,-0.251891,0.00558253,-0.25747352999999995,-0.28608169999999994,-2.8779504330129993e-06,6.4689202165065e-06,,False,False
sf,27,neg,neg_rep1,neg_ctl0,00,half_selected_row0,0,4,-0.252315,0.00557996,-0.25789496,-0.28654995555555557,-2.8826610323937776e-06,6.4712755161968885e-06,,False,False
sf,27,neg,neg_rep1,neg_ctl0,00,half_selected_row0,0,16,-0.243903,0.00556969,-0.24947269,-0.27719187777777776,-2.7885197993378886e-06,6.424204899668944e-06,,False,False
sf,27,neg,neg_rep1,neg_ctl0,00,half_selected_row0,0,64,-0.25218,0.00552877,-0.25770877000000003,-0.2863430777777778,-2.8805798647058887e-06,6.470234932352944e-06,,False,False
sf,27,neg,neg_rep1,neg_ctl0,00,half_selected_row0,0,147,-0.235657,0.0054587,-0.24111570000000002,-0.26790633333333336,-2.6951082436366666e-06,6.377499121818333e-06,,False,False
sf,27,neg,neg_rep1,neg_ctl0,01,target_cell,0,1,0.789129,0.0090861,0.7800429,0.8667143333333333,8.719050854756665e-06,6.70419572621667e-07,0.3872132955660612,False,
sf,27,neg,neg_rep1,neg_ctl0,01,target_cell,0,4,0.833755,0.00908206,0.82467294,0.9163032666666666,9.217910069307332e-06,4.2098996534633355e-07,0.409367647422408,False,
sf,27,neg,neg_rep1,neg_ctl0,01,target_cell,0,16,0.876557,0.00906594,0.86749106,0.9638789555555555,9.696516266203776e-06,1.8168686689811152e-07,0.4306225621907407,False,
sf,27,neg,neg_rep1,neg_ctl0,01,target_cell,0,64,0.917851,0.0090017,0.9088493,1.0098325555555554,1.0158804427307775e-05,-4.94572136538881e-08,0.45115279252706203,False,
sf,27,neg,neg_rep1,neg_ctl0,01,target_cell,0,147,0.941782,0.00889159,0.9328904100000001,1.0365449,1.0427527674061e-05,-1.8381883703049994e-07,0.4630867995312489,False,
sf,27,neg,neg_rep1,neg_ctl0,02,half_selected_row0,0,1,-0.251571,0.0090861,-0.2606571,-0.28961899999999996,-2.9135352819099994e-06,6.486712640955e-06,,False,False
sf,27,neg,neg_rep1,neg_ctl0,02,half_selected_row0,0,4,-0.251653,0.00908206,-0.26073506,-0.28970562222222224,-2.914406691937111e-06,6.4871483459685555e-06,,False,False
sf,27,neg,neg_rep1,neg_ctl0,02,half_selected_row0,0,16,-0.241827,0.00906594,-0.25089294,-0.27876993333333333,-2.8043948646406663e-06,6.432142432320333e-06,,False,False
sf,27,neg,neg_rep1,neg_ctl0,02,half_selected_row0,0,64,-0.251683,0.0090017,-0.2606847,-0.28964966666666664,-2.9138437852033327e-06,6.4868668926016656e-06,,False,False
sf,27,neg,neg_rep1,neg_ctl0,02,half_selected_row0,0,147,-0.234728,0.00889159,-0.24361959,-0.2706884333333333,-2.7230958636056664e-06,6.391492931802833e-06,,False,False
sf,27,neg,neg_rep1,neg_ctl0,03,half_selected_row0,0,1,-0.251345,0.00909361,-0.26043860999999996,-0.2893762333333333,-2.911093075947666e-06,6.485491537973833e-06,,False,False
sf,27,neg,neg_rep1,neg_ctl0,03,half_selected_row0,0,4,-0.251763,0.00908957,-0.26085257,-0.2898361888888889,-2.9157201782414442e-06,6.487805089120722e-06,,False,False
sf,27,neg,neg_rep1,neg_ctl0,03,half_selected_row0,0,16,-0.243277,0.00907342,-0.25235042,-0.28038935555555555,-2.8206860740597777e-06,6.440288037029889e-06,,False,False
sf,27,neg,neg_rep1,neg_ctl0,03,half_selected_row0,0,64,-0.251632,0.00900908,-0.26064108,-0.2896012,-2.913356215868e-06,6.486623107933999e-06,,False,False
sf,27,neg,neg_rep1,neg_ctl0,03,half_selected_row0,0,147,-0.23503,0.0088988,-0.2439288,-0.271032,-2.7265521064799996e-06,6.393221053239999e-06,,False,False
sf,27,neg,neg_rep1,neg_ctl0,10,neighbor_column,1,1,1.01039,1.01039,0.0,0.0,0.0,5.029945e-06,,True,False
sf,27,neg,neg_rep1,neg_ctl0,10,neighbor_column,1,4,1.01027,1.01027,0.0,0.0,0.0,5.029945e-06,,True,False
sf,27,neg,neg_rep1,neg_ctl0,10,neighbor_column,1,16,1.00975,1.00975,0.0,0.0,0.0,5.029945e-06,,True,False
sf,27,neg,neg_rep1,neg_ctl0,10,neighbor_column,1,64,1.00771,1.00771,0.0,0.0,0.0,5.029945e-06,,True,False
sf,27,neg,neg_rep1,neg_ctl0,10,neighbor_column,1,147,1.00419,1.00419,0.0,0.0,0.0,5.029945e-06,,True,False
sf,27,neg,neg_rep1,neg_ctl0,11,shared_wbl_column,1,1,1.01493,1.0149,-3.0000000000196536e-05,-3.333333333355171e-05,-3.3532966666886343e-10,5.030112664833334e-06,,True,False
sf,27,neg,neg_rep1,neg_ctl0,11,shared_wbl_column,1,4,1.01489,1.01477,-0.00012000000000012001,-0.00013333333333346667,-1.3413186666680079e-09,5.030615659333334e-06,,True,False
sf,27,neg,neg_rep1,neg_ctl0,11,shared_wbl_column,1,16,1.01474,1.01426,-0.00048000000000003595,-0.0005333333333333733,-5.3652746666670676e-09,5.032627637333333e-06,,True,False
sf,27,neg,neg_rep1,neg_ctl0,11,shared_wbl_column,1,64,1.01413,1.0122,-0.0019299999999999873,-0.00214444444444443,-2.157287522222208e-08,5.040731437611111e-06,,False,False
sf,27,neg,neg_rep1,neg_ctl0,11,shared_wbl_column,1,147,1.01308,1.00866,-0.0044200000000000905,-0.0049111111111112115,-4.940523755555656e-08,5.054647618777778e-06,,False,False
sf,27,neg,neg_rep1,neg_ctl0,12,neighbor_column,1,1,1.0149,1.0149,0.0,0.0,0.0,5.029945e-06,,True,False
sf,27,neg,neg_rep1,neg_ctl0,12,neighbor_column,1,4,1.01477,1.01477,0.0,0.0,0.0,5.029945e-06,,True,False
sf,27,neg,neg_rep1,neg_ctl0,12,neighbor_column,1,16,1.01426,1.01426,0.0,0.0,0.0,5.029945e-06,,True,False
sf,27,neg,neg_rep1,neg_ctl0,12,neighbor_column,1,64,1.0122,1.0122,0.0,0.0,0.0,5.029945e-06,,True,False
sf,27,neg,neg_rep1,neg_ctl0,12,neighbor_column,1,147,1.00866,1.00866,0.0,0.0,0.0,5.029945e-06,,True,False
sf,27,neg,neg_rep1,neg_ctl0,13,neighbor_column,1,1,1.01492,1.01492,0.0,0.0,0.0,5.029945e-06,,True,False
sf,27,neg,neg_rep1,neg_ctl0,13,neighbor_column,1,4,1.01479,1.01479,0.0,0.0,0.0,5.029945e-06,,True,False
sf,27,neg,neg_rep1,neg_ctl0,13,neighbor_column,1,16,1.01427,1.01427,0.0,0.0,0.0,5.029945e-06,,True,False
sf,27,neg,neg_rep1,neg_ctl0,13,neighbor_column,1,64,1.01221,1.01221,0.0,0.0,0.0,5.029945e-06,,True,False
sf,27,neg,neg_rep1,neg_ctl0,13,neighbor_column,1,147,1.00867,1.00867,0.0,0.0,0.0,5.029945e-06,,True,False
sf,27,neg,neg_rep1,neg_ctl0,20,neighbor_column,0,1,0.00804854,0.00804854,0.0,0.0,0.0,5.029945e-06,,True,False
sf,27,neg,neg_rep1,neg_ctl0,20,neighbor_column,0,4,0.00804493,0.00804493,0.0,0.0,0.0,5.029945e-06,,True,False
sf,27,neg,neg_rep1,neg_ctl0,20,neighbor_column,0,16,0.00803051,0.00803051,0.0,0.0,0.0,5.029945e-06,,True,False
sf,27,neg,neg_rep1,neg_ctl0,20,neighbor_column,0,64,0.00797309,0.00797309,0.0,0.0,0.0,5.029945e-06,,True,False
sf,27,neg,neg_rep1,neg_ctl0,20,neighbor_column,0,147,0.00787468,0.00787468,0.0,0.0,0.0,5.029945e-06,,True,False
sf,27,neg,neg_rep1,neg_ctl0,21,shared_wbl_column,0,1,0.0115963,0.0115609,3.539999999999967e-05,3.9333333333332966e-05,3.956890066666629e-10,5.029747155496667e-06,2.720631676730119e-08,True,False
sf,27,neg,neg_rep1,neg_ctl0,21,shared_wbl_column,0,4,0.0116972,0.0115559,0.00014130000000000045,0.0001570000000000005,1.579402730000005e-09,5.029155298635e-06,1.0859470506270358e-07,True,False
sf,27,neg,neg_rep1,neg_ctl0,21,shared_wbl_column,0,16,0.0120971,0.011536,0.0005611000000000001,0.0006234444444444446,6.2717825322222235e-09,5.026809108733889e-06,4.3122780616194477e-07,True,False
sf,27,neg,neg_rep1,neg_ctl0,21,shared_wbl_column,0,64,0.0136494,0.0114565,0.002192900000000001,0.002436555555555557,2.4511480867777788e-08,5.017689259566111e-06,1.6853314135315076e-06,False,False
sf,27,neg,neg_rep1,neg_ctl0,21,shared_wbl_column,0,147,0.0161661,0.0113202,0.0048458999999999985,0.005384333333333331,5.416580105666664e-08,5.002862099471667e-06,3.724268091035764e-06,False,False
sf,27,neg,neg_rep1,neg_ctl0,22,neighbor_column,0,1,0.0115609,0.0115609,0.0,0.0,0.0,5.029945e-06,,True,False
sf,27,neg,neg_rep1,neg_ctl0,22,neighbor_column,0,4,0.0115559,0.0115559,0.0,0.0,0.0,5.029945e-06,,True,False
sf,27,neg,neg_rep1,neg_ctl0,22,neighbor_column,0,16,0.011536,0.011536,0.0,0.0,0.0,5.029945e-06,,True,False
sf,27,neg,neg_rep1,neg_ctl0,22,neighbor_column,0,64,0.0114565,0.0114565,0.0,0.0,0.0,5.029945e-06,,True,False
sf,27,neg,neg_rep1,neg_ctl0,22,neighbor_column,0,147,0.0113203,0.0113203,0.0,0.0,0.0,5.029945e-06,,True,False
sf,27,neg,neg_rep1,neg_ctl0,23,neighbor_column,0,1,0.0115705,0.0115705,0.0,0.0,0.0,5.029945e-06,,True,False
sf,27,neg,neg_rep1,neg_ctl0,23,neighbor_column,0,4,0.0115655,0.0115655,0.0,0.0,0.0,5.029945e-06,,True,False
sf,27,neg,neg_rep1,neg_ctl0,23,neighbor_column,0,16,0.0115455,0.0115455,0.0,0.0,0.0,5.029945e-06,,True,False
sf,27,neg,neg_rep1,neg_ctl0,23,neighbor_column,0,64,0.0114659,0.0114659,0.0,0.0,0.0,5.029945e-06,,True,False
sf,27,neg,neg_rep1,neg_ctl0,23,neighbor_column,0,147,0.0113294,0.0113294,0.0,0.0,0.0,5.029945e-06,,True,False
sf,27,neg,neg_rep1,neg_ctl0,30,neighbor_column,1,1,1.00471,1.00471,0.0,0.0,0.0,5.029945e-06,,True,False
sf,27,neg,neg_rep1,neg_ctl0,30,neighbor_column,1,4,1.00458,1.00458,0.0,0.0,0.0,5.029945e-06,,True,False
sf,27,neg,neg_rep1,neg_ctl0,30,neighbor_column,1,16,1.00407,1.00407,0.0,0.0,0.0,5.029945e-06,,True,False
sf,27,neg,neg_rep1,neg_ctl0,30,neighbor_column,1,64,1.00203,1.00203,0.0,0.0,0.0,5.029945e-06,,True,False
sf,27,neg,neg_rep1,neg_ctl0,30,neighbor_column,1,147,0.998517,0.998517,0.0,0.0,0.0,5.029945e-06,,True,False
sf,27,neg,neg_rep1,neg_ctl0,31,shared_wbl_column,1,1,1.00927,1.00924,-2.999999999997449e-05,-3.333333333330499e-05,-3.3532966666638153e-10,5.030112664833333e-06,,True,False
sf,27,neg,neg_rep1,neg_ctl0,31,shared_wbl_column,1,4,1.00924,1.00912,-0.00011999999999989797,-0.00013333333333321996,-1.3413186666655261e-09,5.030615659333333e-06,,True,False
sf,27,neg,neg_rep1,neg_ctl0,31,shared_wbl_column,1,16,1.00909,1.0086,-0.0004900000000001015,-0.0005444444444445572,-5.477051222223356e-09,5.032683525611111e-06,,True,False
sf,27,neg,neg_rep1,neg_ctl0,31,shared_wbl_column,1,64,1.00848,1.00655,-0.0019299999999999873,-0.00214444444444443,-2.157287522222208e-08,5.040731437611111e-06,,False,False
sf,27,neg,neg_rep1,neg_ctl0,31,shared_wbl_column,1,147,1.00743,1.00302,-0.004410000000000025,-0.004900000000000028,-4.929346100000027e-08,5.0545917305e-06,,False,False
sf,27,neg,neg_rep1,neg_ctl0,32,neighbor_column,1,1,1.00924,1.00924,0.0,0.0,0.0,5.029945e-06,,True,False
sf,27,neg,neg_rep1,neg_ctl0,32,neighbor_column,1,4,1.00912,1.00912,0.0,0.0,0.0,5.029945e-06,,True,False
sf,27,neg,neg_rep1,neg_ctl0,32,neighbor_column,1,16,1.0086,1.0086,0.0,0.0,0.0,5.029945e-06,,True,False
sf,27,neg,neg_rep1,neg_ctl0,32,neighbor_column,1,64,1.00655,1.00655,0.0,0.0,0.0,5.029945e-06,,True,False
sf,27,neg,neg_rep1,neg_ctl0,32,neighbor_column,1,147,1.00302,1.00302,0.0,0.0,0.0,5.029945e-06,,True,False
sf,27,neg,neg_rep1,neg_ctl0,33,neighbor_column,1,1,1.00925,1.00925,0.0,0.0,0.0,5.029945e-06,,True,False
sf,27,neg,neg_rep1,neg_ctl0,33,neighbor_column,1,4,1.00913,1.00913,0.0,0.0,0.0,5.029945e-06,,True,False
sf,27,neg,neg_rep1,neg_ctl0,33,neighbor_column,1,16,1.00861,1.00861,0.0,0.0,0.0,5.029945e-06,,True,False
sf,27,neg,neg_rep1,neg_ctl0,33,neighbor_column,1,64,1.00656,1.00656,0.0,0.0,0.0,5.029945e-06,,True,False
sf,27,neg,neg_rep1,neg_ctl0,33,neighbor_column,1,147,1.00302,1.00302,0.0,0.0,0.0,5.029945e-06,,True,False
sf,27,neg,neg_rep0,neg_ctl1,00,half_selected_row0,1,1,1.01234,1.01232,-1.999999999990898e-05,-2.2222222222121088e-05,-2.235531111100937e-10,5.030056776555555e-06,,True,False
sf,27,neg,neg_rep0,neg_ctl1,00,half_selected_row0,1,4,1.01239,1.01232,-6.999999999979245e-05,-7.777777777754717e-05,-7.824358888865689e-10,5.030336217944443e-06,,True,False
sf,27,neg,neg_rep0,neg_ctl1,00,half_selected_row0,1,16,1.01261,1.01232,-0.00028999999999990145,-0.0003222222222221127,-3.2415201111100094e-09,5.031565760055555e-06,,True,False
sf,27,neg,neg_rep0,neg_ctl1,00,half_selected_row0,1,64,1.01343,1.01232,-0.0011099999999999444,-0.0012333333333332714,-1.2407197666666042e-08,5.0361485988333325e-06,,False,False
sf,27,neg,neg_rep0,neg_ctl1,00,half_selected_row0,1,147,1.01478,1.01231,-0.0024699999999999722,-0.0027444444444444135,-2.760880922222191e-08,5.043749404611111e-06,,False,False
sf,27,neg,neg_rep0,neg_ctl1,01,target_cell,1,1,-0.232558,1.01683,1.249388,1.3882088888888888,1.3965228719244442e-05,-1.952669359622222e-06,0.03188505491748494,False,
sf,27,neg,neg_rep0,neg_ctl1,01,target_cell,1,4,-0.232614,1.01683,1.249444,1.388271111111111,1.3965854667955554e-05,-1.952982333977777e-06,0.031886484067657164,False,
sf,27,neg,neg_rep0,neg_ctl1,01,target_cell,1,16,-0.225842,1.01683,1.2426719999999998,1.3807466666666663,1.389015958453333e-05,-1.915134792266665e-06,0.03171365897897277,False,
sf,27,neg,neg_rep0,neg_ctl1,01,target_cell,1,64,-0.232632,1.01682,1.249452,1.38828,1.39659440892e-05,-1.9530270445999996e-06,0.03188668823196748,False,
sf,27,neg,neg_rep0,neg_ctl1,01,target_cell,1,147,-0.220599,1.01682,1.237419,1.37491,1.38314433599e-05,-1.8857766799500002e-06,0.03157959958871007,False,
sf,27,neg,neg_rep0,neg_ctl1,02,half_selected_row0,1,1,1.01684,1.01683,-1.0000000000065512e-05,-1.1111111111183902e-05,-1.1177655555628782e-10,5.030000888277778e-06,,True,False
sf,27,neg,neg_rep0,neg_ctl1,02,half_selected_row0,1,4,1.01689,1.01683,-6.000000000017103e-05,-6.666666666685669e-05,-6.706593333352449e-10,5.0302803296666675e-06,,True,False
sf,27,neg,neg_rep0,neg_ctl1,02,half_selected_row0,1,16,1.01709,1.01683,-0.000260000000000149,-0.00028888888888905443,-2.9061904444461096e-09,5.031398095222223e-06,,True,False
sf,27,neg,neg_rep0,neg_ctl1,02,half_selected_row0,1,64,1.01787,1.01682,-0.0010499999999999954,-0.0011666666666666616,-1.173653833333328e-08,5.035813269166667e-06,,False,False
sf,27,neg,neg_rep0,neg_ctl1,02,half_selected_row0,1,147,1.01914,1.01682,-0.0023199999999998777,-0.002577777777777642,-2.593216088888752e-08,5.042911080444443e-06,,False,False
sf,27,neg,neg_rep0,neg_ctl1,03,half_selected_row0,1,1,1.01686,1.01685,-1.0000000000065512e-05,-1.1111111111183902e-05,-1.1177655555628782e-10,5.030000888277778e-06,,True,False
sf,27,neg,neg_rep0,neg_ctl1,03,half_selected_row0,1,4,1.01691,1.01685,-5.999999999994898e-05,-6.666666666660998e-05,-6.706593333327631e-10,5.030280329666667e-06,,True,False
sf,27,neg,neg_rep0,neg_ctl1,03,half_selected_row0,1,16,1.01712,1.01685,-0.00026999999999999247,-0.0002999999999999916,-3.0179669999999156e-09,5.0314539835e-06,,True,False
sf,27,neg,neg_rep0,neg_ctl1,03,half_selected_row0,1,64,1.01791,1.01684,-0.0010700000000001264,-0.0011888888888890294,-1.1960091444445857e-08,5.035925045722223e-06,,False,False
sf,27,neg,neg_rep0,neg_ctl1,03,half_selected_row0,1,147,1.0192,1.01684,-0.0023600000000001398,-0.0026222222222223777,-2.6379267111112674e-08,5.043134633555556e-06,,False,False
sf,27,neg,neg_rep0,neg_ctl1,10,neighbor_column,1,1,1.01548,1.01548,0.0,0.0,0.0,5.029945e-06,,True,False
sf,27,neg,neg_rep0,neg_ctl1,10,neighbor_column,1,4,1.01548,1.01548,0.0,0.0,0.0,5.029945e-06,,True,False
sf,27,neg,neg_rep0,neg_ctl1,10,neighbor_column,1,16,1.01548,1.01548,0.0,0.0,0.0,5.029945e-06,,True,False
sf,27,neg,neg_rep0,neg_ctl1,10,neighbor_column,1,64,1.01548,1.01548,0.0,0.0,0.0,5.029945e-06,,True,False
sf,27,neg,neg_rep0,neg_ctl1,10,neighbor_column,1,147,1.01547,1.01547,0.0,0.0,0.0,5.029945e-06,,True,False
sf,27,neg,neg_rep0,neg_ctl1,11,shared_wbl_column,1,1,1.01995,1.01998,3.0000000000196536e-05,3.333333333355171e-05,3.3532966666886343e-10,5.029777335166665e-06,2.3865384615540877e-08,True,False
sf,27,neg,neg_rep0,neg_ctl1,11,shared_wbl_column,1,4,1.01986,1.01998,0.00012000000000012001,0.00013333333333346667,1.3413186666680079e-09,5.029274340666666e-06,9.546153846163358e-08,True,False
sf,27,neg,neg_rep0,neg_ctl1,11,shared_wbl_column,1,16,1.0195,1.01998,0.00048000000000003595,0.0005333333333333733,5.3652746666670676e-09,5.027262362666666e-06,3.8184615384618106e-07,True,False
sf,27,neg,neg_rep0,neg_ctl1,11,shared_wbl_column,1,64,1.01804,1.01998,0.0019400000000000528,0.002155555555555614,2.1684651777778365e-08,5.0191026741111105e-06,1.543294871794908e-06,False,False
sf,27,neg,neg_rep0,neg_ctl1,11,shared_wbl_column,1,147,1.01552,1.01997,0.004450000000000065,0.004944444444444517,4.9740567222222945e-08,5.005074716388888e-06,3.5400320512820902e-06,False,False
sf,27,neg,neg_rep0,neg_ctl1,12,neighbor_column,1,1,1.01998,1.01998,0.0,0.0,0.0,5.029945e-06,,True,False
sf,27,neg,neg_rep0,neg_ctl1,12,neighbor_column,1,4,1.01998,1.01998,0.0,0.0,0.0,5.029945e-06,,True,False
sf,27,neg,neg_rep0,neg_ctl1,12,neighbor_column,1,16,1.01998,1.01998,0.0,0.0,0.0,5.029945e-06,,True,False
sf,27,neg,neg_rep0,neg_ctl1,12,neighbor_column,1,64,1.01998,1.01998,0.0,0.0,0.0,5.029945e-06,,True,False
sf,27,neg,neg_rep0,neg_ctl1,12,neighbor_column,1,147,1.01997,1.01997,0.0,0.0,0.0,5.029945e-06,,True,False
sf,27,neg,neg_rep0,neg_ctl1,13,neighbor_column,1,1,1.02,1.02,0.0,0.0,0.0,5.029945e-06,,True,False
sf,27,neg,neg_rep0,neg_ctl1,13,neighbor_column,1,4,1.02,1.02,0.0,0.0,0.0,5.029945e-06,,True,False
sf,27,neg,neg_rep0,neg_ctl1,13,neighbor_column,1,16,1.02,1.02,0.0,0.0,0.0,5.029945e-06,,True,False
sf,27,neg,neg_rep0,neg_ctl1,13,neighbor_column,1,64,1.02,1.02,0.0,0.0,0.0,5.029945e-06,,True,False
sf,27,neg,neg_rep0,neg_ctl1,13,neighbor_column,1,147,1.01999,1.01999,0.0,0.0,0.0,5.029945e-06,,True,False
sf,27,neg,neg_rep0,neg_ctl1,20,neighbor_column,0,1,0.0121851,0.0121851,0.0,0.0,0.0,5.029945e-06,,True,False
sf,27,neg,neg_rep0,neg_ctl1,20,neighbor_column,0,4,0.0123479,0.0123479,0.0,0.0,0.0,5.029945e-06,,True,False
sf,27,neg,neg_rep0,neg_ctl1,20,neighbor_column,0,16,0.0129914,0.0129914,0.0,0.0,0.0,5.029945e-06,,True,False
sf,27,neg,neg_rep0,neg_ctl1,20,neighbor_column,0,64,0.0154469,0.0154469,0.0,0.0,0.0,5.029945e-06,,True,False
sf,27,neg,neg_rep0,neg_ctl1,20,neighbor_column,0,147,0.0193044,0.0193044,0.0,0.0,0.0,5.029945e-06,,True,False
sf,27,neg,neg_rep0,neg_ctl1,21,shared_wbl_column,0,1,0.0156799,0.0157157,-3.579999999999903e-05,-3.9777777777776695e-05,-4.0016006888887795e-10,5.030145080034444e-06,,True,False
sf,27,neg,neg_rep0,neg_ctl1,21,shared_wbl_column,0,4,0.015719,0.015862,-0.00014300000000000077,-0.00015888888888888973,-1.5984047444444528e-09,5.030744202372222e-06,,True,False
sf,27,neg,neg_rep0,neg_ctl1,21,shared_wbl_column,0,16,0.0158749,0.0164407,-0.0005657999999999982,-0.0006286666666666647,-6.324317513333314e-09,5.0331071587566665e-06,,True,False
sf,27,neg,neg_rep0,neg_ctl1,21,shared_wbl_column,0,64,0.0164862,0.018659,-0.002172799999999999,-0.0024142222222222212,-2.42868099911111e-08,5.042088404995555e-06,,False,False
sf,27,neg,neg_rep0,neg_ctl1,21,shared_wbl_column,0,147,0.0175098,0.0221747,-0.0046649,-0.005183222222222222,-5.2142645401111104e-08,5.056016322700555e-06,,False,False
sf,27,neg,neg_rep0,neg_ctl1,22,neighbor_column,0,1,0.0157157,0.0157157,0.0,0.0,0.0,5.029945e-06,,True,False
sf,27,neg,neg_rep0,neg_ctl1,22,neighbor_column,0,4,0.015862,0.015862,0.0,0.0,0.0,5.029945e-06,,True,False
sf,27,neg,neg_rep0,neg_ctl1,22,neighbor_column,0,16,0.0164407,0.0164407,0.0,0.0,0.0,5.029945e-06,,True,False
sf,27,neg,neg_rep0,neg_ctl1,22,neighbor_column,0,64,0.018659,0.018659,0.0,0.0,0.0,5.029945e-06,,True,False
sf,27,neg,neg_rep0,neg_ctl1,22,neighbor_column,0,147,0.0221747,0.0221747,0.0,0.0,0.0,5.029945e-06,,True,False
sf,27,neg,neg_rep0,neg_ctl1,23,neighbor_column,0,1,0.0157288,0.0157288,0.0,0.0,0.0,5.029945e-06,,True,False
sf,27,neg,neg_rep0,neg_ctl1,23,neighbor_column,0,4,0.0158752,0.0158752,0.0,0.0,0.0,5.029945e-06,,True,False
sf,27,neg,neg_rep0,neg_ctl1,23,neighbor_column,0,16,0.0164541,0.0164541,0.0,0.0,0.0,5.029945e-06,,True,False
sf,27,neg,neg_rep0,neg_ctl1,23,neighbor_column,0,64,0.0186734,0.0186734,0.0,0.0,0.0,5.029945e-06,,True,False
sf,27,neg,neg_rep0,neg_ctl1,23,neighbor_column,0,147,0.0221904,0.0221904,0.0,0.0,0.0,5.029945e-06,,True,False
sf,27,neg,neg_rep0,neg_ctl1,30,neighbor_column,1,1,1.00982,1.00982,0.0,0.0,0.0,5.029945e-06,,True,False
sf,27,neg,neg_rep0,neg_ctl1,30,neighbor_column,1,4,1.00982,1.00982,0.0,0.0,0.0,5.029945e-06,,True,False
sf,27,neg,neg_rep0,neg_ctl1,30,neighbor_column,1,16,1.00982,1.00982,0.0,0.0,0.0,5.029945e-06,,True,False
sf,27,neg,neg_rep0,neg_ctl1,30,neighbor_column,1,64,1.00982,1.00982,0.0,0.0,0.0,5.029945e-06,,True,False
sf,27,neg,neg_rep0,neg_ctl1,30,neighbor_column,1,147,1.00981,1.00981,0.0,0.0,0.0,5.029945e-06,,True,False
sf,27,neg,neg_rep0,neg_ctl1,31,shared_wbl_column,1,1,1.01433,1.01436,2.999999999997449e-05,3.333333333330499e-05,3.3532966666638153e-10,5.029777335166667e-06,2.3942122186475233e-08,True,False
sf,27,neg,neg_rep0,neg_ctl1,31,shared_wbl_column,1,4,1.01423,1.01436,0.00012999999999996348,0.00014444444444440386,1.4530952222218138e-09,5.029218452388889e-06,1.0374919614145174e-07,True,False
sf,27,neg,neg_rep0,neg_ctl1,31,shared_wbl_column,1,16,1.01387,1.01436,0.0004899999999998794,0.0005444444444443105,5.477051222220874e-09,5.027206474388889e-06,3.9105466237933176e-07,True,False
sf,27,neg,neg_rep0,neg_ctl1,31,shared_wbl_column,1,64,1.01241,1.01435,0.0019400000000000528,0.002155555555555614,2.1684651777778365e-08,5.0191026741111105e-06,1.548257234726757e-06,False,False
sf,27,neg,neg_rep0,neg_ctl1,31,shared_wbl_column,1,147,1.00991,1.01435,0.0044399999999999995,0.004933333333333333,4.962879066666666e-08,5.005130604666666e-06,3.543434083601347e-06,False,False
sf,27,neg,neg_rep0,neg_ctl1,32,neighbor_column,1,1,1.01436,1.01436,0.0,0.0,0.0,5.029945e-06,,True,False
sf,27,neg,neg_rep0,neg_ctl1,32,neighbor_column,1,4,1.01436,1.01436,0.0,0.0,0.0,5.029945e-06,,True,False
sf,27,neg,neg_rep0,neg_ctl1,32,neighbor_column,1,16,1.01436,1.01436,0.0,0.0,0.0,5.029945e-06,,True,False
sf,27,neg,neg_rep0,neg_ctl1,32,neighbor_column,1,64,1.01435,1.01435,0.0,0.0,0.0,5.029945e-06,,True,False
sf,27,neg,neg_rep0,neg_ctl1,32,neighbor_column,1,147,1.01435,1.01435,0.0,0.0,0.0,5.029945e-06,,True,False
sf,27,neg,neg_rep0,neg_ctl1,33,neighbor_column,1,1,1.01437,1.01437,0.0,0.0,0.0,5.029945e-06,,True,False
sf,27,neg,neg_rep0,neg_ctl1,33,neighbor_column,1,4,1.01437,1.01437,0.0,0.0,0.0,5.029945e-06,,True,False
sf,27,neg,neg_rep0,neg_ctl1,33,neighbor_column,1,16,1.01437,1.01437,0.0,0.0,0.0,5.029945e-06,,True,False
sf,27,neg,neg_rep0,neg_ctl1,33,neighbor_column,1,64,1.01437,1.01437,0.0,0.0,0.0,5.029945e-06,,True,False
sf,27,neg,neg_rep0,neg_ctl1,33,neighbor_column,1,147,1.01436,1.01436,0.0,0.0,0.0,5.029945e-06,,True,False
sf,125,std,rep1,ctl0,00,half_selected_row0,0,1,-0.124724,0.0210031,-0.1457271,-0.161919,-1.6288873289099999e-06,5.844388664454999e-06,,False,False
sf,125,std,rep1,ctl0,00,half_selected_row0,0,4,-0.128638,0.0202459,-0.1488839,-0.16542655555555558,-1.6641729519677778e-06,5.862031475983889e-06,,False,False
sf,125,std,rep1,ctl0,00,half_selected_row0,0,16,-0.125853,0.0174375,-0.1432905,-0.15921166666666664,-1.601651853383333e-06,5.830770926691667e-06,,False,False
sf,125,std,rep1,ctl0,00,half_selected_row0,0,64,-0.126009,0.00929622,-0.13530522,-0.15033913333333335,-1.5123951440286666e-06,5.786142572014333e-06,,False,False
sf,125,std,rep1,ctl0,00,half_selected_row0,0,147,-0.128232,0.00292537,-0.13115737000000002,-0.14573041111111112,-1.4660319054325556e-06,5.762960952716277e-06,,False,False
sf,125,std,rep1,ctl0,01,target_cell,0,1,1.16832,0.0342048,1.1341152,1.2601280000000001,1.2676749065920001e-05,-1.3084295329600007e-06,0.0001263975719083969,False,
sf,125,std,rep1,ctl0,01,target_cell,0,4,1.22384,0.0331174,1.1907226,1.323025111111111,1.3309487085015555e-05,-1.6247985425077775e-06,0.00013270648824427475,False,
sf,125,std,rep1,ctl0,01,target_cell,0,16,1.27408,0.0290069,1.2450731000000002,1.3834145555555557,1.3916998253287778e-05,-1.9285541266438893e-06,0.00013876387221374041,False,
sf,125,std,rep1,ctl0,01,target_cell,0,64,1.31031,0.0162994,1.2940106,1.4377895555555555,1.4464004772037777e-05,-2.2020573860188887e-06,0.0001442179752671755,False,
sf,125,std,rep1,ctl0,01,target_cell,0,147,1.31914,0.00536829,1.31377171,1.4597463444444443,1.468488765301322e-05,-2.31249882650661e-06,0.00014642035851908388,False,
sf,125,std,rep1,ctl0,02,half_selected_row0,0,1,-0.124346,0.0342049,-0.1585509,-0.17616766666666667,-1.7722273482233332e-06,5.916058674111667e-06,,False,False
sf,125,std,rep1,ctl0,02,half_selected_row0,0,4,-0.128276,0.0331174,-0.1613934,-0.17932599999999999,-1.8039998341399998e-06,5.93194491707e-06,,False,False
sf,125,std,rep1,ctl0,02,half_selected_row0,0,16,-0.125513,0.0290069,-0.15451990000000002,-0.1716887777777778,-1.727170218678889e-06,5.8935301093394445e-06,,False,False
sf,125,std,rep1,ctl0,02,half_selected_row0,0,64,-0.125592,0.0162994,-0.1418914,-0.1576571111111111,-1.5860131954955554e-06,5.822951597747777e-06,,False,False
sf,125,std,rep1,ctl0,02,half_selected_row0,0,147,-0.127881,0.00536829,-0.13324929,-0.14805476666666664,-1.489414666642333e-06,5.774652333321167e-06,,False,False
sf,125,std,rep1,ctl0,03,half_selected_row0,0,1,-0.121565,0.0343124,-0.1558774,-0.1731971111111111,-1.7423438860955555e-06,5.901116943047777e-06,,False,False
sf,125,std,rep1,ctl0,03,half_selected_row0,0,4,-0.125488,0.0332192,-0.1587072,-0.17634133333333332,-1.7739744157866665e-06,5.916932207893332e-06,,False,False
sf,125,std,rep1,ctl0,03,half_selected_row0,0,16,-0.122722,0.0290872,-0.1518092,-0.1686768888888889,-1.6968709477644444e-06,5.878380473882222e-06,,False,False
sf,125,std,rep1,ctl0,03,half_selected_row0,0,64,-0.122818,0.0163189,-0.1391369,-0.15459655555555557,-1.5552243432677779e-06,5.807557171633888e-06,,False,False
sf,125,std,rep1,ctl0,03,half_selected_row0,0,147,-0.125091,0.00535613,-0.13044713,-0.14494125555555554,-1.4580930873507774e-06,5.758991543675389e-06,,False,False
sf,125,std,rep1,ctl0,10,neighbor_column,1,1,1.03259,1.03259,0.0,0.0,0.0,5.029945e-06,,True,False
sf,125,std,rep1,ctl0,10,neighbor_column,1,4,1.02704,1.02704,0.0,0.0,0.0,5.029945e-06,,True,False
sf,125,std,rep1,ctl0,10,neighbor_column,1,16,1.00512,1.00512,0.0,0.0,0.0,5.029945e-06,,True,False
sf,125,std,rep1,ctl0,10,neighbor_column,1,64,0.921268,0.921268,0.0,0.0,0.0,5.029945e-06,,True,False
sf,125,std,rep1,ctl0,10,neighbor_column,1,147,0.789598,0.789598,0.0,0.0,0.0,5.029945e-06,,True,False
sf,125,std,rep1,ctl0,11,shared_wbl_column,1,1,1.04856,1.04745,-0.0011099999999999444,-0.0012333333333332714,-1.2407197666666042e-08,5.0361485988333325e-06,,False,False
sf,125,std,rep1,ctl0,11,shared_wbl_column,1,4,1.04628,1.04186,-0.0044200000000000905,-0.0049111111111112115,-4.940523755555656e-08,5.054647618777778e-06,,False,False
sf,125,std,rep1,ctl0,11,shared_wbl_column,1,16,1.0372,1.01973,-0.017469999999999875,-0.019411111111110973,-1.9527364255555414e-07,5.127581821277777e-06,,False,False
sf,125,std,rep1,ctl0,11,shared_wbl_column,1,64,1.00136,0.935118,-0.06624200000000002,-0.07360222222222225,-7.404302593111113e-07,5.400160129655556e-06,,False,False
sf,125,std,rep1,ctl0,11,shared_wbl_column,1,147,0.941161,0.802248,-0.13891300000000006,-0.15434777777777783,-1.5527216661888894e-06,5.806305833094444e-06,,False,False
sf,125,std,rep1,ctl0,12,neighbor_column,1,1,1.04745,1.04745,0.0,0.0,0.0,5.029945e-06,,True,False
sf,125,std,rep1,ctl0,12,neighbor_column,1,4,1.04186,1.04186,0.0,0.0,0.0,5.029945e-06,,True,False
sf,125,std,rep1,ctl0,12,neighbor_column,1,16,1.01973,1.01973,0.0,0.0,0.0,5.029945e-06,,True,False
sf,125,std,rep1,ctl0,12,neighbor_column,1,64,0.935118,0.935118,0.0,0.0,0.0,5.029945e-06,,True,False
sf,125,std,rep1,ctl0,12,neighbor_column,1,147,0.802248,0.802248,0.0,0.0,0.0,5.029945e-06,,True,False
sf,125,std,rep1,ctl0,13,neighbor_column,1,1,1.04762,1.04762,0.0,0.0,0.0,5.029945e-06,,True,False
sf,125,std,rep1,ctl0,13,neighbor_column,1,4,1.042,1.042,0.0,0.0,0.0,5.029945e-06,,True,False
sf,125,std,rep1,ctl0,13,neighbor_column,1,16,1.0198,1.0198,0.0,0.0,0.0,5.029945e-06,,True,False
sf,125,std,rep1,ctl0,13,neighbor_column,1,64,0.934893,0.934893,0.0,0.0,0.0,5.029945e-06,,True,False
sf,125,std,rep1,ctl0,13,neighbor_column,1,147,0.801612,0.801612,0.0,0.0,0.0,5.029945e-06,,True,False
sf,125,std,rep1,ctl0,20,neighbor_column,0,1,0.0301462,0.0301462,0.0,0.0,0.0,5.029945e-06,,True,False
sf,125,std,rep1,ctl0,20,neighbor_column,0,4,0.0291565,0.0291565,0.0,0.0,0.0,5.029945e-06,,True,False
sf,125,std,rep1,ctl0,20,neighbor_column,0,16,0.0254339,0.0254339,0.0,0.0,0.0,5.029945e-06,,True,False
sf,125,std,rep1,ctl0,20,neighbor_column,0,64,0.0141213,0.0141213,0.0,0.0,0.0,5.029945e-06,,True,False
sf,125,std,rep1,ctl0,20,neighbor_column,0,147,0.00462103,0.00462103,0.0,0.0,0.0,5.029945e-06,,True,False
sf,125,std,rep1,ctl0,21,shared_wbl_column,0,1,0.0438863,0.0433463,0.0005400000000000058,0.0006000000000000063,6.0359340000000636e-09,5.026927032999999e-06,1.1939016840295693e-07,True,False
sf,125,std,rep1,ctl0,21,shared_wbl_column,0,4,0.0442281,0.0420913,0.002136800000000001,0.0023742222222222233,2.388441439111112e-08,5.018002792804444e-06,4.724313182285848e-07,False,False
sf,125,std,rep1,ctl0,21,shared_wbl_column,0,16,0.0454731,0.0372938,0.0081793,0.009088111111111111,9.142539808555554e-08,4.984232300957222e-06,1.8083851933672132e-06,False,False
sf,125,std,rep1,ctl0,21,shared_wbl_column,0,64,0.0489914,0.0218189,0.0271725,0.030191666666666665,3.037248455833333e-07,4.878082577208333e-06,6.007646946165393e-06,False,False
sf,125,std,rep1,ctl0,21,shared_wbl_column,0,147,0.0519843,0.00749787,0.044486429999999993,0.049429366666666655,4.972539914363332e-07,4.781318004281833e-06,9.835634017307959e-06,False,False
sf,125,std,rep1,ctl0,22,neighbor_column,0,1,0.0433463,0.0433463,0.0,0.0,0.0,5.029945e-06,,True,False
sf,125,std,rep1,ctl0,22,neighbor_column,0,4,0.0420913,0.0420913,0.0,0.0,0.0,5.029945e-06,,True,False
sf,125,std,rep1,ctl0,22,neighbor_column,0,16,0.0372938,0.0372938,0.0,0.0,0.0,5.029945e-06,,True,False
sf,125,std,rep1,ctl0,22,neighbor_column,0,64,0.0218189,0.0218189,0.0,0.0,0.0,5.029945e-06,,True,False
sf,125,std,rep1,ctl0,22,neighbor_column,0,147,0.00749787,0.00749787,0.0,0.0,0.0,5.029945e-06,,True,False
sf,125,std,rep1,ctl0,23,neighbor_column,0,1,0.0434821,0.0434821,0.0,0.0,0.0,5.029945e-06,,True,False
sf,125,std,rep1,ctl0,23,neighbor_column,0,4,0.0422209,0.0422209,0.0,0.0,0.0,5.029945e-06,,True,False
sf,125,std,rep1,ctl0,23,neighbor_column,0,16,0.0373994,0.0373994,0.0,0.0,0.0,5.029945e-06,,True,False
sf,125,std,rep1,ctl0,23,neighbor_column,0,64,0.0218512,0.0218512,0.0,0.0,0.0,5.029945e-06,,True,False
sf,125,std,rep1,ctl0,23,neighbor_column,0,147,0.00748437,0.00748437,0.0,0.0,0.0,5.029945e-06,,True,False
sf,125,std,rep1,ctl0,30,neighbor_column,1,1,1.01389,1.01389,0.0,0.0,0.0,5.029945e-06,,True,False
sf,125,std,rep1,ctl0,30,neighbor_column,1,4,1.00831,1.00831,0.0,0.0,0.0,5.029945e-06,,True,False
sf,125,std,rep1,ctl0,30,neighbor_column,1,16,0.986264,0.986264,0.0,0.0,0.0,5.029945e-06,,True,False
sf,125,std,rep1,ctl0,30,neighbor_column,1,64,0.902006,0.902006,0.0,0.0,0.0,5.029945e-06,,True,False
sf,125,std,rep1,ctl0,30,neighbor_column,1,147,0.769919,0.769919,0.0,0.0,0.0,5.029945e-06,,True,False
sf,125,std,rep1,ctl0,31,shared_wbl_column,1,1,1.03024,1.02913,-0.0011099999999999444,-0.0012333333333332714,-1.2407197666666042e-08,5.0361485988333325e-06,,False,False
sf,125,std,rep1,ctl0,31,shared_wbl_column,1,4,1.02794,1.0235,-0.0044399999999999995,-0.004933333333333333,-4.962879066666666e-08,5.0547593953333325e-06,,False,False
sf,125,std,rep1,ctl0,31,shared_wbl_column,1,16,1.01876,1.00124,-0.017520000000000202,-0.019466666666666892,-1.958325253333356e-07,5.127861262666668e-06,,False,False
sf,125,std,rep1,ctl0,31,shared_wbl_column,1,64,0.982556,0.916176,-0.06638,-0.07375555555555555,-7.419727757777776e-07,5.400931387888889e-06,,False,False
sf,125,std,rep1,ctl0,31,shared_wbl_column,1,147,0.921784,0.782838,-0.13894600000000001,-0.15438444444444446,-1.5530905288222222e-06,5.8064902644111105e-06,,False,False
sf,125,std,rep1,ctl0,32,neighbor_column,1,1,1.02913,1.02913,0.0,0.0,0.0,5.029945e-06,,True,False
sf,125,std,rep1,ctl0,32,neighbor_column,1,4,1.0235,1.0235,0.0,0.0,0.0,5.029945e-06,,True,False
sf,125,std,rep1,ctl0,32,neighbor_column,1,16,1.00124,1.00124,0.0,0.0,0.0,5.029945e-06,,True,False
sf,125,std,rep1,ctl0,32,neighbor_column,1,64,0.916176,0.916176,0.0,0.0,0.0,5.029945e-06,,True,False
sf,125,std,rep1,ctl0,32,neighbor_column,1,147,0.782838,0.782838,0.0,0.0,0.0,5.029945e-06,,True,False
sf,125,std,rep1,ctl0,33,neighbor_column,1,1,1.02923,1.02923,0.0,0.0,0.0,5.029945e-06,,True,False
sf,125,std,rep1,ctl0,33,neighbor_column,1,4,1.02358,1.02358,0.0,0.0,0.0,5.029945e-06,,True,False
sf,125,std,rep1,ctl0,33,neighbor_column,1,16,1.00124,1.00124,0.0,0.0,0.0,5.029945e-06,,True,False
sf,125,std,rep1,ctl0,33,neighbor_column,1,64,0.915885,0.915885,0.0,0.0,0.0,5.029945e-06,,True,False
sf,125,std,rep1,ctl0,33,neighbor_column,1,147,0.782133,0.782133,0.0,0.0,0.0,5.029945e-06,,True,False
sf,125,std,rep0,ctl1,00,half_selected_row0,1,1,1.18525,1.041,-0.14425,-0.16027777777777777,-1.6123768138888887e-06,5.836133406944444e-06,,False,False
sf,125,std,rep0,ctl1,00,half_selected_row0,1,4,1.24021,1.04007,-0.20013999999999998,-0.22237777777777776,-2.2370959828888884e-06,6.148492991444444e-06,,False,False
sf,125,std,rep0,ctl1,00,half_selected_row0,1,16,1.29319,1.03639,-0.25680000000000014,-0.2853333333333335,-2.870421946666668e-06,6.4651559733333335e-06,,False,False
sf,125,std,rep0,ctl1,00,half_selected_row0,1,64,1.34021,1.02167,-0.3185399999999998,-0.35393333333333316,-3.5605304006666647e-06,6.810210200333332e-06,,False,False
sf,125,std,rep0,ctl1,00,half_selected_row0,1,147,1.36139,0.996217,-0.3651730000000001,-0.4057477777777779,-4.08177801218889e-06,7.070834006094444e-06,,False,False
sf,125,std,rep0,ctl1,01,target_cell,1,1,-0.104512,1.05589,1.160402,1.2893355555555555,1.2970573861977777e-05,-1.4553419309888882e-06,0.0001997549470445626,False,
sf,125,std,rep0,ctl1,01,target_cell,1,4,-0.107955,1.05497,1.162925,1.292138888888889,1.2998775086944444e-05,-1.4694425434722225e-06,0.0002001892635412538,False,
sf,125,std,rep0,ctl1,01,target_cell,1,16,-0.105538,1.05131,1.1568479999999999,1.2853866666666665,1.293084847413333e-05,-1.4354792370666655e-06,0.00019914315123432065,False,
sf,125,std,rep0,ctl1,01,target_cell,1,64,-0.105608,1.03667,1.142278,1.2691977777777776,1.2767990032688887e-05,-1.3540500163444437e-06,0.00019663502941236647,False,
sf,125,std,rep0,ctl1,01,target_cell,1,147,-0.107611,1.01135,1.1189609999999999,1.2432899999999998,1.2507360638099998e-05,-1.2237353190499988e-06,0.00019262117378281908,False,
sf,125,std,rep0,ctl1,02,half_selected_row0,1,1,1.18669,1.05589,-0.13080000000000003,-0.14533333333333337,-1.462037346666667e-06,5.760963673333333e-06,,False,False
sf,125,std,rep0,ctl1,02,half_selected_row0,1,4,1.24122,1.05497,-0.18625000000000003,-0.20694444444444446,-2.081838347222222e-06,6.070864173611111e-06,,False,False
sf,125,std,rep0,ctl1,02,half_selected_row0,1,16,1.29408,1.05131,-0.24276999999999993,-0.26974444444444434,-2.713599439222221e-06,6.38674471961111e-06,,False,False
sf,125,std,rep0,ctl1,02,half_selected_row0,1,64,1.3411,1.03667,-0.30443,-0.33825555555555553,-3.4028136807777773e-06,6.731351840388888e-06,,False,False
sf,125,std,rep0,ctl1,02,half_selected_row0,1,147,1.36232,1.01135,-0.35097,-0.3899666666666667,-3.923021770333333e-06,6.9914558851666654e-06,,False,False
sf,125,std,rep0,ctl1,03,half_selected_row0,1,1,1.19521,1.05609,-0.13912000000000013,-0.15457777777777792,-1.5550354408888903e-06,5.807462720444445e-06,,False,False
sf,125,std,rep0,ctl1,03,half_selected_row0,1,4,1.24997,1.05517,-0.19480000000000008,-0.21644444444444452,-2.177407302222223e-06,6.118648651111111e-06,,False,False
sf,125,std,rep0,ctl1,03,half_selected_row0,1,16,1.30284,1.0515,-0.2513399999999999,-0.27926666666666655,-2.809391947333332e-06,6.434640973666665e-06,,False,False
sf,125,std,rep0,ctl1,03,half_selected_row0,1,64,1.34978,1.0368,-0.31298000000000004,-0.3477555555555556,-3.498382635777778e-06,6.779136317888889e-06,,False,False
sf,125,std,rep0,ctl1,03,half_selected_row0,1,147,1.37094,1.01139,-0.35955000000000004,-0.3995,-4.018926055e-06,7.0394080275e-06,,False,False
sf,125,std,rep0,ctl1,10,neighbor_column,1,1,1.05116,1.05116,0.0,0.0,0.0,5.029945e-06,,True,False
sf,125,std,rep0,ctl1,10,neighbor_column,1,4,1.05025,1.05025,0.0,0.0,0.0,5.029945e-06,,True,False
sf,125,std,rep0,ctl1,10,neighbor_column,1,16,1.04661,1.04661,0.0,0.0,0.0,5.029945e-06,,True,False
sf,125,std,rep0,ctl1,10,neighbor_column,1,64,1.03206,1.03206,0.0,0.0,0.0,5.029945e-06,,True,False
sf,125,std,rep0,ctl1,10,neighbor_column,1,147,1.0069,1.0069,0.0,0.0,0.0,5.029945e-06,,True,False
sf,125,std,rep0,ctl1,11,shared_wbl_column,1,1,1.06489,1.06599,0.001100000000000101,0.0012222222222223343,1.2295421111112237e-08,5.023797289444443e-06,2.2268986386736243e-08,False,False
sf,125,std,rep0,ctl1,11,shared_wbl_column,1,4,1.06068,1.06509,0.004410000000000025,0.004900000000000028,4.929346100000027e-08,5.0052982695e-06,8.927839087772581e-08,False,False
sf,125,std,rep0,ctl1,11,shared_wbl_column,1,16,1.04396,1.06146,0.01750000000000007,0.019444444444444525,1.95608972222223e-07,4.932140513888889e-06,3.5427932887986375e-07,False,False
sf,125,std,rep0,ctl1,11,shared_wbl_column,1,64,0.979177,1.04695,0.06777300000000008,0.07530333333333343,7.575432499666676e-07,4.651173375016666e-06,1.3720327403528535e-06,False,False
sf,125,std,rep0,ctl1,11,shared_wbl_column,1,147,0.874545,1.02186,0.14731499999999997,0.1636833333333333,1.6466363281666661e-06,4.206626835916666e-06,2.98232339051068e-06,False,True
sf,125,std,rep0,ctl1,12,neighbor_column,1,1,1.06599,1.06599,0.0,0.0,0.0,5.029945e-06,,True,False
sf,125,std,rep0,ctl1,12,neighbor_column,1,4,1.06509,1.06509,0.0,0.0,0.0,5.029945e-06,,True,False
sf,125,std,rep0,ctl1,12,neighbor_column,1,16,1.06146,1.06146,0.0,0.0,0.0,5.029945e-06,,True,False
sf,125,std,rep0,ctl1,12,neighbor_column,1,64,1.04695,1.04695,0.0,0.0,0.0,5.029945e-06,,True,False
sf,125,std,rep0,ctl1,12,neighbor_column,1,147,1.02186,1.02186,0.0,0.0,0.0,5.029945e-06,,True,False
sf,125,std,rep0,ctl1,13,neighbor_column,1,1,1.06623,1.06623,0.0,0.0,0.0,5.029945e-06,,True,False
sf,125,std,rep0,ctl1,13,neighbor_column,1,4,1.06532,1.06532,0.0,0.0,0.0,5.029945e-06,,True,False
sf,125,std,rep0,ctl1,13,neighbor_column,1,16,1.06167,1.06167,0.0,0.0,0.0,5.029945e-06,,True,False
sf,125,std,rep0,ctl1,13,neighbor_column,1,64,1.04711,1.04711,0.0,0.0,0.0,5.029945e-06,,True,False
sf,125,std,rep0,ctl1,13,neighbor_column,1,147,1.02194,1.02194,0.0,0.0,0.0,5.029945e-06,,True,False
sf,125,std,rep0,ctl1,20,neighbor_column,0,1,0.0463679,0.0463679,0.0,0.0,0.0,5.029945e-06,,True,False
sf,125,std,rep0,ctl1,20,neighbor_column,0,4,0.0480414,0.0480414,0.0,0.0,0.0,5.029945e-06,,True,False
sf,125,std,rep0,ctl1,20,neighbor_column,0,16,0.0538074,0.0538074,0.0,0.0,0.0,5.029945e-06,,True,False
sf,125,std,rep0,ctl1,20,neighbor_column,0,64,0.0681967,0.0681967,0.0,0.0,0.0,5.029945e-06,,True,False
sf,125,std,rep0,ctl1,20,neighbor_column,0,147,0.0795603,0.0795603,0.0,0.0,0.0,5.029945e-06,,True,False
sf,125,std,rep0,ctl1,21,shared_wbl_column,0,1,0.0588093,0.0593444,-0.0005350999999999967,-0.0005945555555555518,-5.98116348777774e-09,5.032935581743889e-06,,True,False
sf,125,std,rep0,ctl1,21,shared_wbl_column,0,4,0.058223,0.0603225,-0.002099500000000004,-0.002332777777777782,-2.346748783888893e-08,5.041678743919444e-06,,False,False
sf,125,std,rep0,ctl1,21,shared_wbl_column,0,16,0.056028,0.063825,-0.007797000000000005,-0.008663333333333339,-8.715218036666672e-08,5.0735210901833325e-06,,False,False
sf,125,std,rep0,ctl1,21,shared_wbl_column,0,64,0.0494022,0.0734235,-0.024021300000000002,-0.026690333333333337,-2.6850181739666667e-07,5.1641959086983325e-06,,False,False
sf,125,std,rep0,ctl1,21,shared_wbl_column,0,147,0.0437128,0.0817965,-0.03808369999999999,-0.04231522222222221,-4.25686480881111e-07,5.242788240440555e-06,,False,False
sf,125,std,rep0,ctl1,22,neighbor_column,0,1,0.0593444,0.0593444,0.0,0.0,0.0,5.029945e-06,,True,False
sf,125,std,rep0,ctl1,22,neighbor_column,0,4,0.0603224,0.0603224,0.0,0.0,0.0,5.029945e-06,,True,False
sf,125,std,rep0,ctl1,22,neighbor_column,0,16,0.0638249,0.0638249,0.0,0.0,0.0,5.029945e-06,,True,False
sf,125,std,rep0,ctl1,22,neighbor_column,0,64,0.0734235,0.0734235,0.0,0.0,0.0,5.029945e-06,,True,False
sf,125,std,rep0,ctl1,22,neighbor_column,0,147,0.0817965,0.0817965,0.0,0.0,0.0,5.029945e-06,,True,False
sf,125,std,rep0,ctl1,23,neighbor_column,0,1,0.0595281,0.0595281,0.0,0.0,0.0,5.029945e-06,,True,False
sf,125,std,rep0,ctl1,23,neighbor_column,0,4,0.0605009,0.0605009,0.0,0.0,0.0,5.029945e-06,,True,False
sf,125,std,rep0,ctl1,23,neighbor_column,0,16,0.0639848,0.0639848,0.0,0.0,0.0,5.029945e-06,,True,False
sf,125,std,rep0,ctl1,23,neighbor_column,0,64,0.073535,0.073535,0.0,0.0,0.0,5.029945e-06,,True,False
sf,125,std,rep0,ctl1,23,neighbor_column,0,147,0.0818639,0.0818639,0.0,0.0,0.0,5.029945e-06,,True,False
sf,125,std,rep0,ctl1,30,neighbor_column,1,1,1.03283,1.03283,0.0,0.0,0.0,5.029945e-06,,True,False
sf,125,std,rep0,ctl1,30,neighbor_column,1,4,1.0319,1.0319,0.0,0.0,0.0,5.029945e-06,,True,False
sf,125,std,rep0,ctl1,30,neighbor_column,1,16,1.02818,1.02818,0.0,0.0,0.0,5.029945e-06,,True,False
sf,125,std,rep0,ctl1,30,neighbor_column,1,64,1.01332,1.01332,0.0,0.0,0.0,5.029945e-06,,True,False
sf,125,std,rep0,ctl1,30,neighbor_column,1,147,0.987634,0.987634,0.0,0.0,0.0,5.029945e-06,,True,False
sf,125,std,rep0,ctl1,31,shared_wbl_column,1,1,1.04693,1.04803,0.001100000000000101,0.0012222222222223343,1.2295421111112237e-08,5.023797289444443e-06,2.217043184512895e-08,False,False
sf,125,std,rep0,ctl1,31,shared_wbl_column,1,4,1.04268,1.04711,0.004429999999999934,0.004922222222222149,4.951701411111037e-08,5.005186492944445e-06,8.928637552173707e-08,False,False
sf,125,std,rep0,ctl1,31,shared_wbl_column,1,16,1.02584,1.0434,0.01756000000000002,0.019511111111111132,1.9627963155555575e-07,4.931805184222222e-06,3.539207120003901e-07,False,False
sf,125,std,rep0,ctl1,31,shared_wbl_column,1,64,0.960627,1.02858,0.06795300000000004,0.07550333333333338,7.595552279666671e-07,4.650167386016666e-06,1.3695885047017367e-06,False,False
sf,125,std,rep0,ctl1,31,shared_wbl_column,1,147,0.855438,1.00296,0.14752200000000004,0.16391333333333338,1.648950102866667e-06,4.205469948566666e-06,2.9732967696880127e-06,False,True
sf,125,std,rep0,ctl1,32,neighbor_column,1,1,1.04803,1.04803,0.0,0.0,0.0,5.029945e-06,,True,False
sf,125,std,rep0,ctl1,32,neighbor_column,1,4,1.04711,1.04711,0.0,0.0,0.0,5.029945e-06,,True,False
sf,125,std,rep0,ctl1,32,neighbor_column,1,16,1.0434,1.0434,0.0,0.0,0.0,5.029945e-06,,True,False
sf,125,std,rep0,ctl1,32,neighbor_column,1,64,1.02858,1.02858,0.0,0.0,0.0,5.029945e-06,,True,False
sf,125,std,rep0,ctl1,32,neighbor_column,1,147,1.00296,1.00296,0.0,0.0,0.0,5.029945e-06,,True,False
sf,125,std,rep0,ctl1,33,neighbor_column,1,1,1.04821,1.04821,0.0,0.0,0.0,5.029945e-06,,True,False
sf,125,std,rep0,ctl1,33,neighbor_column,1,4,1.04728,1.04728,0.0,0.0,0.0,5.029945e-06,,True,False
sf,125,std,rep0,ctl1,33,neighbor_column,1,16,1.04356,1.04356,0.0,0.0,0.0,5.029945e-06,,True,False
sf,125,std,rep0,ctl1,33,neighbor_column,1,64,1.02868,1.02868,0.0,0.0,0.0,5.029945e-06,,True,False
sf,125,std,rep0,ctl1,33,neighbor_column,1,147,1.00298,1.00298,0.0,0.0,0.0,5.029945e-06,,True,False
sf,125,neg,neg_rep1,neg_ctl0,00,half_selected_row0,0,1,-0.189581,0.0048295,-0.19441049999999999,-0.21601166666666666,-2.173053605383333e-06,6.1164718026916666e-06,,False,False
sf,125,neg,neg_rep1,neg_ctl0,00,half_selected_row0,0,4,-0.19247,0.00443642,-0.19690642,-0.2187849111111111,-2.200952139437555e-06,6.130421069718778e-06,,False,False
sf,125,neg,neg_rep1,neg_ctl0,00,half_selected_row0,0,16,-0.190105,0.00315642,-0.19326142,-0.2147349111111111,-2.160209584937555e-06,6.110049792468777e-06,,False,False
sf,125,neg,neg_rep1,neg_ctl0,00,half_selected_row0,0,64,-0.191195,0.000804026,-0.19199902600000002,-0.21333225111111112,-2.1460989796301555e-06,6.1029944898150774e-06,,False,False
sf,125,neg,neg_rep1,neg_ctl0,00,half_selected_row0,0,147,-0.192066,7.52115e-05,-0.1921412115,-0.21349023499999997,-2.1476882801741496e-06,6.103789140087075e-06,,False,False
sf,125,neg,neg_rep1,neg_ctl0,01,target_cell,0,1,0.894021,0.00791477,0.88610623,0.9845624777777777,9.904590224571888e-06,7.764988771405583e-08,5.356737372092456e-05,False,
sf,125,neg,neg_rep1,neg_ctl0,01,target_cell,0,4,0.949233,0.00727801,0.94195499,1.0466166555555556,1.0528848427056778e-05,-2.3447921352838913e-07,5.694357320749202e-05,False,
sf,125,neg,neg_rep1,neg_ctl0,01,target_cell,0,16,0.993895,0.0051939,0.9887011,1.0985567777777778,1.1051360343198888e-05,-4.957351715994447e-07,5.97694943663687e-05,False,
sf,125,neg,neg_rep1,neg_ctl0,01,target_cell,0,64,1.01442,0.00132939,1.0130906100000001,1.1256562333333335,1.1323977885147667e-05,-6.320439425738343e-07,6.124390223396741e-05,False,
sf,125,neg,neg_rep1,neg_ctl0,01,target_cell,0,147,1.01562,0.00012476,1.01549524,1.1283280444444443,1.135085601102622e-05,-6.454830055131106e-07,6.13892682290474e-05,False,
sf,125,neg,neg_rep1,neg_ctl0,02,half_selected_row0,0,1,-0.18928,0.00791479,-0.19719479,-0.21910532222222223,-2.204175439970111e-06,6.132032719985055e-06,,False,False
sf,125,neg,neg_rep1,neg_ctl0,02,half_selected_row0,0,4,-0.192479,0.00727803,-0.19975703,-0.22195225555555556,-2.2328152761407777e-06,6.146352638070388e-06,,False,False
sf,125,neg,neg_rep1,neg_ctl0,02,half_selected_row0,0,16,-0.190163,0.00519391,-0.19535691,-0.21706323333333333,-2.1836322503776666e-06,6.121761125188833e-06,,False,False
sf,125,neg,neg_rep1,neg_ctl0,02,half_selected_row0,0,64,-0.190729,0.0013294,-0.19205840000000002,-0.21339822222222224,-2.146762641751111e-06,6.1033263208755545e-06,,False,False
sf,125,neg,neg_rep1,neg_ctl0,02,half_selected_row0,0,147,-0.192136,0.00012476,-0.19226076,-0.21362306666666667,-2.1490245521293333e-06,6.104457276064667e-06,,False,False
sf,125,neg,neg_rep1,neg_ctl0,03,half_selected_row0,0,1,-0.189393,0.00792051,-0.19731351,-0.21923723333333334,-2.2055024512376664e-06,6.132696225618832e-06,,False,False
sf,125,neg,neg_rep1,neg_ctl0,03,half_selected_row0,0,4,-0.192317,0.00728285,-0.19959985,-0.2217776111111111,-2.2310583722405555e-06,6.145474186120278e-06,,False,False
sf,125,neg,neg_rep1,neg_ctl0,03,half_selected_row0,0,16,-0.18993,0.00519606,-0.19512606,-0.2168067333333333,-2.181051888592666e-06,6.1204709442963325e-06,,False,False
sf,125,neg,neg_rep1,neg_ctl0,03,half_selected_row0,0,64,-0.19102,0.00132863,-0.19234863,-0.21372069999999999,-2.150006732723e-06,6.1049483663615e-06,,False,False
sf,125,neg,neg_rep1,neg_ctl0,03,half_selected_row0,0,147,-0.191911,0.000124476,-0.192035476,-0.21337275111111112,-2.1465064051751554e-06,6.103198202587578e-06,,False,False
sf,125,neg,neg_rep1,neg_ctl0,10,neighbor_column,1,1,1.00379,1.00379,0.0,0.0,0.0,5.029945e-06,,True,False
sf,125,neg,neg_rep1,neg_ctl0,10,neighbor_column,1,4,0.987316,0.987316,0.0,0.0,0.0,5.029945e-06,,True,False
sf,125,neg,neg_rep1,neg_ctl0,10,neighbor_column,1,16,0.924281,0.924281,0.0,0.0,0.0,5.029945e-06,,True,False
sf,125,neg,neg_rep1,neg_ctl0,10,neighbor_column,1,64,0.710462,0.710462,0.0,0.0,0.0,5.029945e-06,,True,False
sf,125,neg,neg_rep1,neg_ctl0,10,neighbor_column,1,147,0.441595,0.441595,0.0,0.0,0.0,5.029945e-06,,True,False
sf,125,neg,neg_rep1,neg_ctl0,11,shared_wbl_column,1,1,1.01177,1.00822,-0.003550000000000164,-0.003944444444444627,-3.968067722222405e-08,5.049785338611111e-06,,False,False
sf,125,neg,neg_rep1,neg_ctl0,11,shared_wbl_column,1,4,1.0057,0.991683,-0.014017000000000057,-0.015574444444444507,-1.5667719792222284e-07,5.108283598961111e-06,,False,False
sf,125,neg,neg_rep1,neg_ctl0,11,shared_wbl_column,1,16,0.981741,0.928405,-0.05333599999999994,-0.059262222222222154,-5.961714367111104e-07,5.328030718355554e-06,,False,False
sf,125,neg,neg_rep1,neg_ctl0,11,shared_wbl_column,1,64,0.89089,0.713811,-0.177079,-0.19675444444444443,-1.9793280681222218e-06,6.01960903406111e-06,,False,False
sf,125,neg,neg_rep1,neg_ctl0,11,shared_wbl_column,1,147,0.750214,0.444077,-0.30613700000000005,-0.34015222222222224,-3.421893938811111e-06,6.740891969405555e-06,,False,False
sf,125,neg,neg_rep1,neg_ctl0,12,neighbor_column,1,1,1.00822,1.00822,0.0,0.0,0.0,5.029945e-06,,True,False
sf,125,neg,neg_rep1,neg_ctl0,12,neighbor_column,1,4,0.991683,0.991683,0.0,0.0,0.0,5.029945e-06,,True,False
sf,125,neg,neg_rep1,neg_ctl0,12,neighbor_column,1,16,0.928405,0.928405,0.0,0.0,0.0,5.029945e-06,,True,False
sf,125,neg,neg_rep1,neg_ctl0,12,neighbor_column,1,64,0.713811,0.713811,0.0,0.0,0.0,5.029945e-06,,True,False
sf,125,neg,neg_rep1,neg_ctl0,12,neighbor_column,1,147,0.444077,0.444077,0.0,0.0,0.0,5.029945e-06,,True,False
sf,125,neg,neg_rep1,neg_ctl0,13,neighbor_column,1,1,1.00823,1.00823,0.0,0.0,0.0,5.029945e-06,,True,False
sf,125,neg,neg_rep1,neg_ctl0,13,neighbor_column,1,4,0.991674,0.991674,0.0,0.0,0.0,5.029945e-06,,True,False
sf,125,neg,neg_rep1,neg_ctl0,13,neighbor_column,1,16,0.928333,0.928333,0.0,0.0,0.0,5.029945e-06,,True,False
sf,125,neg,neg_rep1,neg_ctl0,13,neighbor_column,1,64,0.713564,0.713564,0.0,0.0,0.0,5.029945e-06,,True,False
sf,125,neg,neg_rep1,neg_ctl0,13,neighbor_column,1,147,0.443692,0.443692,0.0,0.0,0.0,5.029945e-06,,True,False
sf,125,neg,neg_rep1,neg_ctl0,20,neighbor_column,0,1,0.00699845,0.00699845,0.0,0.0,0.0,5.029945e-06,,True,False
sf,125,neg,neg_rep1,neg_ctl0,20,neighbor_column,0,4,0.00643417,0.00643417,0.0,0.0,0.0,5.029945e-06,,True,False
sf,125,neg,neg_rep1,neg_ctl0,20,neighbor_column,0,16,0.00458973,0.00458973,0.0,0.0,0.0,5.029945e-06,,True,False
sf,125,neg,neg_rep1,neg_ctl0,20,neighbor_column,0,64,0.00117557,0.00117557,0.0,0.0,0.0,5.029945e-06,,True,False
sf,125,neg,neg_rep1,neg_ctl0,20,neighbor_column,0,147,0.000110635,0.000110635,0.0,0.0,0.0,5.029945e-06,,True,False
sf,125,neg,neg_rep1,neg_ctl0,21,shared_wbl_column,0,1,0.0137909,0.0101188,0.0036720999999999993,0.00408011111111111,4.104546896555554e-08,5.0094222655172225e-06,1.8905871944623357e-07,False,False
sf,125,neg,neg_rep1,neg_ctl0,21,shared_wbl_column,0,4,0.0224853,0.00931396,0.01317134,0.014634822222222222,1.472247017251111e-07,4.956332649137444e-06,6.781287747585726e-07,False,False
sf,125,neg,neg_rep1,neg_ctl0,21,shared_wbl_column,0,16,0.0444645,0.00666716,0.03779734,0.041997044444444444,4.224856474362222e-07,4.818702176281889e-06,1.9460027501630955e-06,False,False
sf,125,neg,neg_rep1,neg_ctl0,21,shared_wbl_column,0,64,0.0747302,0.00171594,0.07301426,0.08112695555555555,8.161282489237776e-07,4.621880875538111e-06,3.75915211920001e-06,False,False
sf,125,neg,neg_rep1,neg_ctl0,21,shared_wbl_column,0,147,0.0861835,0.000161824,0.08602167599999999,0.09557964,9.615206646396e-07,4.5491846676802e-06,4.428841237760084e-06,False,False
sf,125,neg,neg_rep1,neg_ctl0,22,neighbor_column,0,1,0.0101189,0.0101189,0.0,0.0,0.0,5.029945e-06,,True,False
sf,125,neg,neg_rep1,neg_ctl0,22,neighbor_column,0,4,0.00931405,0.00931405,0.0,0.0,0.0,5.029945e-06,,True,False
sf,125,neg,neg_rep1,neg_ctl0,22,neighbor_column,0,16,0.00666722,0.00666722,0.0,0.0,0.0,5.029945e-06,,True,False
sf,125,neg,neg_rep1,neg_ctl0,22,neighbor_column,0,64,0.00171596,0.00171596,0.0,0.0,0.0,5.029945e-06,,True,False
sf,125,neg,neg_rep1,neg_ctl0,22,neighbor_column,0,147,0.000161826,0.000161826,0.0,0.0,0.0,5.029945e-06,,True,False
sf,125,neg,neg_rep1,neg_ctl0,23,neighbor_column,0,1,0.0101261,0.0101261,0.0,0.0,0.0,5.029945e-06,,True,False
sf,125,neg,neg_rep1,neg_ctl0,23,neighbor_column,0,4,0.00932008,0.00932008,0.0,0.0,0.0,5.029945e-06,,True,False
sf,125,neg,neg_rep1,neg_ctl0,23,neighbor_column,0,16,0.00666989,0.00666989,0.0,0.0,0.0,5.029945e-06,,True,False
sf,125,neg,neg_rep1,neg_ctl0,23,neighbor_column,0,64,0.00171494,0.00171494,0.0,0.0,0.0,5.029945e-06,,True,False
sf,125,neg,neg_rep1,neg_ctl0,23,neighbor_column,0,147,0.000161456,0.000161456,0.0,0.0,0.0,5.029945e-06,,True,False
sf,125,neg,neg_rep1,neg_ctl0,30,neighbor_column,1,1,0.998165,0.998165,0.0,0.0,0.0,5.029945e-06,,True,False
sf,125,neg,neg_rep1,neg_ctl0,30,neighbor_column,1,4,0.98169,0.98169,0.0,0.0,0.0,5.029945e-06,,True,False
sf,125,neg,neg_rep1,neg_ctl0,30,neighbor_column,1,16,0.918658,0.918658,0.0,0.0,0.0,5.029945e-06,,True,False
sf,125,neg,neg_rep1,neg_ctl0,30,neighbor_column,1,64,0.704976,0.704976,0.0,0.0,0.0,5.029945e-06,,True,False
sf,125,neg,neg_rep1,neg_ctl0,30,neighbor_column,1,147,0.436548,0.436548,0.0,0.0,0.0,5.029945e-06,,True,False
sf,125,neg,neg_rep1,neg_ctl0,31,shared_wbl_column,1,1,1.00617,1.00262,-0.003549999999999942,-0.00394444444444438,-3.968067722222157e-08,5.04978533861111e-06,,False,False
sf,125,neg,neg_rep1,neg_ctl0,31,shared_wbl_column,1,4,1.00009,0.986085,-0.014004999999999934,-0.015561111111111038,-1.565430660555548e-07,5.108216533027778e-06,,False,False
sf,125,neg,neg_rep1,neg_ctl0,31,shared_wbl_column,1,16,0.976114,0.922808,-0.053306000000000076,-0.05922888888888897,-5.958361070444452e-07,5.327863053522222e-06,,False,False
sf,125,neg,neg_rep1,neg_ctl0,31,shared_wbl_column,1,64,0.885189,0.708344,-0.17684500000000003,-0.19649444444444447,-1.9767124967222223e-06,6.018301248361111e-06,,False,False
sf,125,neg,neg_rep1,neg_ctl0,31,shared_wbl_column,1,147,0.74446,0.439039,-0.305421,-0.33935666666666664,-3.413890737433333e-06,6.7368903687166666e-06,,False,False
sf,125,neg,neg_rep1,neg_ctl0,32,neighbor_column,1,1,1.00262,1.00262,0.0,0.0,0.0,5.029945e-06,,True,False
sf,125,neg,neg_rep1,neg_ctl0,32,neighbor_column,1,4,0.986085,0.986085,0.0,0.0,0.0,5.029945e-06,,True,False
sf,125,neg,neg_rep1,neg_ctl0,32,neighbor_column,1,16,0.922808,0.922808,0.0,0.0,0.0,5.029945e-06,,True,False
sf,125,neg,neg_rep1,neg_ctl0,32,neighbor_column,1,64,0.708344,0.708344,0.0,0.0,0.0,5.029945e-06,,True,False
sf,125,neg,neg_rep1,neg_ctl0,32,neighbor_column,1,147,0.439039,0.439039,0.0,0.0,0.0,5.029945e-06,,True,False
sf,125,neg,neg_rep1,neg_ctl0,33,neighbor_column,1,1,1.00263,1.00263,0.0,0.0,0.0,5.029945e-06,,True,False
sf,125,neg,neg_rep1,neg_ctl0,33,neighbor_column,1,4,0.98607,0.98607,0.0,0.0,0.0,5.029945e-06,,True,False
sf,125,neg,neg_rep1,neg_ctl0,33,neighbor_column,1,16,0.92273,0.92273,0.0,0.0,0.0,5.029945e-06,,True,False
sf,125,neg,neg_rep1,neg_ctl0,33,neighbor_column,1,64,0.708092,0.708092,0.0,0.0,0.0,5.029945e-06,,True,False
sf,125,neg,neg_rep1,neg_ctl0,33,neighbor_column,1,147,0.438651,0.438651,0.0,0.0,0.0,5.029945e-06,,True,False
sf,125,neg,neg_rep0,neg_ctl1,00,half_selected_row0,1,1,1.01372,1.01152,-0.0021999999999999797,-0.002444444444444422,-2.4590842222221993e-08,5.042240421111111e-06,,False,False
sf,125,neg,neg_rep0,neg_ctl1,00,half_selected_row0,1,4,1.01813,1.00982,-0.00831000000000004,-0.009233333333333376,-9.288631766666709e-08,5.076388158833334e-06,,False,False
sf,125,neg,neg_rep0,neg_ctl1,00,half_selected_row0,1,16,1.03071,1.00303,-0.027679999999999927,-0.030755555555555474,-3.0939750577777695e-07,5.184643752888888e-06,,False,False
sf,125,neg,neg_rep0,neg_ctl1,00,half_selected_row0,1,64,1.05154,0.975924,-0.0756159999999999,-0.08401777777777768,-8.452096024888878e-07,5.452549801244444e-06,,False,False
sf,125,neg,neg_rep0,neg_ctl1,00,half_selected_row0,1,147,1.0609,0.929316,-0.13158399999999992,-0.14620444444444436,-1.4708006286222212e-06,5.7653453143111105e-06,,False,False
sf,125,neg,neg_rep0,neg_ctl1,01,target_cell,1,1,-0.144999,1.01597,1.1609690000000001,1.2899655555555556,1.2976911592677777e-05,-1.4585107963388889e-06,0.0007398000921693299,False,
sf,125,neg,neg_rep0,neg_ctl1,01,target_cell,1,4,-0.146418,1.01428,1.160698,1.2896644444444445,1.2973882448022221e-05,-1.4569962240111112e-06,0.000739627403815913,False,
sf,125,neg,neg_rep0,neg_ctl1,01,target_cell,1,16,-0.145394,1.00749,1.152884,1.2809822222222222,1.288654024751111e-05,-1.4133251237555556e-06,0.0007346481167546641,False,
sf,125,neg,neg_rep0,neg_ctl1,01,target_cell,1,64,-0.145648,0.980418,1.126066,1.2511844444444444,1.2586777880822221e-05,-1.263443940411111e-06,0.0007175589792567661,False,
sf,125,neg,neg_rep0,neg_ctl1,01,target_cell,1,147,-0.146267,0.933856,1.080123,1.2001366666666666,1.2073242851633332e-05,-1.0066764258166664e-06,0.0006882828869282582,False,
sf,125,neg,neg_rep0,neg_ctl1,02,half_selected_row0,1,1,1.01798,1.01597,-0.0020100000000000673,-0.002233333333333408,-2.2467087666667416e-08,5.041178543833333e-06,,False,False
sf,125,neg,neg_rep0,neg_ctl1,02,half_selected_row0,1,4,1.02191,1.01428,-0.007630000000000026,-0.008477777777777806,-8.528551188888917e-08,5.072587755944444e-06,,False,False
sf,125,neg,neg_rep0,neg_ctl1,02,half_selected_row0,1,16,1.03334,1.00749,-0.02584999999999993,-0.028722222222222142,-2.889423961111103e-07,5.174416198055555e-06,,False,False
sf,125,neg,neg_rep0,neg_ctl1,02,half_selected_row0,1,64,1.05291,0.980418,-0.072492,-0.08054666666666667,-8.102906065333334e-07,5.435090303266667e-06,,False,False
sf,125,neg,neg_rep0,neg_ctl1,02,half_selected_row0,1,147,1.06189,0.933856,-0.12803399999999998,-0.14225999999999997,-1.4311199513999997e-06,5.7455049757e-06,,False,False
sf,125,neg,neg_rep0,neg_ctl1,03,half_selected_row0,1,1,1.01812,1.01599,-0.0021299999999999653,-0.002366666666666628,-2.3808406333332943e-08,5.041849203166666e-06,,False,False
sf,125,neg,neg_rep0,neg_ctl1,03,half_selected_row0,1,4,1.02234,1.01429,-0.008050000000000113,-0.008944444444444569,-8.998012722222347e-08,5.0749350636111115e-06,,False,False
sf,125,neg,neg_rep0,neg_ctl1,03,half_selected_row0,1,16,1.03449,1.0075,-0.026989999999999847,-0.029988888888888718,-3.016849234444427e-07,5.180787461722221e-06,,False,False
sf,125,neg,neg_rep0,neg_ctl1,03,half_selected_row0,1,64,1.05486,0.980397,-0.07446299999999995,-0.08273666666666661,-8.323217656333327e-07,5.446105882816666e-06,,False,False
sf,125,neg,neg_rep0,neg_ctl1,03,half_selected_row0,1,147,1.06408,0.933787,-0.13029299999999988,-0.14476999999999987,-1.4563702752999985e-06,5.758130137649999e-06,,False,False
sf,125,neg,neg_rep0,neg_ctl1,10,neighbor_column,1,1,1.01464,1.01464,0.0,0.0,0.0,5.029945e-06,,True,False
sf,125,neg,neg_rep0,neg_ctl1,10,neighbor_column,1,4,1.01295,1.01295,0.0,0.0,0.0,5.029945e-06,,True,False
sf,125,neg,neg_rep0,neg_ctl1,10,neighbor_column,1,16,1.00618,1.00618,0.0,0.0,0.0,5.029945e-06,,True,False
sf,125,neg,neg_rep0,neg_ctl1,10,neighbor_column,1,64,0.979157,0.979157,0.0,0.0,0.0,5.029945e-06,,True,False
sf,125,neg,neg_rep0,neg_ctl1,10,neighbor_column,1,147,0.932689,0.932689,0.0,0.0,0.0,5.029945e-06,,True,False
sf,125,neg,neg_rep0,neg_ctl1,11,shared_wbl_column,1,1,1.01554,1.01909,0.003549999999999942,0.00394444444444438,3.968067722222157e-08,5.0101046613888885e-06,3.123711541222654e-08,False,False
sf,125,neg,neg_rep0,neg_ctl1,11,shared_wbl_column,1,4,1.0033,1.0174,0.014100000000000001,0.01566666666666667,1.5760494333333334e-07,4.951142528333333e-06,1.2406854290490182e-07,False,False
sf,125,neg,neg_rep0,neg_ctl1,11,shared_wbl_column,1,16,0.955869,1.01063,0.05476099999999995,0.0608455555555555,6.120995958777772e-07,4.723895202061111e-06,4.81852303405342e-07,False,False
sf,125,neg,neg_rep0,neg_ctl1,11,shared_wbl_column,1,64,0.787626,0.98362,0.195994,0.2177711111111111,2.1907534229555553e-06,3.934568288522222e-06,1.7245879431278954e-06,False,True
sf,125,neg,neg_rep0,neg_ctl1,11,shared_wbl_column,1,147,0.558567,0.937162,0.378595,0.4206611111111111,4.231804505055555e-06,2.914042747472222e-06,3.3313283688710143e-06,False,True
sf,125,neg,neg_rep0,neg_ctl1,12,neighbor_column,1,1,1.01909,1.01909,0.0,0.0,0.0,5.029945e-06,,True,False
sf,125,neg,neg_rep0,neg_ctl1,12,neighbor_column,1,4,1.0174,1.0174,0.0,0.0,0.0,5.029945e-06,,True,False
sf,125,neg,neg_rep0,neg_ctl1,12,neighbor_column,1,16,1.01063,1.01063,0.0,0.0,0.0,5.029945e-06,,True,False
sf,125,neg,neg_rep0,neg_ctl1,12,neighbor_column,1,64,0.98362,0.98362,0.0,0.0,0.0,5.029945e-06,,True,False
sf,125,neg,neg_rep0,neg_ctl1,12,neighbor_column,1,147,0.937162,0.937162,0.0,0.0,0.0,5.029945e-06,,True,False
sf,125,neg,neg_rep0,neg_ctl1,13,neighbor_column,1,1,1.01911,1.01911,0.0,0.0,0.0,5.029945e-06,,True,False
sf,125,neg,neg_rep0,neg_ctl1,13,neighbor_column,1,4,1.01742,1.01742,0.0,0.0,0.0,5.029945e-06,,True,False
sf,125,neg,neg_rep0,neg_ctl1,13,neighbor_column,1,16,1.01064,1.01064,0.0,0.0,0.0,5.029945e-06,,True,False
sf,125,neg,neg_rep0,neg_ctl1,13,neighbor_column,1,64,0.983603,0.983603,0.0,0.0,0.0,5.029945e-06,,True,False
sf,125,neg,neg_rep0,neg_ctl1,13,neighbor_column,1,147,0.937097,0.937097,0.0,0.0,0.0,5.029945e-06,,True,False
sf,125,neg,neg_rep0,neg_ctl1,20,neighbor_column,0,1,0.0177615,0.0177615,0.0,0.0,0.0,5.029945e-06,,True,False
sf,125,neg,neg_rep0,neg_ctl1,20,neighbor_column,0,4,0.0303932,0.0303932,0.0,0.0,0.0,5.029945e-06,,True,False
sf,125,neg,neg_rep0,neg_ctl1,20,neighbor_column,0,16,0.0593256,0.0593256,0.0,0.0,0.0,5.029945e-06,,True,False
sf,125,neg,neg_rep0,neg_ctl1,20,neighbor_column,0,64,0.0984608,0.0984608,0.0,0.0,0.0,5.029945e-06,,True,False
sf,125,neg,neg_rep0,neg_ctl1,20,neighbor_column,0,147,0.117015,0.117015,0.0,0.0,0.0,5.029945e-06,,True,False
sf,125,neg,neg_rep0,neg_ctl1,21,shared_wbl_column,0,1,0.0170402,0.0206559,-0.003615700000000003,-0.004017444444444448,-4.041504919222225e-08,5.050152524596111e-06,,False,False
sf,125,neg,neg_rep0,neg_ctl1,21,shared_wbl_column,0,4,0.0204598,0.0325189,-0.012059100000000003,-0.013399000000000003,-1.3479246611000002e-07,5.097341233054999e-06,,False,False
sf,125,neg,neg_rep0,neg_ctl1,21,shared_wbl_column,0,16,0.0301964,0.0603043,-0.030107899999999996,-0.03345322222222222,-3.3653573570111104e-07,5.198212867850555e-06,,False,False
sf,125,neg,neg_rep0,neg_ctl1,21,shared_wbl_column,0,64,0.0445135,0.0986936,-0.05418010000000001,-0.06020011111111112,-6.056064957655556e-07,5.332748247882777e-06,,False,False
sf,125,neg,neg_rep0,neg_ctl1,21,shared_wbl_column,0,147,0.0485889,0.117072,-0.06848309999999999,-0.07609233333333332,-7.654805031766664e-07,5.412685251588334e-06,,False,False
sf,125,neg,neg_rep0,neg_ctl1,22,neighbor_column,0,1,0.0206559,0.0206559,0.0,0.0,0.0,5.029945e-06,,True,False
sf,125,neg,neg_rep0,neg_ctl1,22,neighbor_column,0,4,0.0325189,0.0325189,0.0,0.0,0.0,5.029945e-06,,True,False
sf,125,neg,neg_rep0,neg_ctl1,22,neighbor_column,0,16,0.0603043,0.0603043,0.0,0.0,0.0,5.029945e-06,,True,False
sf,125,neg,neg_rep0,neg_ctl1,22,neighbor_column,0,64,0.0986936,0.0986936,0.0,0.0,0.0,5.029945e-06,,True,False
sf,125,neg,neg_rep0,neg_ctl1,22,neighbor_column,0,147,0.117072,0.117072,0.0,0.0,0.0,5.029945e-06,,True,False
sf,125,neg,neg_rep0,neg_ctl1,23,neighbor_column,0,1,0.0206704,0.0206704,0.0,0.0,0.0,5.029945e-06,,True,False
sf,125,neg,neg_rep0,neg_ctl1,23,neighbor_column,0,4,0.0325378,0.0325378,0.0,0.0,0.0,5.029945e-06,,True,False
sf,125,neg,neg_rep0,neg_ctl1,23,neighbor_column,0,16,0.0603289,0.0603289,0.0,0.0,0.0,5.029945e-06,,True,False
sf,125,neg,neg_rep0,neg_ctl1,23,neighbor_column,0,64,0.0987161,0.0987161,0.0,0.0,0.0,5.029945e-06,,True,False
sf,125,neg,neg_rep0,neg_ctl1,23,neighbor_column,0,147,0.117086,0.117086,0.0,0.0,0.0,5.029945e-06,,True,False
sf,125,neg,neg_rep0,neg_ctl1,30,neighbor_column,1,1,1.00904,1.00904,0.0,0.0,0.0,5.029945e-06,,True,False
sf,125,neg,neg_rep0,neg_ctl1,30,neighbor_column,1,4,1.00734,1.00734,0.0,0.0,0.0,5.029945e-06,,True,False
sf,125,neg,neg_rep0,neg_ctl1,30,neighbor_column,1,16,1.00053,1.00053,0.0,0.0,0.0,5.029945e-06,,True,False
sf,125,neg,neg_rep0,neg_ctl1,30,neighbor_column,1,64,0.973365,0.973365,0.0,0.0,0.0,5.029945e-06,,True,False
sf,125,neg,neg_rep0,neg_ctl1,30,neighbor_column,1,147,0.926647,0.926647,0.0,0.0,0.0,5.029945e-06,,True,False
sf,125,neg,neg_rep0,neg_ctl1,31,shared_wbl_column,1,1,1.00998,1.01353,0.003549999999999942,0.00394444444444438,3.968067722222157e-08,5.0101046613888885e-06,3.1268264898922626e-08,False,False
sf,125,neg,neg_rep0,neg_ctl1,31,shared_wbl_column,1,4,0.997732,1.01182,0.01408799999999999,0.01565333333333332,1.5747081146666653e-07,4.951209594266666e-06,1.2408656785803628e-07,False,False
sf,125,neg,neg_rep0,neg_ctl1,31,shared_wbl_column,1,16,0.950289,1.00502,0.054730999999999974,0.06081222222222219,6.117642662111108e-07,4.724062866894445e-06,4.820685651219609e-07,False,False
sf,125,neg,neg_rep0,neg_ctl1,31,shared_wbl_column,1,64,0.782078,0.977858,0.19577999999999995,0.21753333333333327,2.188361404666666e-06,3.935764297666667e-06,1.724422789270752e-06,False,True
sf,125,neg,neg_rep0,neg_ctl1,31,shared_wbl_column,1,147,0.553248,0.93115,0.37790200000000007,0.41989111111111116,4.224058389755556e-06,2.9179158051222214e-06,3.3285464343191134e-06,False,True
sf,125,neg,neg_rep0,neg_ctl1,32,neighbor_column,1,1,1.01353,1.01353,0.0,0.0,0.0,5.029945e-06,,True,False
sf,125,neg,neg_rep0,neg_ctl1,32,neighbor_column,1,4,1.01182,1.01182,0.0,0.0,0.0,5.029945e-06,,True,False
sf,125,neg,neg_rep0,neg_ctl1,32,neighbor_column,1,16,1.00502,1.00502,0.0,0.0,0.0,5.029945e-06,,True,False
sf,125,neg,neg_rep0,neg_ctl1,32,neighbor_column,1,64,0.977858,0.977858,0.0,0.0,0.0,5.029945e-06,,True,False
sf,125,neg,neg_rep0,neg_ctl1,32,neighbor_column,1,147,0.93115,0.93115,0.0,0.0,0.0,5.029945e-06,,True,False
sf,125,neg,neg_rep0,neg_ctl1,33,neighbor_column,1,1,1.01354,1.01354,0.0,0.0,0.0,5.029945e-06,,True,False
sf,125,neg,neg_rep0,neg_ctl1,33,neighbor_column,1,4,1.01184,1.01184,0.0,0.0,0.0,5.029945e-06,,True,False
sf,125,neg,neg_rep0,neg_ctl1,33,neighbor_column,1,16,1.00502,1.00502,0.0,0.0,0.0,5.029945e-06,,True,False
sf,125,neg,neg_rep0,neg_ctl1,33,neighbor_column,1,64,0.977834,0.977834,0.0,0.0,0.0,5.029945e-06,,True,False
sf,125,neg,neg_rep0,neg_ctl1,33,neighbor_column,1,147,0.931079,0.931079,0.0,0.0,0.0,5.029945e-06,,True,False
fs,27,std,rep1,ctl0,00,half_selected_row0,0,1,-0.136529,0.0189257,-0.1554547,-0.17272744444444443,-1.737619091092222e-06,5.898754545546111e-06,,False,False
fs,27,std,rep1,ctl0,00,half_selected_row0,0,4,-0.138383,0.0189257,-0.1573087,-0.17478744444444444,-1.7583424644922221e-06,5.909116232246111e-06,,False,False
fs,27,std,rep1,ctl0,00,half_selected_row0,0,16,-0.140801,0.0189255,-0.15972650000000002,-0.1774738888888889,-1.7853678000944446e-06,5.922628900047222e-06,,False,False
fs,27,std,rep1,ctl0,00,half_selected_row0,0,64,-0.136509,0.018925,-0.155434,-0.17270444444444444,-1.737387713622222e-06,5.89863885681111e-06,,False,False
fs,27,std,rep1,ctl0,00,half_selected_row0,0,147,-0.140338,0.0189241,-0.1592621,-0.1769578888888889,-1.7801768968544442e-06,5.9200334484272225e-06,,False,False
fs,27,std,rep1,ctl0,01,target_cell,0,1,0.888311,0.0306308,0.8576802,0.952978,9.58685385242e-06,2.3651807379000002e-07,0.42575245128666445,False,
fs,27,std,rep1,ctl0,01,target_cell,0,4,0.931478,0.0306307,0.9008473,1.0009414444444444,1.0069360827552222e-05,-4.7354137761110846e-09,0.4471805997269999,False,
fs,27,std,rep1,ctl0,01,target_cell,0,16,0.973196,0.0306305,0.9425655,1.0472949999999999,1.0535672497549997e-05,-2.378912487749993e-07,0.46788951420732405,False,
fs,27,std,rep1,ctl0,01,target_cell,0,64,1.01399,0.0306298,0.9833601999999999,1.0926224444444443,1.099166160264222e-05,-4.658858013211106e-07,0.488140003287641,False,
fs,27,std,rep1,ctl0,01,target_cell,0,147,1.03814,0.0306285,1.0075115000000001,1.1194572222222223,1.1261616515261112e-05,-6.008632576305561e-07,0.5001287086078288,False,
fs,27,std,rep1,ctl0,02,half_selected_row0,0,1,-0.13614,0.0306308,-0.1667708,-0.18530088888888888,-1.8641065591244442e-06,5.961998279562222e-06,,False,False
fs,27,std,rep1,ctl0,02,half_selected_row0,0,4,-0.138006,0.0306307,-0.1686367,-0.1873741111111111,-1.8849629466255554e-06,5.9724264733127775e-06,,False,False
fs,27,std,rep1,ctl0,02,half_selected_row0,0,16,-0.140329,0.0306305,-0.17095950000000001,-0.189955,-1.91092640495e-06,5.985408202475e-06,,False,False
fs,27,std,rep1,ctl0,02,half_selected_row0,0,64,-0.13612,0.0306298,-0.1667498,-0.18527755555555556,-1.8638718283577778e-06,5.961880914178888e-06,,False,False
fs,27,std,rep1,ctl0,02,half_selected_row0,0,147,-0.139861,0.0306285,-0.17048950000000002,-0.18943277777777778,-1.9056729068388887e-06,5.982781453419444e-06,,False,False
fs,27,std,rep1,ctl0,03,half_selected_row0,0,1,-0.13229,0.0307158,-0.16300579999999998,-0.18111755555555553,-1.8220226859577773e-06,5.940956342978889e-06,,False,False
fs,27,std,rep1,ctl0,03,half_selected_row0,0,4,-0.134137,0.0307157,-0.16485270000000002,-0.18316966666666668,-1.8426666980033333e-06,5.951278349001666e-06,,False,False
fs,27,std,rep1,ctl0,03,half_selected_row0,0,16,-0.13646,0.0307156,-0.1671756,-0.18575066666666668,-1.8686312740933332e-06,5.964260637046666e-06,,False,False
fs,27,std,rep1,ctl0,03,half_selected_row0,0,64,-0.13227,0.0307148,-0.16298479999999999,-0.1810942222222222,-1.8217879551911109e-06,5.940838977595555e-06,,False,False
fs,27,std,rep1,ctl0,03,half_selected_row0,0,147,-0.135999,0.0307135,-0.1667125,-0.18523611111111113,-1.8634549018055557e-06,5.961672450902778e-06,,False,False
fs,27,std,rep1,ctl0,10,neighbor_column,1,1,1.03139,1.03139,0.0,0.0,0.0,5.029945e-06,,True,False
fs,27,std,rep1,ctl0,10,neighbor_column,1,4,1.03139,1.03139,0.0,0.0,0.0,5.029945e-06,,True,False
fs,27,std,rep1,ctl0,10,neighbor_column,1,16,1.03139,1.03139,0.0,0.0,0.0,5.029945e-06,,True,False
fs,27,std,rep1,ctl0,10,neighbor_column,1,64,1.03139,1.03139,0.0,0.0,0.0,5.029945e-06,,True,False
fs,27,std,rep1,ctl0,10,neighbor_column,1,147,1.03138,1.03138,0.0,0.0,0.0,5.029945e-06,,True,False
fs,27,std,rep1,ctl0,11,shared_wbl_column,1,1,1.04486,1.04486,0.0,0.0,0.0,5.029945e-06,,True,False
fs,27,std,rep1,ctl0,11,shared_wbl_column,1,4,1.04486,1.04486,0.0,0.0,0.0,5.029945e-06,,True,False
fs,27,std,rep1,ctl0,11,shared_wbl_column,1,16,1.04486,1.04486,0.0,0.0,0.0,5.029945e-06,,True,False
fs,27,std,rep1,ctl0,11,shared_wbl_column,1,64,1.04485,1.04485,0.0,0.0,0.0,5.029945e-06,,True,False
fs,27,std,rep1,ctl0,11,shared_wbl_column,1,147,1.04485,1.04485,0.0,0.0,0.0,5.029945e-06,,True,False
fs,27,std,rep1,ctl0,12,neighbor_column,1,1,1.04486,1.04486,0.0,0.0,0.0,5.029945e-06,,True,False
fs,27,std,rep1,ctl0,12,neighbor_column,1,4,1.04486,1.04486,0.0,0.0,0.0,5.029945e-06,,True,False
fs,27,std,rep1,ctl0,12,neighbor_column,1,16,1.04486,1.04486,0.0,0.0,0.0,5.029945e-06,,True,False
fs,27,std,rep1,ctl0,12,neighbor_column,1,64,1.04485,1.04485,0.0,0.0,0.0,5.029945e-06,,True,False
fs,27,std,rep1,ctl0,12,neighbor_column,1,147,1.04485,1.04485,0.0,0.0,0.0,5.029945e-06,,True,False
fs,27,std,rep1,ctl0,13,neighbor_column,1,1,1.045,1.045,0.0,0.0,0.0,5.029945e-06,,True,False
fs,27,std,rep1,ctl0,13,neighbor_column,1,4,1.045,1.045,0.0,0.0,0.0,5.029945e-06,,True,False
fs,27,std,rep1,ctl0,13,neighbor_column,1,16,1.045,1.045,0.0,0.0,0.0,5.029945e-06,,True,False
fs,27,std,rep1,ctl0,13,neighbor_column,1,64,1.045,1.045,0.0,0.0,0.0,5.029945e-06,,True,False
fs,27,std,rep1,ctl0,13,neighbor_column,1,147,1.04499,1.04499,0.0,0.0,0.0,5.029945e-06,,True,False
fs,27,std,rep1,ctl0,20,neighbor_column,0,1,0.027059,0.027059,0.0,0.0,0.0,5.029945e-06,,True,False
fs,27,std,rep1,ctl0,20,neighbor_column,0,4,0.0270589,0.0270589,0.0,0.0,0.0,5.029945e-06,,True,False
fs,27,std,rep1,ctl0,20,neighbor_column,0,16,0.0270588,0.0270588,0.0,0.0,0.0,5.029945e-06,,True,False
fs,27,std,rep1,ctl0,20,neighbor_column,0,64,0.0270581,0.0270581,0.0,0.0,0.0,5.029945e-06,,True,False
fs,27,std,rep1,ctl0,20,neighbor_column,0,147,0.0270569,0.0270569,0.0,0.0,0.0,5.029945e-06,,True,False
fs,27,std,rep1,ctl0,21,shared_wbl_column,0,1,0.0387223,0.0387224,-9.999999999593667e-08,-1.111111111065963e-07,-1.117765555510137e-12,5.029945558882778e-06,,True,False
fs,27,std,rep1,ctl0,21,shared_wbl_column,0,4,0.0387223,0.0387223,0.0,0.0,0.0,5.029945e-06,,True,False
fs,27,std,rep1,ctl0,21,shared_wbl_column,0,16,0.038722,0.0387221,-1.0000000000287557e-07,-1.1111111111430618e-07,-1.1177655555876976e-12,5.029945558882778e-06,,True,False
fs,27,std,rep1,ctl0,21,shared_wbl_column,0,64,0.0387209,0.0387212,-2.999999999947489e-07,-3.333333333274988e-07,-3.3532966666079715e-12,5.029946676648333e-06,,True,False
fs,27,std,rep1,ctl0,21,shared_wbl_column,0,147,0.038719,0.0387198,-7.99999999995249e-07,-8.8888888888361e-07,-8.942124444391338e-12,5.0299494710622225e-06,,True,False
fs,27,std,rep1,ctl0,22,neighbor_column,0,1,0.0387224,0.0387224,0.0,0.0,0.0,5.029945e-06,,True,False
fs,27,std,rep1,ctl0,22,neighbor_column,0,4,0.0387223,0.0387223,0.0,0.0,0.0,5.029945e-06,,True,False
fs,27,std,rep1,ctl0,22,neighbor_column,0,16,0.0387221,0.0387221,0.0,0.0,0.0,5.029945e-06,,True,False
fs,27,std,rep1,ctl0,22,neighbor_column,0,64,0.0387213,0.0387213,0.0,0.0,0.0,5.029945e-06,,True,False
fs,27,std,rep1,ctl0,22,neighbor_column,0,147,0.0387198,0.0387198,0.0,0.0,0.0,5.029945e-06,,True,False
fs,27,std,rep1,ctl0,23,neighbor_column,0,1,0.0388293,0.0388293,0.0,0.0,0.0,5.029945e-06,,True,False
fs,27,std,rep1,ctl0,23,neighbor_column,0,4,0.0388293,0.0388293,0.0,0.0,0.0,5.029945e-06,,True,False
fs,27,std,rep1,ctl0,23,neighbor_column,0,16,0.038829,0.038829,0.0,0.0,0.0,5.029945e-06,,True,False
fs,27,std,rep1,ctl0,23,neighbor_column,0,64,0.0388282,0.0388282,0.0,0.0,0.0,5.029945e-06,,True,False
fs,27,std,rep1,ctl0,23,neighbor_column,0,147,0.0388267,0.0388267,0.0,0.0,0.0,5.029945e-06,,True,False
fs,27,std,rep1,ctl0,30,neighbor_column,1,1,1.01448,1.01448,0.0,0.0,0.0,5.029945e-06,,True,False
fs,27,std,rep1,ctl0,30,neighbor_column,1,4,1.01448,1.01448,0.0,0.0,0.0,5.029945e-06,,True,False
fs,27,std,rep1,ctl0,30,neighbor_column,1,16,1.01448,1.01448,0.0,0.0,0.0,5.029945e-06,,True,False
fs,27,std,rep1,ctl0,30,neighbor_column,1,64,1.01448,1.01448,0.0,0.0,0.0,5.029945e-06,,True,False
fs,27,std,rep1,ctl0,30,neighbor_column,1,147,1.01447,1.01447,0.0,0.0,0.0,5.029945e-06,,True,False
fs,27,std,rep1,ctl0,31,shared_wbl_column,1,1,1.02824,1.02824,0.0,0.0,0.0,5.029945e-06,,True,False
fs,27,std,rep1,ctl0,31,shared_wbl_column,1,4,1.02824,1.02824,0.0,0.0,0.0,5.029945e-06,,True,False
fs,27,std,rep1,ctl0,31,shared_wbl_column,1,16,1.02824,1.02824,0.0,0.0,0.0,5.029945e-06,,True,False
fs,27,std,rep1,ctl0,31,shared_wbl_column,1,64,1.02824,1.02824,0.0,0.0,0.0,5.029945e-06,,True,False
fs,27,std,rep1,ctl0,31,shared_wbl_column,1,147,1.02823,1.02823,0.0,0.0,0.0,5.029945e-06,,True,False
fs,27,std,rep1,ctl0,32,neighbor_column,1,1,1.02824,1.02824,0.0,0.0,0.0,5.029945e-06,,True,False
fs,27,std,rep1,ctl0,32,neighbor_column,1,4,1.02824,1.02824,0.0,0.0,0.0,5.029945e-06,,True,False
fs,27,std,rep1,ctl0,32,neighbor_column,1,16,1.02824,1.02824,0.0,0.0,0.0,5.029945e-06,,True,False
fs,27,std,rep1,ctl0,32,neighbor_column,1,64,1.02824,1.02824,0.0,0.0,0.0,5.029945e-06,,True,False
fs,27,std,rep1,ctl0,32,neighbor_column,1,147,1.02823,1.02823,0.0,0.0,0.0,5.029945e-06,,True,False
fs,27,std,rep1,ctl0,33,neighbor_column,1,1,1.02833,1.02833,0.0,0.0,0.0,5.029945e-06,,True,False
fs,27,std,rep1,ctl0,33,neighbor_column,1,4,1.02833,1.02833,0.0,0.0,0.0,5.029945e-06,,True,False
fs,27,std,rep1,ctl0,33,neighbor_column,1,16,1.02833,1.02833,0.0,0.0,0.0,5.029945e-06,,True,False
fs,27,std,rep1,ctl0,33,neighbor_column,1,64,1.02833,1.02833,0.0,0.0,0.0,5.029945e-06,,True,False
fs,27,std,rep1,ctl0,33,neighbor_column,1,147,1.02832,1.02832,0.0,0.0,0.0,5.029945e-06,,True,False
fs,27,std,rep0,ctl1,00,half_selected_row0,1,1,1.03764,1.03731,-0.00032999999999994145,-0.0003666666666666016,-3.6886263333326787e-09,5.031789313166666e-06,,True,False
fs,27,std,rep0,ctl1,00,half_selected_row0,1,4,1.03862,1.0373,-0.0013199999999999878,-0.001466666666666653,-1.4754505333333195e-08,5.0373222526666665e-06,,False,False
fs,27,std,rep0,ctl1,00,half_selected_row0,1,16,1.04222,1.0373,-0.004919999999999813,-0.005466666666666459,-5.499406533333124e-08,5.057442032666666e-06,,False,False
fs,27,std,rep0,ctl1,00,half_selected_row0,1,64,1.05333,1.0373,-0.01602999999999999,-0.017811111111111097,-1.791778185555554e-07,5.119533909277777e-06,,False,False
fs,27,std,rep0,ctl1,00,half_selected_row0,1,147,1.06599,1.0373,-0.028689999999999882,-0.031877777777777644,-3.2068693788888755e-07,5.190288468944444e-06,,False,False
fs,27,std,rep0,ctl1,01,target_cell,1,1,-0.12351,1.05079,1.1743,1.3047777777777776,1.3125920918888886e-05,-1.5330154594444433e-06,2.5344457391301938,False,
fs,27,std,rep0,ctl1,01,target_cell,1,4,-0.125383,1.05079,1.176173,1.3068588888888888,1.3146856667744442e-05,-1.5434833338722217e-06,2.5384881617388895,False,
fs,27,std,rep0,ctl1,01,target_cell,1,16,-0.127713,1.05079,1.1785029999999999,1.3094477777777775,1.3172900605188885e-05,-1.556505302594443e-06,2.5435169095649757,False,
fs,27,std,rep0,ctl1,01,target_cell,1,64,-0.12349,1.05079,1.17428,1.3047555555555554,1.3125697365777775e-05,-1.5329036828888882e-06,2.5344025739128027,False,
fs,27,std,rep0,ctl1,01,target_cell,1,147,-0.127245,1.05078,1.178025,1.3089166666666667,1.3167557685833333e-05,-1.5538338429166669e-06,2.542485260869324,False,
fs,27,std,rep0,ctl1,02,half_selected_row0,1,1,1.051,1.05079,-0.00021000000000004349,-0.00023333333333338163,-2.3473076666671524e-09,5.031118653833333e-06,,True,False
fs,27,std,rep0,ctl1,02,half_selected_row0,1,4,1.05164,1.05079,-0.0008500000000000174,-0.0009444444444444638,-9.501007222222416e-09,5.03469550361111e-06,,True,False
fs,27,std,rep0,ctl1,02,half_selected_row0,1,16,1.05404,1.05079,-0.003250000000000197,-0.00361111111111133,-3.6327380555557753e-08,5.048108690277778e-06,,False,False
fs,27,std,rep0,ctl1,02,half_selected_row0,1,64,1.06204,1.05079,-0.011250000000000204,-0.012500000000000226,-1.2574862500000226e-07,5.0928193125000005e-06,,False,False
fs,27,std,rep0,ctl1,02,half_selected_row0,1,147,1.07211,1.05078,-0.02132999999999985,-0.023699999999999832,-2.384193929999983e-07,5.149154696499999e-06,,False,False
fs,27,std,rep0,ctl1,03,half_selected_row0,1,1,1.05123,1.05095,-0.000280000000000058,-0.00031111111111117553,-3.1297435555562035e-09,5.031509871777778e-06,,True,False
fs,27,std,rep0,ctl1,03,half_selected_row0,1,4,1.05207,1.05095,-0.0011200000000000099,-0.0012444444444444553,-1.251897422222233e-08,5.03620448711111e-06,,False,False
fs,27,std,rep0,ctl1,03,half_selected_row0,1,16,1.05517,1.05095,-0.0042199999999998905,-0.004688888888888767,-4.7169706444443214e-08,5.053529853222221e-06,,False,False
fs,27,std,rep0,ctl1,03,half_selected_row0,1,64,1.06503,1.05095,-0.01407999999999987,-0.0156444444444443,-1.5738139022222077e-07,5.1086356951111105e-06,,False,False
fs,27,std,rep0,ctl1,03,half_selected_row0,1,147,1.07672,1.05094,-0.025779999999999914,-0.028644444444444347,-2.8815996022222123e-07,5.17402498011111e-06,,False,False
fs,27,std,rep0,ctl1,10,neighbor_column,1,1,1.04654,1.04654,0.0,0.0,0.0,5.029945e-06,,True,False
fs,27,std,rep0,ctl1,10,neighbor_column,1,4,1.04654,1.04654,0.0,0.0,0.0,5.029945e-06,,True,False
fs,27,std,rep0,ctl1,10,neighbor_column,1,16,1.04654,1.04654,0.0,0.0,0.0,5.029945e-06,,True,False
fs,27,std,rep0,ctl1,10,neighbor_column,1,64,1.04654,1.04654,0.0,0.0,0.0,5.029945e-06,,True,False
fs,27,std,rep0,ctl1,10,neighbor_column,1,147,1.04653,1.04653,0.0,0.0,0.0,5.029945e-06,,True,False
fs,27,std,rep0,ctl1,11,shared_wbl_column,1,1,1.05998,1.05998,0.0,0.0,0.0,5.029945e-06,,True,False
fs,27,std,rep0,ctl1,11,shared_wbl_column,1,4,1.05998,1.05998,0.0,0.0,0.0,5.029945e-06,,True,False
fs,27,std,rep0,ctl1,11,shared_wbl_column,1,16,1.05998,1.05998,0.0,0.0,0.0,5.029945e-06,,True,False
fs,27,std,rep0,ctl1,11,shared_wbl_column,1,64,1.05998,1.05998,0.0,0.0,0.0,5.029945e-06,,True,False
fs,27,std,rep0,ctl1,11,shared_wbl_column,1,147,1.05997,1.05997,0.0,0.0,0.0,5.029945e-06,,True,False
fs,27,std,rep0,ctl1,12,neighbor_column,1,1,1.05998,1.05998,0.0,0.0,0.0,5.029945e-06,,True,False
fs,27,std,rep0,ctl1,12,neighbor_column,1,4,1.05998,1.05998,0.0,0.0,0.0,5.029945e-06,,True,False
fs,27,std,rep0,ctl1,12,neighbor_column,1,16,1.05998,1.05998,0.0,0.0,0.0,5.029945e-06,,True,False
fs,27,std,rep0,ctl1,12,neighbor_column,1,64,1.05998,1.05998,0.0,0.0,0.0,5.029945e-06,,True,False
fs,27,std,rep0,ctl1,12,neighbor_column,1,147,1.05997,1.05997,0.0,0.0,0.0,5.029945e-06,,True,False
fs,27,std,rep0,ctl1,13,neighbor_column,1,1,1.06017,1.06017,0.0,0.0,0.0,5.029945e-06,,True,False
fs,27,std,rep0,ctl1,13,neighbor_column,1,4,1.06017,1.06017,0.0,0.0,0.0,5.029945e-06,,True,False
fs,27,std,rep0,ctl1,13,neighbor_column,1,16,1.06017,1.06017,0.0,0.0,0.0,5.029945e-06,,True,False
fs,27,std,rep0,ctl1,13,neighbor_column,1,64,1.06017,1.06017,0.0,0.0,0.0,5.029945e-06,,True,False
fs,27,std,rep0,ctl1,13,neighbor_column,1,147,1.06017,1.06017,0.0,0.0,0.0,5.029945e-06,,True,False
fs,27,std,rep0,ctl1,20,neighbor_column,0,1,0.0401645,0.0401645,0.0,0.0,0.0,5.029945e-06,,True,False
fs,27,std,rep0,ctl1,20,neighbor_column,0,4,0.0401645,0.0401645,0.0,0.0,0.0,5.029945e-06,,True,False
fs,27,std,rep0,ctl1,20,neighbor_column,0,16,0.0401644,0.0401644,0.0,0.0,0.0,5.029945e-06,,True,False
fs,27,std,rep0,ctl1,20,neighbor_column,0,64,0.040164,0.040164,0.0,0.0,0.0,5.029945e-06,,True,False
fs,27,std,rep0,ctl1,20,neighbor_column,0,147,0.0401634,0.0401634,0.0,0.0,0.0,5.029945e-06,,True,False
fs,27,std,rep0,ctl1,21,shared_wbl_column,0,1,0.0518317,0.0518317,0.0,0.0,0.0,5.029945e-06,,True,False
fs,27,std,rep0,ctl1,21,shared_wbl_column,0,4,0.0518316,0.0518317,-1.0000000000287557e-07,-1.1111111111430618e-07,-1.1177655555876976e-12,5.029945558882778e-06,,True,False
fs,27,std,rep0,ctl1,21,shared_wbl_column,0,16,0.0518313,0.0518315,-2.0000000000575113e-07,-2.2222222222861237e-07,-2.235531111175395e-12,5.029946117765555e-06,,True,False
fs,27,std,rep0,ctl1,21,shared_wbl_column,0,64,0.0518302,0.0518309,-6.999999999993123e-07,-7.777777777770137e-07,-7.8243588888812e-12,5.029948912179444e-06,,True,False
fs,27,std,rep0,ctl1,21,shared_wbl_column,0,147,0.0518283,0.0518299,-1.5999999999974368e-06,-1.7777777777749298e-06,-1.7884248888860237e-11,5.0299539421244445e-06,,True,False
fs,27,std,rep0,ctl1,22,neighbor_column,0,1,0.0518317,0.0518317,0.0,0.0,0.0,5.029945e-06,,True,False
fs,27,std,rep0,ctl1,22,neighbor_column,0,4,0.0518317,0.0518317,0.0,0.0,0.0,5.029945e-06,,True,False
fs,27,std,rep0,ctl1,22,neighbor_column,0,16,0.0518316,0.0518316,0.0,0.0,0.0,5.029945e-06,,True,False
fs,27,std,rep0,ctl1,22,neighbor_column,0,64,0.051831,0.051831,0.0,0.0,0.0,5.029945e-06,,True,False
fs,27,std,rep0,ctl1,22,neighbor_column,0,147,0.0518299,0.0518299,0.0,0.0,0.0,5.029945e-06,,True,False
fs,27,std,rep0,ctl1,23,neighbor_column,0,1,0.0519753,0.0519753,0.0,0.0,0.0,5.029945e-06,,True,False
fs,27,std,rep0,ctl1,23,neighbor_column,0,4,0.0519753,0.0519753,0.0,0.0,0.0,5.029945e-06,,True,False
fs,27,std,rep0,ctl1,23,neighbor_column,0,16,0.0519751,0.0519751,0.0,0.0,0.0,5.029945e-06,,True,False
fs,27,std,rep0,ctl1,23,neighbor_column,0,64,0.0519745,0.0519745,0.0,0.0,0.0,5.029945e-06,,True,False
fs,27,std,rep0,ctl1,23,neighbor_column,0,147,0.0519735,0.0519735,0.0,0.0,0.0,5.029945e-06,,True,False
fs,27,std,rep0,ctl1,30,neighbor_column,1,1,1.02991,1.02991,0.0,0.0,0.0,5.029945e-06,,True,False
fs,27,std,rep0,ctl1,30,neighbor_column,1,4,1.02991,1.02991,0.0,0.0,0.0,5.029945e-06,,True,False
fs,27,std,rep0,ctl1,30,neighbor_column,1,16,1.02991,1.02991,0.0,0.0,0.0,5.029945e-06,,True,False
fs,27,std,rep0,ctl1,30,neighbor_column,1,64,1.0299,1.0299,0.0,0.0,0.0,5.029945e-06,,True,False
fs,27,std,rep0,ctl1,30,neighbor_column,1,147,1.0299,1.0299,0.0,0.0,0.0,5.029945e-06,,True,False
fs,27,std,rep0,ctl1,31,shared_wbl_column,1,1,1.04364,1.04364,0.0,0.0,0.0,5.029945e-06,,True,False
fs,27,std,rep0,ctl1,31,shared_wbl_column,1,4,1.04364,1.04364,0.0,0.0,0.0,5.029945e-06,,True,False
fs,27,std,rep0,ctl1,31,shared_wbl_column,1,16,1.04364,1.04364,0.0,0.0,0.0,5.029945e-06,,True,False
fs,27,std,rep0,ctl1,31,shared_wbl_column,1,64,1.04363,1.04363,0.0,0.0,0.0,5.029945e-06,,True,False
fs,27,std,rep0,ctl1,31,shared_wbl_column,1,147,1.04363,1.04363,0.0,0.0,0.0,5.029945e-06,,True,False
fs,27,std,rep0,ctl1,32,neighbor_column,1,1,1.04364,1.04364,0.0,0.0,0.0,5.029945e-06,,True,False
fs,27,std,rep0,ctl1,32,neighbor_column,1,4,1.04364,1.04364,0.0,0.0,0.0,5.029945e-06,,True,False
fs,27,std,rep0,ctl1,32,neighbor_column,1,16,1.04364,1.04364,0.0,0.0,0.0,5.029945e-06,,True,False
fs,27,std,rep0,ctl1,32,neighbor_column,1,64,1.04363,1.04363,0.0,0.0,0.0,5.029945e-06,,True,False
fs,27,std,rep0,ctl1,32,neighbor_column,1,147,1.04363,1.04363,0.0,0.0,0.0,5.029945e-06,,True,False
fs,27,std,rep0,ctl1,33,neighbor_column,1,1,1.04378,1.04378,0.0,0.0,0.0,5.029945e-06,,True,False
fs,27,std,rep0,ctl1,33,neighbor_column,1,4,1.04378,1.04378,0.0,0.0,0.0,5.029945e-06,,True,False
fs,27,std,rep0,ctl1,33,neighbor_column,1,16,1.04378,1.04378,0.0,0.0,0.0,5.029945e-06,,True,False
fs,27,std,rep0,ctl1,33,neighbor_column,1,64,1.04378,1.04378,0.0,0.0,0.0,5.029945e-06,,True,False
fs,27,std,rep0,ctl1,33,neighbor_column,1,147,1.04377,1.04377,0.0,0.0,0.0,5.029945e-06,,True,False
fs,27,neg,neg_rep1,neg_ctl0,00,half_selected_row0,0,1,-0.220665,0.00417851,-0.22484351,-0.24982612222222222,-2.513223308682111e-06,6.286556654341055e-06,,False,False
fs,27,neg,neg_rep1,neg_ctl0,00,half_selected_row0,0,4,-0.214268,0.00417833,-0.21844633,-0.24271814444444442,-2.441717834115222e-06,6.25080391705761e-06,,False,False
fs,27,neg,neg_rep1,neg_ctl0,00,half_selected_row0,0,16,-0.22159,0.00417761,-0.22576761,-0.2508529,-2.5235525801809997e-06,6.291721290090499e-06,,False,False
fs,27,neg,neg_rep1,neg_ctl0,00,half_selected_row0,0,64,-0.220755,0.00417471,-0.22492971,-0.2499219,-2.5141868225909997e-06,6.287038411295499e-06,,False,False
fs,27,neg,neg_rep1,neg_ctl0,00,half_selected_row0,0,147,-0.222655,0.0041697,-0.2268247,-0.2520274444444444,-2.535368368092222e-06,6.29762918404611e-06,,False,False
fs,27,neg,neg_rep1,neg_ctl0,01,target_cell,0,1,0.82573,0.0067876,0.8189424,0.909936,9.153856067039998e-06,4.5301696648000015e-07,,False,
fs,27,neg,neg_rep1,neg_ctl0,01,target_cell,0,4,0.870219,0.00678731,0.86343169,0.9593685444444444,9.651142026571222e-06,2.0437398671438902e-07,,False,
fs,27,neg,neg_rep1,neg_ctl0,01,target_cell,0,16,0.913037,0.00678617,0.90625083,1.0069453666666666,1.0129759624676331e-05,-3.4934812338166146e-08,,False,
fs,27,neg,neg_rep1,neg_ctl0,01,target_cell,0,64,0.954535,0.00678159,0.94775341,1.0530593444444445,1.0593661168583222e-05,-2.668855842916113e-07,,False,
fs,27,neg,neg_rep1,neg_ctl0,01,target_cell,0,147,0.978849,0.00677368,0.97207532,1.0800836888888887,1.0865523101016442e-05,-4.028165505082214e-07,,False,
fs,27,neg,neg_rep1,neg_ctl0,02,half_selected_row0,0,1,-0.219453,0.0067876,-0.22624060000000001,-0.25137844444444446,-2.5288394994822223e-06,6.294364749741111e-06,,False,False
fs,27,neg,neg_rep1,neg_ctl0,02,half_selected_row0,0,4,-0.21316,0.00678731,-0.21994730999999998,-0.24438589999999996,-2.4584952715509993e-06,6.259192635775499e-06,,False,False
fs,27,neg,neg_rep1,neg_ctl0,02,half_selected_row0,0,16,-0.221663,0.00678617,-0.22844917,-0.2538324111111111,-2.5535261342125552e-06,6.306708067106277e-06,,False,False
fs,27,neg,neg_rep1,neg_ctl0,02,half_selected_row0,0,64,-0.219553,0.00678159,-0.22633459,-0.2514828777777778,-2.529890087327889e-06,6.294890043663944e-06,,False,False
fs,27,neg,neg_rep1,neg_ctl0,02,half_selected_row0,0,147,-0.222807,0.00677368,-0.22958068,-0.25508964444444443,-2.566173763250222e-06,6.313031881625111e-06,,False,False
fs,27,neg,neg_rep1,neg_ctl0,03,half_selected_row0,0,1,-0.220051,0.00679177,-0.22684277,-0.2520475222222222,-2.535570348328111e-06,6.297730174164055e-06,,False,False
fs,27,neg,neg_rep1,neg_ctl0,03,half_selected_row0,0,4,-0.213653,0.00679148,-0.22044448,-0.2449383111111111,-2.4640524665635556e-06,6.261971233281778e-06,,False,False
fs,27,neg,neg_rep1,neg_ctl0,03,half_selected_row0,0,16,-0.221,0.00679034,-0.22779034,-0.2531003777777778,-2.5461619594028887e-06,6.303025979701444e-06,,False,False
fs,27,neg,neg_rep1,neg_ctl0,03,half_selected_row0,0,64,-0.220141,0.00678576,-0.22692676,-0.25214084444444446,-2.5365091596182223e-06,6.298199579809111e-06,,False,False
fs,27,neg,neg_rep1,neg_ctl0,03,half_selected_row0,0,147,-0.222066,0.00677784,-0.22884384000000002,-0.25427093333333334,-2.5579376195306664e-06,6.308913809765333e-06,,False,False
fs,27,neg,neg_rep1,neg_ctl0,10,neighbor_column,1,1,1.00803,1.00803,0.0,0.0,0.0,5.029945e-06,,True,False
fs,27,neg,neg_rep1,neg_ctl0,10,neighbor_column,1,4,1.00802,1.00802,0.0,0.0,0.0,5.029945e-06,,True,False
fs,27,neg,neg_rep1,neg_ctl0,10,neighbor_column,1,16,1.00797,1.00797,0.0,0.0,0.0,5.029945e-06,,True,False
fs,27,neg,neg_rep1,neg_ctl0,10,neighbor_column,1,64,1.00777,1.00777,0.0,0.0,0.0,5.029945e-06,,True,False
fs,27,neg,neg_rep1,neg_ctl0,10,neighbor_column,1,147,1.00742,1.00742,0.0,0.0,0.0,5.029945e-06,,True,False
fs,27,neg,neg_rep1,neg_ctl0,11,shared_wbl_column,1,1,1.0115,1.0115,0.0,0.0,0.0,5.029945e-06,,True,False
fs,27,neg,neg_rep1,neg_ctl0,11,shared_wbl_column,1,4,1.0115,1.01149,-1.0000000000065512e-05,-1.1111111111183902e-05,-1.1177655555628782e-10,5.030000888277778e-06,,True,False
fs,27,neg,neg_rep1,neg_ctl0,11,shared_wbl_column,1,16,1.01148,1.01144,-4.0000000000040004e-05,-4.444444444448889e-05,-4.4710622222266934e-10,5.030168553111111e-06,,True,False
fs,27,neg,neg_rep1,neg_ctl0,11,shared_wbl_column,1,64,1.01142,1.01124,-0.000180000000000069,-0.00020000000000007666,-2.011978000000771e-09,5.030950989e-06,,True,False
fs,27,neg,neg_rep1,neg_ctl0,11,shared_wbl_column,1,147,1.01131,1.01088,-0.00042999999999993044,-0.00047777777777770046,-4.806391888888111e-09,5.032348195944444e-06,,True,False
fs,27,neg,neg_rep1,neg_ctl0,12,neighbor_column,1,1,1.0115,1.0115,0.0,0.0,0.0,5.029945e-06,,True,False
fs,27,neg,neg_rep1,neg_ctl0,12,neighbor_column,1,4,1.01149,1.01149,0.0,0.0,0.0,5.029945e-06,,True,False
fs,27,neg,neg_rep1,neg_ctl0,12,neighbor_column,1,16,1.01144,1.01144,0.0,0.0,0.0,5.029945e-06,,True,False
fs,27,neg,neg_rep1,neg_ctl0,12,neighbor_column,1,64,1.01124,1.01124,0.0,0.0,0.0,5.029945e-06,,True,False
fs,27,neg,neg_rep1,neg_ctl0,12,neighbor_column,1,147,1.01088,1.01088,0.0,0.0,0.0,5.029945e-06,,True,False
fs,27,neg,neg_rep1,neg_ctl0,13,neighbor_column,1,1,1.01151,1.01151,0.0,0.0,0.0,5.029945e-06,,True,False
fs,27,neg,neg_rep1,neg_ctl0,13,neighbor_column,1,4,1.0115,1.0115,0.0,0.0,0.0,5.029945e-06,,True,False
fs,27,neg,neg_rep1,neg_ctl0,13,neighbor_column,1,16,1.01145,1.01145,0.0,0.0,0.0,5.029945e-06,,True,False
fs,27,neg,neg_rep1,neg_ctl0,13,neighbor_column,1,64,1.01124,1.01124,0.0,0.0,0.0,5.029945e-06,,True,False
fs,27,neg,neg_rep1,neg_ctl0,13,neighbor_column,1,147,1.01089,1.01089,0.0,0.0,0.0,5.029945e-06,,True,False
fs,27,neg,neg_rep1,neg_ctl0,20,neighbor_column,0,1,0.00601844,0.00601844,0.0,0.0,0.0,5.029945e-06,,True,False
fs,27,neg,neg_rep1,neg_ctl0,20,neighbor_column,0,4,0.00601818,0.00601818,0.0,0.0,0.0,5.029945e-06,,True,False
fs,27,neg,neg_rep1,neg_ctl0,20,neighbor_column,0,16,0.00601716,0.00601716,0.0,0.0,0.0,5.029945e-06,,True,False
fs,27,neg,neg_rep1,neg_ctl0,20,neighbor_column,0,64,0.00601307,0.00601307,0.0,0.0,0.0,5.029945e-06,,True,False
fs,27,neg,neg_rep1,neg_ctl0,20,neighbor_column,0,147,0.00600601,0.00600601,0.0,0.0,0.0,5.029945e-06,,True,False
fs,27,neg,neg_rep1,neg_ctl0,21,shared_wbl_column,0,1,0.00863367,0.00862978,3.8899999999994495e-06,4.32222222222161e-06,4.348108011110495e-11,5.029923259459944e-06,2.4353588094333767e-08,True,False
fs,27,neg,neg_rep1,neg_ctl0,21,shared_wbl_column,0,4,0.00864489,0.00862942,1.5470000000000067e-05,1.7188888888888963e-05,1.7291833144444519e-10,5.029858540834277e-06,9.68509017530587e-08,True,False
fs,27,neg,neg_rep1,neg_ctl0,21,shared_wbl_column,0,16,0.0086899,0.008628,6.190000000000015e-05,6.877777777777794e-05,6.918968788888905e-10,5.029599051560555e-06,3.875288182620764e-07,True,False
fs,27,neg,neg_rep1,neg_ctl0,21,shared_wbl_column,0,64,0.00886887,0.00862231,0.00024655999999999983,0.0002739555555555554,2.7559627537777757e-09,5.0285670186231105e-06,1.5436042880564986e-06,True,False
fs,27,neg,neg_rep1,neg_ctl0,21,shared_wbl_column,0,147,0.00917549,0.00861247,0.0005630199999999991,0.0006255777777777769,6.293243630888879e-09,5.026798378184555e-06,3.52482189431201e-06,True,False
fs,27,neg,neg_rep1,neg_ctl0,22,neighbor_column,0,1,0.00862978,0.00862978,0.0,0.0,0.0,5.029945e-06,,True,False
fs,27,neg,neg_rep1,neg_ctl0,22,neighbor_column,0,4,0.00862943,0.00862943,0.0,0.0,0.0,5.029945e-06,,True,False
fs,27,neg,neg_rep1,neg_ctl0,22,neighbor_column,0,16,0.008628,0.008628,0.0,0.0,0.0,5.029945e-06,,True,False
fs,27,neg,neg_rep1,neg_ctl0,22,neighbor_column,0,64,0.00862231,0.00862231,0.0,0.0,0.0,5.029945e-06,,True,False
fs,27,neg,neg_rep1,neg_ctl0,22,neighbor_column,0,147,0.00861247,0.00861247,0.0,0.0,0.0,5.029945e-06,,True,False
fs,27,neg,neg_rep1,neg_ctl0,23,neighbor_column,0,1,0.00863508,0.00863508,0.0,0.0,0.0,5.029945e-06,,True,False
fs,27,neg,neg_rep1,neg_ctl0,23,neighbor_column,0,4,0.00863472,0.00863472,0.0,0.0,0.0,5.029945e-06,,True,False
fs,27,neg,neg_rep1,neg_ctl0,23,neighbor_column,0,16,0.0086333,0.0086333,0.0,0.0,0.0,5.029945e-06,,True,False
fs,27,neg,neg_rep1,neg_ctl0,23,neighbor_column,0,64,0.0086276,0.0086276,0.0,0.0,0.0,5.029945e-06,,True,False
fs,27,neg,neg_rep1,neg_ctl0,23,neighbor_column,0,147,0.00861775,0.00861775,0.0,0.0,0.0,5.029945e-06,,True,False
fs,27,neg,neg_rep1,neg_ctl0,30,neighbor_column,1,1,1.00365,1.00365,0.0,0.0,0.0,5.029945e-06,,True,False
fs,27,neg,neg_rep1,neg_ctl0,30,neighbor_column,1,4,1.00364,1.00364,0.0,0.0,0.0,5.029945e-06,,True,False
fs,27,neg,neg_rep1,neg_ctl0,30,neighbor_column,1,16,1.00359,1.00359,0.0,0.0,0.0,5.029945e-06,,True,False
fs,27,neg,neg_rep1,neg_ctl0,30,neighbor_column,1,64,1.00339,1.00339,0.0,0.0,0.0,5.029945e-06,,True,False
fs,27,neg,neg_rep1,neg_ctl0,30,neighbor_column,1,147,1.00304,1.00304,0.0,0.0,0.0,5.029945e-06,,True,False
fs,27,neg,neg_rep1,neg_ctl0,31,shared_wbl_column,1,1,1.00714,1.00714,0.0,0.0,0.0,5.029945e-06,,True,False
fs,27,neg,neg_rep1,neg_ctl0,31,shared_wbl_column,1,4,1.00714,1.00713,-9.999999999843467e-06,-1.1111111110937185e-05,-1.1177655555380587e-10,5.030000888277777e-06,,True,False
fs,27,neg,neg_rep1,neg_ctl0,31,shared_wbl_column,1,16,1.00712,1.00708,-4.0000000000040004e-05,-4.444444444448889e-05,-4.4710622222266934e-10,5.030168553111111e-06,,True,False
fs,27,neg,neg_rep1,neg_ctl0,31,shared_wbl_column,1,64,1.00706,1.00687,-0.0001900000000001345,-0.00021111111111126056,-2.123754555557059e-09,5.031006877277778e-06,,True,False
fs,27,neg,neg_rep1,neg_ctl0,31,shared_wbl_column,1,147,1.00695,1.00652,-0.00042999999999993044,-0.00047777777777770046,-4.806391888888111e-09,5.032348195944444e-06,,True,False
fs,27,neg,neg_rep1,neg_ctl0,32,neighbor_column,1,1,1.00714,1.00714,0.0,0.0,0.0,5.029945e-06,,True,False
fs,27,neg,neg_rep1,neg_ctl0,32,neighbor_column,1,4,1.00713,1.00713,0.0,0.0,0.0,5.029945e-06,,True,False
fs,27,neg,neg_rep1,neg_ctl0,32,neighbor_column,1,16,1.00708,1.00708,0.0,0.0,0.0,5.029945e-06,,True,False
fs,27,neg,neg_rep1,neg_ctl0,32,neighbor_column,1,64,1.00687,1.00687,0.0,0.0,0.0,5.029945e-06,,True,False
fs,27,neg,neg_rep1,neg_ctl0,32,neighbor_column,1,147,1.00652,1.00652,0.0,0.0,0.0,5.029945e-06,,True,False
fs,27,neg,neg_rep1,neg_ctl0,33,neighbor_column,1,1,1.00714,1.00714,0.0,0.0,0.0,5.029945e-06,,True,False
fs,27,neg,neg_rep1,neg_ctl0,33,neighbor_column,1,4,1.00713,1.00713,0.0,0.0,0.0,5.029945e-06,,True,False
fs,27,neg,neg_rep1,neg_ctl0,33,neighbor_column,1,16,1.00708,1.00708,0.0,0.0,0.0,5.029945e-06,,True,False
fs,27,neg,neg_rep1,neg_ctl0,33,neighbor_column,1,64,1.00688,1.00688,0.0,0.0,0.0,5.029945e-06,,True,False
fs,27,neg,neg_rep1,neg_ctl0,33,neighbor_column,1,147,1.00653,1.00653,0.0,0.0,0.0,5.029945e-06,,True,False
fs,27,neg,neg_rep0,neg_ctl1,00,half_selected_row0,1,1,1.00955,1.00947,-7.999999999985796e-05,-8.888888888873107e-05,-8.942124444428568e-10,5.030392106222222e-06,,True,False
fs,27,neg,neg_rep0,neg_ctl1,00,half_selected_row0,1,4,1.00976,1.00947,-0.00028999999999990145,-0.0003222222222221127,-3.2415201111100094e-09,5.031565760055555e-06,,True,False
fs,27,neg,neg_rep0,neg_ctl1,00,half_selected_row0,1,16,1.01059,1.00947,-0.0011200000000000099,-0.0012444444444444553,-1.251897422222233e-08,5.03620448711111e-06,,False,False
fs,27,neg,neg_rep0,neg_ctl1,00,half_selected_row0,1,64,1.01369,1.00947,-0.0042199999999998905,-0.004688888888888767,-4.7169706444443214e-08,5.053529853222221e-06,,False,False
fs,27,neg,neg_rep0,neg_ctl1,00,half_selected_row0,1,147,1.01829,1.00947,-0.008819999999999828,-0.009799999999999809,-9.858692199999807e-08,5.079238460999998e-06,,False,False
fs,27,neg,neg_rep0,neg_ctl1,01,target_cell,1,1,-0.21553,1.01294,1.22847,1.3649666666666667,1.3731414520333333e-05,-1.8357622601666666e-06,0.43808369827584326,False,
fs,27,neg,neg_rep0,neg_ctl1,01,target_cell,1,4,-0.209385,1.01294,1.2223249999999999,1.3581388888888888,1.3662727826944442e-05,-1.8014189134722216e-06,0.4358923347700962,False,
fs,27,neg,neg_rep0,neg_ctl1,01,target_cell,1,16,-0.217671,1.01294,1.230611,1.3673455555555554,1.3755345880877775e-05,-1.8477279404388878e-06,0.4388471985631995,False,
fs,27,neg,neg_rep0,neg_ctl1,01,target_cell,1,64,-0.215627,1.01294,1.228567,1.3650744444444445,1.3732498752922222e-05,-1.836304376461111e-06,0.4381182893677973,False,
fs,27,neg,neg_rep0,neg_ctl1,01,target_cell,1,147,-0.218783,1.01294,1.231723,1.368581111111111,1.3767775433855553e-05,-1.8539427169277773e-06,0.43924374798848687,False,
fs,27,neg,neg_rep0,neg_ctl1,02,half_selected_row0,1,1,1.01301,1.01294,-7.00000000000145e-05,-7.777777777779388e-05,-7.824358888890509e-10,5.030336217944445e-06,,True,False
fs,27,neg,neg_rep0,neg_ctl1,02,half_selected_row0,1,4,1.01321,1.01294,-0.00026999999999999247,-0.0002999999999999916,-3.0179669999999156e-09,5.0314539835e-06,,True,False
fs,27,neg,neg_rep0,neg_ctl1,02,half_selected_row0,1,16,1.014,1.01294,-0.001060000000000061,-0.0011777777777778455,-1.1848314888889569e-08,5.035869157444445e-06,,False,False
fs,27,neg,neg_rep0,neg_ctl1,02,half_selected_row0,1,64,1.01693,1.01294,-0.003989999999999938,-0.004433333333333264,-4.4598845666665965e-08,5.052244422833333e-06,,False,False
fs,27,neg,neg_rep0,neg_ctl1,02,half_selected_row0,1,147,1.02137,1.01294,-0.008429999999999938,-0.009366666666666598,-9.422763633333263e-08,5.077058818166666e-06,,False,False
fs,27,neg,neg_rep0,neg_ctl1,03,half_selected_row0,1,1,1.01302,1.01295,-7.00000000000145e-05,-7.777777777779388e-05,-7.824358888890509e-10,5.030336217944445e-06,,True,False
fs,27,neg,neg_rep0,neg_ctl1,03,half_selected_row0,1,4,1.01323,1.01295,-0.000280000000000058,-0.00031111111111117553,-3.1297435555562035e-09,5.031509871777778e-06,,True,False
fs,27,neg,neg_rep0,neg_ctl1,03,half_selected_row0,1,16,1.01403,1.01295,-0.0010799999999999699,-0.0011999999999999665,-1.2071867999999662e-08,5.035980933999999e-06,,False,False
fs,27,neg,neg_rep0,neg_ctl1,03,half_selected_row0,1,64,1.01702,1.01295,-0.004070000000000018,-0.0045222222222222426,-4.5493058111111315e-08,5.052691529055556e-06,,False,False
fs,27,neg,neg_rep0,neg_ctl1,03,half_selected_row0,1,147,1.02149,1.01295,-0.008539999999999992,-0.00948888888888888,-9.545717844444434e-08,5.077673589222222e-06,,False,False
fs,27,neg,neg_rep0,neg_ctl1,10,neighbor_column,1,1,1.01191,1.01191,0.0,0.0,0.0,5.029945e-06,,True,False
fs,27,neg,neg_rep0,neg_ctl1,10,neighbor_column,1,4,1.01191,1.01191,0.0,0.0,0.0,5.029945e-06,,True,False
fs,27,neg,neg_rep0,neg_ctl1,10,neighbor_column,1,16,1.01191,1.01191,0.0,0.0,0.0,5.029945e-06,,True,False
fs,27,neg,neg_rep0,neg_ctl1,10,neighbor_column,1,64,1.01191,1.01191,0.0,0.0,0.0,5.029945e-06,,True,False
fs,27,neg,neg_rep0,neg_ctl1,10,neighbor_column,1,147,1.0119,1.0119,0.0,0.0,0.0,5.029945e-06,,True,False
fs,27,neg,neg_rep0,neg_ctl1,11,shared_wbl_column,1,1,1.01538,1.01538,0.0,0.0,0.0,5.029945e-06,,True,False
fs,27,neg,neg_rep0,neg_ctl1,11,shared_wbl_column,1,4,1.01537,1.01538,9.999999999843467e-06,1.1111111110937185e-05,1.1177655555380587e-10,5.0298891117222225e-06,8.00645161277706e-08,True,False
fs,27,neg,neg_rep0,neg_ctl1,11,shared_wbl_column,1,16,1.01533,1.01538,4.999999999988347e-05,5.555555555542608e-05,5.588827777764752e-10,5.0296655586111115e-06,4.0032258064418636e-07,True,False
fs,27,neg,neg_rep0,neg_ctl1,11,shared_wbl_column,1,64,1.01519,1.01538,0.00018999999999991246,0.00021111111111101383,2.1237545555545766e-09,5.0288831227222224e-06,1.5212258064507528e-06,True,False
fs,27,neg,neg_rep0,neg_ctl1,11,shared_wbl_column,1,147,1.01493,1.01537,0.00043999999999999595,0.0004888888888888844,4.918168444444399e-09,5.027485915777777e-06,3.522838709677018e-06,True,False
fs,27,neg,neg_rep0,neg_ctl1,12,neighbor_column,1,1,1.01538,1.01538,0.0,0.0,0.0,5.029945e-06,,True,False
fs,27,neg,neg_rep0,neg_ctl1,12,neighbor_column,1,4,1.01538,1.01538,0.0,0.0,0.0,5.029945e-06,,True,False
fs,27,neg,neg_rep0,neg_ctl1,12,neighbor_column,1,16,1.01538,1.01538,0.0,0.0,0.0,5.029945e-06,,True,False
fs,27,neg,neg_rep0,neg_ctl1,12,neighbor_column,1,64,1.01538,1.01538,0.0,0.0,0.0,5.029945e-06,,True,False
fs,27,neg,neg_rep0,neg_ctl1,12,neighbor_column,1,147,1.01537,1.01537,0.0,0.0,0.0,5.029945e-06,,True,False
fs,27,neg,neg_rep0,neg_ctl1,13,neighbor_column,1,1,1.01539,1.01539,0.0,0.0,0.0,5.029945e-06,,True,False
fs,27,neg,neg_rep0,neg_ctl1,13,neighbor_column,1,4,1.01539,1.01539,0.0,0.0,0.0,5.029945e-06,,True,False
fs,27,neg,neg_rep0,neg_ctl1,13,neighbor_column,1,16,1.01539,1.01539,0.0,0.0,0.0,5.029945e-06,,True,False
fs,27,neg,neg_rep0,neg_ctl1,13,neighbor_column,1,64,1.01539,1.01539,0.0,0.0,0.0,5.029945e-06,,True,False
fs,27,neg,neg_rep0,neg_ctl1,13,neighbor_column,1,147,1.01539,1.01539,0.0,0.0,0.0,5.029945e-06,,True,False
fs,27,neg,neg_rep0,neg_ctl1,20,neighbor_column,0,1,0.00899491,0.00899491,0.0,0.0,0.0,5.029945e-06,,True,False
fs,27,neg,neg_rep0,neg_ctl1,20,neighbor_column,0,4,0.00901279,0.00901279,0.0,0.0,0.0,5.029945e-06,,True,False
fs,27,neg,neg_rep0,neg_ctl1,20,neighbor_column,0,16,0.00908423,0.00908423,0.0,0.0,0.0,5.029945e-06,,True,False
fs,27,neg,neg_rep0,neg_ctl1,20,neighbor_column,0,64,0.0093684,0.0093684,0.0,0.0,0.0,5.029945e-06,,True,False
fs,27,neg,neg_rep0,neg_ctl1,20,neighbor_column,0,147,0.00985401,0.00985401,0.0,0.0,0.0,5.029945e-06,,True,False
fs,27,neg,neg_rep0,neg_ctl1,21,shared_wbl_column,0,1,0.0116132,0.0116172,-3.999999999998796e-06,-4.444444444443107e-06,-4.471062222220876e-11,5.0299673553111105e-06,,True,False
fs,27,neg,neg_rep0,neg_ctl1,21,shared_wbl_column,0,4,0.0116176,0.0116337,-1.6099999999999795e-05,-1.788888888888866e-05,-1.7996025444444215e-10,5.030034980127222e-06,,True,False
fs,27,neg,neg_rep0,neg_ctl1,21,shared_wbl_column,0,16,0.0116352,0.0116996,-6.439999999999918e-05,-7.155555555555465e-05,-7.198410177777686e-10,5.030304920508888e-06,,True,False
fs,27,neg,neg_rep0,neg_ctl1,21,shared_wbl_column,0,64,0.0117055,0.0119617,-0.00025619999999999983,-0.00028466666666666647,-2.863715353333331e-09,5.031376857676667e-06,,True,False
fs,27,neg,neg_rep0,neg_ctl1,21,shared_wbl_column,0,147,0.0118258,0.0124101,-0.0005843000000000011,-0.0006492222222222235,-6.531104141111123e-09,5.033210552070556e-06,,True,False
fs,27,neg,neg_rep0,neg_ctl1,22,neighbor_column,0,1,0.0116172,0.0116172,0.0,0.0,0.0,5.029945e-06,,True,False
fs,27,neg,neg_rep0,neg_ctl1,22,neighbor_column,0,4,0.0116337,0.0116337,0.0,0.0,0.0,5.029945e-06,,True,False
fs,27,neg,neg_rep0,neg_ctl1,22,neighbor_column,0,16,0.0116996,0.0116996,0.0,0.0,0.0,5.029945e-06,,True,False
fs,27,neg,neg_rep0,neg_ctl1,22,neighbor_column,0,64,0.0119618,0.0119618,0.0,0.0,0.0,5.029945e-06,,True,False
fs,27,neg,neg_rep0,neg_ctl1,22,neighbor_column,0,147,0.0124101,0.0124101,0.0,0.0,0.0,5.029945e-06,,True,False
fs,27,neg,neg_rep0,neg_ctl1,23,neighbor_column,0,1,0.0116244,0.0116244,0.0,0.0,0.0,5.029945e-06,,True,False
fs,27,neg,neg_rep0,neg_ctl1,23,neighbor_column,0,4,0.0116409,0.0116409,0.0,0.0,0.0,5.029945e-06,,True,False
fs,27,neg,neg_rep0,neg_ctl1,23,neighbor_column,0,16,0.0117068,0.0117068,0.0,0.0,0.0,5.029945e-06,,True,False
fs,27,neg,neg_rep0,neg_ctl1,23,neighbor_column,0,64,0.0119691,0.0119691,0.0,0.0,0.0,5.029945e-06,,True,False
fs,27,neg,neg_rep0,neg_ctl1,23,neighbor_column,0,147,0.0124176,0.0124176,0.0,0.0,0.0,5.029945e-06,,True,False
fs,27,neg,neg_rep0,neg_ctl1,30,neighbor_column,1,1,1.00755,1.00755,0.0,0.0,0.0,5.029945e-06,,True,False
fs,27,neg,neg_rep0,neg_ctl1,30,neighbor_column,1,4,1.00755,1.00755,0.0,0.0,0.0,5.029945e-06,,True,False
fs,27,neg,neg_rep0,neg_ctl1,30,neighbor_column,1,16,1.00755,1.00755,0.0,0.0,0.0,5.029945e-06,,True,False
fs,27,neg,neg_rep0,neg_ctl1,30,neighbor_column,1,64,1.00754,1.00754,0.0,0.0,0.0,5.029945e-06,,True,False
fs,27,neg,neg_rep0,neg_ctl1,30,neighbor_column,1,147,1.00754,1.00754,0.0,0.0,0.0,5.029945e-06,,True,False
fs,27,neg,neg_rep0,neg_ctl1,31,shared_wbl_column,1,1,1.01103,1.01103,0.0,0.0,0.0,5.029945e-06,,True,False
fs,27,neg,neg_rep0,neg_ctl1,31,shared_wbl_column,1,4,1.01102,1.01103,1.0000000000065512e-05,1.1111111111183902e-05,1.1177655555628782e-10,5.029889111722222e-06,8.006451612957708e-08,True,False
fs,27,neg,neg_rep0,neg_ctl1,31,shared_wbl_column,1,16,1.01099,1.01103,4.0000000000040004e-05,4.444444444448889e-05,4.4710622222266934e-10,5.029721446888889e-06,3.202580645165305e-07,True,False
fs,27,neg,neg_rep0,neg_ctl1,31,shared_wbl_column,1,64,1.01084,1.01103,0.0001900000000001345,0.00021111111111126056,2.123754555557059e-09,5.028883122722221e-06,1.5212258064530753e-06,True,False
fs,27,neg,neg_rep0,neg_ctl1,31,shared_wbl_column,1,147,1.01059,1.01103,0.00043999999999999595,0.0004888888888888844,4.918168444444399e-09,5.027485915777777e-06,3.52283870967828e-06,True,False
fs,27,neg,neg_rep0,neg_ctl1,32,neighbor_column,1,1,1.01103,1.01103,0.0,0.0,0.0,5.029945e-06,,True,False
fs,27,neg,neg_rep0,neg_ctl1,32,neighbor_column,1,4,1.01103,1.01103,0.0,0.0,0.0,5.029945e-06,,True,False
fs,27,neg,neg_rep0,neg_ctl1,32,neighbor_column,1,16,1.01103,1.01103,0.0,0.0,0.0,5.029945e-06,,True,False
fs,27,neg,neg_rep0,neg_ctl1,32,neighbor_column,1,64,1.01103,1.01103,0.0,0.0,0.0,5.029945e-06,,True,False
fs,27,neg,neg_rep0,neg_ctl1,32,neighbor_column,1,147,1.01103,1.01103,0.0,0.0,0.0,5.029945e-06,,True,False
fs,27,neg,neg_rep0,neg_ctl1,33,neighbor_column,1,1,1.01104,1.01104,0.0,0.0,0.0,5.029945e-06,,True,False
fs,27,neg,neg_rep0,neg_ctl1,33,neighbor_column,1,4,1.01104,1.01104,0.0,0.0,0.0,5.029945e-06,,True,False
fs,27,neg,neg_rep0,neg_ctl1,33,neighbor_column,1,16,1.01104,1.01104,0.0,0.0,0.0,5.029945e-06,,True,False
fs,27,neg,neg_rep0,neg_ctl1,33,neighbor_column,1,64,1.01104,1.01104,0.0,0.0,0.0,5.029945e-06,,True,False
fs,27,neg,neg_rep0,neg_ctl1,33,neighbor_column,1,147,1.01104,1.01104,0.0,0.0,0.0,5.029945e-06,,True,False
fs,125,std,rep1,ctl0,00,half_selected_row0,0,1,-0.136392,0.0185081,-0.1549001,-0.17211122222222222,-1.731419963321111e-06,5.8956549816605555e-06,,False,False
fs,125,std,rep1,ctl0,00,half_selected_row0,0,4,-0.136579,0.0182661,-0.1548451,-0.17205011111111113,-1.7308051922655556e-06,5.895347596132777e-06,,False,False
fs,125,std,rep1,ctl0,00,half_selected_row0,0,16,-0.140926,0.0173235,-0.1582495,-0.17583277777777775,-1.7688584028388885e-06,5.9143742014194435e-06,,False,False
fs,125,std,rep1,ctl0,00,half_selected_row0,0,64,-0.136425,0.0139485,-0.1503735,-0.16708166666666666,-1.680823187683333e-06,5.8703565938416654e-06,,False,False
fs,125,std,rep1,ctl0,00,half_selected_row0,0,147,-0.136657,0.00944085,-0.14609785,-0.16233094444444443,-1.633031444707222e-06,5.846460722353611e-06,,False,False
fs,125,std,rep1,ctl0,01,target_cell,0,1,0.983522,0.0300137,0.9535083,1.0594536666666665,1.0657987346763332e-05,-2.9904867338166587e-07,0.0001181826517153554,False,
fs,125,std,rep1,ctl0,01,target_cell,0,4,1.03876,0.0296644,1.0090956,1.1212173333333333,1.1279323039426665e-05,-6.097165197133331e-07,0.00012507242343071117,False,
fs,125,std,rep1,ctl0,01,target_cell,0,16,1.09105,0.0282961,1.0627539000000001,1.180837666666667,1.1879097034523335e-05,-9.096035172616677e-07,0.0001317231051086138,False,
fs,125,std,rep1,ctl0,01,target_cell,0,64,1.13747,0.0232828,1.1141872,1.2379857777777776,1.2454000746008886e-05,-1.1970553730044437e-06,0.0001380980090087386,False,
fs,125,std,rep1,ctl0,01,target_cell,0,147,1.15861,0.0162709,1.1423390999999998,1.2692656666666664,1.276867298744333e-05,-1.3543914937216654e-06,0.00014158729818726542,False,
fs,125,std,rep1,ctl0,02,half_selected_row0,0,1,-0.136022,0.0300137,-0.1660357,-0.18448411111111113,-1.8558898645255555e-06,5.957889932262777e-06,,False,False
fs,125,std,rep1,ctl0,02,half_selected_row0,0,4,-0.136189,0.0296644,-0.1658534,-0.18428155555555556,-1.8538521779177778e-06,5.956871088958888e-06,,False,False
fs,125,std,rep1,ctl0,02,half_selected_row0,0,16,-0.140524,0.0282961,-0.1688201,-0.18757788888888888,-1.8870129286544441e-06,5.973451464327221e-06,,False,False
fs,125,std,rep1,ctl0,02,half_selected_row0,0,64,-0.136044,0.0232828,-0.1593268,-0.17702977777777776,-1.7809000911688886e-06,5.920395045584444e-06,,False,False
fs,125,std,rep1,ctl0,02,half_selected_row0,0,147,-0.136265,0.0162709,-0.1525359,-0.16948433333333332,-1.7049937500566665e-06,5.8824418750283334e-06,,False,False
fs,125,std,rep1,ctl0,03,half_selected_row0,0,1,-0.132473,0.0300957,-0.1625687,-0.1806318888888889,-1.8171369327144444e-06,5.938513466357222e-06,,False,False
fs,125,std,rep1,ctl0,03,half_selected_row0,0,4,-0.132641,0.0297447,-0.16238570000000002,-0.18042855555555556,-1.8150914217477777e-06,5.937490710873889e-06,,False,False
fs,125,std,rep1,ctl0,03,half_selected_row0,0,16,-0.136945,0.02837,-0.16531500000000002,-0.18368333333333334,-1.8478341281666665e-06,5.953862064083333e-06,,False,False
fs,125,std,rep1,ctl0,03,half_selected_row0,0,64,-0.132496,0.023334,-0.15583,-0.17314444444444443,-1.741814065222222e-06,5.900852032611112e-06,,False,False
fs,125,std,rep1,ctl0,03,half_selected_row0,0,147,-0.132717,0.0162928,-0.1490098,-0.16556644444444443,-1.665580218802222e-06,5.862735109401111e-06,,False,False
fs,125,std,rep1,ctl0,10,neighbor_column,1,1,1.03092,1.03092,0.0,0.0,0.0,5.029945e-06,,True,False
fs,125,std,rep1,ctl0,10,neighbor_column,1,4,1.03006,1.03006,0.0,0.0,0.0,5.029945e-06,,True,False
fs,125,std,rep1,ctl0,10,neighbor_column,1,16,1.02664,1.02664,0.0,0.0,0.0,5.029945e-06,,True,False
fs,125,std,rep1,ctl0,10,neighbor_column,1,64,1.01297,1.01297,0.0,0.0,0.0,5.029945e-06,,True,False
fs,125,std,rep1,ctl0,10,neighbor_column,1,147,0.989388,0.989388,0.0,0.0,0.0,5.029945e-06,,True,False
fs,125,std,rep1,ctl0,11,shared_wbl_column,1,1,1.04433,1.04432,-1.0000000000065512e-05,-1.1111111111183902e-05,-1.1177655555628782e-10,5.030000888277778e-06,,True,False
fs,125,std,rep1,ctl0,11,shared_wbl_column,1,4,1.0435,1.04347,-3.0000000000196536e-05,-3.333333333355171e-05,-3.3532966666886343e-10,5.030112664833334e-06,,True,False
fs,125,std,rep1,ctl0,11,shared_wbl_column,1,16,1.04019,1.04005,-0.000140000000000029,-0.00015555555555558776,-1.5648717777781017e-09,5.0307274358888896e-06,,True,False
fs,125,std,rep1,ctl0,11,shared_wbl_column,1,64,1.02695,1.0264,-0.0005500000000000504,-0.0006111111111111672,-6.147710555556119e-09,5.033018855277777e-06,,True,False
fs,125,std,rep1,ctl0,11,shared_wbl_column,1,147,1.00411,1.00284,-0.0012700000000001044,-0.001411111111111227,-1.4195622555556721e-08,5.037042811277778e-06,,False,False
fs,125,std,rep1,ctl0,12,neighbor_column,1,1,1.04432,1.04432,0.0,0.0,0.0,5.029945e-06,,True,False
fs,125,std,rep1,ctl0,12,neighbor_column,1,4,1.04347,1.04347,0.0,0.0,0.0,5.029945e-06,,True,False
fs,125,std,rep1,ctl0,12,neighbor_column,1,16,1.04005,1.04005,0.0,0.0,0.0,5.029945e-06,,True,False
fs,125,std,rep1,ctl0,12,neighbor_column,1,64,1.0264,1.0264,0.0,0.0,0.0,5.029945e-06,,True,False
fs,125,std,rep1,ctl0,12,neighbor_column,1,147,1.00284,1.00284,0.0,0.0,0.0,5.029945e-06,,True,False
fs,125,std,rep1,ctl0,13,neighbor_column,1,1,1.04446,1.04446,0.0,0.0,0.0,5.029945e-06,,True,False
fs,125,std,rep1,ctl0,13,neighbor_column,1,4,1.04361,1.04361,0.0,0.0,0.0,5.029945e-06,,True,False
fs,125,std,rep1,ctl0,13,neighbor_column,1,16,1.04018,1.04018,0.0,0.0,0.0,5.029945e-06,,True,False
fs,125,std,rep1,ctl0,13,neighbor_column,1,64,1.02648,1.02648,0.0,0.0,0.0,5.029945e-06,,True,False
fs,125,std,rep1,ctl0,13,neighbor_column,1,147,1.00285,1.00285,0.0,0.0,0.0,5.029945e-06,,True,False
fs,125,std,rep1,ctl0,20,neighbor_column,0,1,0.0265034,0.0265034,0.0,0.0,0.0,5.029945e-06,,True,False
fs,125,std,rep1,ctl0,20,neighbor_column,0,4,0.0261858,0.0261858,0.0,0.0,0.0,5.029945e-06,,True,False
fs,125,std,rep1,ctl0,20,neighbor_column,0,16,0.0249438,0.0249438,0.0,0.0,0.0,5.029945e-06,,True,False
fs,125,std,rep1,ctl0,20,neighbor_column,0,64,0.02042,0.02042,0.0,0.0,0.0,5.029945e-06,,True,False
fs,125,std,rep1,ctl0,20,neighbor_column,0,147,0.0141672,0.0141672,0.0,0.0,0.0,5.029945e-06,,True,False
fs,125,std,rep1,ctl0,21,shared_wbl_column,0,1,0.0379712,0.037984,-1.2800000000000311e-05,-1.4222222222222568e-05,-1.4307399111111456e-10,5.030016536995555e-06,,True,False
fs,125,std,rep1,ctl0,21,shared_wbl_column,0,4,0.0375256,0.0375769,-5.130000000000412e-05,-5.700000000000458e-05,-5.73413730000046e-10,5.0302317068649995e-06,,True,False
fs,125,std,rep1,ctl0,21,shared_wbl_column,0,16,0.0357699,0.0359767,-0.00020680000000000004,-0.0002297777777777778,-2.311539168888889e-09,5.031100769584444e-06,,True,False
fs,125,std,rep1,ctl0,21,shared_wbl_column,0,64,0.0291891,0.0300337,-0.0008446000000000009,-0.0009384444444444454,-9.440647882222231e-09,5.034665323941111e-06,,True,False
fs,125,std,rep1,ctl0,21,shared_wbl_column,0,147,0.0195178,0.0214759,-0.001958100000000001,-0.0021756666666666673,-2.188696734333334e-08,5.040888483671666e-06,,False,False
fs,125,std,rep1,ctl0,22,neighbor_column,0,1,0.0379841,0.0379841,0.0,0.0,0.0,5.029945e-06,,True,False
fs,125,std,rep1,ctl0,22,neighbor_column,0,4,0.0375769,0.0375769,0.0,0.0,0.0,5.029945e-06,,True,False
fs,125,std,rep1,ctl0,22,neighbor_column,0,16,0.0359767,0.0359767,0.0,0.0,0.0,5.029945e-06,,True,False
fs,125,std,rep1,ctl0,22,neighbor_column,0,64,0.0300338,0.0300338,0.0,0.0,0.0,5.029945e-06,,True,False
fs,125,std,rep1,ctl0,22,neighbor_column,0,147,0.0214759,0.0214759,0.0,0.0,0.0,5.029945e-06,,True,False
fs,125,std,rep1,ctl0,23,neighbor_column,0,1,0.0380873,0.0380873,0.0,0.0,0.0,5.029945e-06,,True,False
fs,125,std,rep1,ctl0,23,neighbor_column,0,4,0.0376784,0.0376784,0.0,0.0,0.0,5.029945e-06,,True,False
fs,125,std,rep1,ctl0,23,neighbor_column,0,16,0.036071,0.036071,0.0,0.0,0.0,5.029945e-06,,True,False
fs,125,std,rep1,ctl0,23,neighbor_column,0,64,0.0301019,0.0301019,0.0,0.0,0.0,5.029945e-06,,True,False
fs,125,std,rep1,ctl0,23,neighbor_column,0,147,0.0215086,0.0215086,0.0,0.0,0.0,5.029945e-06,,True,False
fs,125,std,rep1,ctl0,30,neighbor_column,1,1,1.01408,1.01408,0.0,0.0,0.0,5.029945e-06,,True,False
fs,125,std,rep1,ctl0,30,neighbor_column,1,4,1.01321,1.01321,0.0,0.0,0.0,5.029945e-06,,True,False
fs,125,std,rep1,ctl0,30,neighbor_column,1,16,1.00973,1.00973,0.0,0.0,0.0,5.029945e-06,,True,False
fs,125,std,rep1,ctl0,30,neighbor_column,1,64,0.995825,0.995825,0.0,0.0,0.0,5.029945e-06,,True,False
fs,125,std,rep1,ctl0,30,neighbor_column,1,147,0.971843,0.971843,0.0,0.0,0.0,5.029945e-06,,True,False
fs,125,std,rep1,ctl0,31,shared_wbl_column,1,1,1.02778,1.02777,-9.999999999843467e-06,-1.1111111110937185e-05,-1.1177655555380587e-10,5.030000888277777e-06,,True,False
fs,125,std,rep1,ctl0,31,shared_wbl_column,1,4,1.02694,1.02691,-2.999999999997449e-05,-3.333333333330499e-05,-3.3532966666638153e-10,5.030112664833333e-06,,True,False
fs,125,std,rep1,ctl0,31,shared_wbl_column,1,16,1.02357,1.02343,-0.000140000000000029,-0.00015555555555558776,-1.5648717777781017e-09,5.0307274358888896e-06,,True,False
fs,125,std,rep1,ctl0,31,shared_wbl_column,1,64,1.0101,1.00954,-0.0005599999999998939,-0.0006222222222221043,-6.259487111109925e-09,5.033074743555554e-06,,True,False
fs,125,std,rep1,ctl0,31,shared_wbl_column,1,147,0.986848,0.985581,-0.001266999999999907,-0.0014077777777776745,-1.416208958888785e-08,5.0370260447944435e-06,,False,False
fs,125,std,rep1,ctl0,32,neighbor_column,1,1,1.02777,1.02777,0.0,0.0,0.0,5.029945e-06,,True,False
fs,125,std,rep1,ctl0,32,neighbor_column,1,4,1.02691,1.02691,0.0,0.0,0.0,5.029945e-06,,True,False
fs,125,std,rep1,ctl0,32,neighbor_column,1,16,1.02343,1.02343,0.0,0.0,0.0,5.029945e-06,,True,False
fs,125,std,rep1,ctl0,32,neighbor_column,1,64,1.00954,1.00954,0.0,0.0,0.0,5.029945e-06,,True,False
fs,125,std,rep1,ctl0,32,neighbor_column,1,147,0.985581,0.985581,0.0,0.0,0.0,5.029945e-06,,True,False
fs,125,std,rep1,ctl0,33,neighbor_column,1,1,1.02786,1.02786,0.0,0.0,0.0,5.029945e-06,,True,False
fs,125,std,rep1,ctl0,33,neighbor_column,1,4,1.02699,1.02699,0.0,0.0,0.0,5.029945e-06,,True,False
fs,125,std,rep1,ctl0,33,neighbor_column,1,16,1.0235,1.0235,0.0,0.0,0.0,5.029945e-06,,True,False
fs,125,std,rep1,ctl0,33,neighbor_column,1,64,1.00957,1.00957,0.0,0.0,0.0,5.029945e-06,,True,False
fs,125,std,rep1,ctl0,33,neighbor_column,1,147,0.985535,0.985535,0.0,0.0,0.0,5.029945e-06,,True,False
fs,125,std,rep0,ctl1,00,half_selected_row0,1,1,1.04959,1.03681,-0.012780000000000014,-0.014200000000000015,-1.4285043800000014e-07,5.101370219e-06,,False,False
fs,125,std,rep0,ctl1,00,half_selected_row0,1,4,1.07267,1.03599,-0.036680000000000046,-0.04075555555555561,-4.099964057777783e-07,5.234943202888889e-06,,False,False
fs,125,std,rep0,ctl1,00,half_selected_row0,1,16,1.1109,1.03268,-0.07821999999999996,-0.08691111111111106,-8.74316217555555e-07,5.467103108777777e-06,,False,False
fs,125,std,rep0,ctl1,00,half_selected_row0,1,64,1.15305,1.01945,-0.13359999999999994,-0.14844444444444438,-1.4933347822222216e-06,5.77661239111111e-06,,False,False
fs,125,std,rep0,ctl1,00,half_selected_row0,1,147,1.17346,0.996607,-0.17685299999999993,-0.19650333333333325,-1.9768019179666657e-06,6.018345958983333e-06,,False,False
fs,125,std,rep0,ctl1,01,target_cell,1,1,-0.123686,1.05024,1.173926,1.3043622222222222,1.312174047571111e-05,-1.5309252378555554e-06,0.00042403066798614555,False,
fs,125,std,rep0,ctl1,01,target_cell,1,4,-0.123854,1.04941,1.1732639999999999,1.3036266666666665,1.311434086773333e-05,-1.5272254338666657e-06,0.0004237915487382484,False,
fs,125,std,rep0,ctl1,01,target_cell,1,16,-0.128216,1.04612,1.1743359999999998,1.3048177777777776,1.3126323314488886e-05,-1.5332166572444437e-06,0.0004241787629886195,False,
fs,125,std,rep0,ctl1,01,target_cell,1,64,-0.123708,1.03294,1.156648,1.2851644444444443,1.292861294302222e-05,-1.4343614715111104e-06,0.0004177897278574963,False,
fs,125,std,rep0,ctl1,01,target_cell,1,147,-0.12393,1.01019,1.13412,1.2601333333333333,1.2676802718666665e-05,-1.3084563593333331e-06,0.00040965244928253347,False,
fs,125,std,rep0,ctl1,02,half_selected_row0,1,1,1.05984,1.05024,-0.009599999999999831,-0.010666666666666479,-1.0730549333333144e-07,5.083597746666665e-06,,False,False
fs,125,std,rep0,ctl1,02,half_selected_row0,1,4,1.07881,1.04941,-0.029400000000000093,-0.03266666666666677,-3.286230733333343e-07,5.194256536666667e-06,,False,False
fs,125,std,rep0,ctl1,02,half_selected_row0,1,16,1.11354,1.04612,-0.06742000000000004,-0.07491111111111115,-7.535975375555559e-07,5.406743768777778e-06,,False,False
fs,125,std,rep0,ctl1,02,half_selected_row0,1,64,1.15427,1.03294,-0.12132999999999994,-0.13481111111111105,-1.3561849485555548e-06,5.708037474277776e-06,,False,False
fs,125,std,rep0,ctl1,02,half_selected_row0,1,147,1.17442,1.01019,-0.1642300000000001,-0.18247777777777788,-1.8357063718888897e-06,5.947798185944445e-06,,False,False
fs,125,std,rep0,ctl1,03,half_selected_row0,1,1,1.0619,1.0504,-0.011500000000000066,-0.01277777777777785,-1.285430388888896e-07,5.094216519444444e-06,,False,False
fs,125,std,rep0,ctl1,03,half_selected_row0,1,4,1.08341,1.04957,-0.03384000000000009,-0.0376000000000001,-3.78251864000001e-07,5.219070932e-06,,False,False
fs,125,std,rep0,ctl1,03,half_selected_row0,1,16,1.1204,1.04626,-0.0741400000000001,-0.08237777777777788,-8.287113828888899e-07,5.444300691444445e-06,,False,False
fs,125,std,rep0,ctl1,03,half_selected_row0,1,64,1.16208,1.03305,-0.12902999999999998,-0.14336666666666664,-1.442252896333333e-06,5.751071448166666e-06,,False,False
fs,125,std,rep0,ctl1,03,half_selected_row0,1,147,1.18241,1.01022,-0.17219000000000007,-0.19132222222222228,-1.9246805101111114e-06,5.992285255055556e-06,,False,False
fs,125,std,rep0,ctl1,10,neighbor_column,1,1,1.04601,1.04601,0.0,0.0,0.0,5.029945e-06,,True,False
fs,125,std,rep0,ctl1,10,neighbor_column,1,4,1.04519,1.04519,0.0,0.0,0.0,5.029945e-06,,True,False
fs,125,std,rep0,ctl1,10,neighbor_column,1,16,1.04191,1.04191,0.0,0.0,0.0,5.029945e-06,,True,False
fs,125,std,rep0,ctl1,10,neighbor_column,1,64,1.02882,1.02882,0.0,0.0,0.0,5.029945e-06,,True,False
fs,125,std,rep0,ctl1,10,neighbor_column,1,147,1.0062,1.0062,0.0,0.0,0.0,5.029945e-06,,True,False
fs,125,std,rep0,ctl1,11,shared_wbl_column,1,1,1.05938,1.05939,1.0000000000065512e-05,1.1111111111183902e-05,1.1177655555628782e-10,5.029889111722222e-06,1.1967213114832509e-09,True,False
fs,125,std,rep0,ctl1,11,shared_wbl_column,1,4,1.05854,1.05857,2.999999999997449e-05,3.333333333330499e-05,3.3532966666638153e-10,5.029777335166667e-06,3.5901639344231803e-09,True,False
fs,125,std,rep0,ctl1,11,shared_wbl_column,1,16,1.05516,1.0553,0.00013999999999980695,0.00015555555555534105,1.5648717777756198e-09,5.0291625641111115e-06,1.675409836063265e-08,True,False
fs,125,std,rep0,ctl1,11,shared_wbl_column,1,64,1.04167,1.04223,0.0005599999999998939,0.0006222222222221043,6.259487111109925e-09,5.026815256444445e-06,6.701639344261032e-08,True,False
fs,125,std,rep0,ctl1,11,shared_wbl_column,1,147,1.01838,1.01965,0.0012699999999998823,0.0014111111111109803,1.4195622555554238e-08,5.022847188722222e-06,1.519836065573631e-07,False,False
fs,125,std,rep0,ctl1,12,neighbor_column,1,1,1.05939,1.05939,0.0,0.0,0.0,5.029945e-06,,True,False
fs,125,std,rep0,ctl1,12,neighbor_column,1,4,1.05857,1.05857,0.0,0.0,0.0,5.029945e-06,,True,False
fs,125,std,rep0,ctl1,12,neighbor_column,1,16,1.0553,1.0553,0.0,0.0,0.0,5.029945e-06,,True,False
fs,125,std,rep0,ctl1,12,neighbor_column,1,64,1.04223,1.04223,0.0,0.0,0.0,5.029945e-06,,True,False
fs,125,std,rep0,ctl1,12,neighbor_column,1,147,1.01965,1.01965,0.0,0.0,0.0,5.029945e-06,,True,False
fs,125,std,rep0,ctl1,13,neighbor_column,1,1,1.05958,1.05958,0.0,0.0,0.0,5.029945e-06,,True,False
fs,125,std,rep0,ctl1,13,neighbor_column,1,4,1.05876,1.05876,0.0,0.0,0.0,5.029945e-06,,True,False
fs,125,std,rep0,ctl1,13,neighbor_column,1,16,1.05548,1.05548,0.0,0.0,0.0,5.029945e-06,,True,False
fs,125,std,rep0,ctl1,13,neighbor_column,1,64,1.04236,1.04236,0.0,0.0,0.0,5.029945e-06,,True,False
fs,125,std,rep0,ctl1,13,neighbor_column,1,147,1.01971,1.01971,0.0,0.0,0.0,5.029945e-06,,True,False
fs,125,std,rep0,ctl1,20,neighbor_column,0,1,0.0394558,0.0394558,0.0,0.0,0.0,5.029945e-06,,True,False
fs,125,std,rep0,ctl1,20,neighbor_column,0,4,0.0390653,0.0390653,0.0,0.0,0.0,5.029945e-06,,True,False
fs,125,std,rep0,ctl1,20,neighbor_column,0,16,0.0375318,0.0375318,0.0,0.0,0.0,5.029945e-06,,True,False
fs,125,std,rep0,ctl1,20,neighbor_column,0,64,0.031854,0.031854,0.0,0.0,0.0,5.029945e-06,,True,False
fs,125,std,rep0,ctl1,20,neighbor_column,0,147,0.0237338,0.0237338,0.0,0.0,0.0,5.029945e-06,,True,False
fs,125,std,rep0,ctl1,21,shared_wbl_column,0,1,0.050958,0.0509451,1.2900000000003187e-05,1.4333333333336874e-05,1.4419175666670228e-10,5.029872904121666e-06,3.3097096310699837e-09,True,False
fs,125,std,rep0,ctl1,21,shared_wbl_column,0,4,0.0505337,0.0504822,5.150000000000293e-05,5.722222222222548e-05,5.756492611111438e-10,5.029657175369444e-06,1.3213181860470679e-08,True,False
fs,125,std,rep0,ctl1,21,shared_wbl_column,0,16,0.0488644,0.0486569,0.00020749999999999935,0.00023055555555555484,2.3193635277777705e-09,5.028785318236111e-06,5.32375773989806e-08,True,False
fs,125,std,rep0,ctl1,21,shared_wbl_column,0,64,0.04264,0.0417867,0.0008532999999999943,0.0009481111111111048,9.53789348555549e-09,5.025176053257222e-06,2.189283122628915e-07,True,False
fs,125,std,rep0,ctl1,21,shared_wbl_column,0,147,0.0335953,0.0315973,0.0019979999999999998,0.0022199999999999998,2.2332955799999995e-08,5.0187785221e-06,5.126201428586196e-07,False,False
fs,125,std,rep0,ctl1,22,neighbor_column,0,1,0.0509452,0.0509452,0.0,0.0,0.0,5.029945e-06,,True,False
fs,125,std,rep0,ctl1,22,neighbor_column,0,4,0.0504823,0.0504823,0.0,0.0,0.0,5.029945e-06,,True,False
fs,125,std,rep0,ctl1,22,neighbor_column,0,16,0.0486569,0.0486569,0.0,0.0,0.0,5.029945e-06,,True,False
fs,125,std,rep0,ctl1,22,neighbor_column,0,64,0.0417868,0.0417868,0.0,0.0,0.0,5.029945e-06,,True,False
fs,125,std,rep0,ctl1,22,neighbor_column,0,147,0.0315973,0.0315973,0.0,0.0,0.0,5.029945e-06,,True,False
fs,125,std,rep0,ctl1,23,neighbor_column,0,1,0.0510842,0.0510842,0.0,0.0,0.0,5.029945e-06,,True,False
fs,125,std,rep0,ctl1,23,neighbor_column,0,4,0.0506192,0.0506192,0.0,0.0,0.0,5.029945e-06,,True,False
fs,125,std,rep0,ctl1,23,neighbor_column,0,16,0.0487858,0.0487858,0.0,0.0,0.0,5.029945e-06,,True,False
fs,125,std,rep0,ctl1,23,neighbor_column,0,64,0.0418854,0.0418854,0.0,0.0,0.0,5.029945e-06,,True,False
fs,125,std,rep0,ctl1,23,neighbor_column,0,147,0.0316521,0.0316521,0.0,0.0,0.0,5.029945e-06,,True,False
fs,125,std,rep0,ctl1,30,neighbor_column,1,1,1.02944,1.02944,0.0,0.0,0.0,5.029945e-06,,True,False
fs,125,std,rep0,ctl1,30,neighbor_column,1,4,1.02861,1.02861,0.0,0.0,0.0,5.029945e-06,,True,False
fs,125,std,rep0,ctl1,30,neighbor_column,1,16,1.02527,1.02527,0.0,0.0,0.0,5.029945e-06,,True,False
fs,125,std,rep0,ctl1,30,neighbor_column,1,64,1.01194,1.01194,0.0,0.0,0.0,5.029945e-06,,True,False
fs,125,std,rep0,ctl1,30,neighbor_column,1,147,0.988921,0.988921,0.0,0.0,0.0,5.029945e-06,,True,False
fs,125,std,rep0,ctl1,31,shared_wbl_column,1,1,1.04311,1.04311,0.0,0.0,0.0,5.029945e-06,,True,False
fs,125,std,rep0,ctl1,31,shared_wbl_column,1,4,1.04225,1.04228,3.0000000000196536e-05,3.333333333355171e-05,3.3532966666886343e-10,5.029777335166665e-06,3.5298300505102158e-09,True,False
fs,125,std,rep0,ctl1,31,shared_wbl_column,1,16,1.03881,1.03895,0.000140000000000029,0.00015555555555558776,1.5648717777781017e-09,5.029162564111111e-06,1.6472540235609835e-08,True,False
fs,125,std,rep0,ctl1,31,shared_wbl_column,1,64,1.02508,1.02564,0.000560000000000116,0.0006222222222223511,6.259487111112407e-09,5.0268152564444434e-06,6.589016094243934e-08,True,False
fs,125,std,rep0,ctl1,31,shared_wbl_column,1,147,1.00139,1.00266,0.0012700000000001044,0.001411111111111227,1.4195622555556721e-08,5.022847188722221e-06,1.4942947213729914e-07,False,False
fs,125,std,rep0,ctl1,32,neighbor_column,1,1,1.04311,1.04311,0.0,0.0,0.0,5.029945e-06,,True,False
fs,125,std,rep0,ctl1,32,neighbor_column,1,4,1.04228,1.04228,0.0,0.0,0.0,5.029945e-06,,True,False
fs,125,std,rep0,ctl1,32,neighbor_column,1,16,1.03895,1.03895,0.0,0.0,0.0,5.029945e-06,,True,False
fs,125,std,rep0,ctl1,32,neighbor_column,1,64,1.02564,1.02564,0.0,0.0,0.0,5.029945e-06,,True,False
fs,125,std,rep0,ctl1,32,neighbor_column,1,147,1.00266,1.00266,0.0,0.0,0.0,5.029945e-06,,True,False
fs,125,std,rep0,ctl1,33,neighbor_column,1,1,1.04325,1.04325,0.0,0.0,0.0,5.029945e-06,,True,False
fs,125,std,rep0,ctl1,33,neighbor_column,1,4,1.04242,1.04242,0.0,0.0,0.0,5.029945e-06,,True,False
fs,125,std,rep0,ctl1,33,neighbor_column,1,16,1.03908,1.03908,0.0,0.0,0.0,5.029945e-06,,True,False
fs,125,std,rep0,ctl1,33,neighbor_column,1,64,1.02572,1.02572,0.0,0.0,0.0,5.029945e-06,,True,False
fs,125,std,rep0,ctl1,33,neighbor_column,1,147,1.00267,1.00267,0.0,0.0,0.0,5.029945e-06,,True,False
fs,125,neg,neg_rep1,neg_ctl0,00,half_selected_row0,0,1,-0.202086,0.0038085,-0.20589449999999998,-0.22877166666666665,-2.301417801783333e-06,6.180653900891666e-06,,False,False
fs,125,neg,neg_rep1,neg_ctl0,00,half_selected_row0,0,4,-0.203508,0.00370003,-0.20720803,-0.23023114444444442,-2.316099987685222e-06,6.187994993842611e-06,,False,False
fs,125,neg,neg_rep1,neg_ctl0,00,half_selected_row0,0,16,-0.202313,0.00329553,-0.20560852999999998,-0.2284539222222222,-2.2982213276241106e-06,6.179055663812055e-06,,False,False
fs,125,neg,neg_rep1,neg_ctl0,00,half_selected_row0,0,64,-0.203016,0.00206915,-0.20508515,-0.2278723888888889,-2.292371166259444e-06,6.176130583129722e-06,,False,False
fs,125,neg,neg_rep1,neg_ctl0,00,half_selected_row0,0,147,-0.203648,0.000920243,-0.20456824299999998,-0.22729804777777776,-2.2865933578591885e-06,6.1732416789295935e-06,,False,False
fs,125,neg,neg_rep1,neg_ctl0,01,target_cell,0,1,0.927731,0.00620945,0.92152155,1.0239128333333334,1.0300450472921667e-05,-1.2028023646083357e-07,7.247544994533952e-05,False,
fs,125,neg,neg_rep1,neg_ctl0,01,target_cell,0,4,0.984027,0.0060354,0.9779916,1.0866573333333334,1.0931653241026666e-05,-4.358816205133335e-07,7.691668334046285e-05,False,
fs,125,neg,neg_rep1,neg_ctl0,01,target_cell,0,16,1.03503,0.0053849,1.0296451,1.144050111111111,1.1509018272265553e-05,-7.245641361327771e-07,8.097910668124267e-05,False,
fs,125,neg,neg_rep1,neg_ctl0,01,target_cell,0,64,1.07352,0.0033984,1.0701216,1.189024,1.196145064736e-05,-9.507803236800003e-07,8.41624858976186e-05,False,
fs,125,neg,neg_rep1,neg_ctl0,01,target_cell,0,147,1.08452,0.00151872,1.08300128,1.2033347555555556,1.2105415274065778e-05,-1.0227626370328889e-06,8.517544170223541e-05,False,
fs,125,neg,neg_rep1,neg_ctl0,02,half_selected_row0,0,1,-0.201373,0.00620944,-0.20758244,-0.23064715555555557,-2.3202850137017776e-06,6.190087506850888e-06,,False,False
fs,125,neg,neg_rep1,neg_ctl0,02,half_selected_row0,0,4,-0.202952,0.00603539,-0.20898739,-0.2322082111111111,-2.335989060874555e-06,6.197939530437277e-06,,False,False
fs,125,neg,neg_rep1,neg_ctl0,02,half_selected_row0,0,16,-0.202275,0.0053849,-0.2076599,-0.23073322222222223,-2.321150834901111e-06,6.190520417450556e-06,,False,False
fs,125,neg,neg_rep1,neg_ctl0,02,half_selected_row0,0,64,-0.202376,0.0033984,-0.2057744,-0.22863822222222221,-2.300075365351111e-06,6.179982682675555e-06,,False,False
fs,125,neg,neg_rep1,neg_ctl0,02,half_selected_row0,0,147,-0.203127,0.00151871,-0.20464571,-0.22738412222222223,-2.2874592573021113e-06,6.173674628651055e-06,,False,False
fs,125,neg,neg_rep1,neg_ctl0,03,half_selected_row0,0,1,-0.201692,0.00621294,-0.20790494,-0.2310054888888889,-2.3238898076184445e-06,6.191889903809222e-06,,False,False
fs,125,neg,neg_rep1,neg_ctl0,03,half_selected_row0,0,4,-0.203123,0.0060387,-0.2091617,-0.23240188888888888,-2.337937438014444e-06,6.198913719007221e-06,,False,False
fs,125,neg,neg_rep1,neg_ctl0,03,half_selected_row0,0,16,-0.201939,0.00538751,-0.20732651000000002,-0.2303627888888889,-2.317424316315444e-06,6.188657158157721e-06,,False,False
fs,125,neg,neg_rep1,neg_ctl0,03,half_selected_row0,0,64,-0.202627,0.00339918,-0.20602618,-0.22891797777777778,-2.3028896754668887e-06,6.181389837733444e-06,,False,False
fs,125,neg,neg_rep1,neg_ctl0,03,half_selected_row0,0,147,-0.203264,0.00151837,-0.20478237,-0.22753596666666664,-2.288986795710333e-06,6.174438397855167e-06,,False,False
fs,125,neg,neg_rep1,neg_ctl0,10,neighbor_column,1,1,1.00648,1.00648,0.0,0.0,0.0,5.029945e-06,,True,False
fs,125,neg,neg_rep1,neg_ctl0,10,neighbor_column,1,4,1.00277,1.00277,0.0,0.0,0.0,5.029945e-06,,True,False
fs,125,neg,neg_rep1,neg_ctl0,10,neighbor_column,1,16,0.988043,0.988043,0.0,0.0,0.0,5.029945e-06,,True,False
fs,125,neg,neg_rep1,neg_ctl0,10,neighbor_column,1,64,0.931039,0.931039,0.0,0.0,0.0,5.029945e-06,,True,False
fs,125,neg,neg_rep1,neg_ctl0,10,neighbor_column,1,147,0.83905,0.83905,0.0,0.0,0.0,5.029945e-06,,True,False
fs,125,neg,neg_rep1,neg_ctl0,11,shared_wbl_column,1,1,1.01048,1.00991,-0.0005699999999999594,-0.0006333333333332882,-6.371263666666212e-09,5.033130631833333e-06,,True,False
fs,125,neg,neg_rep1,neg_ctl0,11,shared_wbl_column,1,4,1.00847,1.00618,-0.0022899999999999032,-0.0025444444444443367,-2.5596831222221135e-08,5.042743415611109e-06,,False,False
fs,125,neg,neg_rep1,neg_ctl0,11,shared_wbl_column,1,16,1.00045,0.991423,-0.009027000000000007,-0.010030000000000008,-1.0090069670000007e-07,5.080395348349999e-06,,False,False
fs,125,neg,neg_rep1,neg_ctl0,11,shared_wbl_column,1,64,0.968745,0.934286,-0.03445900000000002,-0.038287777777777796,-3.8517083278888906e-07,5.2225304163944435e-06,,False,False
fs,125,neg,neg_rep1,neg_ctl0,11,shared_wbl_column,1,147,0.915249,0.84209,-0.07315899999999997,-0.08128777777777775,-8.177461027888886e-07,5.4388180513944445e-06,,False,False
fs,125,neg,neg_rep1,neg_ctl0,12,neighbor_column,1,1,1.00991,1.00991,0.0,0.0,0.0,5.029945e-06,,True,False
fs,125,neg,neg_rep1,neg_ctl0,12,neighbor_column,1,4,1.00618,1.00618,0.0,0.0,0.0,5.029945e-06,,True,False
fs,125,neg,neg_rep1,neg_ctl0,12,neighbor_column,1,16,0.991423,0.991423,0.0,0.0,0.0,5.029945e-06,,True,False
fs,125,neg,neg_rep1,neg_ctl0,12,neighbor_column,1,64,0.934286,0.934286,0.0,0.0,0.0,5.029945e-06,,True,False
fs,125,neg,neg_rep1,neg_ctl0,12,neighbor_column,1,147,0.84209,0.84209,0.0,0.0,0.0,5.029945e-06,,True,False
fs,125,neg,neg_rep1,neg_ctl0,13,neighbor_column,1,1,1.00991,1.00991,0.0,0.0,0.0,5.029945e-06,,True,False
fs,125,neg,neg_rep1,neg_ctl0,13,neighbor_column,1,4,1.00619,1.00619,0.0,0.0,0.0,5.029945e-06,,True,False
fs,125,neg,neg_rep1,neg_ctl0,13,neighbor_column,1,16,0.991416,0.991416,0.0,0.0,0.0,5.029945e-06,,True,False
fs,125,neg,neg_rep1,neg_ctl0,13,neighbor_column,1,64,0.934235,0.934235,0.0,0.0,0.0,5.029945e-06,,True,False
fs,125,neg,neg_rep1,neg_ctl0,13,neighbor_column,1,147,0.841974,0.841974,0.0,0.0,0.0,5.029945e-06,,True,False
fs,125,neg,neg_rep1,neg_ctl0,20,neighbor_column,0,1,0.00550054,0.00550054,0.0,0.0,0.0,5.029945e-06,,True,False
fs,125,neg,neg_rep1,neg_ctl0,20,neighbor_column,0,4,0.00534579,0.00534579,0.0,0.0,0.0,5.029945e-06,,True,False
fs,125,neg,neg_rep1,neg_ctl0,20,neighbor_column,0,16,0.00476782,0.00476782,0.0,0.0,0.0,5.029945e-06,,True,False
fs,125,neg,neg_rep1,neg_ctl0,20,neighbor_column,0,64,0.00300603,0.00300603,0.0,0.0,0.0,5.029945e-06,,True,False
fs,125,neg,neg_rep1,neg_ctl0,20,neighbor_column,0,147,0.00134279,0.00134279,0.0,0.0,0.0,5.029945e-06,,True,False
fs,125,neg,neg_rep1,neg_ctl0,21,shared_wbl_column,0,1,0.00857523,0.00791422,0.0006610100000000001,0.0007344555555555556,7.388542098777778e-09,5.026250728950611e-06,7.378295950008657e-08,True,False
fs,125,neg,neg_rep1,neg_ctl0,21,shared_wbl_column,0,4,0.010266,0.00769528,0.002570720000000001,0.002856355555555557,2.873462268977779e-08,5.015577688655111e-06,2.8694774609470754e-07,False,False
fs,125,neg,neg_rep1,neg_ctl0,21,shared_wbl_column,0,16,0.0161326,0.00687553,0.00925707,0.010285633333333332,1.0347233991366665e-07,4.978208830043167e-06,1.0332884841371027e-06,False,False
fs,125,neg,neg_rep1,neg_ctl0,21,shared_wbl_column,0,64,0.0307709,0.00435777,0.02641313,0.029347922222222222,2.9523686928411106e-07,4.882326565357944e-06,2.9482744603871676e-06,False,False
fs,125,neg,neg_rep1,neg_ctl0,21,shared_wbl_column,0,147,0.041867,0.00195584,0.03991116,0.04434573333333333,4.461131993026666e-07,4.806888400348666e-06,4.4549454650935315e-06,False,False
fs,125,neg,neg_rep1,neg_ctl0,22,neighbor_column,0,1,0.00791424,0.00791424,0.0,0.0,0.0,5.029945e-06,,True,False
fs,125,neg,neg_rep1,neg_ctl0,22,neighbor_column,0,4,0.0076953,0.0076953,0.0,0.0,0.0,5.029945e-06,,True,False
fs,125,neg,neg_rep1,neg_ctl0,22,neighbor_column,0,16,0.00687554,0.00687554,0.0,0.0,0.0,5.029945e-06,,True,False
fs,125,neg,neg_rep1,neg_ctl0,22,neighbor_column,0,64,0.00435778,0.00435778,0.0,0.0,0.0,5.029945e-06,,True,False
fs,125,neg,neg_rep1,neg_ctl0,22,neighbor_column,0,147,0.00195584,0.00195584,0.0,0.0,0.0,5.029945e-06,,True,False
fs,125,neg,neg_rep1,neg_ctl0,23,neighbor_column,0,1,0.00791862,0.00791862,0.0,0.0,0.0,5.029945e-06,,True,False
fs,125,neg,neg_rep1,neg_ctl0,23,neighbor_column,0,4,0.00769944,0.00769944,0.0,0.0,0.0,5.029945e-06,,True,False
fs,125,neg,neg_rep1,neg_ctl0,23,neighbor_column,0,16,0.00687882,0.00687882,0.0,0.0,0.0,5.029945e-06,,True,False
fs,125,neg,neg_rep1,neg_ctl0,23,neighbor_column,0,64,0.00435875,0.00435875,0.0,0.0,0.0,5.029945e-06,,True,False
fs,125,neg,neg_rep1,neg_ctl0,23,neighbor_column,0,147,0.0019554,0.0019554,0.0,0.0,0.0,5.029945e-06,,True,False
fs,125,neg,neg_rep1,neg_ctl0,30,neighbor_column,1,1,1.00215,1.00215,0.0,0.0,0.0,5.029945e-06,,True,False
fs,125,neg,neg_rep1,neg_ctl0,30,neighbor_column,1,4,0.998437,0.998437,0.0,0.0,0.0,5.029945e-06,,True,False
fs,125,neg,neg_rep1,neg_ctl0,30,neighbor_column,1,16,0.983697,0.983697,0.0,0.0,0.0,5.029945e-06,,True,False
fs,125,neg,neg_rep1,neg_ctl0,30,neighbor_column,1,64,0.926648,0.926648,0.0,0.0,0.0,5.029945e-06,,True,False
fs,125,neg,neg_rep1,neg_ctl0,30,neighbor_column,1,147,0.834604,0.834604,0.0,0.0,0.0,5.029945e-06,,True,False
fs,125,neg,neg_rep1,neg_ctl0,31,shared_wbl_column,1,1,1.00617,1.00559,-0.0005800000000000249,-0.0006444444444444721,-6.4830402222225e-09,5.033186520111111e-06,,True,False
fs,125,neg,neg_rep1,neg_ctl0,31,shared_wbl_column,1,4,1.00415,1.00187,-0.0022800000000000598,-0.0025333333333333995,-2.548505466666733e-08,5.042687527333334e-06,,False,False
fs,125,neg,neg_rep1,neg_ctl0,31,shared_wbl_column,1,16,0.996116,0.987094,-0.009021999999999974,-0.010024444444444416,-1.0084480842222192e-07,5.080367404211111e-06,,False,False
fs,125,neg,neg_rep1,neg_ctl0,31,shared_wbl_column,1,64,0.964339,0.929911,-0.0344279999999999,-0.03825333333333322,-3.8482432546666554e-07,5.222357162733333e-06,,False,False
fs,125,neg,neg_rep1,neg_ctl0,31,shared_wbl_column,1,147,0.910734,0.837658,-0.07307600000000003,-0.08119555555555559,-8.168183573777781e-07,5.438354178688889e-06,,False,False
fs,125,neg,neg_rep1,neg_ctl0,32,neighbor_column,1,1,1.00559,1.00559,0.0,0.0,0.0,5.029945e-06,,True,False
fs,125,neg,neg_rep1,neg_ctl0,32,neighbor_column,1,4,1.00187,1.00187,0.0,0.0,0.0,5.029945e-06,,True,False
fs,125,neg,neg_rep1,neg_ctl0,32,neighbor_column,1,16,0.987094,0.987094,0.0,0.0,0.0,5.029945e-06,,True,False
fs,125,neg,neg_rep1,neg_ctl0,32,neighbor_column,1,64,0.929911,0.929911,0.0,0.0,0.0,5.029945e-06,,True,False
fs,125,neg,neg_rep1,neg_ctl0,32,neighbor_column,1,147,0.837658,0.837658,0.0,0.0,0.0,5.029945e-06,,True,False
fs,125,neg,neg_rep1,neg_ctl0,33,neighbor_column,1,1,1.0056,1.0056,0.0,0.0,0.0,5.029945e-06,,True,False
fs,125,neg,neg_rep1,neg_ctl0,33,neighbor_column,1,4,1.00187,1.00187,0.0,0.0,0.0,5.029945e-06,,True,False
fs,125,neg,neg_rep1,neg_ctl0,33,neighbor_column,1,16,0.987084,0.987084,0.0,0.0,0.0,5.029945e-06,,True,False
fs,125,neg,neg_rep1,neg_ctl0,33,neighbor_column,1,64,0.929856,0.929856,0.0,0.0,0.0,5.029945e-06,,True,False
fs,125,neg,neg_rep1,neg_ctl0,33,neighbor_column,1,147,0.837538,0.837538,0.0,0.0,0.0,5.029945e-06,,True,False
fs,125,neg,neg_rep0,neg_ctl1,00,half_selected_row0,1,1,1.01414,1.00885,-0.005290000000000017,-0.005877777777777796,-5.9129797888889066e-08,5.059509898944445e-06,,False,False
fs,125,neg,neg_rep0,neg_ctl1,00,half_selected_row0,1,4,1.02564,1.00754,-0.018100000000000005,-0.020111111111111118,-2.023155655555556e-07,5.131102782777778e-06,,False,False
fs,125,neg,neg_rep0,neg_ctl1,00,half_selected_row0,1,16,1.05121,1.00232,-0.04888999999999988,-0.054322222222222084,-5.464755801111097e-07,5.303182790055555e-06,,False,False
fs,125,neg,neg_rep0,neg_ctl1,00,half_selected_row0,1,64,1.08419,0.981505,-0.10268500000000003,-0.11409444444444447,-1.1477775607222224e-06,5.603833780361111e-06,,False,False
fs,125,neg,neg_rep0,neg_ctl1,00,half_selected_row0,1,147,1.09862,0.945694,-0.1529259999999999,-0.16991777777777767,-1.7093541534888876e-06,5.884622076744443e-06,,False,False
fs,125,neg,neg_rep0,neg_ctl1,01,target_cell,1,1,-0.184849,1.01228,1.197129,1.3301433333333335,1.3381095617566668e-05,-1.6606028087833338e-06,0.001266870690915913,False,
fs,125,neg,neg_rep0,neg_ctl1,01,target_cell,1,4,-0.186034,1.01097,1.197004,1.3300044444444443,1.337969841062222e-05,-1.6599042053111104e-06,0.0012667384087338219,False,
fs,125,neg,neg_rep0,neg_ctl1,01,target_cell,1,16,-0.185522,1.00576,1.191282,1.3236466666666666,1.3315739865533333e-05,-1.6279249327666664e-06,0.0012606830595664215,False,
fs,125,neg,neg_rep0,neg_ctl1,01,target_cell,1,64,-0.185603,0.984951,1.170554,1.3006155555555556,1.3084049421177778e-05,-1.5120797105888893e-06,0.0012387474990033537,False,
fs,125,neg,neg_rep0,neg_ctl1,01,target_cell,1,147,-0.186165,0.949163,1.135328,1.2614755555555555,1.2690305326577776e-05,-1.3152076632888883e-06,0.0012014693218326358,False,
fs,125,neg,neg_rep0,neg_ctl1,02,half_selected_row0,1,1,1.01721,1.01228,-0.004929999999999879,-0.005477777777777643,-5.510584188888753e-08,5.057497920944444e-06,,False,False
fs,125,neg,neg_rep0,neg_ctl1,02,half_selected_row0,1,4,1.028,1.01097,-0.0170300000000001,-0.018922222222222333,-1.903554741111122e-07,5.125122737055555e-06,,False,False
fs,125,neg,neg_rep0,neg_ctl1,02,half_selected_row0,1,16,1.05259,1.00576,-0.04682999999999993,-0.05203333333333325,-5.234496096666658e-07,5.291669804833332e-06,,False,False
fs,125,neg,neg_rep0,neg_ctl1,02,half_selected_row0,1,64,1.08501,0.984951,-0.10005900000000001,-0.11117666666666667,-1.1184250372333333e-06,5.589157518616666e-06,,False,False
fs,125,neg,neg_rep0,neg_ctl1,02,half_selected_row0,1,147,1.09941,0.949163,-0.15024700000000002,-0.16694111111111112,-1.6794092142555555e-06,5.869649607127778e-06,,False,False
fs,125,neg,neg_rep0,neg_ctl1,03,half_selected_row0,1,1,1.01744,1.01228,-0.005159999999999831,-0.005733333333333146,-5.767670266666478e-08,5.058783351333332e-06,,False,False
fs,125,neg,neg_rep0,neg_ctl1,03,half_selected_row0,1,4,1.02867,1.01098,-0.017689999999999984,-0.019655555555555537,-1.9773272677777757e-07,5.128811363388889e-06,,False,False
fs,125,neg,neg_rep0,neg_ctl1,03,half_selected_row0,1,16,1.05387,1.00576,-0.0481100000000001,-0.05345555555555566,-5.377570087777788e-07,5.298823504388889e-06,,False,False
fs,125,neg,neg_rep0,neg_ctl1,03,half_selected_row0,1,64,1.08663,0.984939,-0.10169099999999998,-0.11298999999999997,-1.1366669710999996e-06,5.598278485549999e-06,,False,False
fs,125,neg,neg_rep0,neg_ctl1,03,half_selected_row0,1,147,1.10102,0.949123,-0.15189700000000006,-0.1687744444444445,-1.6978523459222227e-06,5.878871172961111e-06,,False,False
fs,125,neg,neg_rep0,neg_ctl1,10,neighbor_column,1,1,1.01126,1.01126,0.0,0.0,0.0,5.029945e-06,,True,False
fs,125,neg,neg_rep0,neg_ctl1,10,neighbor_column,1,4,1.00995,1.00995,0.0,0.0,0.0,5.029945e-06,,True,False
fs,125,neg,neg_rep0,neg_ctl1,10,neighbor_column,1,16,1.00475,1.00475,0.0,0.0,0.0,5.029945e-06,,True,False
fs,125,neg,neg_rep0,neg_ctl1,10,neighbor_column,1,64,0.983976,0.983976,0.0,0.0,0.0,5.029945e-06,,True,False
fs,125,neg,neg_rep0,neg_ctl1,10,neighbor_column,1,147,0.948244,0.948244,0.0,0.0,0.0,5.029945e-06,,True,False
fs,125,neg,neg_rep0,neg_ctl1,11,shared_wbl_column,1,1,1.01411,1.01468,0.0005699999999999594,0.0006333333333332882,6.371263666666212e-09,5.026759368166666e-06,1.6860207365032756e-08,True,False
fs,125,neg,neg_rep0,neg_ctl1,11,shared_wbl_column,1,4,1.0111,1.01338,0.0022799999999998377,0.0025333333333331528,2.548505466666485e-08,5.017202472666667e-06,6.744082946013102e-08,False,False
fs,125,neg,neg_rep0,neg_ctl1,11,shared_wbl_column,1,16,0.999127,1.00818,0.009053000000000089,0.010058888888888987,1.0119131574444543e-07,4.979349342127777e-06,2.677815039923753e-07,False,False
fs,125,neg,neg_rep0,neg_ctl1,11,shared_wbl_column,1,64,0.952379,0.987404,0.03502499999999997,0.038916666666666634,3.91497385833333e-07,4.834196307083333e-06,1.0360153736145858e-06,False,False
fs,125,neg,neg_rep0,neg_ctl1,11,shared_wbl_column,1,147,0.875535,0.951675,0.0761400000000001,0.0846000000000001,8.51066694000001e-07,4.604411652999999e-06,2.2521687522345387e-06,False,False
fs,125,neg,neg_rep0,neg_ctl1,12,neighbor_column,1,1,1.01468,1.01468,0.0,0.0,0.0,5.029945e-06,,True,False
fs,125,neg,neg_rep0,neg_ctl1,12,neighbor_column,1,4,1.01338,1.01338,0.0,0.0,0.0,5.029945e-06,,True,False
fs,125,neg,neg_rep0,neg_ctl1,12,neighbor_column,1,16,1.00818,1.00818,0.0,0.0,0.0,5.029945e-06,,True,False
fs,125,neg,neg_rep0,neg_ctl1,12,neighbor_column,1,64,0.987404,0.987404,0.0,0.0,0.0,5.029945e-06,,True,False
fs,125,neg,neg_rep0,neg_ctl1,12,neighbor_column,1,147,0.951675,0.951675,0.0,0.0,0.0,5.029945e-06,,True,False
fs,125,neg,neg_rep0,neg_ctl1,13,neighbor_column,1,1,1.01469,1.01469,0.0,0.0,0.0,5.029945e-06,,True,False
fs,125,neg,neg_rep0,neg_ctl1,13,neighbor_column,1,4,1.01339,1.01339,0.0,0.0,0.0,5.029945e-06,,True,False
fs,125,neg,neg_rep0,neg_ctl1,13,neighbor_column,1,16,1.00818,1.00818,0.0,0.0,0.0,5.029945e-06,,True,False
fs,125,neg,neg_rep0,neg_ctl1,13,neighbor_column,1,64,0.987394,0.987394,0.0,0.0,0.0,5.029945e-06,,True,False
fs,125,neg,neg_rep0,neg_ctl1,13,neighbor_column,1,147,0.951636,0.951636,0.0,0.0,0.0,5.029945e-06,,True,False
fs,125,neg,neg_rep0,neg_ctl1,20,neighbor_column,0,1,0.00968285,0.00968285,0.0,0.0,0.0,5.029945e-06,,True,False
fs,125,neg,neg_rep0,neg_ctl1,20,neighbor_column,0,4,0.0123638,0.0123638,0.0,0.0,0.0,5.029945e-06,,True,False
fs,125,neg,neg_rep0,neg_ctl1,20,neighbor_column,0,16,0.0212539,0.0212539,0.0,0.0,0.0,5.029945e-06,,True,False
fs,125,neg,neg_rep0,neg_ctl1,20,neighbor_column,0,64,0.0416241,0.0416241,0.0,0.0,0.0,5.029945e-06,,True,False
fs,125,neg,neg_rep0,neg_ctl1,20,neighbor_column,0,147,0.0562957,0.0562957,0.0,0.0,0.0,5.029945e-06,,True,False
fs,125,neg,neg_rep0,neg_ctl1,21,shared_wbl_column,0,1,0.0114321,0.0121034,-0.0006712999999999997,-0.0007458888888888885,-7.50356017444444e-09,5.033696780087222e-06,,True,False
fs,125,neg,neg_rep0,neg_ctl1,21,shared_wbl_column,0,4,0.0120289,0.0145956,-0.0025667,-0.0028518888888888886,-2.868968851444444e-08,5.044289844257222e-06,,False,False
fs,125,neg,neg_rep0,neg_ctl1,21,shared_wbl_column,0,16,0.0141839,0.0229306,-0.0087467,-0.009718555555555555,-9.776759984777776e-08,5.078828799923888e-06,,False,False
fs,125,neg,neg_rep0,neg_ctl1,21,shared_wbl_column,0,64,0.0201226,0.0423628,-0.022240199999999998,-0.02471133333333333,-2.4859329508666663e-07,5.154241647543333e-06,,False,False
fs,125,neg,neg_rep0,neg_ctl1,21,shared_wbl_column,0,147,0.0249548,0.0565751,-0.031620300000000004,-0.03513366666666667,-3.534408219633333e-07,5.2066654109816664e-06,,False,False
fs,125,neg,neg_rep0,neg_ctl1,22,neighbor_column,0,1,0.0121034,0.0121034,0.0,0.0,0.0,5.029945e-06,,True,False
fs,125,neg,neg_rep0,neg_ctl1,22,neighbor_column,0,4,0.0145956,0.0145956,0.0,0.0,0.0,5.029945e-06,,True,False
fs,125,neg,neg_rep0,neg_ctl1,22,neighbor_column,0,16,0.0229306,0.0229306,0.0,0.0,0.0,5.029945e-06,,True,False
fs,125,neg,neg_rep0,neg_ctl1,22,neighbor_column,0,64,0.0423628,0.0423628,0.0,0.0,0.0,5.029945e-06,,True,False
fs,125,neg,neg_rep0,neg_ctl1,22,neighbor_column,0,147,0.0565751,0.0565751,0.0,0.0,0.0,5.029945e-06,,True,False
fs,125,neg,neg_rep0,neg_ctl1,23,neighbor_column,0,1,0.0121103,0.0121103,0.0,0.0,0.0,5.029945e-06,,True,False
fs,125,neg,neg_rep0,neg_ctl1,23,neighbor_column,0,4,0.0146034,0.0146034,0.0,0.0,0.0,5.029945e-06,,True,False
fs,125,neg,neg_rep0,neg_ctl1,23,neighbor_column,0,16,0.0229408,0.0229408,0.0,0.0,0.0,5.029945e-06,,True,False
fs,125,neg,neg_rep0,neg_ctl1,23,neighbor_column,0,64,0.0423752,0.0423752,0.0,0.0,0.0,5.029945e-06,,True,False
fs,125,neg,neg_rep0,neg_ctl1,23,neighbor_column,0,147,0.0565851,0.0565851,0.0,0.0,0.0,5.029945e-06,,True,False
fs,125,neg,neg_rep0,neg_ctl1,30,neighbor_column,1,1,1.00694,1.00694,0.0,0.0,0.0,5.029945e-06,,True,False
fs,125,neg,neg_rep0,neg_ctl1,30,neighbor_column,1,4,1.00564,1.00564,0.0,0.0,0.0,5.029945e-06,,True,False
fs,125,neg,neg_rep0,neg_ctl1,30,neighbor_column,1,16,1.00041,1.00041,0.0,0.0,0.0,5.029945e-06,,True,False
fs,125,neg,neg_rep0,neg_ctl1,30,neighbor_column,1,64,0.979553,0.979553,0.0,0.0,0.0,5.029945e-06,,True,False
fs,125,neg,neg_rep0,neg_ctl1,30,neighbor_column,1,147,0.943679,0.943679,0.0,0.0,0.0,5.029945e-06,,True,False
fs,125,neg,neg_rep0,neg_ctl1,31,shared_wbl_column,1,1,1.00982,1.01039,0.0005699999999999594,0.0006333333333332882,6.371263666666212e-09,5.026759368166666e-06,1.6848962675367406e-08,True,False
fs,125,neg,neg_rep0,neg_ctl1,31,shared_wbl_column,1,4,1.0068,1.00908,0.0022800000000000598,0.0025333333333333995,2.548505466666733e-08,5.017202472666666e-06,6.739585070147619e-08,False,False
fs,125,neg,neg_rep0,neg_ctl1,31,shared_wbl_column,1,16,0.994812,1.00385,0.00903799999999988,0.010042222222222088,1.0102365091110975e-07,4.979433174544445e-06,2.6715951694733235e-07,False,False
fs,125,neg,neg_rep0,neg_ctl1,31,shared_wbl_column,1,64,0.948008,0.982998,0.03499000000000008,0.038877777777777865,3.9110616788888975e-07,4.834391916055555e-06,1.0342898315985068e-06,False,False
fs,125,neg,neg_rep0,neg_ctl1,31,shared_wbl_column,1,147,0.871082,0.947127,0.07604500000000003,0.08449444444444447,8.500048167222224e-07,4.604942591638889e-06,2.24785853797966e-06,False,False
fs,125,neg,neg_rep0,neg_ctl1,32,neighbor_column,1,1,1.01039,1.01039,0.0,0.0,0.0,5.029945e-06,,True,False
fs,125,neg,neg_rep0,neg_ctl1,32,neighbor_column,1,4,1.00908,1.00908,0.0,0.0,0.0,5.029945e-06,,True,False
fs,125,neg,neg_rep0,neg_ctl1,32,neighbor_column,1,16,1.00385,1.00385,0.0,0.0,0.0,5.029945e-06,,True,False
fs,125,neg,neg_rep0,neg_ctl1,32,neighbor_column,1,64,0.982998,0.982998,0.0,0.0,0.0,5.029945e-06,,True,False
fs,125,neg,neg_rep0,neg_ctl1,32,neighbor_column,1,147,0.947126,0.947127,1.0000000000287557e-06,1.1111111111430618e-06,1.1177655555876975e-11,5.029939411172222e-06,2.955958364184756e-11,True,False
fs,125,neg,neg_rep0,neg_ctl1,33,neighbor_column,1,1,1.01039,1.01039,0.0,0.0,0.0,5.029945e-06,,True,False
fs,125,neg,neg_rep0,neg_ctl1,33,neighbor_column,1,4,1.00909,1.00909,0.0,0.0,0.0,5.029945e-06,,True,False
fs,125,neg,neg_rep0,neg_ctl1,33,neighbor_column,1,16,1.00386,1.00386,0.0,0.0,0.0,5.029945e-06,,True,False
fs,125,neg,neg_rep0,neg_ctl1,33,neighbor_column,1,64,0.982984,0.982984,0.0,0.0,0.0,5.029945e-06,,True,False
fs,125,neg,neg_rep0,neg_ctl1,33,neighbor_column,1,147,0.947084,0.947084,0.0,0.0,0.0,5.029945e-06,,True,False
