process,temp_c,instance,mode,pattern,source,stem,role,index,waveform,v_dc,e_net_J,e_gross_J,e_rec_J,q_C,identity_ok,dc_check_ok
tt,27,act_z,active,zero,vpre0_act_z,vpre0,rbl_precharge,0,dc,0.9,-1.58987e-18,3.53048e-17,3.68947e-17,1.76652e-18,True,True
tt,27,act_z,active,zero,vpre1_act_z,vpre1,rbl_precharge,1,dc,0.9,-2.85239e-18,3.39689e-17,3.68212e-17,3.16932e-18,True,True
tt,27,act_z,active,zero,vpre2_act_z,vpre2,rbl_precharge,2,dc,0.9,-2.85254e-18,3.40074e-17,3.686e-17,3.16949e-18,True,True
tt,27,act_z,active,zero,vpre3_act_z,vpre3,rbl_precharge,3,dc,0.9,-3.2442e-18,2.16506e-17,2.48948e-17,3.60467e-18,True,True
tt,27,act_z,active,zero,vwbl0_act_z,vwbl0,wbl_writeback,0,dc,0.0,0.0,0.0,0.0,-2.06028e-17,True,True
tt,27,act_z,active,zero,vwbl1_act_z,vwbl1,wbl_writeback,1,dc,0.0,0.0,0.0,0.0,-3.82046e-17,True,True
tt,27,act_z,active,zero,vwbl2_act_z,vwbl2,wbl_writeback,2,dc,0.0,0.0,0.0,0.0,-3.80816e-17,True,True
tt,27,act_z,active,zero,vwbl3_act_z,vwbl3,wbl_writeback,3,dc,0.0,0.0,0.0,0.0,-4.28089e-17,True,True
tt,27,act_z,active,zero,vrwl0_act_z,vrwl0,rwl_selected,0,pwl,,2.69299e-17,4.6171e-15,4.59017e-15,-9.55289e-18,True,
tt,27,act_z,active,zero,vrwl1_act_z,vrwl1,rwl_deselected,1,dc,1.8,-2.56864e-19,8.02885e-18,8.28571e-18,1.42702e-19,True,True
tt,27,act_z,active,zero,vrwl2_act_z,vrwl2,rwl_deselected,2,dc,1.8,-2.56864e-19,8.02885e-18,8.28571e-18,1.42702e-19,True,True
tt,27,act_z,active,zero,vrwl3_act_z,vrwl3,rwl_deselected,3,dc,1.8,-2.37924e-19,7.48354e-18,7.72147e-18,1.3218e-19,True,True
tt,27,act_z,active,zero,vwwl0_act_z,vwwl0,wwl_selected,0,pwl,,5.36208e-17,8.38482e-15,8.3312e-15,3.12769e-17,True,
tt,27,act_z,active,zero,vwwl1_act_z,vwwl1,wwl_deselected,1,dc,0.0,0.0,0.0,0.0,1.16297e-20,True,True
tt,27,act_z,active,zero,vwwl2_act_z,vwwl2,wwl_deselected,2,dc,0.0,0.0,0.0,0.0,1.16297e-20,True,True
tt,27,act_z,active,zero,vwwl3_act_z,vwwl3,wwl_deselected,3,dc,0.0,0.0,0.0,0.0,5.22563e-21,True,True
tt,27,act_z,active,zero,vbody_act_z,vbody,body_bias_gnd,,dc,0.0,0.0,0.0,0.0,5.28797e-17,True,True
tt,27,act_z,active,zero,vsub_act_z,vsub,substrate_vsubs,,dc,0.0,0.0,0.0,0.0,5.2938e-17,True,True
tt,27,act_o,active,one,vpre0_act_o,vpre0,rbl_precharge,0,dc,0.9,1.68443e-15,3.12505e-15,1.44063e-15,-1.87159e-15,True,True
tt,27,act_o,active,one,vpre1_act_o,vpre1,rbl_precharge,1,dc,0.9,1.6753e-15,3.11415e-15,1.43885e-15,-1.86144e-15,True,True
tt,27,act_o,active,one,vpre2_act_o,vpre2,rbl_precharge,2,dc,0.9,1.6753e-15,3.11193e-15,1.43663e-15,-1.86144e-15,True,True
tt,27,act_o,active,one,vpre3_act_o,vpre3,rbl_precharge,3,dc,0.9,1.41871e-15,2.7604e-15,1.34169e-15,-1.57634e-15,True,True
tt,27,act_o,active,one,vwbl0_act_o,vwbl0,wbl_writeback,0,pwl,,1.12171e-15,4.75407e-15,3.63236e-15,-4.94343e-16,True,
tt,27,act_o,active,one,vwbl1_act_o,vwbl1,wbl_writeback,1,pwl,,1.09434e-15,5.08094e-15,3.9866e-15,-5.12774e-16,True,
tt,27,act_o,active,one,vwbl2_act_o,vwbl2,wbl_writeback,2,pwl,,1.09596e-15,5.08826e-15,3.99229e-15,-5.12607e-16,True,
tt,27,act_o,active,one,vwbl3_act_o,vwbl3,wbl_writeback,3,pwl,,1.11269e-15,5.11985e-15,4.00716e-15,-5.21827e-16,True,
tt,27,act_o,active,one,vrwl0_act_o,vrwl0,rwl_selected,0,pwl,,1.0454e-15,5.62901e-15,4.58361e-15,4.79687e-13,True,
tt,27,act_o,active,one,vrwl1_act_o,vrwl1,rwl_deselected,1,dc,1.8,2.64966e-13,2.65285e-13,3.18443e-16,-1.47204e-13,True,True
tt,27,act_o,active,one,vrwl2_act_o,vrwl2,rwl_deselected,2,dc,1.8,2.64966e-13,2.65285e-13,3.18443e-16,-1.47204e-13,True,True
tt,27,act_o,active,one,vrwl3_act_o,vrwl3,rwl_deselected,3,dc,1.8,3.20392e-13,3.20678e-13,2.861e-16,-1.77995e-13,True,True
tt,27,act_o,active,one,vwwl0_act_o,vwwl0,wwl_selected,0,pwl,,-1.14996e-15,6.06512e-15,7.21507e-15,2.26453e-16,True,
tt,27,act_o,active,one,vwwl1_act_o,vwwl1,wwl_deselected,1,dc,0.0,0.0,0.0,0.0,1.25518e-19,True,True
tt,27,act_o,active,one,vwwl2_act_o,vwwl2,wwl_deselected,2,dc,0.0,0.0,0.0,0.0,1.25518e-19,True,True
tt,27,act_o,active,one,vwwl3_act_o,vwwl3,wwl_deselected,3,dc,0.0,0.0,0.0,0.0,9.21663e-20,True,True
tt,27,act_o,active,one,vbody_act_o,vbody,body_bias_gnd,,dc,0.0,0.0,0.0,0.0,9.30263e-16,True,True
tt,27,act_o,active,one,vsub_act_o,vsub,substrate_vsubs,,dc,0.0,0.0,0.0,0.0,7.71152e-16,True,True
tt,27,act_c,active,checker,vpre0_act_c,vpre0,rbl_precharge,0,dc,0.9,1.53939e-15,2.9833e-15,1.44391e-15,-1.71043e-15,True,True
tt,27,act_c,active,checker,vpre1_act_c,vpre1,rbl_precharge,1,dc,0.9,-1.96206e-18,1.2946e-16,1.31422e-16,2.18006e-18,True,True
tt,27,act_c,active,checker,vpre2_act_c,vpre2,rbl_precharge,2,dc,0.9,1.52992e-15,2.96937e-15,1.43946e-15,-1.69991e-15,True,True
tt,27,act_c,active,checker,vpre3_act_c,vpre3,rbl_precharge,3,dc,0.9,-3.24422e-18,2.16611e-17,2.49053e-17,3.60469e-18,True,True
tt,27,act_c,active,checker,vwbl0_act_c,vwbl0,wbl_writeback,0,pwl,,1.13618e-15,4.76789e-15,3.63171e-15,-5.02671e-16,True,
tt,27,act_c,active,checker,vwbl1_act_c,vwbl1,wbl_writeback,1,dc,0.0,0.0,0.0,0.0,-2.69538e-17,True,True
tt,27,act_c,active,checker,vwbl2_act_c,vwbl2,wbl_writeback,2,pwl,,1.16039e-15,5.04212e-15,3.88173e-15,-5.21227e-16,True,
tt,27,act_c,active,checker,vwbl3_act_c,vwbl3,wbl_writeback,3,dc,0.0,0.0,0.0,0.0,-4.26744e-17,True,True
tt,27,act_c,active,checker,vrwl0_act_c,vrwl0,rwl_selected,0,pwl,,5.77254e-16,5.16666e-15,4.58941e-15,1.17841e-13,True,
tt,27,act_c,active,checker,vrwl1_act_c,vrwl1,rwl_deselected,1,dc,1.8,-4.90804e-19,2.02704e-16,2.03194e-16,2.72669e-19,True,True
tt,27,act_c,active,checker,vrwl2_act_c,vrwl2,rwl_deselected,2,dc,1.8,2.05784e-13,2.05911e-13,1.27131e-16,-1.14324e-13,True,True
tt,27,act_c,active,checker,vrwl3_act_c,vrwl3,rwl_deselected,3,dc,1.8,-4.45615e-19,1.94805e-16,1.9525e-16,2.47564e-19,True,True
tt,27,act_c,active,checker,vwwl0_act_c,vwwl0,wwl_selected,0,pwl,,-5.49393e-16,7.19861e-15,7.748e-15,1.30471e-16,True,
tt,27,act_c,active,checker,vwwl1_act_c,vwwl1,wwl_deselected,1,dc,0.0,0.0,0.0,0.0,7.24406e-21,True,True
tt,27,act_c,active,checker,vwwl2_act_c,vwwl2,wwl_deselected,2,dc,0.0,0.0,0.0,0.0,4.51681e-20,True,True
tt,27,act_c,active,checker,vwwl3_act_c,vwwl3,wwl_deselected,3,dc,0.0,0.0,0.0,0.0,-2.50984e-20,True,True
tt,27,act_c,active,checker,vbody_act_c,vbody,body_bias_gnd,,dc,0.0,0.0,0.0,0.0,4.38432e-16,True,True
tt,27,act_c,active,checker,vsub_act_c,vsub,substrate_vsubs,,dc,0.0,0.0,0.0,0.0,4.11784e-16,True,True
tt,27,act_i,active,inv_checker,vpre0_act_i,vpre0,rbl_precharge,0,dc,0.9,-6.98672e-19,1.29166e-16,1.29864e-16,7.76302e-19,True,True
tt,27,act_i,active,inv_checker,vpre1_act_i,vpre1,rbl_precharge,1,dc,0.9,1.52992e-15,2.97152e-15,1.4416e-15,-1.69991e-15,True,True
tt,27,act_i,active,inv_checker,vpre2_act_i,vpre2,rbl_precharge,2,dc,0.9,-1.96227e-18,1.29338e-16,1.313e-16,2.1803e-18,True,True
tt,27,act_i,active,inv_checker,vpre3_act_i,vpre3,rbl_precharge,3,dc,0.9,1.41782e-15,2.75984e-15,1.34202e-15,-1.57536e-15,True,True
tt,27,act_i,active,inv_checker,vwbl0_act_i,vwbl0,wbl_writeback,0,dc,0.0,0.0,0.0,0.0,-9.48565e-18,True,True
tt,27,act_i,active,inv_checker,vwbl1_act_i,vwbl1,wbl_writeback,1,pwl,,1.16104e-15,5.03719e-15,3.87615e-15,-5.21391e-16,True,
tt,27,act_i,active,inv_checker,vwbl2_act_i,vwbl2,wbl_writeback,2,dc,0.0,0.0,0.0,0.0,-2.68276e-17,True,True
tt,27,act_i,active,inv_checker,vwbl3_act_i,vwbl3,wbl_writeback,3,pwl,,1.17797e-15,5.07474e-15,3.89677e-15,-5.30626e-16,True,
tt,27,act_i,active,inv_checker,vrwl0_act_i,vrwl0,rwl_selected,0,pwl,,6.06956e-16,5.19527e-15,4.58831e-15,1.1742e-13,True,
tt,27,act_i,active,inv_checker,vrwl1_act_i,vrwl1,rwl_deselected,1,dc,1.8,-4.39199e-19,2.08974e-16,2.09413e-16,2.44e-19,True,True
tt,27,act_i,active,inv_checker,vrwl2_act_i,vrwl2,rwl_deselected,2,dc,1.8,2.05256e-13,2.05376e-13,1.20407e-16,-1.14031e-13,True,True
tt,27,act_i,active,inv_checker,vrwl3_act_i,vrwl3,rwl_deselected,3,dc,1.8,-4.23522e-19,2.00982e-16,2.01405e-16,2.3529e-19,True,True
tt,27,act_i,active,inv_checker,vwwl0_act_i,vwwl0,wwl_selected,0,pwl,,-5.52353e-16,7.21249e-15,7.76485e-15,1.27454e-16,True,
tt,27,act_i,active,inv_checker,vwwl1_act_i,vwwl1,wwl_deselected,1,dc,0.0,0.0,0.0,0.0,-4.34806e-20,True,True
tt,27,act_i,active,inv_checker,vwwl2_act_i,vwwl2,wwl_deselected,2,dc,0.0,0.0,0.0,0.0,-1.02035e-21,True,True
tt,27,act_i,active,inv_checker,vwwl3_act_i,vwwl3,wwl_deselected,3,dc,0.0,0.0,0.0,0.0,-3.85142e-20,True,True
tt,27,act_i,active,inv_checker,vbody_act_i,vbody,body_bias_gnd,,dc,0.0,0.0,0.0,0.0,4.32409e-16,True,True
tt,27,act_i,active,inv_checker,vsub_act_i,vsub,substrate_vsubs,,dc,0.0,0.0,0.0,0.0,4.11457e-16,True,True
tt,27,idl_z,idle,zero,vpre0_idl_z,vpre0,rbl_precharge,0,dc,0.9,1.921e-22,1.921e-22,0.0,-2.13444e-22,True,True
tt,27,idl_z,idle,zero,vpre1_idl_z,vpre1,rbl_precharge,1,dc,0.9,1.92133e-22,1.92133e-22,0.0,-2.13482e-22,True,True
tt,27,idl_z,idle,zero,vpre2_idl_z,vpre2,rbl_precharge,2,dc,0.9,1.921e-22,1.921e-22,0.0,-2.13445e-22,True,True
tt,27,idl_z,idle,zero,vpre3_idl_z,vpre3,rbl_precharge,3,dc,0.9,1.92212e-22,1.92212e-22,0.0,-2.13569e-22,True,True
tt,27,idl_z,idle,zero,vwbl0_idl_z,vwbl0,wbl_writeback,0,dc,0.0,0.0,0.0,0.0,2.07745e-29,True,True
tt,27,idl_z,idle,zero,vwbl1_idl_z,vwbl1,wbl_writeback,1,dc,0.0,0.0,0.0,0.0,-3.2943e-30,True,True
tt,27,idl_z,idle,zero,vwbl2_idl_z,vwbl2,wbl_writeback,2,dc,0.0,0.0,0.0,0.0,-3.32797e-29,True,True
tt,27,idl_z,idle,zero,vwbl3_idl_z,vwbl3,wbl_writeback,3,dc,0.0,0.0,0.0,0.0,-5.53461e-30,True,True
tt,27,idl_z,idle,zero,vrwl0_idl_z,vrwl0,rwl_selected,0,dc,1.8,5.73496e-22,5.73496e-22,0.0,-3.18609e-22,True,True
tt,27,idl_z,idle,zero,vrwl1_idl_z,vrwl1,rwl_deselected,1,dc,1.8,5.73492e-22,5.73492e-22,0.0,-3.18607e-22,True,True
tt,27,idl_z,idle,zero,vrwl2_idl_z,vrwl2,rwl_deselected,2,dc,1.8,5.73491e-22,5.73491e-22,0.0,-3.18606e-22,True,True
tt,27,idl_z,idle,zero,vrwl3_idl_z,vrwl3,rwl_deselected,3,dc,1.8,5.73493e-22,5.73493e-22,0.0,-3.18607e-22,True,True
tt,27,idl_z,idle,zero,vwwl0_idl_z,vwwl0,wwl_selected,0,dc,0.0,0.0,0.0,0.0,-3.35493e-29,True,True
tt,27,idl_z,idle,zero,vwwl1_idl_z,vwwl1,wwl_deselected,1,dc,0.0,0.0,0.0,0.0,5.50567e-29,True,True
tt,27,idl_z,idle,zero,vwwl2_idl_z,vwwl2,wwl_deselected,2,dc,0.0,0.0,0.0,0.0,1.64395e-29,True,True
tt,27,idl_z,idle,zero,vwwl3_idl_z,vwwl3,wwl_deselected,3,dc,0.0,0.0,0.0,0.0,-4.95314e-30,True,True
tt,27,idl_z,idle,zero,vbody_idl_z,vbody,body_bias_gnd,,dc,0.0,0.0,0.0,0.0,2.12449e-21,True,True
tt,27,idl_z,idle,zero,vsub_idl_z,vsub,substrate_vsubs,,dc,0.0,0.0,0.0,0.0,5.90001e-28,True,True
tt,27,idl_o,idle,one,vpre0_idl_o,vpre0,rbl_precharge,0,dc,0.9,3.37695e-22,3.37695e-22,0.0,-3.75217e-22,True,True
tt,27,idl_o,idle,one,vpre1_idl_o,vpre1,rbl_precharge,1,dc,0.9,3.37227e-22,3.37227e-22,0.0,-3.74697e-22,True,True
tt,27,idl_o,idle,one,vpre2_idl_o,vpre2,rbl_precharge,2,dc,0.9,3.37193e-22,3.37193e-22,0.0,-3.74659e-22,True,True
tt,27,idl_o,idle,one,vpre3_idl_o,vpre3,rbl_precharge,3,dc,0.9,3.37688e-22,3.37688e-22,0.0,-3.75209e-22,True,True
tt,27,idl_o,idle,one,vwbl0_idl_o,vwbl0,wbl_writeback,0,dc,0.0,0.0,0.0,0.0,1.52618e-21,True,True
tt,27,idl_o,idle,one,vwbl1_idl_o,vwbl1,wbl_writeback,1,dc,0.0,0.0,0.0,0.0,1.52623e-21,True,True
tt,27,idl_o,idle,one,vwbl2_idl_o,vwbl2,wbl_writeback,2,dc,0.0,0.0,0.0,0.0,1.52623e-21,True,True
tt,27,idl_o,idle,one,vwbl3_idl_o,vwbl3,wbl_writeback,3,dc,0.0,0.0,0.0,0.0,1.52618e-21,True,True
tt,27,idl_o,idle,one,vrwl0_idl_o,vrwl0,rwl_selected,0,dc,1.8,9.01328e-22,9.01328e-22,0.0,-5.00738e-22,True,True
tt,27,idl_o,idle,one,vrwl1_idl_o,vrwl1,rwl_deselected,1,dc,1.8,9.00019e-22,9.00019e-22,0.0,-5.0001e-22,True,True
tt,27,idl_o,idle,one,vrwl2_idl_o,vrwl2,rwl_deselected,2,dc,1.8,9.00018e-22,9.00018e-22,0.0,-5.0001e-22,True,True
tt,27,idl_o,idle,one,vrwl3_idl_o,vrwl3,rwl_deselected,3,dc,1.8,9.0383e-22,9.0383e-22,0.0,-5.02128e-22,True,True
tt,27,idl_o,idle,one,vwwl0_idl_o,vwwl0,wwl_selected,0,dc,0.0,0.0,0.0,0.0,-1.76086e-22,True,True
tt,27,idl_o,idle,one,vwwl1_idl_o,vwwl1,wwl_deselected,1,dc,0.0,0.0,0.0,0.0,-1.71255e-22,True,True
tt,27,idl_o,idle,one,vwwl2_idl_o,vwwl2,wwl_deselected,2,dc,0.0,0.0,0.0,0.0,-1.71255e-22,True,True
tt,27,idl_o,idle,one,vwwl3_idl_o,vwwl3,wwl_deselected,3,dc,0.0,0.0,0.0,0.0,-1.74719e-22,True,True
tt,27,idl_o,idle,one,vbody_idl_o,vbody,body_bias_gnd,,dc,0.0,0.0,0.0,0.0,5.92549e-22,True,True
tt,27,idl_o,idle,one,vsub_idl_o,vsub,substrate_vsubs,,dc,0.0,0.0,0.0,0.0,-2.49645e-21,True,True
tt,27,idl_c,idle,checker,vpre0_idl_c,vpre0,rbl_precharge,0,dc,0.9,2.6649e-22,2.6649e-22,0.0,-2.961e-22,True,True
tt,27,idl_c,idle,checker,vpre1_idl_c,vpre1,rbl_precharge,1,dc,0.9,2.63156e-22,2.63156e-22,0.0,-2.92396e-22,True,True
tt,27,idl_c,idle,checker,vpre2_idl_c,vpre2,rbl_precharge,2,dc,0.9,2.6629e-22,2.6629e-22,0.0,-2.95878e-22,True,True
tt,27,idl_c,idle,checker,vpre3_idl_c,vpre3,rbl_precharge,3,dc,0.9,2.63364e-22,2.63364e-22,0.0,-2.92627e-22,True,True
tt,27,idl_c,idle,checker,vwbl0_idl_c,vwbl0,wbl_writeback,0,dc,0.0,0.0,0.0,0.0,7.63107e-22,True,True
tt,27,idl_c,idle,checker,vwbl1_idl_c,vwbl1,wbl_writeback,1,dc,0.0,0.0,0.0,0.0,7.63095e-22,True,True
tt,27,idl_c,idle,checker,vwbl2_idl_c,vwbl2,wbl_writeback,2,dc,0.0,0.0,0.0,0.0,7.63139e-22,True,True
tt,27,idl_c,idle,checker,vwbl3_idl_c,vwbl3,wbl_writeback,3,dc,0.0,0.0,0.0,0.0,7.63069e-22,True,True
tt,27,idl_c,idle,checker,vrwl0_idl_c,vrwl0,rwl_selected,0,dc,1.8,7.31398e-22,7.31398e-22,0.0,-4.06332e-22,True,True
tt,27,idl_c,idle,checker,vrwl1_idl_c,vrwl1,rwl_deselected,1,dc,1.8,7.40299e-22,7.40299e-22,0.0,-4.11277e-22,True,True
tt,27,idl_c,idle,checker,vrwl2_idl_c,vrwl2,rwl_deselected,2,dc,1.8,7.31035e-22,7.31035e-22,0.0,-4.06131e-22,True,True
tt,27,idl_c,idle,checker,vrwl3_idl_c,vrwl3,rwl_deselected,3,dc,1.8,7.42254e-22,7.42254e-22,0.0,-4.12363e-22,True,True
tt,27,idl_c,idle,checker,vwwl0_idl_c,vwwl0,wwl_selected,0,dc,0.0,0.0,0.0,0.0,-8.91761e-23,True,True
tt,27,idl_c,idle,checker,vwwl1_idl_c,vwwl1,wwl_deselected,1,dc,0.0,0.0,0.0,0.0,-8.40283e-23,True,True
tt,27,idl_c,idle,checker,vwwl2_idl_c,vwwl2,wwl_deselected,2,dc,0.0,0.0,0.0,0.0,-8.72278e-23,True,True
tt,27,idl_c,idle,checker,vwwl3_idl_c,vwwl3,wwl_deselected,3,dc,0.0,0.0,0.0,0.0,-8.57316e-23,True,True
tt,27,idl_c,idle,checker,vbody_idl_c,vbody,body_bias_gnd,,dc,0.0,0.0,0.0,0.0,1.35832e-21,True,True
tt,27,idl_c,idle,checker,vsub_idl_c,vsub,substrate_vsubs,,dc,0.0,0.0,0.0,0.0,-1.24843e-21,True,True
tt,27,idl_i,idle,inv_checker,vpre0_idl_i,vpre0,rbl_precharge,0,dc,0.9,2.63475e-22,2.63475e-22,0.0,-2.9275e-22,True,True
tt,27,idl_i,idle,inv_checker,vpre1_idl_i,vpre1,rbl_precharge,1,dc,0.9,2.66315e-22,2.66315e-22,0.0,-2.95906e-22,True,True
tt,27,idl_i,idle,inv_checker,vpre2_idl_i,vpre2,rbl_precharge,2,dc,0.9,2.63286e-22,2.63286e-22,0.0,-2.9254e-22,True,True
tt,27,idl_i,idle,inv_checker,vpre3_idl_i,vpre3,rbl_precharge,3,dc,0.9,2.66529e-22,2.66529e-22,0.0,-2.96143e-22,True,True
tt,27,idl_i,idle,inv_checker,vwbl0_idl_i,vwbl0,wbl_writeback,0,dc,0.0,0.0,0.0,0.0,7.63073e-22,True,True
tt,27,idl_i,idle,inv_checker,vwbl1_idl_i,vwbl1,wbl_writeback,1,dc,0.0,0.0,0.0,0.0,7.63139e-22,True,True
tt,27,idl_i,idle,inv_checker,vwbl2_idl_i,vwbl2,wbl_writeback,2,dc,0.0,0.0,0.0,0.0,7.63095e-22,True,True
tt,27,idl_i,idle,inv_checker,vwbl3_idl_i,vwbl3,wbl_writeback,3,dc,0.0,0.0,0.0,0.0,7.63113e-22,True,True
tt,27,idl_i,idle,inv_checker,vrwl0_idl_i,vrwl0,rwl_selected,0,dc,1.8,7.41223e-22,7.41223e-22,0.0,-4.11791e-22,True,True
tt,27,idl_i,idle,inv_checker,vrwl1_idl_i,vrwl1,rwl_deselected,1,dc,1.8,7.31031e-22,7.31031e-22,0.0,-4.06128e-22,True,True
tt,27,idl_i,idle,inv_checker,vrwl2_idl_i,vrwl2,rwl_deselected,2,dc,1.8,7.40298e-22,7.40298e-22,0.0,-4.11277e-22,True,True
tt,27,idl_i,idle,inv_checker,vrwl3_idl_i,vrwl3,rwl_deselected,3,dc,1.8,7.33011e-22,7.33011e-22,0.0,-4.07228e-22,True,True
tt,27,idl_i,idle,inv_checker,vwwl0_idl_i,vwwl0,wwl_selected,0,dc,0.0,0.0,0.0,0.0,-8.69122e-23,True,True
tt,27,idl_i,idle,inv_checker,vwwl1_idl_i,vwwl1,wwl_deselected,1,dc,0.0,0.0,0.0,0.0,-8.72275e-23,True,True
tt,27,idl_i,idle,inv_checker,vwwl2_idl_i,vwwl2,wwl_deselected,2,dc,0.0,0.0,0.0,0.0,-8.40279e-23,True,True
tt,27,idl_i,idle,inv_checker,vwwl3_idl_i,vwwl3,wwl_deselected,3,dc,0.0,0.0,0.0,0.0,-8.89873e-23,True,True
tt,27,idl_i,idle,inv_checker,vbody_idl_i,vbody,body_bias_gnd,,dc,0.0,0.0,0.0,0.0,1.35871e-21,True,True
tt,27,idl_i,idle,inv_checker,vsub_idl_i,vsub,substrate_vsubs,,dc,0.0,0.0,0.0,0.0,-1.24803e-21,True,True
tt,27,nop_c,nop,checker,vpre0_nop_c,vpre0,rbl_precharge,0,dc,0.9,2.66377e-22,2.66377e-22,0.0,-2.95975e-22,True,True
tt,27,nop_c,nop,checker,vpre1_nop_c,vpre1,rbl_precharge,1,dc,0.9,2.6295e-22,2.6295e-22,0.0,-2.92167e-22,True,True
tt,27,nop_c,nop,checker,vpre2_nop_c,vpre2,rbl_precharge,2,dc,0.9,2.66003e-22,2.66003e-22,0.0,-2.95559e-22,True,True
tt,27,nop_c,nop,checker,vpre3_nop_c,vpre3,rbl_precharge,3,dc,0.9,2.63203e-22,2.63203e-22,0.0,-2.92448e-22,True,True
tt,27,nop_c,nop,checker,vwbl0_nop_c,vwbl0,wbl_writeback,0,dc,0.0,0.0,0.0,0.0,7.63107e-22,True,True
tt,27,nop_c,nop,checker,vwbl1_nop_c,vwbl1,wbl_writeback,1,dc,0.0,0.0,0.0,0.0,7.63095e-22,True,True
tt,27,nop_c,nop,checker,vwbl2_nop_c,vwbl2,wbl_writeback,2,dc,0.0,0.0,0.0,0.0,7.63139e-22,True,True
tt,27,nop_c,nop,checker,vwbl3_nop_c,vwbl3,wbl_writeback,3,dc,0.0,0.0,0.0,0.0,7.63069e-22,True,True
tt,27,nop_c,nop,checker,vrwl0_nop_c,vrwl0,rwl_selected,0,dc,1.8,7.31397e-22,7.31397e-22,0.0,-4.06332e-22,True,True
tt,27,nop_c,nop,checker,vrwl1_nop_c,vrwl1,rwl_deselected,1,dc,1.8,7.40287e-22,7.40287e-22,0.0,-4.11271e-22,True,True
tt,27,nop_c,nop,checker,vrwl2_nop_c,vrwl2,rwl_deselected,2,dc,1.8,7.31855e-22,7.31855e-22,0.0,-4.06586e-22,True,True
tt,27,nop_c,nop,checker,vrwl3_nop_c,vrwl3,rwl_deselected,3,dc,1.8,7.39386e-22,7.39386e-22,0.0,-4.1077e-22,True,True
tt,27,nop_c,nop,checker,vwwl0_nop_c,vwwl0,wwl_selected,0,dc,0.0,0.0,0.0,0.0,-8.91742e-23,True,True
tt,27,nop_c,nop,checker,vwwl1_nop_c,vwwl1,wwl_deselected,1,dc,0.0,0.0,0.0,0.0,-8.40284e-23,True,True
tt,27,nop_c,nop,checker,vwwl2_nop_c,vwwl2,wwl_deselected,2,dc,0.0,0.0,0.0,0.0,-8.7228e-23,True,True
tt,27,nop_c,nop,checker,vwwl3_nop_c,vwwl3,wwl_deselected,3,dc,0.0,0.0,0.0,0.0,-8.57314e-23,True,True
tt,27,nop_c,nop,checker,vbody_nop_c,vbody,body_bias_gnd,,dc,0.0,0.0,0.0,0.0,1.35832e-21,True,True
tt,27,nop_c,nop,checker,vsub_nop_c,vsub,substrate_vsubs,,dc,0.0,0.0,0.0,0.0,-1.24843e-21,True,True
tt,125,act_z,active,zero,vpre0_act_z,vpre0,rbl_precharge,0,dc,0.9,-6.36396e-19,3.59926e-17,3.66289e-17,7.07106e-19,True,True
tt,125,act_z,active,zero,vpre1_act_z,vpre1,rbl_precharge,1,dc,0.9,-1.84793e-18,3.4967e-17,3.6815e-17,2.05325e-18,True,True
tt,125,act_z,active,zero,vpre2_act_z,vpre2,rbl_precharge,2,dc,0.9,-1.85265e-18,3.47995e-17,3.66522e-17,2.0585e-18,True,True
tt,125,act_z,active,zero,vpre3_act_z,vpre3,rbl_precharge,3,dc,0.9,-2.16103e-18,2.19859e-17,2.41469e-17,2.40114e-18,True,True
tt,125,act_z,active,zero,vwbl0_act_z,vwbl0,wbl_writeback,0,dc,0.0,0.0,0.0,0.0,-2.1783e-17,True,True
tt,125,act_z,active,zero,vwbl1_act_z,vwbl1,wbl_writeback,1,dc,0.0,0.0,0.0,0.0,-3.84279e-17,True,True
tt,125,act_z,active,zero,vwbl2_act_z,vwbl2,wbl_writeback,2,dc,0.0,0.0,0.0,0.0,-3.83841e-17,True,True
tt,125,act_z,active,zero,vwbl3_act_z,vwbl3,wbl_writeback,3,dc,0.0,0.0,0.0,0.0,-4.28775e-17,True,True
tt,125,act_z,active,zero,vrwl0_act_z,vrwl0,rwl_selected,0,pwl,,3.74242e-17,4.65175e-15,4.61433e-15,1.72256e-19,True,
tt,125,act_z,active,zero,vrwl1_act_z,vrwl1,rwl_deselected,1,dc,1.8,2.00957e-18,9.93591e-18,7.92634e-18,-1.11643e-18,True,True
tt,125,act_z,active,zero,vrwl2_act_z,vrwl2,rwl_deselected,2,dc,1.8,2.00957e-18,9.93591e-18,7.92634e-18,-1.11643e-18,True,True
tt,125,act_z,active,zero,vrwl3_act_z,vrwl3,rwl_deselected,3,dc,1.8,2.0403e-18,9.63672e-18,7.59642e-18,-1.1335e-18,True,True
tt,125,act_z,active,zero,vwwl0_act_z,vwwl0,wwl_selected,0,pwl,,7.41327e-17,8.246e-15,8.17186e-15,4.07418e-17,True,
tt,125,act_z,active,zero,vwwl1_act_z,vwwl1,wwl_deselected,1,dc,0.0,0.0,0.0,0.0,3.17173e-21,True,True
tt,125,act_z,active,zero,vwwl2_act_z,vwwl2,wwl_deselected,2,dc,0.0,0.0,0.0,0.0,3.17173e-21,True,True
tt,125,act_z,active,zero,vwwl3_act_z,vwwl3,wwl_deselected,3,dc,0.0,0.0,0.0,0.0,1.3605e-20,True,True
tt,125,act_z,active,zero,vbody_act_z,vbody,body_bias_gnd,,dc,0.0,0.0,0.0,0.0,6.34116e-17,True,True
tt,125,act_z,active,zero,vsub_act_z,vsub,substrate_vsubs,,dc,0.0,0.0,0.0,0.0,3.32731e-17,True,True
tt,125,act_o,active,one,vpre0_act_o,vpre0,rbl_precharge,0,dc,0.9,1.42617e-15,2.63567e-15,1.2095e-15,-1.58464e-15,True,True
tt,125,act_o,active,one,vpre1_act_o,vpre1,rbl_precharge,1,dc,0.9,1.41014e-15,2.61814e-15,1.20801e-15,-1.56682e-15,True,True
tt,125,act_o,active,one,vpre2_act_o,vpre2,rbl_precharge,2,dc,0.9,1.40985e-15,2.61698e-15,1.20713e-15,-1.5665e-15,True,True
tt,125,act_o,active,one,vpre3_act_o,vpre3,rbl_precharge,3,dc,0.9,1.15499e-15,2.29022e-15,1.13522e-15,-1.28332e-15,True,True
tt,125,act_o,active,one,vwbl0_act_o,vwbl0,wbl_writeback,0,pwl,,1.38863e-15,5.05432e-15,3.66569e-15,-6.42738e-16,True,
tt,125,act_o,active,one,vwbl1_act_o,vwbl1,wbl_writeback,1,pwl,,1.3609e-15,5.38049e-15,4.0196e-15,-6.7083e-16,True,
tt,125,act_o,active,one,vwbl2_act_o,vwbl2,wbl_writeback,2,pwl,,1.3628e-15,5.38812e-15,4.02532e-15,-6.70778e-16,True,
tt,125,act_o,active,one,vwbl3_act_o,vwbl3,wbl_writeback,3,pwl,,1.37958e-15,5.41975e-15,4.04016e-15,-6.79841e-16,True,
tt,125,act_o,active,one,vrwl0_act_o,vrwl0,rwl_selected,0,pwl,,1.84309e-15,6.46236e-15,4.61927e-15,6.74792e-13,True,
tt,125,act_o,active,one,vrwl1_act_o,vrwl1,rwl_deselected,1,dc,1.8,3.8148e-13,3.81651e-13,1.7083e-16,-2.11933e-13,True,True
tt,125,act_o,active,one,vrwl2_act_o,vrwl2,rwl_deselected,2,dc,1.8,3.8148e-13,3.81651e-13,1.7083e-16,-2.11933e-13,True,True
tt,125,act_o,active,one,vrwl3_act_o,vrwl3,rwl_deselected,3,dc,1.8,4.40141e-13,4.40296e-13,1.54471e-16,-2.44523e-13,True,True
tt,125,act_o,active,one,vwwl0_act_o,vwwl0,wwl_selected,0,pwl,,-1.25709e-15,5.97433e-15,7.23143e-15,2.72812e-16,True,
tt,125,act_o,active,one,vwwl1_act_o,vwwl1,wwl_deselected,1,dc,0.0,0.0,0.0,0.0,1.6133e-19,True,True
tt,125,act_o,active,one,vwwl2_act_o,vwwl2,wwl_deselected,2,dc,0.0,0.0,0.0,0.0,1.6133e-19,True,True
tt,125,act_o,active,one,vwwl3_act_o,vwwl3,wwl_deselected,3,dc,0.0,0.0,0.0,0.0,7.54291e-19,True,True
tt,125,act_o,active,one,vbody_act_o,vbody,body_bias_gnd,,dc,0.0,0.0,0.0,0.0,1.24921e-15,True,True
tt,125,act_o,active,one,vsub_act_o,vsub,substrate_vsubs,,dc,0.0,0.0,0.0,0.0,7.39726e-16,True,True
tt,125,act_c,active,checker,vpre0_act_c,vpre0,rbl_precharge,0,dc,0.9,1.27181e-15,2.49802e-15,1.22621e-15,-1.41312e-15,True,True
tt,125,act_c,active,checker,vpre1_act_c,vpre1,rbl_precharge,1,dc,0.9,9.27937e-19,1.2862e-16,1.27692e-16,-1.03104e-18,True,True
tt,125,act_c,active,checker,vpre2_act_c,vpre2,rbl_precharge,2,dc,0.9,1.25385e-15,2.4784e-15,1.22455e-15,-1.39316e-15,True,True
tt,125,act_c,active,checker,vpre3_act_c,vpre3,rbl_precharge,3,dc,0.9,-2.09441e-18,2.21e-17,2.41944e-17,2.32713e-18,True,True
tt,125,act_c,active,checker,vwbl0_act_c,vwbl0,wbl_writeback,0,pwl,,1.41088e-15,5.07472e-15,3.66383e-15,-6.55625e-16,True,
tt,125,act_c,active,checker,vwbl1_act_c,vwbl1,wbl_writeback,1,dc,0.0,0.0,0.0,0.0,-3.56818e-17,True,True
tt,125,act_c,active,checker,vwbl2_act_c,vwbl2,wbl_writeback,2,pwl,,1.43599e-15,5.3499e-15,3.91391e-15,-6.74404e-16,True,
tt,125,act_c,active,checker,vwbl3_act_c,vwbl3,wbl_writeback,3,dc,0.0,0.0,0.0,0.0,-5.11613e-17,True,True
tt,125,act_c,active,checker,vrwl0_act_c,vrwl0,rwl_selected,0,pwl,,1.02197e-15,5.64018e-15,4.6182e-15,1.7166e-13,True,
tt,125,act_c,active,checker,vrwl1_act_c,vrwl1,rwl_deselected,1,dc,1.8,5.15947e-19,1.80664e-16,1.80148e-16,-2.86637e-19,True,True
tt,125,act_c,active,checker,vrwl2_act_c,vrwl2,rwl_deselected,2,dc,1.8,3.03486e-13,3.03578e-13,9.24645e-17,-1.68603e-13,True,True
tt,125,act_c,active,checker,vrwl3_act_c,vrwl3,rwl_deselected,3,dc,1.8,1.55813e-18,1.7522e-16,1.73662e-16,-8.65629e-19,True,True
tt,125,act_c,active,checker,vwwl0_act_c,vwwl0,wwl_selected,0,pwl,,-5.93779e-16,7.06828e-15,7.66206e-15,1.59056e-16,True,
tt,125,act_c,active,checker,vwwl1_act_c,vwwl1,wwl_deselected,1,dc,0.0,0.0,0.0,0.0,2.28574e-19,True,True
tt,125,act_c,active,checker,vwwl2_act_c,vwwl2,wwl_deselected,2,dc,0.0,0.0,0.0,0.0,-4.72578e-20,True,True
tt,125,act_c,active,checker,vwwl3_act_c,vwwl3,wwl_deselected,3,dc,0.0,0.0,0.0,0.0,6.23931e-19,True,True
tt,125,act_c,active,checker,vbody_act_c,vbody,body_bias_gnd,,dc,0.0,0.0,0.0,0.0,5.95451e-16,True,True
tt,125,act_c,active,checker,vsub_act_c,vsub,substrate_vsubs,,dc,0.0,0.0,0.0,0.0,4.10687e-16,True,True
tt,125,act_i,active,inv_checker,vpre0_act_i,vpre0,rbl_precharge,0,dc,0.9,2.17766e-18,1.28101e-16,1.25924e-16,-2.41962e-18,True,True
tt,125,act_i,active,inv_checker,vpre1_act_i,vpre1,rbl_precharge,1,dc,0.9,1.25412e-15,2.47973e-15,1.22561e-15,-1.39347e-15,True,True
tt,125,act_i,active,inv_checker,vpre2_act_i,vpre2,rbl_precharge,2,dc,0.9,9.41546e-19,1.28406e-16,1.27465e-16,-1.04616e-18,True,True
tt,125,act_i,active,inv_checker,vpre3_act_i,vpre3,rbl_precharge,3,dc,0.9,1.13912e-15,2.27384e-15,1.13472e-15,-1.26569e-15,True,True
tt,125,act_i,active,inv_checker,vwbl0_act_i,vwbl0,wbl_writeback,0,dc,0.0,0.0,0.0,0.0,-1.06869e-17,True,True
tt,125,act_i,active,inv_checker,vwbl1_act_i,vwbl1,wbl_writeback,1,pwl,,1.4365e-15,5.34485e-15,3.90835e-15,-6.74503e-16,True,
tt,125,act_i,active,inv_checker,vwbl2_act_i,vwbl2,wbl_writeback,2,dc,0.0,0.0,0.0,0.0,-3.56384e-17,True,True
tt,125,act_i,active,inv_checker,vwbl3_act_i,vwbl3,wbl_writeback,3,pwl,,1.45338e-15,5.38216e-15,3.92877e-15,-6.83555e-16,True,
tt,125,act_i,active,inv_checker,vrwl0_act_i,vrwl0,rwl_selected,0,pwl,,1.07897e-15,5.6965e-15,4.61753e-15,1.706e-13,True,
tt,125,act_i,active,inv_checker,vrwl1_act_i,vrwl1,rwl_deselected,1,dc,1.8,-6.25454e-20,1.79356e-16,1.79419e-16,3.47474e-20,True,True
tt,125,act_i,active,inv_checker,vrwl2_act_i,vrwl2,rwl_deselected,2,dc,1.8,3.01819e-13,3.01886e-13,6.79914e-17,-1.67677e-13,True,True
tt,125,act_i,active,inv_checker,vrwl3_act_i,vrwl3,rwl_deselected,3,dc,1.8,6.44899e-19,1.74618e-16,1.73973e-16,-3.58277e-19,True,True
tt,125,act_i,active,inv_checker,vwwl0_act_i,vwwl0,wwl_selected,0,pwl,,-5.96686e-16,7.07811e-15,7.67479e-15,1.55763e-16,True,
tt,125,act_i,active,inv_checker,vwwl1_act_i,vwwl1,wwl_deselected,1,dc,0.0,0.0,0.0,0.0,4.33897e-19,True,True
tt,125,act_i,active,inv_checker,vwwl2_act_i,vwwl2,wwl_deselected,2,dc,0.0,0.0,0.0,0.0,1.98798e-19,True,True
tt,125,act_i,active,inv_checker,vwwl3_act_i,vwwl3,wwl_deselected,3,dc,0.0,0.0,0.0,0.0,5.77347e-19,True,True
tt,125,act_i,active,inv_checker,vbody_act_i,vbody,body_bias_gnd,,dc,0.0,0.0,0.0,0.0,5.89596e-16,True,True
tt,125,act_i,active,inv_checker,vsub_act_i,vsub,substrate_vsubs,,dc,0.0,0.0,0.0,0.0,3.9769e-16,True,True
tt,125,idl_z,idle,zero,vpre0_idl_z,vpre0,rbl_precharge,0,dc,0.9,1.07137e-18,1.07137e-18,0.0,-1.19041e-18,True,True
tt,125,idl_z,idle,zero,vpre1_idl_z,vpre1,rbl_precharge,1,dc,0.9,1.07137e-18,1.07137e-18,0.0,-1.19041e-18,True,True
tt,125,idl_z,idle,zero,vpre2_idl_z,vpre2,rbl_precharge,2,dc,0.9,1.07137e-18,1.07137e-18,0.0,-1.19041e-18,True,True
tt,125,idl_z,idle,zero,vpre3_idl_z,vpre3,rbl_precharge,3,dc,0.9,1.07137e-18,1.07137e-18,0.0,-1.19041e-18,True,True
tt,125,idl_z,idle,zero,vwbl0_idl_z,vwbl0,wbl_writeback,0,dc,0.0,0.0,0.0,0.0,-1.88938e-27,True,True
tt,125,idl_z,idle,zero,vwbl1_idl_z,vwbl1,wbl_writeback,1,dc,0.0,0.0,0.0,0.0,3.75323e-28,True,True
tt,125,idl_z,idle,zero,vwbl2_idl_z,vwbl2,wbl_writeback,2,dc,0.0,0.0,0.0,0.0,1.07234e-27,True,True
tt,125,idl_z,idle,zero,vwbl3_idl_z,vwbl3,wbl_writeback,3,dc,0.0,0.0,0.0,0.0,6.79322e-28,True,True
tt,125,idl_z,idle,zero,vrwl0_idl_z,vrwl0,rwl_selected,0,dc,1.8,2.14293e-18,2.14293e-18,0.0,-1.19052e-18,True,True
tt,125,idl_z,idle,zero,vrwl1_idl_z,vrwl1,rwl_deselected,1,dc,1.8,2.14293e-18,2.14293e-18,0.0,-1.19052e-18,True,True
tt,125,idl_z,idle,zero,vrwl2_idl_z,vrwl2,rwl_deselected,2,dc,1.8,2.14293e-18,2.14293e-18,0.0,-1.19052e-18,True,True
tt,125,idl_z,idle,zero,vrwl3_idl_z,vrwl3,rwl_deselected,3,dc,1.8,2.14292e-18,2.14292e-18,0.0,-1.19051e-18,True,True
tt,125,idl_z,idle,zero,vwwl0_idl_z,vwwl0,wwl_selected,0,dc,0.0,0.0,0.0,0.0,2.28827e-27,True,True
tt,125,idl_z,idle,zero,vwwl1_idl_z,vwwl1,wwl_deselected,1,dc,0.0,0.0,0.0,0.0,2.22018e-27,True,True
tt,125,idl_z,idle,zero,vwwl2_idl_z,vwwl2,wwl_deselected,2,dc,0.0,0.0,0.0,0.0,2.18782e-27,True,True
tt,125,idl_z,idle,zero,vwwl3_idl_z,vwwl3,wwl_deselected,3,dc,0.0,0.0,0.0,0.0,1.91694e-27,True,True
tt,125,idl_z,idle,zero,vbody_idl_z,vbody,body_bias_gnd,,dc,0.0,0.0,0.0,0.0,9.5237e-18,True,True
tt,125,idl_z,idle,zero,vsub_idl_z,vsub,substrate_vsubs,,dc,0.0,0.0,0.0,0.0,1.31711e-25,True,True
tt,125,idl_o,idle,one,vpre0_idl_o,vpre0,rbl_precharge,0,dc,0.9,1.21194e-18,1.21194e-18,0.0,-1.3466e-18,True,True
tt,125,idl_o,idle,one,vpre1_idl_o,vpre1,rbl_precharge,1,dc,0.9,1.21142e-18,1.21142e-18,0.0,-1.34602e-18,True,True
tt,125,idl_o,idle,one,vpre2_idl_o,vpre2,rbl_precharge,2,dc,0.9,1.21142e-18,1.21142e-18,0.0,-1.34602e-18,True,True
tt,125,idl_o,idle,one,vpre3_idl_o,vpre3,rbl_precharge,3,dc,0.9,1.21192e-18,1.21192e-18,0.0,-1.34657e-18,True,True
tt,125,idl_o,idle,one,vwbl0_idl_o,vwbl0,wbl_writeback,0,dc,0.0,0.0,0.0,0.0,4.89286e-19,True,True
tt,125,idl_o,idle,one,vwbl1_idl_o,vwbl1,wbl_writeback,1,dc,0.0,0.0,0.0,0.0,4.89339e-19,True,True
tt,125,idl_o,idle,one,vwbl2_idl_o,vwbl2,wbl_writeback,2,dc,0.0,0.0,0.0,0.0,4.89339e-19,True,True
tt,125,idl_o,idle,one,vwbl3_idl_o,vwbl3,wbl_writeback,3,dc,0.0,0.0,0.0,0.0,4.89289e-19,True,True
tt,125,idl_o,idle,one,vrwl0_idl_o,vrwl0,rwl_selected,0,dc,1.8,2.46749e-18,2.46749e-18,0.0,-1.37083e-18,True,True
tt,125,idl_o,idle,one,vrwl1_idl_o,vrwl1,rwl_deselected,1,dc,1.8,2.46467e-18,2.46467e-18,0.0,-1.36926e-18,True,True
tt,125,idl_o,idle,one,vrwl2_idl_o,vrwl2,rwl_deselected,2,dc,1.8,2.46467e-18,2.46467e-18,0.0,-1.36926e-18,True,True
tt,125,idl_o,idle,one,vrwl3_idl_o,vrwl3,rwl_deselected,3,dc,1.8,2.47077e-18,2.47077e-18,0.0,-1.37265e-18,True,True
tt,125,idl_o,idle,one,vwwl0_idl_o,vwwl0,wwl_selected,0,dc,0.0,0.0,0.0,0.0,-1.69206e-19,True,True
tt,125,idl_o,idle,one,vwwl1_idl_o,vwwl1,wwl_deselected,1,dc,0.0,0.0,0.0,0.0,-1.64576e-19,True,True
tt,125,idl_o,idle,one,vwwl2_idl_o,vwwl2,wwl_deselected,2,dc,0.0,0.0,0.0,0.0,-1.64576e-19,True,True
tt,125,idl_o,idle,one,vwwl3_idl_o,vwwl3,wwl_deselected,3,dc,0.0,0.0,0.0,0.0,-1.679e-19,True,True
tt,125,idl_o,idle,one,vbody_idl_o,vbody,body_bias_gnd,,dc,0.0,0.0,0.0,0.0,1.19765e-17,True,True
tt,125,idl_o,idle,one,vsub_idl_o,vsub,substrate_vsubs,,dc,0.0,0.0,0.0,0.0,-2.40029e-18,True,True
tt,125,idl_c,idle,checker,vpre0_idl_c,vpre0,rbl_precharge,0,dc,0.9,1.14319e-18,1.14319e-18,0.0,-1.27021e-18,True,True
tt,125,idl_c,idle,checker,vpre1_idl_c,vpre1,rbl_precharge,1,dc,0.9,1.13991e-18,1.13991e-18,0.0,-1.26656e-18,True,True
tt,125,idl_c,idle,checker,vpre2_idl_c,vpre2,rbl_precharge,2,dc,0.9,1.14288e-18,1.14288e-18,0.0,-1.26987e-18,True,True
tt,125,idl_c,idle,checker,vpre3_idl_c,vpre3,rbl_precharge,3,dc,0.9,1.14015e-18,1.14015e-18,0.0,-1.26683e-18,True,True
tt,125,idl_c,idle,checker,vwbl0_idl_c,vwbl0,wbl_writeback,0,dc,0.0,0.0,0.0,0.0,2.4466e-19,True,True
tt,125,idl_c,idle,checker,vwbl1_idl_c,vwbl1,wbl_writeback,1,dc,0.0,0.0,0.0,0.0,2.44648e-19,True,True
tt,125,idl_c,idle,checker,vwbl2_idl_c,vwbl2,wbl_writeback,2,dc,0.0,0.0,0.0,0.0,2.44691e-19,True,True
tt,125,idl_c,idle,checker,vwbl3_idl_c,vwbl3,wbl_writeback,3,dc,0.0,0.0,0.0,0.0,2.44623e-19,True,True
tt,125,idl_c,idle,checker,vrwl0_idl_c,vrwl0,rwl_selected,0,dc,1.8,2.30226e-18,2.30226e-18,0.0,-1.27904e-18,True,True
tt,125,idl_c,idle,checker,vrwl1_idl_c,vrwl1,rwl_deselected,1,dc,1.8,2.3068e-18,2.3068e-18,0.0,-1.28156e-18,True,True
tt,125,idl_c,idle,checker,vrwl2_idl_c,vrwl2,rwl_deselected,2,dc,1.8,2.30079e-18,2.30079e-18,0.0,-1.27822e-18,True,True
tt,125,idl_c,idle,checker,vrwl3_idl_c,vrwl3,rwl_deselected,3,dc,1.8,2.30992e-18,2.30992e-18,0.0,-1.28329e-18,True,True
tt,125,idl_c,idle,checker,vwwl0_idl_c,vwwl0,wwl_selected,0,dc,0.0,0.0,0.0,0.0,-8.56911e-20,True,True
tt,125,idl_c,idle,checker,vwwl1_idl_c,vwwl1,wwl_deselected,1,dc,0.0,0.0,0.0,0.0,-8.07502e-20,True,True
tt,125,idl_c,idle,checker,vwwl2_idl_c,vwwl2,wwl_deselected,2,dc,0.0,0.0,0.0,0.0,-8.38255e-20,True,True
tt,125,idl_c,idle,checker,vwwl3_idl_c,vwwl3,wwl_deselected,3,dc,0.0,0.0,0.0,0.0,-8.23813e-20,True,True
tt,125,idl_c,idle,checker,vbody_idl_c,vbody,body_bias_gnd,,dc,0.0,0.0,0.0,0.0,1.07499e-17,True,True
tt,125,idl_c,idle,checker,vsub_idl_c,vsub,substrate_vsubs,,dc,0.0,0.0,0.0,0.0,-1.20033e-18,True,True
tt,125,idl_i,idle,inv_checker,vpre0_idl_i,vpre0,rbl_precharge,0,dc,0.9,1.14012e-18,1.14012e-18,0.0,-1.2668e-18,True,True
tt,125,idl_i,idle,inv_checker,vpre1_idl_i,vpre1,rbl_precharge,1,dc,0.9,1.14288e-18,1.14288e-18,0.0,-1.26987e-18,True,True
tt,125,idl_i,idle,inv_checker,vpre2_idl_i,vpre2,rbl_precharge,2,dc,0.9,1.13991e-18,1.13991e-18,0.0,-1.26656e-18,True,True
tt,125,idl_i,idle,inv_checker,vpre3_idl_i,vpre3,rbl_precharge,3,dc,0.9,1.14313e-18,1.14313e-18,0.0,-1.27015e-18,True,True
tt,125,idl_i,idle,inv_checker,vwbl0_idl_i,vwbl0,wbl_writeback,0,dc,0.0,0.0,0.0,0.0,2.44626e-19,True,True
tt,125,idl_i,idle,inv_checker,vwbl1_idl_i,vwbl1,wbl_writeback,1,dc,0.0,0.0,0.0,0.0,2.44691e-19,True,True
tt,125,idl_i,idle,inv_checker,vwbl2_idl_i,vwbl2,wbl_writeback,2,dc,0.0,0.0,0.0,0.0,2.44648e-19,True,True
tt,125,idl_i,idle,inv_checker,vwbl3_idl_i,vwbl3,wbl_writeback,3,dc,0.0,0.0,0.0,0.0,2.44666e-19,True,True
tt,125,idl_i,idle,inv_checker,vrwl0_idl_i,vrwl0,rwl_selected,0,dc,1.8,2.30815e-18,2.30815e-18,0.0,-1.28231e-18,True,True
tt,125,idl_i,idle,inv_checker,vrwl1_idl_i,vrwl1,rwl_deselected,1,dc,1.8,2.30079e-18,2.30079e-18,0.0,-1.27822e-18,True,True
tt,125,idl_i,idle,inv_checker,vrwl2_idl_i,vrwl2,rwl_deselected,2,dc,1.8,2.3068e-18,2.3068e-18,0.0,-1.28156e-18,True,True
tt,125,idl_i,idle,inv_checker,vrwl3_idl_i,vrwl3,rwl_deselected,3,dc,1.8,2.30379e-18,2.30379e-18,0.0,-1.27988e-18,True,True
tt,125,idl_i,idle,inv_checker,vwwl0_idl_i,vwwl0,wwl_selected,0,dc,0.0,0.0,0.0,0.0,-8.35153e-20,True,True
tt,125,idl_i,idle,inv_checker,vwwl1_idl_i,vwwl1,wwl_deselected,1,dc,0.0,0.0,0.0,0.0,-8.38255e-20,True,True
tt,125,idl_i,idle,inv_checker,vwwl2_idl_i,vwwl2,wwl_deselected,2,dc,0.0,0.0,0.0,0.0,-8.07502e-20,True,True
tt,125,idl_i,idle,inv_checker,vwwl3_idl_i,vwwl3,wwl_deselected,3,dc,0.0,0.0,0.0,0.0,-8.55184e-20,True,True
tt,125,idl_i,idle,inv_checker,vbody_idl_i,vbody,body_bias_gnd,,dc,0.0,0.0,0.0,0.0,1.07503e-17,True,True
tt,125,idl_i,idle,inv_checker,vsub_idl_i,vsub,substrate_vsubs,,dc,0.0,0.0,0.0,0.0,-1.19996e-18,True,True
tt,125,nop_c,nop,checker,vpre0_nop_c,vpre0,rbl_precharge,0,dc,0.9,1.14319e-18,1.14319e-18,0.0,-1.27021e-18,True,True
tt,125,nop_c,nop,checker,vpre1_nop_c,vpre1,rbl_precharge,1,dc,0.9,1.13991e-18,1.13991e-18,0.0,-1.26656e-18,True,True
tt,125,nop_c,nop,checker,vpre2_nop_c,vpre2,rbl_precharge,2,dc,0.9,1.14288e-18,1.14288e-18,0.0,-1.26987e-18,True,True
tt,125,nop_c,nop,checker,vpre3_nop_c,vpre3,rbl_precharge,3,dc,0.9,1.14015e-18,1.14015e-18,0.0,-1.26683e-18,True,True
tt,125,nop_c,nop,checker,vwbl0_nop_c,vwbl0,wbl_writeback,0,dc,0.0,0.0,0.0,0.0,2.4466e-19,True,True
tt,125,nop_c,nop,checker,vwbl1_nop_c,vwbl1,wbl_writeback,1,dc,0.0,0.0,0.0,0.0,2.44648e-19,True,True
tt,125,nop_c,nop,checker,vwbl2_nop_c,vwbl2,wbl_writeback,2,dc,0.0,0.0,0.0,0.0,2.44691e-19,True,True
tt,125,nop_c,nop,checker,vwbl3_nop_c,vwbl3,wbl_writeback,3,dc,0.0,0.0,0.0,0.0,2.44623e-19,True,True
tt,125,nop_c,nop,checker,vrwl0_nop_c,vrwl0,rwl_selected,0,dc,1.8,2.30226e-18,2.30226e-18,0.0,-1.27904e-18,True,True
tt,125,nop_c,nop,checker,vrwl1_nop_c,vrwl1,rwl_deselected,1,dc,1.8,2.3068e-18,2.3068e-18,0.0,-1.28156e-18,True,True
tt,125,nop_c,nop,checker,vrwl2_nop_c,vrwl2,rwl_deselected,2,dc,1.8,2.3008e-18,2.3008e-18,0.0,-1.27822e-18,True,True
tt,125,nop_c,nop,checker,vrwl3_nop_c,vrwl3,rwl_deselected,3,dc,1.8,2.30991e-18,2.30991e-18,0.0,-1.28328e-18,True,True
tt,125,nop_c,nop,checker,vwwl0_nop_c,vwwl0,wwl_selected,0,dc,0.0,0.0,0.0,0.0,-8.56911e-20,True,True
tt,125,nop_c,nop,checker,vwwl1_nop_c,vwwl1,wwl_deselected,1,dc,0.0,0.0,0.0,0.0,-8.07502e-20,True,True
tt,125,nop_c,nop,checker,vwwl2_nop_c,vwwl2,wwl_deselected,2,dc,0.0,0.0,0.0,0.0,-8.38255e-20,True,True
tt,125,nop_c,nop,checker,vwwl3_nop_c,vwwl3,wwl_deselected,3,dc,0.0,0.0,0.0,0.0,-8.23813e-20,True,True
tt,125,nop_c,nop,checker,vbody_nop_c,vbody,body_bias_gnd,,dc,0.0,0.0,0.0,0.0,1.07499e-17,True,True
tt,125,nop_c,nop,checker,vsub_nop_c,vsub,substrate_vsubs,,dc,0.0,0.0,0.0,0.0,-1.20033e-18,True,True
ss,27,act_z,active,zero,vpre0_act_z,vpre0,rbl_precharge,0,dc,0.9,4.25589e-19,4.39674e-17,4.35418e-17,-4.72877e-19,True,True
ss,27,act_z,active,zero,vpre1_act_z,vpre1,rbl_precharge,1,dc,0.9,-7.52922e-19,4.28721e-17,4.3625e-17,8.3658e-19,True,True
ss,27,act_z,active,zero,vpre2_act_z,vpre2,rbl_precharge,2,dc,0.9,-7.5318e-19,4.2705e-17,4.34582e-17,8.36867e-19,True,True
ss,27,act_z,active,zero,vpre3_act_z,vpre3,rbl_precharge,3,dc,0.9,-1.15679e-18,2.74575e-17,2.86143e-17,1.28532e-18,True,True
ss,27,act_z,active,zero,vwbl0_act_z,vwbl0,wbl_writeback,0,dc,0.0,0.0,0.0,0.0,2.24232e-18,True,True
ss,27,act_z,active,zero,vwbl1_act_z,vwbl1,wbl_writeback,1,dc,0.0,0.0,0.0,0.0,-1.39749e-17,True,True
ss,27,act_z,active,zero,vwbl2_act_z,vwbl2,wbl_writeback,2,dc,0.0,0.0,0.0,0.0,-1.40384e-17,True,True
ss,27,act_z,active,zero,vwbl3_act_z,vwbl3,wbl_writeback,3,dc,0.0,0.0,0.0,0.0,-1.99463e-17,True,True
ss,27,act_z,active,zero,vrwl0_act_z,vrwl0,rwl_selected,0,pwl,,4.0986e-17,4.88431e-15,4.84332e-15,-8.96724e-18,True,
ss,27,act_z,active,zero,vrwl1_act_z,vrwl1,rwl_deselected,1,dc,1.8,-4.52358e-20,8.04167e-18,8.08691e-18,2.5131e-20,True,True
ss,27,act_z,active,zero,vrwl2_act_z,vrwl2,rwl_deselected,2,dc,1.8,-4.52359e-20,8.04167e-18,8.08691e-18,2.51311e-20,True,True
ss,27,act_z,active,zero,vrwl3_act_z,vrwl3,rwl_deselected,3,dc,1.8,-3.73588e-20,7.69369e-18,7.73105e-18,2.07549e-20,True,True
ss,27,act_z,active,zero,vwwl0_act_z,vwwl0,wwl_selected,0,pwl,,7.89228e-17,7.99014e-15,7.91121e-15,2.07019e-17,True,
ss,27,act_z,active,zero,vwwl1_act_z,vwwl1,wwl_deselected,1,dc,0.0,0.0,0.0,0.0,-1.74899e-20,True,True
ss,27,act_z,active,zero,vwwl2_act_z,vwwl2,wwl_deselected,2,dc,0.0,0.0,0.0,0.0,-1.74899e-20,True,True
ss,27,act_z,active,zero,vwwl3_act_z,vwwl3,wwl_deselected,3,dc,0.0,0.0,0.0,0.0,-1.18331e-20,True,True
ss,27,act_z,active,zero,vbody_act_z,vbody,body_bias_gnd,,dc,0.0,0.0,0.0,0.0,3.92894e-17,True,True
ss,27,act_z,active,zero,vsub_act_z,vsub,substrate_vsubs,,dc,0.0,0.0,0.0,0.0,-7.8169e-18,True,True
ss,27,act_o,active,one,vpre0_act_o,vpre0,rbl_precharge,0,dc,0.9,2.10359e-15,4.37942e-15,2.27583e-15,-2.33732e-15,True,True
ss,27,act_o,active,one,vpre1_act_o,vpre1,rbl_precharge,1,dc,0.9,2.09794e-15,4.37729e-15,2.27935e-15,-2.33104e-15,True,True
ss,27,act_o,active,one,vpre2_act_o,vpre2,rbl_precharge,2,dc,0.9,2.09793e-15,4.37343e-15,2.2755e-15,-2.33103e-15,True,True
ss,27,act_o,active,one,vpre3_act_o,vpre3,rbl_precharge,3,dc,0.9,1.81919e-15,3.94657e-15,2.12738e-15,-2.02132e-15,True,True
ss,27,act_o,active,one,vwbl0_act_o,vwbl0,wbl_writeback,0,pwl,,9.0217e-16,4.78099e-15,3.87882e-15,-3.76739e-16,True,
ss,27,act_o,active,one,vwbl1_act_o,vwbl1,wbl_writeback,1,pwl,,8.87933e-16,5.138e-15,4.25007e-15,-3.94483e-16,True,
ss,27,act_o,active,one,vwbl2_act_o,vwbl2,wbl_writeback,2,pwl,,9.02076e-16,5.15198e-15,4.2499e-15,-3.94528e-16,True,
ss,27,act_o,active,one,vwbl3_act_o,vwbl3,wbl_writeback,3,pwl,,9.20606e-16,5.17167e-15,4.25106e-15,-4.04565e-16,True,
ss,27,act_o,active,one,vrwl0_act_o,vrwl0,rwl_selected,0,pwl,,4.19884e-16,5.24909e-15,4.82921e-15,2.02921e-13,True,
ss,27,act_o,active,one,vrwl1_act_o,vrwl1,rwl_deselected,1,dc,1.8,1.07218e-13,1.07609e-13,3.90783e-16,-5.95655e-14,True,True
ss,27,act_o,active,one,vrwl2_act_o,vrwl2,rwl_deselected,2,dc,1.8,1.07218e-13,1.07609e-13,3.90783e-16,-5.95655e-14,True,True
ss,27,act_o,active,one,vrwl3_act_o,vrwl3,rwl_deselected,3,dc,1.8,1.34066e-13,1.34426e-13,3.60024e-16,-7.44811e-14,True,True
ss,27,act_o,active,one,vwwl0_act_o,vwwl0,wwl_selected,0,pwl,,-1.00261e-15,5.76022e-15,6.76283e-15,1.31618e-16,True,
ss,27,act_o,active,one,vwwl1_act_o,vwwl1,wwl_deselected,1,dc,0.0,0.0,0.0,0.0,9.90971e-19,True,True
ss,27,act_o,active,one,vwwl2_act_o,vwwl2,wwl_deselected,2,dc,0.0,0.0,0.0,0.0,9.90971e-19,True,True
ss,27,act_o,active,one,vwwl3_act_o,vwwl3,wwl_deselected,3,dc,0.0,0.0,0.0,0.0,7.96845e-19,True,True
ss,27,act_o,active,one,vbody_act_o,vbody,body_bias_gnd,,dc,0.0,0.0,0.0,0.0,5.85352e-16,True,True
ss,27,act_o,active,one,vsub_act_o,vsub,substrate_vsubs,,dc,0.0,0.0,0.0,0.0,5.6261e-16,True,True
ss,27,act_c,active,checker,vpre0_act_c,vpre0,rbl_precharge,0,dc,0.9,1.97511e-15,4.27872e-15,2.30361e-15,-2.19456e-15,True,True
ss,27,act_c,active,checker,vpre1_act_c,vpre1,rbl_precharge,1,dc,0.9,-6.22815e-21,1.54335e-16,1.54341e-16,6.92016e-21,True,True
ss,27,act_c,active,checker,vpre2_act_c,vpre2,rbl_precharge,2,dc,0.9,1.96873e-15,4.27135e-15,2.30262e-15,-2.18748e-15,True,True
ss,27,act_c,active,checker,vpre3_act_c,vpre3,rbl_precharge,3,dc,0.9,-1.15685e-18,2.7469e-17,2.86259e-17,1.28539e-18,True,True
ss,27,act_c,active,checker,vwbl0_act_c,vwbl0,wbl_writeback,0,pwl,,9.13879e-16,4.79232e-15,3.87844e-15,-3.83398e-16,True,
ss,27,act_c,active,checker,vwbl1_act_c,vwbl1,wbl_writeback,1,dc,0.0,0.0,0.0,0.0,-4.02673e-18,True,True
ss,27,act_c,active,checker,vwbl2_act_c,vwbl2,wbl_writeback,2,pwl,,9.37537e-16,5.07975e-15,4.14221e-15,-4.01343e-16,True,
ss,27,act_c,active,checker,vwbl3_act_c,vwbl3,wbl_writeback,3,dc,0.0,0.0,0.0,0.0,-1.97896e-17,True,True
ss,27,act_c,active,checker,vrwl0_act_c,vrwl0,rwl_selected,0,pwl,,2.61967e-16,5.09724e-15,4.83527e-15,5.08091e-14,True,
ss,27,act_c,active,checker,vrwl1_act_c,vrwl1,rwl_deselected,1,dc,1.8,-7.93777e-20,2.49063e-16,2.49142e-16,4.40987e-20,True,True
ss,27,act_c,active,checker,vrwl2_act_c,vrwl2,rwl_deselected,2,dc,1.8,8.3321e-14,8.35122e-14,1.91266e-16,-4.62894e-14,True,True
ss,27,act_c,active,checker,vrwl3_act_c,vrwl3,rwl_deselected,3,dc,1.8,-9.306e-20,2.40801e-16,2.40894e-16,5.17e-20,True,True
ss,27,act_c,active,checker,vwwl0_act_c,vwwl0,wwl_selected,0,pwl,,-4.60848e-16,6.85924e-15,7.32009e-15,7.72484e-17,True,
ss,27,act_c,active,checker,vwwl1_act_c,vwwl1,wwl_deselected,1,dc,0.0,0.0,0.0,0.0,4.79966e-19,True,True
ss,27,act_c,active,checker,vwwl2_act_c,vwwl2,wwl_deselected,2,dc,0.0,0.0,0.0,0.0,4.73923e-19,True,True
ss,27,act_c,active,checker,vwwl3_act_c,vwwl3,wwl_deselected,3,dc,0.0,0.0,0.0,0.0,3.9625e-19,True,True
ss,27,act_c,active,checker,vbody_act_c,vbody,body_bias_gnd,,dc,0.0,0.0,0.0,0.0,3.13116e-16,True,True
ss,27,act_c,active,checker,vsub_act_c,vsub,substrate_vsubs,,dc,0.0,0.0,0.0,0.0,2.77833e-16,True,True
ss,27,act_i,active,inv_checker,vpre0_act_i,vpre0,rbl_precharge,0,dc,0.9,1.17359e-18,1.53654e-16,1.52481e-16,-1.30399e-18,True,True
ss,27,act_i,active,inv_checker,vpre1_act_i,vpre1,rbl_precharge,1,dc,0.9,1.96874e-15,4.27534e-15,2.3066e-15,-2.18749e-15,True,True
ss,27,act_i,active,inv_checker,vpre2_act_i,vpre2,rbl_precharge,2,dc,0.9,-6.60631e-21,1.54106e-16,1.54112e-16,7.34034e-21,True,True
ss,27,act_i,active,inv_checker,vpre3_act_i,vpre3,rbl_precharge,3,dc,0.9,1.85093e-15,4.01472e-15,2.16379e-15,-2.05659e-15,True,True
ss,27,act_i,active,inv_checker,vwbl0_act_i,vwbl0,wbl_writeback,0,dc,0.0,0.0,0.0,0.0,1.20546e-17,True,True
ss,27,act_i,active,inv_checker,vwbl1_act_i,vwbl1,wbl_writeback,1,pwl,,9.37882e-16,5.08031e-15,4.14242e-15,-4.013e-16,True,
ss,27,act_i,active,inv_checker,vwbl2_act_i,vwbl2,wbl_writeback,2,dc,0.0,0.0,0.0,0.0,-4.09576e-18,True,True
ss,27,act_i,active,inv_checker,vwbl3_act_i,vwbl3,wbl_writeback,3,pwl,,9.56542e-16,5.09966e-15,4.14312e-15,-4.11442e-16,True,
ss,27,act_i,active,inv_checker,vrwl0_act_i,vrwl0,rwl_selected,0,pwl,,2.9459e-16,5.12861e-15,4.83402e-15,5.06666e-14,True,
ss,27,act_i,active,inv_checker,vrwl1_act_i,vrwl1,rwl_deselected,1,dc,1.8,-1.17003e-19,2.47464e-16,2.47581e-16,6.50018e-20,True,True
ss,27,act_i,active,inv_checker,vrwl2_act_i,vrwl2,rwl_deselected,2,dc,1.8,8.33026e-14,8.34939e-14,1.91262e-16,-4.62792e-14,True,True
ss,27,act_i,active,inv_checker,vrwl3_act_i,vrwl3,rwl_deselected,3,dc,1.8,-1.18327e-19,2.39073e-16,2.39191e-16,6.5737e-20,True,True
ss,27,act_i,active,inv_checker,vwwl0_act_i,vwwl0,wwl_selected,0,pwl,,-4.64263e-16,6.86385e-15,7.32811e-15,7.52082e-17,True,
ss,27,act_i,active,inv_checker,vwwl1_act_i,vwwl1,wwl_deselected,1,dc,0.0,0.0,0.0,0.0,5.09142e-19,True,True
ss,27,act_i,active,inv_checker,vwwl2_act_i,vwwl2,wwl_deselected,2,dc,0.0,0.0,0.0,0.0,5.01329e-19,True,True
ss,27,act_i,active,inv_checker,vwwl3_act_i,vwwl3,wwl_deselected,3,dc,0.0,0.0,0.0,0.0,4.07261e-19,True,True
ss,27,act_i,active,inv_checker,vbody_act_i,vbody,body_bias_gnd,,dc,0.0,0.0,0.0,0.0,3.08829e-16,True,True
ss,27,act_i,active,inv_checker,vsub_act_i,vsub,substrate_vsubs,,dc,0.0,0.0,0.0,0.0,2.7722e-16,True,True
ss,27,idl_z,idle,zero,vpre0_idl_z,vpre0,rbl_precharge,0,dc,0.9,1.92157e-22,1.92157e-22,0.0,-2.13508e-22,True,True
ss,27,idl_z,idle,zero,vpre1_idl_z,vpre1,rbl_precharge,1,dc,0.9,1.92062e-22,1.92062e-22,0.0,-2.13403e-22,True,True
ss,27,idl_z,idle,zero,vpre2_idl_z,vpre2,rbl_precharge,2,dc,0.9,1.92128e-22,1.92128e-22,0.0,-2.13476e-22,True,True
ss,27,idl_z,idle,zero,vpre3_idl_z,vpre3,rbl_precharge,3,dc,0.9,1.92002e-22,1.92002e-22,0.0,-2.13336e-22,True,True
ss,27,idl_z,idle,zero,vwbl0_idl_z,vwbl0,wbl_writeback,0,dc,0.0,0.0,0.0,0.0,1.32599e-29,True,True
ss,27,idl_z,idle,zero,vwbl1_idl_z,vwbl1,wbl_writeback,1,dc,0.0,0.0,0.0,0.0,1.96035e-29,True,True
ss,27,idl_z,idle,zero,vwbl2_idl_z,vwbl2,wbl_writeback,2,dc,0.0,0.0,0.0,0.0,-1.04148e-29,True,True
ss,27,idl_z,idle,zero,vwbl3_idl_z,vwbl3,wbl_writeback,3,dc,0.0,0.0,0.0,0.0,9.31108e-30,True,True
ss,27,idl_z,idle,zero,vrwl0_idl_z,vrwl0,rwl_selected,0,dc,1.8,5.735e-22,5.735e-22,0.0,-3.18611e-22,True,True
ss,27,idl_z,idle,zero,vrwl1_idl_z,vrwl1,rwl_deselected,1,dc,1.8,5.73499e-22,5.73499e-22,0.0,-3.18611e-22,True,True
ss,27,idl_z,idle,zero,vrwl2_idl_z,vrwl2,rwl_deselected,2,dc,1.8,5.73497e-22,5.73497e-22,0.0,-3.18609e-22,True,True
ss,27,idl_z,idle,zero,vrwl3_idl_z,vrwl3,rwl_deselected,3,dc,1.8,5.73498e-22,5.73498e-22,0.0,-3.1861e-22,True,True
ss,27,idl_z,idle,zero,vwwl0_idl_z,vwwl0,wwl_selected,0,dc,0.0,0.0,0.0,0.0,1.47148e-29,True,True
ss,27,idl_z,idle,zero,vwwl1_idl_z,vwwl1,wwl_deselected,1,dc,0.0,0.0,0.0,0.0,2.76636e-30,True,True
ss,27,idl_z,idle,zero,vwwl2_idl_z,vwwl2,wwl_deselected,2,dc,0.0,0.0,0.0,0.0,1.95399e-29,True,True
ss,27,idl_z,idle,zero,vwwl3_idl_z,vwwl3,wwl_deselected,3,dc,0.0,0.0,0.0,0.0,4.30447e-29,True,True
ss,27,idl_z,idle,zero,vbody_idl_z,vbody,body_bias_gnd,,dc,0.0,0.0,0.0,0.0,2.12449e-21,True,True
ss,27,idl_z,idle,zero,vsub_idl_z,vsub,substrate_vsubs,,dc,0.0,0.0,0.0,0.0,-4.44855e-28,True,True
ss,27,idl_o,idle,one,vpre0_idl_o,vpre0,rbl_precharge,0,dc,0.9,2.11787e-22,2.11787e-22,0.0,-2.35319e-22,True,True
ss,27,idl_o,idle,one,vpre1_idl_o,vpre1,rbl_precharge,1,dc,0.9,2.11645e-22,2.11645e-22,0.0,-2.35161e-22,True,True
ss,27,idl_o,idle,one,vpre2_idl_o,vpre2,rbl_precharge,2,dc,0.9,2.11726e-22,2.11726e-22,0.0,-2.35251e-22,True,True
ss,27,idl_o,idle,one,vpre3_idl_o,vpre3,rbl_precharge,3,dc,0.9,2.1174e-22,2.1174e-22,0.0,-2.35267e-22,True,True
ss,27,idl_o,idle,one,vwbl0_idl_o,vwbl0,wbl_writeback,0,dc,0.0,0.0,0.0,0.0,2.22738e-23,True,True
ss,27,idl_o,idle,one,vwbl1_idl_o,vwbl1,wbl_writeback,1,dc,0.0,0.0,0.0,0.0,2.22809e-23,True,True
ss,27,idl_o,idle,one,vwbl2_idl_o,vwbl2,wbl_writeback,2,dc,0.0,0.0,0.0,0.0,2.22808e-23,True,True
ss,27,idl_o,idle,one,vwbl3_idl_o,vwbl3,wbl_writeback,3,dc,0.0,0.0,0.0,0.0,2.22737e-23,True,True
ss,27,idl_o,idle,one,vrwl0_idl_o,vrwl0,rwl_selected,0,dc,1.8,6.08501e-22,6.08501e-22,0.0,-3.38056e-22,True,True
ss,27,idl_o,idle,one,vrwl1_idl_o,vrwl1,rwl_deselected,1,dc,1.8,6.08411e-22,6.08411e-22,0.0,-3.38006e-22,True,True
ss,27,idl_o,idle,one,vrwl2_idl_o,vrwl2,rwl_deselected,2,dc,1.8,6.08415e-22,6.08415e-22,0.0,-3.38009e-22,True,True
ss,27,idl_o,idle,one,vrwl3_idl_o,vrwl3,rwl_deselected,3,dc,1.8,6.08789e-22,6.08789e-22,0.0,-3.38216e-22,True,True
ss,27,idl_o,idle,one,vwwl0_idl_o,vwwl0,wwl_selected,0,dc,0.0,0.0,0.0,0.0,-2.24843e-23,True,True
ss,27,idl_o,idle,one,vwwl1_idl_o,vwwl1,wwl_deselected,1,dc,0.0,0.0,0.0,0.0,-2.18534e-23,True,True
ss,27,idl_o,idle,one,vwwl2_idl_o,vwwl2,wwl_deselected,2,dc,0.0,0.0,0.0,0.0,-2.18529e-23,True,True
ss,27,idl_o,idle,one,vwwl3_idl_o,vwwl3,wwl_deselected,3,dc,0.0,0.0,0.0,0.0,-2.22749e-23,True,True
ss,27,idl_o,idle,one,vbody_idl_o,vbody,body_bias_gnd,,dc,0.0,0.0,0.0,0.0,2.62775e-21,True,True
ss,27,idl_o,idle,one,vsub_idl_o,vsub,substrate_vsubs,,dc,0.0,0.0,0.0,0.0,-3.28462e-22,True,True
ss,27,idl_c,idle,checker,vpre0_idl_c,vpre0,rbl_precharge,0,dc,0.9,2.02126e-22,2.02126e-22,0.0,-2.24585e-22,True,True
ss,27,idl_c,idle,checker,vpre1_idl_c,vpre1,rbl_precharge,1,dc,0.9,2.01698e-22,2.01698e-22,0.0,-2.24109e-22,True,True
ss,27,idl_c,idle,checker,vpre2_idl_c,vpre2,rbl_precharge,2,dc,0.9,2.02198e-22,2.02198e-22,0.0,-2.24665e-22,True,True
ss,27,idl_c,idle,checker,vpre3_idl_c,vpre3,rbl_precharge,3,dc,0.9,2.01759e-22,2.01759e-22,0.0,-2.24177e-22,True,True
ss,27,idl_c,idle,checker,vwbl0_idl_c,vwbl0,wbl_writeback,0,dc,0.0,0.0,0.0,0.0,1.11388e-23,True,True
ss,27,idl_c,idle,checker,vwbl1_idl_c,vwbl1,wbl_writeback,1,dc,0.0,0.0,0.0,0.0,1.11378e-23,True,True
ss,27,idl_c,idle,checker,vwbl2_idl_c,vwbl2,wbl_writeback,2,dc,0.0,0.0,0.0,0.0,1.11432e-23,True,True
ss,27,idl_c,idle,checker,vwbl3_idl_c,vwbl3,wbl_writeback,3,dc,0.0,0.0,0.0,0.0,1.11342e-23,True,True
ss,27,idl_c,idle,checker,vrwl0_idl_c,vrwl0,rwl_selected,0,dc,1.8,5.88452e-22,5.88452e-22,0.0,-3.26918e-22,True,True
ss,27,idl_c,idle,checker,vrwl1_idl_c,vrwl1,rwl_deselected,1,dc,1.8,5.91428e-22,5.91428e-22,0.0,-3.28571e-22,True,True
ss,27,idl_c,idle,checker,vrwl2_idl_c,vrwl2,rwl_deselected,2,dc,1.8,5.88427e-22,5.88427e-22,0.0,-3.26904e-22,True,True
ss,27,idl_c,idle,checker,vrwl3_idl_c,vrwl3,rwl_deselected,3,dc,1.8,5.91737e-22,5.91737e-22,0.0,-3.28743e-22,True,True
ss,27,idl_c,idle,checker,vwwl0_idl_c,vwwl0,wwl_selected,0,dc,0.0,0.0,0.0,0.0,-1.13898e-23,True,True
ss,27,idl_c,idle,checker,vwwl1_idl_c,vwwl1,wwl_deselected,1,dc,0.0,0.0,0.0,0.0,-1.07155e-23,True,True
ss,27,idl_c,idle,checker,vwwl2_idl_c,vwwl2,wwl_deselected,2,dc,0.0,0.0,0.0,0.0,-1.11373e-23,True,True
ss,27,idl_c,idle,checker,vwwl3_idl_c,vwwl3,wwl_deselected,3,dc,0.0,0.0,0.0,0.0,-1.09253e-23,True,True
ss,27,idl_c,idle,checker,vbody_idl_c,vbody,body_bias_gnd,,dc,0.0,0.0,0.0,0.0,2.37609e-21,True,True
ss,27,idl_c,idle,checker,vsub_idl_c,vsub,substrate_vsubs,,dc,0.0,0.0,0.0,0.0,-1.6426e-22,True,True
ss,27,idl_i,idle,inv_checker,vpre0_idl_i,vpre0,rbl_precharge,0,dc,0.9,2.01861e-22,2.01861e-22,0.0,-2.2429e-22,True,True
ss,27,idl_i,idle,inv_checker,vpre1_idl_i,vpre1,rbl_precharge,1,dc,0.9,2.02146e-22,2.02146e-22,0.0,-2.24606e-22,True,True
ss,27,idl_i,idle,inv_checker,vpre2_idl_i,vpre2,rbl_precharge,2,dc,0.9,2.01758e-22,2.01758e-22,0.0,-2.24176e-22,True,True
ss,27,idl_i,idle,inv_checker,vpre3_idl_i,vpre3,rbl_precharge,3,dc,0.9,2.02156e-22,2.02156e-22,0.0,-2.24618e-22,True,True
ss,27,idl_i,idle,inv_checker,vwbl0_idl_i,vwbl0,wbl_writeback,0,dc,0.0,0.0,0.0,0.0,1.1135e-23,True,True
ss,27,idl_i,idle,inv_checker,vwbl1_idl_i,vwbl1,wbl_writeback,1,dc,0.0,0.0,0.0,0.0,1.11431e-23,True,True
ss,27,idl_i,idle,inv_checker,vwbl2_idl_i,vwbl2,wbl_writeback,2,dc,0.0,0.0,0.0,0.0,1.11378e-23,True,True
ss,27,idl_i,idle,inv_checker,vwbl3_idl_i,vwbl3,wbl_writeback,3,dc,0.0,0.0,0.0,0.0,1.11395e-23,True,True
ss,27,idl_i,idle,inv_checker,vrwl0_idl_i,vrwl0,rwl_selected,0,dc,1.8,5.91461e-22,5.91461e-22,0.0,-3.2859e-22,True,True
ss,27,idl_i,idle,inv_checker,vrwl1_idl_i,vrwl1,rwl_deselected,1,dc,1.8,5.88439e-22,5.88439e-22,0.0,-3.2691e-22,True,True
ss,27,idl_i,idle,inv_checker,vrwl2_idl_i,vrwl2,rwl_deselected,2,dc,1.8,5.91443e-22,5.91443e-22,0.0,-3.28579e-22,True,True
ss,27,idl_i,idle,inv_checker,vrwl3_idl_i,vrwl3,rwl_deselected,3,dc,1.8,5.88524e-22,5.88524e-22,0.0,-3.26958e-22,True,True
ss,27,idl_i,idle,inv_checker,vwwl0_idl_i,vwwl0,wwl_selected,0,dc,0.0,0.0,0.0,0.0,-1.10936e-23,True,True
ss,27,idl_i,idle,inv_checker,vwwl1_idl_i,vwwl1,wwl_deselected,1,dc,0.0,0.0,0.0,0.0,-1.11381e-23,True,True
ss,27,idl_i,idle,inv_checker,vwwl2_idl_i,vwwl2,wwl_deselected,2,dc,0.0,0.0,0.0,0.0,-1.07161e-23,True,True
ss,27,idl_i,idle,inv_checker,vwwl3_idl_i,vwwl3,wwl_deselected,3,dc,0.0,0.0,0.0,0.0,-1.1349e-23,True,True
ss,27,idl_i,idle,inv_checker,vbody_idl_i,vbody,body_bias_gnd,,dc,0.0,0.0,0.0,0.0,2.37615e-21,True,True
ss,27,idl_i,idle,inv_checker,vsub_idl_i,vsub,substrate_vsubs,,dc,0.0,0.0,0.0,0.0,-1.642e-22,True,True
ss,27,nop_c,nop,checker,vpre0_nop_c,vpre0,rbl_precharge,0,dc,0.9,2.02039e-22,2.02039e-22,0.0,-2.24488e-22,True,True
ss,27,nop_c,nop,checker,vpre1_nop_c,vpre1,rbl_precharge,1,dc,0.9,2.01523e-22,2.01523e-22,0.0,-2.23915e-22,True,True
ss,27,nop_c,nop,checker,vpre2_nop_c,vpre2,rbl_precharge,2,dc,0.9,2.02019e-22,2.02019e-22,0.0,-2.24465e-22,True,True
ss,27,nop_c,nop,checker,vpre3_nop_c,vpre3,rbl_precharge,3,dc,0.9,2.016e-22,2.016e-22,0.0,-2.24e-22,True,True
ss,27,nop_c,nop,checker,vwbl0_nop_c,vwbl0,wbl_writeback,0,dc,0.0,0.0,0.0,0.0,1.11388e-23,True,True
ss,27,nop_c,nop,checker,vwbl1_nop_c,vwbl1,wbl_writeback,1,dc,0.0,0.0,0.0,0.0,1.11377e-23,True,True
ss,27,nop_c,nop,checker,vwbl2_nop_c,vwbl2,wbl_writeback,2,dc,0.0,0.0,0.0,0.0,1.11433e-23,True,True
ss,27,nop_c,nop,checker,vwbl3_nop_c,vwbl3,wbl_writeback,3,dc,0.0,0.0,0.0,0.0,1.11341e-23,True,True
ss,27,nop_c,nop,checker,vrwl0_nop_c,vrwl0,rwl_selected,0,dc,1.8,5.88466e-22,5.88466e-22,0.0,-3.26926e-22,True,True
ss,27,nop_c,nop,checker,vrwl1_nop_c,vrwl1,rwl_deselected,1,dc,1.8,5.91422e-22,5.91422e-22,0.0,-3.28568e-22,True,True
ss,27,nop_c,nop,checker,vrwl2_nop_c,vrwl2,rwl_deselected,2,dc,1.8,5.89166e-22,5.89166e-22,0.0,-3.27314e-22,True,True
ss,27,nop_c,nop,checker,vrwl3_nop_c,vrwl3,rwl_deselected,3,dc,1.8,5.89321e-22,5.89321e-22,0.0,-3.274e-22,True,True
ss,27,nop_c,nop,checker,vwwl0_nop_c,vwwl0,wwl_selected,0,dc,0.0,0.0,0.0,0.0,-1.13886e-23,True,True
ss,27,nop_c,nop,checker,vwwl1_nop_c,vwwl1,wwl_deselected,1,dc,0.0,0.0,0.0,0.0,-1.0716e-23,True,True
ss,27,nop_c,nop,checker,vwwl2_nop_c,vwwl2,wwl_deselected,2,dc,0.0,0.0,0.0,0.0,-1.11381e-23,True,True
ss,27,nop_c,nop,checker,vwwl3_nop_c,vwwl3,wwl_deselected,3,dc,0.0,0.0,0.0,0.0,-1.09259e-23,True,True
ss,27,nop_c,nop,checker,vbody_nop_c,vbody,body_bias_gnd,,dc,0.0,0.0,0.0,0.0,2.37608e-21,True,True
ss,27,nop_c,nop,checker,vsub_nop_c,vsub,substrate_vsubs,,dc,0.0,0.0,0.0,0.0,-1.64262e-22,True,True
ss,125,act_z,active,zero,vpre0_act_z,vpre0,rbl_precharge,0,dc,0.9,1.64218e-18,3.49824e-17,3.33402e-17,-1.82465e-18,True,True
ss,125,act_z,active,zero,vpre1_act_z,vpre1,rbl_precharge,1,dc,0.9,4.84571e-19,3.38971e-17,3.34125e-17,-5.38413e-19,True,True
ss,125,act_z,active,zero,vpre2_act_z,vpre2,rbl_precharge,2,dc,0.9,4.84179e-19,3.39459e-17,3.34618e-17,-5.37977e-19,True,True
ss,125,act_z,active,zero,vpre3_act_z,vpre3,rbl_precharge,3,dc,0.9,1.04349e-19,2.30964e-17,2.29921e-17,-1.15943e-19,True,True
ss,125,act_z,active,zero,vwbl0_act_z,vwbl0,wbl_writeback,0,dc,0.0,0.0,0.0,0.0,1.16033e-17,True,True
ss,125,act_z,active,zero,vwbl1_act_z,vwbl1,wbl_writeback,1,dc,0.0,0.0,0.0,0.0,-4.5083e-18,True,True
ss,125,act_z,active,zero,vwbl2_act_z,vwbl2,wbl_writeback,2,dc,0.0,0.0,0.0,0.0,-4.52535e-18,True,True
ss,125,act_z,active,zero,vwbl3_act_z,vwbl3,wbl_writeback,3,dc,0.0,0.0,0.0,0.0,-1.01363e-17,True,True
ss,125,act_z,active,zero,vrwl0_act_z,vrwl0,rwl_selected,0,pwl,,2.28616e-17,4.9119e-15,4.88904e-15,-1.79733e-17,True,
ss,125,act_z,active,zero,vrwl1_act_z,vrwl1,rwl_deselected,1,dc,1.8,1.86094e-18,8.94481e-18,7.08387e-18,-1.03385e-18,True,True
ss,125,act_z,active,zero,vrwl2_act_z,vrwl2,rwl_deselected,2,dc,1.8,1.86094e-18,8.94481e-18,7.08387e-18,-1.03385e-18,True,True
ss,125,act_z,active,zero,vrwl3_act_z,vrwl3,rwl_deselected,3,dc,1.8,1.88927e-18,8.38311e-18,6.49384e-18,-1.04959e-18,True,True
ss,125,act_z,active,zero,vwwl0_act_z,vwwl0,wwl_selected,0,pwl,,9.23832e-17,8.14955e-15,8.05717e-15,-5.92573e-18,True,
ss,125,act_z,active,zero,vwwl1_act_z,vwwl1,wwl_deselected,1,dc,0.0,0.0,0.0,0.0,1.21762e-20,True,True
ss,125,act_z,active,zero,vwwl2_act_z,vwwl2,wwl_deselected,2,dc,0.0,0.0,0.0,0.0,1.21762e-20,True,True
ss,125,act_z,active,zero,vwwl3_act_z,vwwl3,wwl_deselected,3,dc,0.0,0.0,0.0,0.0,7.08402e-21,True,True
ss,125,act_z,active,zero,vbody_act_z,vbody,body_bias_gnd,,dc,0.0,0.0,0.0,0.0,2.48732e-17,True,True
ss,125,act_z,active,zero,vsub_act_z,vsub,substrate_vsubs,,dc,0.0,0.0,0.0,0.0,1.26952e-17,True,True
ss,125,act_o,active,one,vpre0_act_o,vpre0,rbl_precharge,0,dc,0.9,1.91587e-15,3.10621e-15,1.19033e-15,-2.12875e-15,True,True
ss,125,act_o,active,one,vpre1_act_o,vpre1,rbl_precharge,1,dc,0.9,1.90837e-15,3.10188e-15,1.19352e-15,-2.12041e-15,True,True
ss,125,act_o,active,one,vpre2_act_o,vpre2,rbl_precharge,2,dc,0.9,1.90836e-15,3.09888e-15,1.19052e-15,-2.1204e-15,True,True
ss,125,act_o,active,one,vpre3_act_o,vpre3,rbl_precharge,3,dc,0.9,1.64246e-15,2.77189e-15,1.12943e-15,-1.82496e-15,True,True
ss,125,act_o,active,one,vwbl0_act_o,vwbl0,wbl_writeback,0,pwl,,1.16077e-15,5.07071e-15,3.90994e-15,-5.15424e-16,True,
ss,125,act_o,active,one,vwbl1_act_o,vwbl1,wbl_writeback,1,pwl,,1.13331e-15,5.4157e-15,4.28239e-15,-5.34246e-16,True,
ss,125,act_o,active,one,vwbl2_act_o,vwbl2,wbl_writeback,2,pwl,,1.13504e-15,5.41794e-15,4.28289e-15,-5.34308e-16,True,
ss,125,act_o,active,one,vwbl3_act_o,vwbl3,wbl_writeback,3,pwl,,1.15319e-15,5.43566e-15,4.28246e-15,-5.44053e-16,True,
ss,125,act_o,active,one,vrwl0_act_o,vrwl0,rwl_selected,0,pwl,,9.1715e-16,5.80315e-15,4.886e-15,3.48738e-13,True,
ss,125,act_o,active,one,vrwl1_act_o,vrwl1,rwl_deselected,1,dc,1.8,1.92541e-13,1.92794e-13,2.52688e-16,-1.06967e-13,True,True
ss,125,act_o,active,one,vrwl2_act_o,vrwl2,rwl_deselected,2,dc,1.8,1.92541e-13,1.92794e-13,2.52688e-16,-1.06967e-13,True,True
ss,125,act_o,active,one,vrwl3_act_o,vrwl3,rwl_deselected,3,dc,1.8,2.27259e-13,2.27477e-13,2.17978e-16,-1.26255e-13,True,True
ss,125,act_o,active,one,vwwl0_act_o,vwwl0,wwl_selected,0,pwl,,-1.1151e-15,5.87726e-15,6.99236e-15,1.99012e-16,True,
ss,125,act_o,active,one,vwwl1_act_o,vwwl1,wwl_deselected,1,dc,0.0,0.0,0.0,0.0,8.49149e-19,True,True
ss,125,act_o,active,one,vwwl2_act_o,vwwl2,wwl_deselected,2,dc,0.0,0.0,0.0,0.0,8.49149e-19,True,True
ss,125,act_o,active,one,vwwl3_act_o,vwwl3,wwl_deselected,3,dc,0.0,0.0,0.0,0.0,5.97605e-19,True,True
ss,125,act_o,active,one,vbody_act_o,vbody,body_bias_gnd,,dc,0.0,0.0,0.0,0.0,8.13444e-16,True,True
ss,125,act_o,active,one,vsub_act_o,vsub,substrate_vsubs,,dc,0.0,0.0,0.0,0.0,7.59664e-16,True,True
ss,125,act_c,active,checker,vpre0_act_c,vpre0,rbl_precharge,0,dc,0.9,1.78445e-15,2.99986e-15,1.21541e-15,-1.98272e-15,True,True
ss,125,act_c,active,checker,vpre1_act_c,vpre1,rbl_precharge,1,dc,0.9,1.31187e-18,1.12398e-16,1.11086e-16,-1.45763e-18,True,True
ss,125,act_c,active,checker,vpre2_act_c,vpre2,rbl_precharge,2,dc,0.9,1.77636e-15,2.99147e-15,1.21511e-15,-1.97373e-15,True,True
ss,125,act_c,active,checker,vpre3_act_c,vpre3,rbl_precharge,3,dc,0.9,1.53771e-19,2.31784e-17,2.30246e-17,-1.70857e-19,True,True
ss,125,act_c,active,checker,vwbl0_act_c,vwbl0,wbl_writeback,0,pwl,,1.17774e-15,5.08683e-15,3.90909e-15,-5.25014e-16,True,
ss,125,act_c,active,checker,vwbl1_act_c,vwbl1,wbl_writeback,1,dc,0.0,0.0,0.0,0.0,5.35436e-18,True,True
ss,125,act_c,active,checker,vwbl2_act_c,vwbl2,wbl_writeback,2,pwl,,1.20261e-15,5.37703e-15,4.17442e-15,-5.43831e-16,True,
ss,125,act_c,active,checker,vwbl3_act_c,vwbl3,wbl_writeback,3,dc,0.0,0.0,0.0,0.0,-1.017e-17,True,True
ss,125,act_c,active,checker,vrwl0_act_c,vrwl0,rwl_selected,0,pwl,,5.28605e-16,5.41959e-15,4.89099e-15,8.92863e-14,True,
ss,125,act_c,active,checker,vrwl1_act_c,vrwl1,rwl_deselected,1,dc,1.8,1.63108e-18,1.92097e-16,1.90466e-16,-9.06157e-19,True,True
ss,125,act_c,active,checker,vrwl2_act_c,vrwl2,rwl_deselected,2,dc,1.8,1.53294e-13,1.53396e-13,1.02591e-16,-8.51631e-14,True,True
ss,125,act_c,active,checker,vrwl3_act_c,vrwl3,rwl_deselected,3,dc,1.8,1.7433e-18,1.84302e-16,1.82559e-16,-9.68502e-19,True,True
ss,125,act_c,active,checker,vwwl0_act_c,vwwl0,wwl_selected,0,pwl,,-5.12885e-16,6.9825e-15,7.49539e-15,9.84978e-17,True,
ss,125,act_c,active,checker,vwwl1_act_c,vwwl1,wwl_deselected,1,dc,0.0,0.0,0.0,0.0,5.51663e-19,True,True
ss,125,act_c,active,checker,vwwl2_act_c,vwwl2,wwl_deselected,2,dc,0.0,0.0,0.0,0.0,4.33247e-19,True,True
ss,125,act_c,active,checker,vwwl3_act_c,vwwl3,wwl_deselected,3,dc,0.0,0.0,0.0,0.0,3.90993e-19,True,True
ss,125,act_c,active,checker,vbody_act_c,vbody,body_bias_gnd,,dc,0.0,0.0,0.0,0.0,4.20587e-16,True,True
ss,125,act_c,active,checker,vsub_act_c,vsub,substrate_vsubs,,dc,0.0,0.0,0.0,0.0,3.89976e-16,True,True
ss,125,act_i,active,inv_checker,vpre0_act_i,vpre0,rbl_precharge,0,dc,0.9,2.47303e-18,1.12306e-16,1.09833e-16,-2.74781e-18,True,True
ss,125,act_i,active,inv_checker,vpre1_act_i,vpre1,rbl_precharge,1,dc,0.9,1.77636e-15,2.99444e-15,1.21808e-15,-1.97373e-15,True,True
ss,125,act_i,active,inv_checker,vpre2_act_i,vpre2,rbl_precharge,2,dc,0.9,1.3112e-18,1.12284e-16,1.10973e-16,-1.45689e-18,True,True
ss,125,act_i,active,inv_checker,vpre3_act_i,vpre3,rbl_precharge,3,dc,0.9,1.66187e-15,2.80639e-15,1.14452e-15,-1.84652e-15,True,True
ss,125,act_i,active,inv_checker,vwbl0_act_i,vwbl0,wbl_writeback,0,dc,0.0,0.0,0.0,0.0,2.14419e-17,True,True
ss,125,act_i,active,inv_checker,vwbl1_act_i,vwbl1,wbl_writeback,1,pwl,,1.20303e-15,5.37707e-15,4.17403e-15,-5.43814e-16,True,
ss,125,act_i,active,inv_checker,vwbl2_act_i,vwbl2,wbl_writeback,2,dc,0.0,0.0,0.0,0.0,5.30942e-18,True,True
ss,125,act_i,active,inv_checker,vwbl3_act_i,vwbl3,wbl_writeback,3,pwl,,1.22115e-15,5.39505e-15,4.1739e-15,-5.53573e-16,True,
ss,125,act_i,active,inv_checker,vrwl0_act_i,vrwl0,rwl_selected,0,pwl,,5.60325e-16,5.45011e-15,4.88979e-15,8.87933e-14,True,
ss,125,act_i,active,inv_checker,vrwl1_act_i,vrwl1,rwl_deselected,1,dc,1.8,1.58374e-18,1.99833e-16,1.98249e-16,-8.79854e-19,True,True
ss,125,act_i,active,inv_checker,vrwl2_act_i,vrwl2,rwl_deselected,2,dc,1.8,1.52637e-13,1.52714e-13,7.73486e-17,-8.47984e-14,True,True
ss,125,act_i,active,inv_checker,vrwl3_act_i,vrwl3,rwl_deselected,3,dc,1.8,1.69385e-18,1.93885e-16,1.92191e-16,-9.4103e-19,True,True
ss,125,act_i,active,inv_checker,vwwl0_act_i,vwwl0,wwl_selected,0,pwl,,-5.15803e-16,6.99226e-15,7.50806e-15,9.58204e-17,True,
ss,125,act_i,active,inv_checker,vwwl1_act_i,vwwl1,wwl_deselected,1,dc,0.0,0.0,0.0,0.0,5.5048e-19,True,True
ss,125,act_i,active,inv_checker,vwwl2_act_i,vwwl2,wwl_deselected,2,dc,0.0,0.0,0.0,0.0,4.40112e-19,True,True
ss,125,act_i,active,inv_checker,vwwl3_act_i,vwwl3,wwl_deselected,3,dc,0.0,0.0,0.0,0.0,3.82137e-19,True,True
ss,125,act_i,active,inv_checker,vbody_act_i,vbody,body_bias_gnd,,dc,0.0,0.0,0.0,0.0,4.15646e-16,True,True
ss,125,act_i,active,inv_checker,vsub_act_i,vsub,substrate_vsubs,,dc,0.0,0.0,0.0,0.0,3.89142e-16,True,True
ss,125,idl_z,idle,zero,vpre0_idl_z,vpre0,rbl_precharge,0,dc,0.9,1.07137e-18,1.07137e-18,0.0,-1.19041e-18,True,True
ss,125,idl_z,idle,zero,vpre1_idl_z,vpre1,rbl_precharge,1,dc,0.9,1.07137e-18,1.07137e-18,0.0,-1.19041e-18,True,True
ss,125,idl_z,idle,zero,vpre2_idl_z,vpre2,rbl_precharge,2,dc,0.9,1.07137e-18,1.07137e-18,0.0,-1.19041e-18,True,True
ss,125,idl_z,idle,zero,vpre3_idl_z,vpre3,rbl_precharge,3,dc,0.9,1.07137e-18,1.07137e-18,0.0,-1.19041e-18,True,True
ss,125,idl_z,idle,zero,vwbl0_idl_z,vwbl0,wbl_writeback,0,dc,0.0,0.0,0.0,0.0,2.86365e-29,True,True
ss,125,idl_z,idle,zero,vwbl1_idl_z,vwbl1,wbl_writeback,1,dc,0.0,0.0,0.0,0.0,2.12454e-27,True,True
ss,125,idl_z,idle,zero,vwbl2_idl_z,vwbl2,wbl_writeback,2,dc,0.0,0.0,0.0,0.0,2.66314e-27,True,True
ss,125,idl_z,idle,zero,vwbl3_idl_z,vwbl3,wbl_writeback,3,dc,0.0,0.0,0.0,0.0,2.20819e-27,True,True
ss,125,idl_z,idle,zero,vrwl0_idl_z,vrwl0,rwl_selected,0,dc,1.8,2.14293e-18,2.14293e-18,0.0,-1.19051e-18,True,True
ss,125,idl_z,idle,zero,vrwl1_idl_z,vrwl1,rwl_deselected,1,dc,1.8,2.14293e-18,2.14293e-18,0.0,-1.19051e-18,True,True
ss,125,idl_z,idle,zero,vrwl2_idl_z,vrwl2,rwl_deselected,2,dc,1.8,2.14293e-18,2.14293e-18,0.0,-1.19051e-18,True,True
ss,125,idl_z,idle,zero,vrwl3_idl_z,vrwl3,rwl_deselected,3,dc,1.8,2.14293e-18,2.14293e-18,0.0,-1.19051e-18,True,True
ss,125,idl_z,idle,zero,vwwl0_idl_z,vwwl0,wwl_selected,0,dc,0.0,0.0,0.0,0.0,1.81735e-27,True,True
ss,125,idl_z,idle,zero,vwwl1_idl_z,vwwl1,wwl_deselected,1,dc,0.0,0.0,0.0,0.0,1.81056e-27,True,True
ss,125,idl_z,idle,zero,vwwl2_idl_z,vwwl2,wwl_deselected,2,dc,0.0,0.0,0.0,0.0,1.81499e-27,True,True
ss,125,idl_z,idle,zero,vwwl3_idl_z,vwwl3,wwl_deselected,3,dc,0.0,0.0,0.0,0.0,1.50879e-27,True,True
ss,125,idl_z,idle,zero,vbody_idl_z,vbody,body_bias_gnd,,dc,0.0,0.0,0.0,0.0,9.5237e-18,True,True
ss,125,idl_z,idle,zero,vsub_idl_z,vsub,substrate_vsubs,,dc,0.0,0.0,0.0,0.0,1.09413e-25,True,True
ss,125,idl_o,idle,one,vpre0_idl_o,vpre0,rbl_precharge,0,dc,0.9,1.17144e-18,1.17144e-18,0.0,-1.3016e-18,True,True
ss,125,idl_o,idle,one,vpre1_idl_o,vpre1,rbl_precharge,1,dc,0.9,1.1711e-18,1.1711e-18,0.0,-1.30122e-18,True,True
ss,125,idl_o,idle,one,vpre2_idl_o,vpre2,rbl_precharge,2,dc,0.9,1.1711e-18,1.1711e-18,0.0,-1.30122e-18,True,True
ss,125,idl_o,idle,one,vpre3_idl_o,vpre3,rbl_precharge,3,dc,0.9,1.17142e-18,1.17142e-18,0.0,-1.30158e-18,True,True
ss,125,idl_o,idle,one,vwbl0_idl_o,vwbl0,wbl_writeback,0,dc,0.0,0.0,0.0,0.0,1.2416e-20,True,True
ss,125,idl_o,idle,one,vwbl1_idl_o,vwbl1,wbl_writeback,1,dc,0.0,0.0,0.0,0.0,1.24514e-20,True,True
ss,125,idl_o,idle,one,vwbl2_idl_o,vwbl2,wbl_writeback,2,dc,0.0,0.0,0.0,0.0,1.24514e-20,True,True
ss,125,idl_o,idle,one,vwbl3_idl_o,vwbl3,wbl_writeback,3,dc,0.0,0.0,0.0,0.0,1.24179e-20,True,True
ss,125,idl_o,idle,one,vrwl0_idl_o,vrwl0,rwl_selected,0,dc,1.8,2.34823e-18,2.34823e-18,0.0,-1.30457e-18,True,True
ss,125,idl_o,idle,one,vrwl1_idl_o,vrwl1,rwl_deselected,1,dc,1.8,2.3464e-18,2.3464e-18,0.0,-1.30355e-18,True,True
ss,125,idl_o,idle,one,vrwl2_idl_o,vrwl2,rwl_deselected,2,dc,1.8,2.3464e-18,2.3464e-18,0.0,-1.30355e-18,True,True
ss,125,idl_o,idle,one,vrwl3_idl_o,vrwl3,rwl_deselected,3,dc,1.8,2.35038e-18,2.35038e-18,0.0,-1.30576e-18,True,True
ss,125,idl_o,idle,one,vwwl0_idl_o,vwwl0,wwl_selected,0,dc,0.0,0.0,0.0,0.0,-1.14133e-19,True,True
ss,125,idl_o,idle,one,vwwl1_idl_o,vwwl1,wwl_deselected,1,dc,0.0,0.0,0.0,0.0,-1.10977e-19,True,True
ss,125,idl_o,idle,one,vwwl2_idl_o,vwwl2,wwl_deselected,2,dc,0.0,0.0,0.0,0.0,-1.10977e-19,True,True
ss,125,idl_o,idle,one,vwwl3_idl_o,vwwl3,wwl_deselected,3,dc,0.0,0.0,0.0,0.0,-1.13153e-19,True,True
ss,125,idl_o,idle,one,vbody_idl_o,vbody,body_bias_gnd,,dc,0.0,0.0,0.0,0.0,1.24909e-17,True,True
ss,125,idl_o,idle,one,vsub_idl_o,vsub,substrate_vsubs,,dc,0.0,0.0,0.0,0.0,-1.66834e-18,True,True
ss,125,idl_c,idle,checker,vpre0_idl_c,vpre0,rbl_precharge,0,dc,0.9,1.12248e-18,1.12248e-18,0.0,-1.2472e-18,True,True
ss,125,idl_c,idle,checker,vpre1_idl_c,vpre1,rbl_precharge,1,dc,0.9,1.12019e-18,1.12019e-18,0.0,-1.24466e-18,True,True
ss,125,idl_c,idle,checker,vpre2_idl_c,vpre2,rbl_precharge,2,dc,0.9,1.12228e-18,1.12228e-18,0.0,-1.24698e-18,True,True
ss,125,idl_c,idle,checker,vpre3_idl_c,vpre3,rbl_precharge,3,dc,0.9,1.12035e-18,1.12035e-18,0.0,-1.24483e-18,True,True
ss,125,idl_c,idle,checker,vwbl0_idl_c,vwbl0,wbl_writeback,0,dc,0.0,0.0,0.0,0.0,6.21928e-21,True,True
ss,125,idl_c,idle,checker,vwbl1_idl_c,vwbl1,wbl_writeback,1,dc,0.0,0.0,0.0,0.0,6.21143e-21,True,True
ss,125,idl_c,idle,checker,vwbl2_idl_c,vwbl2,wbl_writeback,2,dc,0.0,0.0,0.0,0.0,6.23997e-21,True,True
ss,125,idl_c,idle,checker,vwbl3_idl_c,vwbl3,wbl_writeback,3,dc,0.0,0.0,0.0,0.0,6.19459e-21,True,True
ss,125,idl_c,idle,checker,vrwl0_idl_c,vrwl0,rwl_selected,0,dc,1.8,2.24353e-18,2.24353e-18,0.0,-1.24641e-18,True,True
ss,125,idl_c,idle,checker,vrwl1_idl_c,vrwl1,rwl_deselected,1,dc,1.8,2.24675e-18,2.24675e-18,0.0,-1.24819e-18,True,True
ss,125,idl_c,idle,checker,vrwl2_idl_c,vrwl2,rwl_deselected,2,dc,1.8,2.24257e-18,2.24257e-18,0.0,-1.24587e-18,True,True
ss,125,idl_c,idle,checker,vrwl3_idl_c,vrwl3,rwl_deselected,3,dc,1.8,2.24878e-18,2.24878e-18,0.0,-1.24932e-18,True,True
ss,125,idl_c,idle,checker,vwwl0_idl_c,vwwl0,wwl_selected,0,dc,0.0,0.0,0.0,0.0,-5.7821e-20,True,True
ss,125,idl_c,idle,checker,vwwl1_idl_c,vwwl1,wwl_deselected,1,dc,0.0,0.0,0.0,0.0,-5.44191e-20,True,True
ss,125,idl_c,idle,checker,vwwl2_idl_c,vwwl2,wwl_deselected,2,dc,0.0,0.0,0.0,0.0,-5.65577e-20,True,True
ss,125,idl_c,idle,checker,vwwl3_idl_c,vwwl3,wwl_deselected,3,dc,0.0,0.0,0.0,0.0,-5.54861e-20,True,True
ss,125,idl_c,idle,checker,vbody_idl_c,vbody,body_bias_gnd,,dc,0.0,0.0,0.0,0.0,1.10072e-17,True,True
ss,125,idl_c,idle,checker,vsub_idl_c,vsub,substrate_vsubs,,dc,0.0,0.0,0.0,0.0,-8.34293e-19,True,True
ss,125,idl_i,idle,inv_checker,vpre0_idl_i,vpre0,rbl_precharge,0,dc,0.9,1.12033e-18,1.12033e-18,0.0,-1.24481e-18,True,True
ss,125,idl_i,idle,inv_checker,vpre1_idl_i,vpre1,rbl_precharge,1,dc,0.9,1.12228e-18,1.12228e-18,0.0,-1.24698e-18,True,True
ss,125,idl_i,idle,inv_checker,vpre2_idl_i,vpre2,rbl_precharge,2,dc,0.9,1.12019e-18,1.12019e-18,0.0,-1.24466e-18,True,True
ss,125,idl_i,idle,inv_checker,vpre3_idl_i,vpre3,rbl_precharge,3,dc,0.9,1.12244e-18,1.12244e-18,0.0,-1.24716e-18,True,True
ss,125,idl_i,idle,inv_checker,vwbl0_idl_i,vwbl0,wbl_writeback,0,dc,0.0,0.0,0.0,0.0,6.19673e-21,True,True
ss,125,idl_i,idle,inv_checker,vwbl1_idl_i,vwbl1,wbl_writeback,1,dc,0.0,0.0,0.0,0.0,6.23997e-21,True,True
ss,125,idl_i,idle,inv_checker,vwbl2_idl_i,vwbl2,wbl_writeback,2,dc,0.0,0.0,0.0,0.0,6.21143e-21,True,True
ss,125,idl_i,idle,inv_checker,vwbl3_idl_i,vwbl3,wbl_writeback,3,dc,0.0,0.0,0.0,0.0,6.22331e-21,True,True
ss,125,idl_i,idle,inv_checker,vrwl0_idl_i,vrwl0,rwl_selected,0,dc,1.8,2.24763e-18,2.24763e-18,0.0,-1.24868e-18,True,True
ss,125,idl_i,idle,inv_checker,vrwl1_idl_i,vrwl1,rwl_deselected,1,dc,1.8,2.24257e-18,2.24257e-18,0.0,-1.24587e-18,True,True
ss,125,idl_i,idle,inv_checker,vrwl2_idl_i,vrwl2,rwl_deselected,2,dc,1.8,2.24675e-18,2.24675e-18,0.0,-1.24819e-18,True,True
ss,125,idl_i,idle,inv_checker,vrwl3_idl_i,vrwl3,rwl_deselected,3,dc,1.8,2.24452e-18,2.24452e-18,0.0,-1.24696e-18,True,True
ss,125,idl_i,idle,inv_checker,vwwl0_idl_i,vwwl0,wwl_selected,0,dc,0.0,0.0,0.0,0.0,-5.63122e-20,True,True
ss,125,idl_i,idle,inv_checker,vwwl1_idl_i,vwwl1,wwl_deselected,1,dc,0.0,0.0,0.0,0.0,-5.65577e-20,True,True
ss,125,idl_i,idle,inv_checker,vwwl2_idl_i,vwwl2,wwl_deselected,2,dc,0.0,0.0,0.0,0.0,-5.44191e-20,True,True
ss,125,idl_i,idle,inv_checker,vwwl3_idl_i,vwwl3,wwl_deselected,3,dc,0.0,0.0,0.0,0.0,-5.76664e-20,True,True
ss,125,idl_i,idle,inv_checker,vbody_idl_i,vbody,body_bias_gnd,,dc,0.0,0.0,0.0,0.0,1.10074e-17,True,True
ss,125,idl_i,idle,inv_checker,vsub_idl_i,vsub,substrate_vsubs,,dc,0.0,0.0,0.0,0.0,-8.34047e-19,True,True
ss,125,nop_c,nop,checker,vpre0_nop_c,vpre0,rbl_precharge,0,dc,0.9,1.12248e-18,1.12248e-18,0.0,-1.2472e-18,True,True
ss,125,nop_c,nop,checker,vpre1_nop_c,vpre1,rbl_precharge,1,dc,0.9,1.12019e-18,1.12019e-18,0.0,-1.24466e-18,True,True
ss,125,nop_c,nop,checker,vpre2_nop_c,vpre2,rbl_precharge,2,dc,0.9,1.12228e-18,1.12228e-18,0.0,-1.24698e-18,True,True
ss,125,nop_c,nop,checker,vpre3_nop_c,vpre3,rbl_precharge,3,dc,0.9,1.12035e-18,1.12035e-18,0.0,-1.24483e-18,True,True
ss,125,nop_c,nop,checker,vwbl0_nop_c,vwbl0,wbl_writeback,0,dc,0.0,0.0,0.0,0.0,6.21928e-21,True,True
ss,125,nop_c,nop,checker,vwbl1_nop_c,vwbl1,wbl_writeback,1,dc,0.0,0.0,0.0,0.0,6.21143e-21,True,True
ss,125,nop_c,nop,checker,vwbl2_nop_c,vwbl2,wbl_writeback,2,dc,0.0,0.0,0.0,0.0,6.23997e-21,True,True
ss,125,nop_c,nop,checker,vwbl3_nop_c,vwbl3,wbl_writeback,3,dc,0.0,0.0,0.0,0.0,6.19459e-21,True,True
ss,125,nop_c,nop,checker,vrwl0_nop_c,vrwl0,rwl_selected,0,dc,1.8,2.24353e-18,2.24353e-18,0.0,-1.24641e-18,True,True
ss,125,nop_c,nop,checker,vrwl1_nop_c,vrwl1,rwl_deselected,1,dc,1.8,2.24675e-18,2.24675e-18,0.0,-1.24819e-18,True,True
ss,125,nop_c,nop,checker,vrwl2_nop_c,vrwl2,rwl_deselected,2,dc,1.8,2.24258e-18,2.24258e-18,0.0,-1.24588e-18,True,True
ss,125,nop_c,nop,checker,vrwl3_nop_c,vrwl3,rwl_deselected,3,dc,1.8,2.24878e-18,2.24878e-18,0.0,-1.24932e-18,True,True
ss,125,nop_c,nop,checker,vwwl0_nop_c,vwwl0,wwl_selected,0,dc,0.0,0.0,0.0,0.0,-5.7821e-20,True,True
ss,125,nop_c,nop,checker,vwwl1_nop_c,vwwl1,wwl_deselected,1,dc,0.0,0.0,0.0,0.0,-5.44191e-20,True,True
ss,125,nop_c,nop,checker,vwwl2_nop_c,vwwl2,wwl_deselected,2,dc,0.0,0.0,0.0,0.0,-5.65577e-20,True,True
ss,125,nop_c,nop,checker,vwwl3_nop_c,vwwl3,wwl_deselected,3,dc,0.0,0.0,0.0,0.0,-5.54861e-20,True,True
ss,125,nop_c,nop,checker,vbody_nop_c,vbody,body_bias_gnd,,dc,0.0,0.0,0.0,0.0,1.10072e-17,True,True
ss,125,nop_c,nop,checker,vsub_nop_c,vsub,substrate_vsubs,,dc,0.0,0.0,0.0,0.0,-8.34293e-19,True,True
ff,27,act_z,active,zero,vpre0_act_z,vpre0,rbl_precharge,0,dc,0.9,-3.13106e-18,3.75527e-17,4.06837e-17,3.47896e-18,True,True
ff,27,act_z,active,zero,vpre1_act_z,vpre1,rbl_precharge,1,dc,0.9,-4.4792e-18,3.62206e-17,4.06998e-17,4.97689e-18,True,True
ff,27,act_z,active,zero,vpre2_act_z,vpre2,rbl_precharge,2,dc,0.9,-4.48504e-18,3.60387e-17,4.05237e-17,4.98338e-18,True,True
ff,27,act_z,active,zero,vpre3_act_z,vpre3,rbl_precharge,3,dc,0.9,-4.81639e-18,2.14799e-17,2.62963e-17,5.35154e-18,True,True
ff,27,act_z,active,zero,vwbl0_act_z,vwbl0,wbl_writeback,0,dc,0.0,0.0,0.0,0.0,-2.56703e-17,True,True
ff,27,act_z,active,zero,vwbl1_act_z,vwbl1,wbl_writeback,1,dc,0.0,0.0,0.0,0.0,-4.3184e-17,True,True
ff,27,act_z,active,zero,vwbl2_act_z,vwbl2,wbl_writeback,2,dc,0.0,0.0,0.0,0.0,-4.31276e-17,True,True
ff,27,act_z,active,zero,vwbl3_act_z,vwbl3,wbl_writeback,3,dc,0.0,0.0,0.0,0.0,-4.71714e-17,True,True
ff,27,act_z,active,zero,vrwl0_act_z,vrwl0,rwl_selected,0,pwl,,3.01947e-17,4.3354e-15,4.30521e-15,1.27863e-18,True,
ff,27,act_z,active,zero,vrwl1_act_z,vrwl1,rwl_deselected,1,dc,1.8,-2.18248e-19,9.54901e-18,9.76726e-18,1.21249e-19,True,True
ff,27,act_z,active,zero,vrwl2_act_z,vrwl2,rwl_deselected,2,dc,1.8,-2.18248e-19,9.54901e-18,9.76726e-18,1.21249e-19,True,True
ff,27,act_z,active,zero,vrwl3_act_z,vrwl3,rwl_deselected,3,dc,1.8,-1.9623e-19,9.10358e-18,9.29981e-18,1.09017e-19,True,True
ff,27,act_z,active,zero,vwwl0_act_z,vwwl0,wwl_selected,0,pwl,,5.44727e-17,8.33336e-15,8.27888e-15,5.29069e-18,True,
ff,27,act_z,active,zero,vwwl1_act_z,vwwl1,wwl_deselected,1,dc,0.0,0.0,0.0,0.0,1.30713e-20,True,True
ff,27,act_z,active,zero,vwwl2_act_z,vwwl2,wwl_deselected,2,dc,0.0,0.0,0.0,0.0,1.30713e-20,True,True
ff,27,act_z,active,zero,vwwl3_act_z,vwwl3,wwl_deselected,3,dc,0.0,0.0,0.0,0.0,1.58802e-20,True,True
ff,27,act_z,active,zero,vbody_act_z,vbody,body_bias_gnd,,dc,0.0,0.0,0.0,0.0,6.82879e-17,True,True
ff,27,act_z,active,zero,vsub_act_z,vsub,substrate_vsubs,,dc,0.0,0.0,0.0,0.0,6.51116e-17,True,True
ff,27,act_o,active,one,vpre0_act_o,vpre0,rbl_precharge,0,dc,0.9,1.27058e-15,2.58426e-15,1.31368e-15,-1.41176e-15,True,True
ff,27,act_o,active,one,vpre1_act_o,vpre1,rbl_precharge,1,dc,0.9,1.25864e-15,2.56452e-15,1.30588e-15,-1.39849e-15,True,True
ff,27,act_o,active,one,vpre2_act_o,vpre2,rbl_precharge,2,dc,0.9,1.25839e-15,2.56394e-15,1.30555e-15,-1.39821e-15,True,True
ff,27,act_o,active,one,vpre3_act_o,vpre3,rbl_precharge,3,dc,0.9,1.01733e-15,2.22311e-15,1.20579e-15,-1.13036e-15,True,True
ff,27,act_o,active,one,vwbl0_act_o,vwbl0,wbl_writeback,0,pwl,,1.30609e-15,4.66535e-15,3.35925e-15,-5.95122e-16,True,
ff,27,act_o,active,one,vwbl1_act_o,vwbl1,wbl_writeback,1,pwl,,1.27507e-15,4.99197e-15,3.71689e-15,-6.20889e-16,True,
ff,27,act_o,active,one,vwbl2_act_o,vwbl2,wbl_writeback,2,pwl,,1.2771e-15,4.99841e-15,3.72131e-15,-6.20791e-16,True,
ff,27,act_o,active,one,vwbl3_act_o,vwbl3,wbl_writeback,3,pwl,,1.29368e-15,5.03206e-15,3.73838e-15,-6.3015e-16,True,
ff,27,act_o,active,one,vrwl0_act_o,vrwl0,rwl_selected,0,pwl,,1.51154e-15,5.82486e-15,4.31332e-15,9.21292e-13,True,
ff,27,act_o,active,one,vrwl1_act_o,vrwl1,rwl_deselected,1,dc,1.8,5.17477e-13,5.17734e-13,2.57116e-16,-2.87487e-13,True,True
ff,27,act_o,active,one,vrwl2_act_o,vrwl2,rwl_deselected,2,dc,1.8,5.17477e-13,5.17734e-13,2.57116e-16,-2.87487e-13,True,True
ff,27,act_o,active,one,vrwl3_act_o,vrwl3,rwl_deselected,3,dc,1.8,6.12764e-13,6.12987e-13,2.22909e-16,-3.40425e-13,True,True
ff,27,act_o,active,one,vwwl0_act_o,vwwl0,wwl_selected,0,pwl,,-1.26714e-15,6.04137e-15,7.30852e-15,2.85773e-16,True,
ff,27,act_o,active,one,vwwl1_act_o,vwwl1,wwl_deselected,1,dc,0.0,0.0,0.0,0.0,3.57445e-19,True,True
ff,27,act_o,active,one,vwwl2_act_o,vwwl2,wwl_deselected,2,dc,0.0,0.0,0.0,0.0,3.57445e-19,True,True
ff,27,act_o,active,one,vwwl3_act_o,vwwl3,wwl_deselected,3,dc,0.0,0.0,0.0,0.0,7.22068e-19,True,True
ff,27,act_o,active,one,vbody_act_o,vbody,body_bias_gnd,,dc,0.0,0.0,0.0,0.0,8.36988e-16,True,True
ff,27,act_o,active,one,vsub_act_o,vsub,substrate_vsubs,,dc,0.0,0.0,0.0,0.0,7.8865e-16,True,True
ff,27,act_c,active,checker,vpre0_act_c,vpre0,rbl_precharge,0,dc,0.9,1.11691e-15,2.432e-15,1.3151e-15,-1.24101e-15,True,True
ff,27,act_c,active,checker,vpre1_act_c,vpre1,rbl_precharge,1,dc,0.9,-1.98741e-18,1.47056e-16,1.49043e-16,2.20824e-18,True,True
ff,27,act_c,active,checker,vpre2_act_c,vpre2,rbl_precharge,2,dc,0.9,1.10407e-15,2.41153e-15,1.30746e-15,-1.22675e-15,True,True
ff,27,act_c,active,checker,vpre3_act_c,vpre3,rbl_precharge,3,dc,0.9,-4.81594e-18,2.14889e-17,2.63048e-17,5.35105e-18,True,True
ff,27,act_c,active,checker,vwbl0_act_c,vwbl0,wbl_writeback,0,pwl,,1.32547e-15,4.68378e-15,3.35831e-15,-6.06361e-16,True,
ff,27,act_c,active,checker,vwbl1_act_c,vwbl1,wbl_writeback,1,dc,0.0,0.0,0.0,0.0,-3.68004e-17,True,True
ff,27,act_c,active,checker,vwbl2_act_c,vwbl2,wbl_writeback,2,pwl,,1.35102e-15,4.95704e-15,3.60602e-15,-6.25493e-16,True,
ff,27,act_c,active,checker,vwbl3_act_c,vwbl3,wbl_writeback,3,dc,0.0,0.0,0.0,0.0,-5.30278e-17,True,True
ff,27,act_c,active,checker,vrwl0_act_c,vrwl0,rwl_selected,0,pwl,,8.23277e-16,5.13364e-15,4.31036e-15,2.36969e-13,True,
ff,27,act_c,active,checker,vrwl1_act_c,vrwl1,rwl_deselected,1,dc,1.8,-6.5718e-19,1.89798e-16,1.90455e-16,3.651e-19,True,True
ff,27,act_c,active,checker,vrwl2_act_c,vrwl2,rwl_deselected,2,dc,1.8,4.21608e-13,4.21726e-13,1.17501e-16,-2.34227e-13,True,True
ff,27,act_c,active,checker,vrwl3_act_c,vrwl3,rwl_deselected,3,dc,1.8,-3.07162e-19,1.82145e-16,1.82452e-16,1.70645e-19,True,True
ff,27,act_c,active,checker,vwwl0_act_c,vwwl0,wwl_selected,0,pwl,,-6.07989e-16,7.15081e-15,7.75879e-15,1.47591e-16,True,
ff,27,act_c,active,checker,vwwl1_act_c,vwwl1,wwl_deselected,1,dc,0.0,0.0,0.0,0.0,9.51374e-20,True,True
ff,27,act_c,active,checker,vwwl2_act_c,vwwl2,wwl_deselected,2,dc,0.0,0.0,0.0,0.0,1.04084e-19,True,True
ff,27,act_c,active,checker,vwwl3_act_c,vwwl3,wwl_deselected,3,dc,0.0,0.0,0.0,0.0,3.77134e-19,True,True
ff,27,act_c,active,checker,vbody_act_c,vbody,body_bias_gnd,,dc,0.0,0.0,0.0,0.0,4.49968e-16,True,True
ff,27,act_c,active,checker,vsub_act_c,vsub,substrate_vsubs,,dc,0.0,0.0,0.0,0.0,4.40871e-16,True,True
ff,27,act_i,active,inv_checker,vpre0_act_i,vpre0,rbl_precharge,0,dc,0.9,-5.89708e-19,1.46357e-16,1.46947e-16,6.55231e-19,True,True
ff,27,act_i,active,inv_checker,vpre1_act_i,vpre1,rbl_precharge,1,dc,0.9,1.10431e-15,2.41218e-15,1.30788e-15,-1.22701e-15,True,True
ff,27,act_i,active,inv_checker,vpre2_act_i,vpre2,rbl_precharge,2,dc,0.9,-1.97281e-18,1.46836e-16,1.48809e-16,2.19201e-18,True,True
ff,27,act_i,active,inv_checker,vpre3_act_i,vpre3,rbl_precharge,3,dc,0.9,1.00082e-15,2.19447e-15,1.19365e-15,-1.11202e-15,True,True
ff,27,act_i,active,inv_checker,vwbl0_act_i,vwbl0,wbl_writeback,0,dc,0.0,0.0,0.0,0.0,-1.35663e-17,True,True
ff,27,act_i,active,inv_checker,vwbl1_act_i,vwbl1,wbl_writeback,1,pwl,,1.35161e-15,4.9534e-15,3.6018e-15,-6.25607e-16,True,
ff,27,act_i,active,inv_checker,vwbl2_act_i,vwbl2,wbl_writeback,2,dc,0.0,0.0,0.0,0.0,-3.67409e-17,True,True
ff,27,act_i,active,inv_checker,vwbl3_act_i,vwbl3,wbl_writeback,3,pwl,,1.36826e-15,4.99111e-15,3.62285e-15,-6.34771e-16,True,
ff,27,act_i,active,inv_checker,vrwl0_act_i,vrwl0,rwl_selected,0,pwl,,8.57208e-16,5.16678e-15,4.30957e-15,2.36131e-13,True,
ff,27,act_i,active,inv_checker,vrwl1_act_i,vrwl1,rwl_deselected,1,dc,1.8,-1.12869e-18,1.82727e-16,1.83855e-16,6.27053e-19,True,True
ff,27,act_i,active,inv_checker,vrwl2_act_i,vrwl2,rwl_deselected,2,dc,1.8,4.2031e-13,4.20399e-13,8.93248e-17,-2.33506e-13,True,True
ff,27,act_i,active,inv_checker,vrwl3_act_i,vrwl3,rwl_deselected,3,dc,1.8,-9.21329e-19,1.7578e-16,1.76702e-16,5.11849e-19,True,True
ff,27,act_i,active,inv_checker,vwwl0_act_i,vwwl0,wwl_selected,0,pwl,,-6.11703e-16,7.16e-15,7.77171e-15,1.44808e-16,True,
ff,27,act_i,active,inv_checker,vwwl1_act_i,vwwl1,wwl_deselected,1,dc,0.0,0.0,0.0,0.0,2.75848e-19,True,True
ff,27,act_i,active,inv_checker,vwwl2_act_i,vwwl2,wwl_deselected,2,dc,0.0,0.0,0.0,0.0,2.98004e-19,True,True
ff,27,act_i,active,inv_checker,vwwl3_act_i,vwwl3,wwl_deselected,3,dc,0.0,0.0,0.0,0.0,3.63263e-19,True,True
ff,27,act_i,active,inv_checker,vbody_act_i,vbody,body_bias_gnd,,dc,0.0,0.0,0.0,0.0,4.42784e-16,True,True
ff,27,act_i,active,inv_checker,vsub_act_i,vsub,substrate_vsubs,,dc,0.0,0.0,0.0,0.0,4.3174e-16,True,True
ff,27,idl_z,idle,zero,vpre0_idl_z,vpre0,rbl_precharge,0,dc,0.9,1.92155e-22,1.92155e-22,0.0,-2.13506e-22,True,True
ff,27,idl_z,idle,zero,vpre1_idl_z,vpre1,rbl_precharge,1,dc,0.9,1.92239e-22,1.92239e-22,0.0,-2.13599e-22,True,True
ff,27,idl_z,idle,zero,vpre2_idl_z,vpre2,rbl_precharge,2,dc,0.9,1.9225e-22,1.9225e-22,0.0,-2.13611e-22,True,True
ff,27,idl_z,idle,zero,vpre3_idl_z,vpre3,rbl_precharge,3,dc,0.9,1.92106e-22,1.92106e-22,0.0,-2.13451e-22,True,True
ff,27,idl_z,idle,zero,vwbl0_idl_z,vwbl0,wbl_writeback,0,dc,0.0,0.0,0.0,0.0,1.16645e-29,True,True
ff,27,idl_z,idle,zero,vwbl1_idl_z,vwbl1,wbl_writeback,1,dc,0.0,0.0,0.0,0.0,1.89459e-29,True,True
ff,27,idl_z,idle,zero,vwbl2_idl_z,vwbl2,wbl_writeback,2,dc,0.0,0.0,0.0,0.0,-4.97049e-29,True,True
ff,27,idl_z,idle,zero,vwbl3_idl_z,vwbl3,wbl_writeback,3,dc,0.0,0.0,0.0,0.0,-3.99976e-29,True,True
ff,27,idl_z,idle,zero,vrwl0_idl_z,vrwl0,rwl_selected,0,dc,1.8,5.73531e-22,5.73531e-22,0.0,-3.18628e-22,True,True
ff,27,idl_z,idle,zero,vrwl1_idl_z,vrwl1,rwl_deselected,1,dc,1.8,5.73534e-22,5.73534e-22,0.0,-3.1863e-22,True,True
ff,27,idl_z,idle,zero,vrwl2_idl_z,vrwl2,rwl_deselected,2,dc,1.8,5.73532e-22,5.73532e-22,0.0,-3.18629e-22,True,True
ff,27,idl_z,idle,zero,vrwl3_idl_z,vrwl3,rwl_deselected,3,dc,1.8,5.73531e-22,5.73531e-22,0.0,-3.18628e-22,True,True
ff,27,idl_z,idle,zero,vwwl0_idl_z,vwwl0,wwl_selected,0,dc,0.0,0.0,0.0,0.0,-2.59164e-29,True,True
ff,27,idl_z,idle,zero,vwwl1_idl_z,vwwl1,wwl_deselected,1,dc,0.0,0.0,0.0,0.0,-1.22876e-29,True,True
ff,27,idl_z,idle,zero,vwwl2_idl_z,vwwl2,wwl_deselected,2,dc,0.0,0.0,0.0,0.0,-2.26857e-29,True,True
ff,27,idl_z,idle,zero,vwwl3_idl_z,vwwl3,wwl_deselected,3,dc,0.0,0.0,0.0,0.0,-6.51418e-30,True,True
ff,27,idl_z,idle,zero,vbody_idl_z,vbody,body_bias_gnd,,dc,0.0,0.0,0.0,0.0,2.12449e-21,True,True
ff,27,idl_z,idle,zero,vsub_idl_z,vsub,substrate_vsubs,,dc,0.0,0.0,0.0,0.0,-3.49649e-28,True,True
ff,27,idl_o,idle,one,vpre0_idl_o,vpre0,rbl_precharge,0,dc,0.9,1.66882e-21,1.66882e-21,0.0,-1.85424e-21,True,True
ff,27,idl_o,idle,one,vpre1_idl_o,vpre1,rbl_precharge,1,dc,0.9,1.66295e-21,1.66295e-21,0.0,-1.84773e-21,True,True
ff,27,idl_o,idle,one,vpre2_idl_o,vpre2,rbl_precharge,2,dc,0.9,1.66294e-21,1.66294e-21,0.0,-1.84771e-21,True,True
ff,27,idl_o,idle,one,vpre3_idl_o,vpre3,rbl_precharge,3,dc,0.9,1.66851e-21,1.66851e-21,0.0,-1.8539e-21,True,True
ff,27,idl_o,idle,one,vwbl0_idl_o,vwbl0,wbl_writeback,0,dc,0.0,0.0,0.0,0.0,1.70453e-20,True,True
ff,27,idl_o,idle,one,vwbl1_idl_o,vwbl1,wbl_writeback,1,dc,0.0,0.0,0.0,0.0,1.70458e-20,True,True
ff,27,idl_o,idle,one,vwbl2_idl_o,vwbl2,wbl_writeback,2,dc,0.0,0.0,0.0,0.0,1.70458e-20,True,True
ff,27,idl_o,idle,one,vwbl3_idl_o,vwbl3,wbl_writeback,3,dc,0.0,0.0,0.0,0.0,1.70453e-20,True,True
ff,27,idl_o,idle,one,vrwl0_idl_o,vrwl0,rwl_selected,0,dc,1.8,4.20423e-21,4.20423e-21,0.0,-2.33568e-21,True,True
ff,27,idl_o,idle,one,vrwl1_idl_o,vrwl1,rwl_deselected,1,dc,1.8,4.17441e-21,4.17441e-21,0.0,-2.31912e-21,True,True
ff,27,idl_o,idle,one,vrwl2_idl_o,vrwl2,rwl_deselected,2,dc,1.8,4.1744e-21,4.1744e-21,0.0,-2.31911e-21,True,True
ff,27,idl_o,idle,one,vrwl3_idl_o,vrwl3,rwl_deselected,3,dc,1.8,4.24806e-21,4.24806e-21,0.0,-2.36004e-21,True,True
ff,27,idl_o,idle,one,vwwl0_idl_o,vwwl0,wwl_selected,0,dc,0.0,0.0,0.0,0.0,-1.85623e-21,True,True
ff,27,idl_o,idle,one,vwwl1_idl_o,vwwl1,wwl_deselected,1,dc,0.0,0.0,0.0,0.0,-1.80588e-21,True,True
ff,27,idl_o,idle,one,vwwl2_idl_o,vwwl2,wwl_deselected,2,dc,0.0,0.0,0.0,0.0,-1.80588e-21,True,True
ff,27,idl_o,idle,one,vwwl3_idl_o,vwwl3,wwl_deselected,3,dc,0.0,0.0,0.0,0.0,-1.84362e-21,True,True
ff,27,idl_o,idle,one,vbody_idl_o,vbody,body_bias_gnd,,dc,0.0,0.0,0.0,0.0,-1.86061e-20,True,True
ff,27,idl_o,idle,one,vsub_idl_o,vsub,substrate_vsubs,,dc,0.0,0.0,0.0,0.0,-2.55203e-20,True,True
ff,27,idl_c,idle,checker,vpre0_idl_c,vpre0,rbl_precharge,0,dc,0.9,9.46743e-22,9.46743e-22,0.0,-1.05194e-21,True,True
ff,27,idl_c,idle,checker,vpre1_idl_c,vpre1,rbl_precharge,1,dc,0.9,9.11886e-22,9.11886e-22,0.0,-1.01321e-21,True,True
ff,27,idl_c,idle,checker,vpre2_idl_c,vpre2,rbl_precharge,2,dc,0.9,9.4318e-22,9.4318e-22,0.0,-1.04798e-21,True,True
ff,27,idl_c,idle,checker,vpre3_idl_c,vpre3,rbl_precharge,3,dc,0.9,9.14423e-22,9.14423e-22,0.0,-1.01603e-21,True,True
ff,27,idl_c,idle,checker,vwbl0_idl_c,vwbl0,wbl_writeback,0,dc,0.0,0.0,0.0,0.0,8.52282e-21,True,True
ff,27,idl_c,idle,checker,vwbl1_idl_c,vwbl1,wbl_writeback,1,dc,0.0,0.0,0.0,0.0,8.52269e-21,True,True
ff,27,idl_c,idle,checker,vwbl2_idl_c,vwbl2,wbl_writeback,2,dc,0.0,0.0,0.0,0.0,8.52316e-21,True,True
ff,27,idl_c,idle,checker,vwbl3_idl_c,vwbl3,wbl_writeback,3,dc,0.0,0.0,0.0,0.0,8.52242e-21,True,True
ff,27,idl_c,idle,checker,vrwl0_idl_c,vrwl0,rwl_selected,0,dc,1.8,2.35609e-21,2.35609e-21,0.0,-1.30894e-21,True,True
ff,27,idl_c,idle,checker,vrwl1_idl_c,vrwl1,rwl_deselected,1,dc,1.8,2.40468e-21,2.40468e-21,0.0,-1.33593e-21,True,True
ff,27,idl_c,idle,checker,vrwl2_idl_c,vrwl2,rwl_deselected,2,dc,1.8,2.34111e-21,2.34111e-21,0.0,-1.30062e-21,True,True
ff,27,idl_c,idle,checker,vrwl3_idl_c,vrwl3,rwl_deselected,3,dc,1.8,2.44266e-21,2.44266e-21,0.0,-1.35703e-21,True,True
ff,27,idl_c,idle,checker,vwwl0_idl_c,vwwl0,wwl_selected,0,dc,0.0,0.0,0.0,0.0,-9.39716e-22,True,True
ff,27,idl_c,idle,checker,vwwl1_idl_c,vwwl1,wwl_deselected,1,dc,0.0,0.0,0.0,0.0,-8.86599e-22,True,True
ff,27,idl_c,idle,checker,vwwl2_idl_c,vwwl2,wwl_deselected,2,dc,0.0,0.0,0.0,0.0,-9.1928e-22,True,True
ff,27,idl_c,idle,checker,vwwl3_idl_c,vwwl3,wwl_deselected,3,dc,0.0,0.0,0.0,0.0,-9.05134e-22,True,True
ff,27,idl_c,idle,checker,vbody_idl_c,vbody,body_bias_gnd,,dc,0.0,0.0,0.0,0.0,-8.24253e-21,True,True
ff,27,idl_c,idle,checker,vsub_idl_c,vsub,substrate_vsubs,,dc,0.0,0.0,0.0,0.0,-1.27622e-20,True,True
ff,27,idl_i,idle,inv_checker,vpre0_idl_i,vpre0,rbl_precharge,0,dc,0.9,9.14359e-22,9.14359e-22,0.0,-1.01595e-21,True,True
ff,27,idl_i,idle,inv_checker,vpre1_idl_i,vpre1,rbl_precharge,1,dc,0.9,9.4332e-22,9.4332e-22,0.0,-1.04813e-21,True,True
ff,27,idl_i,idle,inv_checker,vpre2_idl_i,vpre2,rbl_precharge,2,dc,0.9,9.11923e-22,9.11923e-22,0.0,-1.01325e-21,True,True
ff,27,idl_i,idle,inv_checker,vpre3_idl_i,vpre3,rbl_precharge,3,dc,0.9,9.45987e-22,9.45987e-22,0.0,-1.0511e-21,True,True
ff,27,idl_i,idle,inv_checker,vwbl0_idl_i,vwbl0,wbl_writeback,0,dc,0.0,0.0,0.0,0.0,8.52245e-21,True,True
ff,27,idl_i,idle,inv_checker,vwbl1_idl_i,vwbl1,wbl_writeback,1,dc,0.0,0.0,0.0,0.0,8.52316e-21,True,True
ff,27,idl_i,idle,inv_checker,vwbl2_idl_i,vwbl2,wbl_writeback,2,dc,0.0,0.0,0.0,0.0,8.52269e-21,True,True
ff,27,idl_i,idle,inv_checker,vwbl3_idl_i,vwbl3,wbl_writeback,3,dc,0.0,0.0,0.0,0.0,8.52288e-21,True,True
ff,27,idl_i,idle,inv_checker,vrwl0_idl_i,vrwl0,rwl_selected,0,dc,1.8,2.41959e-21,2.41959e-21,0.0,-1.34422e-21,True,True
ff,27,idl_i,idle,inv_checker,vrwl1_idl_i,vrwl1,rwl_deselected,1,dc,1.8,2.3411e-21,2.3411e-21,0.0,-1.30061e-21,True,True
ff,27,idl_i,idle,inv_checker,vrwl2_idl_i,vrwl2,rwl_deselected,2,dc,1.8,2.40469e-21,2.40469e-21,0.0,-1.33594e-21,True,True
ff,27,idl_i,idle,inv_checker,vrwl3_idl_i,vrwl3,rwl_deselected,3,dc,1.8,2.37679e-21,2.37679e-21,0.0,-1.32044e-21,True,True
ff,27,idl_i,idle,inv_checker,vwwl0_idl_i,vwwl0,wwl_selected,0,dc,0.0,0.0,0.0,0.0,-9.16519e-22,True,True
ff,27,idl_i,idle,inv_checker,vwwl1_idl_i,vwwl1,wwl_deselected,1,dc,0.0,0.0,0.0,0.0,-9.19279e-22,True,True
ff,27,idl_i,idle,inv_checker,vwwl2_idl_i,vwwl2,wwl_deselected,2,dc,0.0,0.0,0.0,0.0,-8.86599e-22,True,True
ff,27,idl_i,idle,inv_checker,vwwl3_idl_i,vwwl3,wwl_deselected,3,dc,0.0,0.0,0.0,0.0,-9.38484e-22,True,True
ff,27,idl_i,idle,inv_checker,vbody_idl_i,vbody,body_bias_gnd,,dc,0.0,0.0,0.0,0.0,-8.23908e-21,True,True
ff,27,idl_i,idle,inv_checker,vsub_idl_i,vsub,substrate_vsubs,,dc,0.0,0.0,0.0,0.0,-1.27581e-20,True,True
ff,27,nop_c,nop,checker,vpre0_nop_c,vpre0,rbl_precharge,0,dc,0.9,9.46577e-22,9.46577e-22,0.0,-1.05175e-21,True,True
ff,27,nop_c,nop,checker,vpre1_nop_c,vpre1,rbl_precharge,1,dc,0.9,9.11732e-22,9.11732e-22,0.0,-1.01304e-21,True,True
ff,27,nop_c,nop,checker,vpre2_nop_c,vpre2,rbl_precharge,2,dc,0.9,9.43103e-22,9.43103e-22,0.0,-1.04789e-21,True,True
ff,27,nop_c,nop,checker,vpre3_nop_c,vpre3,rbl_precharge,3,dc,0.9,9.14311e-22,9.14311e-22,0.0,-1.0159e-21,True,True
ff,27,nop_c,nop,checker,vwbl0_nop_c,vwbl0,wbl_writeback,0,dc,0.0,0.0,0.0,0.0,8.52282e-21,True,True
ff,27,nop_c,nop,checker,vwbl1_nop_c,vwbl1,wbl_writeback,1,dc,0.0,0.0,0.0,0.0,8.52269e-21,True,True
ff,27,nop_c,nop,checker,vwbl2_nop_c,vwbl2,wbl_writeback,2,dc,0.0,0.0,0.0,0.0,8.52316e-21,True,True
ff,27,nop_c,nop,checker,vwbl3_nop_c,vwbl3,wbl_writeback,3,dc,0.0,0.0,0.0,0.0,8.52242e-21,True,True
ff,27,nop_c,nop,checker,vrwl0_nop_c,vrwl0,rwl_selected,0,dc,1.8,2.35607e-21,2.35607e-21,0.0,-1.30893e-21,True,True
ff,27,nop_c,nop,checker,vrwl1_nop_c,vrwl1,rwl_deselected,1,dc,1.8,2.40471e-21,2.40471e-21,0.0,-1.33595e-21,True,True
ff,27,nop_c,nop,checker,vrwl2_nop_c,vrwl2,rwl_deselected,2,dc,1.8,2.34182e-21,2.34182e-21,0.0,-1.30101e-21,True,True
ff,27,nop_c,nop,checker,vrwl3_nop_c,vrwl3,rwl_deselected,3,dc,1.8,2.44203e-21,2.44203e-21,0.0,-1.35668e-21,True,True
ff,27,nop_c,nop,checker,vwwl0_nop_c,vwwl0,wwl_selected,0,dc,0.0,0.0,0.0,0.0,-9.39715e-22,True,True
ff,27,nop_c,nop,checker,vwwl1_nop_c,vwwl1,wwl_deselected,1,dc,0.0,0.0,0.0,0.0,-8.86599e-22,True,True
ff,27,nop_c,nop,checker,vwwl2_nop_c,vwwl2,wwl_deselected,2,dc,0.0,0.0,0.0,0.0,-9.19278e-22,True,True
ff,27,nop_c,nop,checker,vwwl3_nop_c,vwwl3,wwl_deselected,3,dc,0.0,0.0,0.0,0.0,-9.05134e-22,True,True
ff,27,nop_c,nop,checker,vbody_nop_c,vbody,body_bias_gnd,,dc,0.0,0.0,0.0,0.0,-8.24252e-21,True,True
ff,27,nop_c,nop,checker,vsub_nop_c,vsub,substrate_vsubs,,dc,0.0,0.0,0.0,0.0,-1.27622e-20,True,True
ff,125,act_z,active,zero,vpre0_act_z,vpre0,rbl_precharge,0,dc,0.9,-8.83102e-19,3.65372e-17,3.74203e-17,9.81224e-19,True,True
ff,125,act_z,active,zero,vpre1_act_z,vpre1,rbl_precharge,1,dc,0.9,-2.27669e-18,3.49044e-17,3.71811e-17,2.52966e-18,True,True
ff,125,act_z,active,zero,vpre2_act_z,vpre2,rbl_precharge,2,dc,0.9,-2.27075e-18,3.50175e-17,3.72882e-17,2.52306e-18,True,True
ff,125,act_z,active,zero,vpre3_act_z,vpre3,rbl_precharge,3,dc,0.9,-2.75099e-18,2.2751e-17,2.5502e-17,3.05666e-18,True,True
ff,125,act_z,active,zero,vwbl0_act_z,vwbl0,wbl_writeback,0,dc,0.0,0.0,0.0,0.0,-2.58819e-17,True,True
ff,125,act_z,active,zero,vwbl1_act_z,vwbl1,wbl_writeback,1,dc,0.0,0.0,0.0,0.0,-4.17984e-17,True,True
ff,125,act_z,active,zero,vwbl2_act_z,vwbl2,wbl_writeback,2,dc,0.0,0.0,0.0,0.0,-4.17538e-17,True,True
ff,125,act_z,active,zero,vwbl3_act_z,vwbl3,wbl_writeback,3,dc,0.0,0.0,0.0,0.0,-4.60103e-17,True,True
ff,125,act_z,active,zero,vrwl0_act_z,vrwl0,rwl_selected,0,pwl,,3.70757e-17,4.36404e-15,4.32696e-15,1.11914e-17,True,
ff,125,act_z,active,zero,vrwl1_act_z,vrwl1,rwl_deselected,1,dc,1.8,1.96521e-18,1.16239e-17,9.65868e-18,-1.09178e-18,True,True
ff,125,act_z,active,zero,vrwl2_act_z,vrwl2,rwl_deselected,2,dc,1.8,1.96521e-18,1.16239e-17,9.65868e-18,-1.09178e-18,True,True
ff,125,act_z,active,zero,vrwl3_act_z,vrwl3,rwl_deselected,3,dc,1.8,1.97338e-18,1.11485e-17,9.1751e-18,-1.09632e-18,True,True
ff,125,act_z,active,zero,vwwl0_act_z,vwwl0,wwl_selected,0,pwl,,7.92938e-17,8.30683e-15,8.22753e-15,1.13747e-17,True,
ff,125,act_z,active,zero,vwwl1_act_z,vwwl1,wwl_deselected,1,dc,0.0,0.0,0.0,0.0,2.05942e-21,True,True
ff,125,act_z,active,zero,vwwl2_act_z,vwwl2,wwl_deselected,2,dc,0.0,0.0,0.0,0.0,2.05942e-21,True,True
ff,125,act_z,active,zero,vwwl3_act_z,vwwl3,wwl_deselected,3,dc,0.0,0.0,0.0,0.0,-1.44734e-20,True,True
ff,125,act_z,active,zero,vbody_act_z,vbody,body_bias_gnd,,dc,0.0,0.0,0.0,0.0,5.28564e-17,True,True
ff,125,act_z,active,zero,vsub_act_z,vsub,substrate_vsubs,,dc,0.0,0.0,0.0,0.0,7.42216e-17,True,True
ff,125,act_o,active,one,vpre0_act_o,vpre0,rbl_precharge,0,dc,0.9,3.70393e-16,2.05875e-15,1.68836e-15,-4.11548e-16,True,True
ff,125,act_o,active,one,vpre1_act_o,vpre1,rbl_precharge,1,dc,0.9,1.81078e-16,2.03945e-15,1.85837e-15,-2.01198e-16,True,True
ff,125,act_o,active,one,vpre2_act_o,vpre2,rbl_precharge,2,dc,0.9,1.81502e-16,2.03913e-15,1.85763e-15,-2.01669e-16,True,True
ff,125,act_o,active,one,vpre3_act_o,vpre3,rbl_precharge,3,dc,0.9,-1.97208e-16,1.75051e-15,1.94771e-15,2.1912e-16,True,True
ff,125,act_o,active,one,vwbl0_act_o,vwbl0,wbl_writeback,0,pwl,,1.57524e-15,4.96744e-15,3.3922e-15,-7.46602e-16,True,
ff,125,act_o,active,one,vwbl1_act_o,vwbl1,wbl_writeback,1,pwl,,1.53865e-15,5.29664e-15,3.75798e-15,-7.56626e-16,True,
ff,125,act_o,active,one,vwbl2_act_o,vwbl2,wbl_writeback,2,pwl,,1.54087e-15,5.30386e-15,3.76298e-15,-7.56653e-16,True,
ff,125,act_o,active,one,vwbl3_act_o,vwbl3,wbl_writeback,3,pwl,,1.55586e-15,5.32687e-15,3.77102e-15,-7.6568e-16,True,
ff,125,act_o,active,one,vrwl0_act_o,vrwl0,rwl_selected,0,pwl,,9.16608e-15,1.35025e-14,4.33638e-15,1.15628e-12,True,
ff,125,act_o,active,one,vrwl1_act_o,vrwl1,rwl_deselected,1,dc,1.8,6.63008e-13,6.6316e-13,1.52434e-16,-3.68338e-13,True,True
ff,125,act_o,active,one,vrwl2_act_o,vrwl2,rwl_deselected,2,dc,1.8,6.63008e-13,6.6316e-13,1.52434e-16,-3.68338e-13,True,True
ff,125,act_o,active,one,vrwl3_act_o,vrwl3,rwl_deselected,3,dc,1.8,7.53122e-13,7.53263e-13,1.40682e-16,-4.18401e-13,True,True
ff,125,act_o,active,one,vwwl0_act_o,vwwl0,wwl_selected,0,pwl,,-1.37632e-15,5.91482e-15,7.29113e-15,3.30848e-16,True,
ff,125,act_o,active,one,vwwl1_act_o,vwwl1,wwl_deselected,1,dc,0.0,0.0,0.0,0.0,9.88212e-19,True,True
ff,125,act_o,active,one,vwwl2_act_o,vwwl2,wwl_deselected,2,dc,0.0,0.0,0.0,0.0,9.88212e-19,True,True
ff,125,act_o,active,one,vwwl3_act_o,vwwl3,wwl_deselected,3,dc,0.0,0.0,0.0,0.0,1.03205e-19,True,True
ff,125,act_o,active,one,vbody_act_o,vbody,body_bias_gnd,,dc,0.0,0.0,0.0,0.0,7.4799e-16,True,True
ff,125,act_o,active,one,vsub_act_o,vsub,substrate_vsubs,,dc,0.0,0.0,0.0,0.0,1.3334e-15,True,True
ff,125,act_c,active,checker,vpre0_act_c,vpre0,rbl_precharge,0,dc,0.9,5.67218e-17,1.89285e-15,1.83613e-15,-6.30243e-17,True,True
ff,125,act_c,active,checker,vpre1_act_c,vpre1,rbl_precharge,1,dc,0.9,-3.86554e-18,1.23671e-16,1.27537e-16,4.29504e-18,True,True
ff,125,act_c,active,checker,vpre2_act_c,vpre2,rbl_precharge,2,dc,0.9,-1.64367e-16,1.87315e-15,2.03752e-15,1.8263e-16,True,True
ff,125,act_c,active,checker,vpre3_act_c,vpre3,rbl_precharge,3,dc,0.9,-2.59874e-18,2.30001e-17,2.55989e-17,2.88749e-18,True,True
ff,125,act_c,active,checker,vwbl0_act_c,vwbl0,wbl_writeback,0,pwl,,1.61269e-15,5.00299e-15,3.3903e-15,-7.69349e-16,True,
ff,125,act_c,active,checker,vwbl1_act_c,vwbl1,wbl_writeback,1,dc,0.0,0.0,0.0,0.0,-1.84031e-17,True,True
ff,125,act_c,active,checker,vwbl2_act_c,vwbl2,wbl_writeback,2,pwl,,1.63922e-15,5.2794e-15,3.64018e-15,-7.90105e-16,True,
ff,125,act_c,active,checker,vwbl3_act_c,vwbl3,wbl_writeback,3,dc,0.0,0.0,0.0,0.0,-3.49125e-17,True,True
ff,125,act_c,active,checker,vrwl0_act_c,vrwl0,rwl_selected,0,pwl,,5.04838e-15,9.38175e-15,4.33337e-15,3.03046e-13,True,
ff,125,act_c,active,checker,vrwl1_act_c,vrwl1,rwl_deselected,1,dc,1.8,4.19879e-19,1.63866e-16,1.63446e-16,-2.33266e-19,True,True
ff,125,act_c,active,checker,vrwl2_act_c,vrwl2,rwl_deselected,2,dc,1.8,5.45124e-13,5.45204e-13,7.92503e-17,-3.02847e-13,True,True
ff,125,act_c,active,checker,vrwl3_act_c,vrwl3,rwl_deselected,3,dc,1.8,8.30519e-19,1.58521e-16,1.5769e-16,-4.614e-19,True,True
ff,125,act_c,active,checker,vwwl0_act_c,vwwl0,wwl_selected,0,pwl,,-6.51219e-16,7.06519e-15,7.71641e-15,1.7437e-16,True,
ff,125,act_c,active,checker,vwwl1_act_c,vwwl1,wwl_deselected,1,dc,0.0,0.0,0.0,0.0,1.93034e-18,True,True
ff,125,act_c,active,checker,vwwl2_act_c,vwwl2,wwl_deselected,2,dc,0.0,0.0,0.0,0.0,5.89515e-19,True,True
ff,125,act_c,active,checker,vwwl3_act_c,vwwl3,wwl_deselected,3,dc,0.0,0.0,0.0,0.0,1.06491e-18,True,True
ff,125,act_c,active,checker,vbody_act_c,vbody,body_bias_gnd,,dc,0.0,0.0,0.0,0.0,4.14529e-16,True,True
ff,125,act_c,active,checker,vsub_act_c,vsub,substrate_vsubs,,dc,0.0,0.0,0.0,0.0,6.95208e-16,True,True
ff,125,act_i,active,inv_checker,vpre0_act_i,vpre0,rbl_precharge,0,dc,0.9,-2.55062e-18,1.23351e-16,1.25902e-16,2.83403e-18,True,True
ff,125,act_i,active,inv_checker,vpre1_act_i,vpre1,rbl_precharge,1,dc,0.9,-1.64768e-16,1.87345e-15,2.03822e-15,1.83076e-16,True,True
ff,125,act_i,active,inv_checker,vpre2_act_i,vpre2,rbl_precharge,2,dc,0.9,-3.89933e-18,1.23531e-16,1.2743e-16,4.33259e-18,True,True
ff,125,act_i,active,inv_checker,vpre3_act_i,vpre3,rbl_precharge,3,dc,0.9,-4.38161e-16,1.7151e-15,2.15326e-15,4.86846e-16,True,True
ff,125,act_i,active,inv_checker,vwbl0_act_i,vwbl0,wbl_writeback,0,dc,0.0,0.0,0.0,0.0,-1.20166e-17,True,True
ff,125,act_i,active,inv_checker,vwbl1_act_i,vwbl1,wbl_writeback,1,pwl,,1.63957e-15,5.27521e-15,3.63564e-15,-7.90202e-16,True,
ff,125,act_i,active,inv_checker,vwbl2_act_i,vwbl2,wbl_writeback,2,dc,0.0,0.0,0.0,0.0,-1.85032e-17,True,True
ff,125,act_i,active,inv_checker,vwbl3_act_i,vwbl3,wbl_writeback,3,pwl,,1.65513e-15,5.30342e-15,3.6483e-15,-7.9922e-16,True,
ff,125,act_i,active,inv_checker,vrwl0_act_i,vrwl0,rwl_selected,0,pwl,,5.86366e-15,1.01963e-14,4.33262e-15,3.00835e-13,True,
ff,125,act_i,active,inv_checker,vrwl1_act_i,vrwl1,rwl_deselected,1,dc,1.8,1.0625e-18,1.58342e-16,1.57279e-16,-5.90275e-19,True,True
ff,125,act_i,active,inv_checker,vrwl2_act_i,vrwl2,rwl_deselected,2,dc,1.8,5.42119e-13,5.42176e-13,5.72566e-17,-3.01177e-13,True,True
ff,125,act_i,active,inv_checker,vrwl3_act_i,vrwl3,rwl_deselected,3,dc,1.8,1.68344e-18,1.51706e-16,1.50023e-16,-9.35247e-19,True,True
ff,125,act_i,active,inv_checker,vwwl0_act_i,vwwl0,wwl_selected,0,pwl,,-6.53908e-16,7.07613e-15,7.73003e-15,1.69696e-16,True,
ff,125,act_i,active,inv_checker,vwwl1_act_i,vwwl1,wwl_deselected,1,dc,0.0,0.0,0.0,0.0,1.62569e-18,True,True
ff,125,act_i,active,inv_checker,vwwl2_act_i,vwwl2,wwl_deselected,2,dc,0.0,0.0,0.0,0.0,3.10269e-19,True,True
ff,125,act_i,active,inv_checker,vwwl3_act_i,vwwl3,wwl_deselected,3,dc,0.0,0.0,0.0,0.0,1.05961e-18,True,True
ff,125,act_i,active,inv_checker,vbody_act_i,vbody,body_bias_gnd,,dc,0.0,0.0,0.0,0.0,4.12898e-16,True,True
ff,125,act_i,active,inv_checker,vsub_act_i,vsub,substrate_vsubs,,dc,0.0,0.0,0.0,0.0,7.01171e-16,True,True
ff,125,idl_z,idle,zero,vpre0_idl_z,vpre0,rbl_precharge,0,dc,0.9,1.07137e-18,1.07137e-18,0.0,-1.19041e-18,True,True
ff,125,idl_z,idle,zero,vpre1_idl_z,vpre1,rbl_precharge,1,dc,0.9,1.07137e-18,1.07137e-18,0.0,-1.19041e-18,True,True
ff,125,idl_z,idle,zero,vpre2_idl_z,vpre2,rbl_precharge,2,dc,0.9,1.07137e-18,1.07137e-18,0.0,-1.19041e-18,True,True
ff,125,idl_z,idle,zero,vpre3_idl_z,vpre3,rbl_precharge,3,dc,0.9,1.07137e-18,1.07137e-18,0.0,-1.19041e-18,True,True
ff,125,idl_z,idle,zero,vwbl0_idl_z,vwbl0,wbl_writeback,0,dc,0.0,0.0,0.0,0.0,-1.12388e-26,True,True
ff,125,idl_z,idle,zero,vwbl1_idl_z,vwbl1,wbl_writeback,1,dc,0.0,0.0,0.0,0.0,-9.10612e-27,True,True
ff,125,idl_z,idle,zero,vwbl2_idl_z,vwbl2,wbl_writeback,2,dc,0.0,0.0,0.0,0.0,-8.02814e-27,True,True
ff,125,idl_z,idle,zero,vwbl3_idl_z,vwbl3,wbl_writeback,3,dc,0.0,0.0,0.0,0.0,-7.76312e-27,True,True
ff,125,idl_z,idle,zero,vrwl0_idl_z,vrwl0,rwl_selected,0,dc,1.8,2.14293e-18,2.14293e-18,0.0,-1.19051e-18,True,True
ff,125,idl_z,idle,zero,vrwl1_idl_z,vrwl1,rwl_deselected,1,dc,1.8,2.14292e-18,2.14292e-18,0.0,-1.19051e-18,True,True
ff,125,idl_z,idle,zero,vrwl2_idl_z,vrwl2,rwl_deselected,2,dc,1.8,2.14292e-18,2.14292e-18,0.0,-1.19051e-18,True,True
ff,125,idl_z,idle,zero,vrwl3_idl_z,vrwl3,rwl_deselected,3,dc,1.8,2.14293e-18,2.14293e-18,0.0,-1.19052e-18,True,True
ff,125,idl_z,idle,zero,vwwl0_idl_z,vwwl0,wwl_selected,0,dc,0.0,0.0,0.0,0.0,3.40678e-27,True,True
ff,125,idl_z,idle,zero,vwwl1_idl_z,vwwl1,wwl_deselected,1,dc,0.0,0.0,0.0,0.0,3.21885e-27,True,True
ff,125,idl_z,idle,zero,vwwl2_idl_z,vwwl2,wwl_deselected,2,dc,0.0,0.0,0.0,0.0,3.24356e-27,True,True
ff,125,idl_z,idle,zero,vwwl3_idl_z,vwwl3,wwl_deselected,3,dc,0.0,0.0,0.0,0.0,2.96671e-27,True,True
ff,125,idl_z,idle,zero,vbody_idl_z,vbody,body_bias_gnd,,dc,0.0,0.0,0.0,0.0,9.5237e-18,True,True
ff,125,idl_z,idle,zero,vsub_idl_z,vsub,substrate_vsubs,,dc,0.0,0.0,0.0,0.0,1.68333e-25,True,True
ff,125,idl_o,idle,one,vpre0_idl_o,vpre0,rbl_precharge,0,dc,0.9,1.40141e-18,1.40141e-18,0.0,-1.55713e-18,True,True
ff,125,idl_o,idle,one,vpre1_idl_o,vpre1,rbl_precharge,1,dc,0.9,1.39991e-18,1.39991e-18,0.0,-1.55545e-18,True,True
ff,125,idl_o,idle,one,vpre2_idl_o,vpre2,rbl_precharge,2,dc,0.9,1.39991e-18,1.39991e-18,0.0,-1.55545e-18,True,True
ff,125,idl_o,idle,one,vpre3_idl_o,vpre3,rbl_precharge,3,dc,0.9,1.40134e-18,1.40134e-18,0.0,-1.55705e-18,True,True
ff,125,idl_o,idle,one,vwbl0_idl_o,vwbl0,wbl_writeback,0,dc,0.0,0.0,0.0,0.0,3.17549e-18,True,True
ff,125,idl_o,idle,one,vwbl1_idl_o,vwbl1,wbl_writeback,1,dc,0.0,0.0,0.0,0.0,3.17564e-18,True,True
ff,125,idl_o,idle,one,vwbl2_idl_o,vwbl2,wbl_writeback,2,dc,0.0,0.0,0.0,0.0,3.17564e-18,True,True
ff,125,idl_o,idle,one,vwbl3_idl_o,vwbl3,wbl_writeback,3,dc,0.0,0.0,0.0,0.0,3.1755e-18,True,True
ff,125,idl_o,idle,one,vrwl0_idl_o,vrwl0,rwl_selected,0,dc,1.8,3.16794e-18,3.16794e-18,0.0,-1.75997e-18,True,True
ff,125,idl_o,idle,one,vrwl1_idl_o,vrwl1,rwl_deselected,1,dc,1.8,3.15989e-18,3.15989e-18,0.0,-1.7555e-18,True,True
ff,125,idl_o,idle,one,vrwl2_idl_o,vrwl2,rwl_deselected,2,dc,1.8,3.15989e-18,3.15989e-18,0.0,-1.7555e-18,True,True
ff,125,idl_o,idle,one,vrwl3_idl_o,vrwl3,rwl_deselected,3,dc,1.8,3.17731e-18,3.17731e-18,0.0,-1.76517e-18,True,True
ff,125,idl_o,idle,one,vwwl0_idl_o,vwwl0,wwl_selected,0,dc,0.0,0.0,0.0,0.0,-4.67177e-19,True,True
ff,125,idl_o,idle,one,vwwl1_idl_o,vwwl1,wwl_deselected,1,dc,0.0,0.0,0.0,0.0,-4.54521e-19,True,True
ff,125,idl_o,idle,one,vwwl2_idl_o,vwwl2,wwl_deselected,2,dc,0.0,0.0,0.0,0.0,-4.54521e-19,True,True
ff,125,idl_o,idle,one,vwwl3_idl_o,vwwl3,wwl_deselected,3,dc,0.0,0.0,0.0,0.0,-4.63975e-19,True,True
ff,125,idl_o,idle,one,vbody_idl_o,vbody,body_bias_gnd,,dc,0.0,0.0,0.0,0.0,8.82729e-18,True,True
ff,125,idl_o,idle,one,vsub_idl_o,vsub,substrate_vsubs,,dc,0.0,0.0,0.0,0.0,-6.42815e-18,True,True
ff,125,idl_c,idle,checker,vpre0_idl_c,vpre0,rbl_precharge,0,dc,0.9,1.24047e-18,1.24047e-18,0.0,-1.3783e-18,True,True
ff,125,idl_c,idle,checker,vpre1_idl_c,vpre1,rbl_precharge,1,dc,0.9,1.2317e-18,1.2317e-18,0.0,-1.36855e-18,True,True
ff,125,idl_c,idle,checker,vpre2_idl_c,vpre2,rbl_precharge,2,dc,0.9,1.23958e-18,1.23958e-18,0.0,-1.37731e-18,True,True
ff,125,idl_c,idle,checker,vpre3_idl_c,vpre3,rbl_precharge,3,dc,0.9,1.2324e-18,1.2324e-18,0.0,-1.36933e-18,True,True
ff,125,idl_c,idle,checker,vwbl0_idl_c,vwbl0,wbl_writeback,0,dc,0.0,0.0,0.0,0.0,1.58779e-18,True,True
ff,125,idl_c,idle,checker,vwbl1_idl_c,vwbl1,wbl_writeback,1,dc,0.0,0.0,0.0,0.0,1.58776e-18,True,True
ff,125,idl_c,idle,checker,vwbl2_idl_c,vwbl2,wbl_writeback,2,dc,0.0,0.0,0.0,0.0,1.58788e-18,True,True
ff,125,idl_c,idle,checker,vwbl3_idl_c,vwbl3,wbl_writeback,3,dc,0.0,0.0,0.0,0.0,1.58769e-18,True,True
ff,125,idl_c,idle,checker,vrwl0_idl_c,vrwl0,rwl_selected,0,dc,1.8,2.64756e-18,2.64756e-18,0.0,-1.47087e-18,True,True
ff,125,idl_c,idle,checker,vrwl1_idl_c,vrwl1,rwl_deselected,1,dc,1.8,2.65945e-18,2.65945e-18,0.0,-1.47747e-18,True,True
ff,125,idl_c,idle,checker,vrwl2_idl_c,vrwl2,rwl_deselected,2,dc,1.8,2.64336e-18,2.64336e-18,0.0,-1.46854e-18,True,True
ff,125,idl_c,idle,checker,vrwl3_idl_c,vrwl3,rwl_deselected,3,dc,1.8,2.66833e-18,2.66833e-18,0.0,-1.48241e-18,True,True
ff,125,idl_c,idle,checker,vwwl0_idl_c,vwwl0,wwl_selected,0,dc,0.0,0.0,0.0,0.0,-2.36509e-19,True,True
ff,125,idl_c,idle,checker,vwwl1_idl_c,vwwl1,wwl_deselected,1,dc,0.0,0.0,0.0,0.0,-2.23144e-19,True,True
ff,125,idl_c,idle,checker,vwwl2_idl_c,vwwl2,wwl_deselected,2,dc,0.0,0.0,0.0,0.0,-2.31376e-19,True,True
ff,125,idl_c,idle,checker,vwwl3_idl_c,vwwl3,wwl_deselected,3,dc,0.0,0.0,0.0,0.0,-2.27787e-19,True,True
ff,125,idl_c,idle,checker,vbody_idl_c,vbody,body_bias_gnd,,dc,0.0,0.0,0.0,0.0,9.17506e-18,True,True
ff,125,idl_c,idle,checker,vsub_idl_c,vsub,substrate_vsubs,,dc,0.0,0.0,0.0,0.0,-3.21458e-18,True,True
ff,125,idl_i,idle,inv_checker,vpre0_idl_i,vpre0,rbl_precharge,0,dc,0.9,1.23231e-18,1.23231e-18,0.0,-1.36923e-18,True,True
ff,125,idl_i,idle,inv_checker,vpre1_idl_i,vpre1,rbl_precharge,1,dc,0.9,1.23958e-18,1.23958e-18,0.0,-1.37732e-18,True,True
ff,125,idl_i,idle,inv_checker,vpre2_idl_i,vpre2,rbl_precharge,2,dc,0.9,1.2317e-18,1.2317e-18,0.0,-1.36855e-18,True,True
ff,125,idl_i,idle,inv_checker,vpre3_idl_i,vpre3,rbl_precharge,3,dc,0.9,1.24031e-18,1.24031e-18,0.0,-1.37812e-18,True,True
ff,125,idl_i,idle,inv_checker,vwbl0_idl_i,vwbl0,wbl_writeback,0,dc,0.0,0.0,0.0,0.0,1.58769e-18,True,True
ff,125,idl_i,idle,inv_checker,vwbl1_idl_i,vwbl1,wbl_writeback,1,dc,0.0,0.0,0.0,0.0,1.58788e-18,True,True
ff,125,idl_i,idle,inv_checker,vwbl2_idl_i,vwbl2,wbl_writeback,2,dc,0.0,0.0,0.0,0.0,1.58776e-18,True,True
ff,125,idl_i,idle,inv_checker,vwbl3_idl_i,vwbl3,wbl_writeback,3,dc,0.0,0.0,0.0,0.0,1.58781e-18,True,True
ff,125,idl_i,idle,inv_checker,vrwl0_idl_i,vrwl0,rwl_selected,0,dc,1.8,2.6633e-18,2.6633e-18,0.0,-1.47961e-18,True,True
ff,125,idl_i,idle,inv_checker,vrwl1_idl_i,vrwl1,rwl_deselected,1,dc,1.8,2.64336e-18,2.64336e-18,0.0,-1.46854e-18,True,True
ff,125,idl_i,idle,inv_checker,vrwl2_idl_i,vrwl2,rwl_deselected,2,dc,1.8,2.65945e-18,2.65945e-18,0.0,-1.47747e-18,True,True
ff,125,idl_i,idle,inv_checker,vrwl3_idl_i,vrwl3,rwl_deselected,3,dc,1.8,2.65191e-18,2.65191e-18,0.0,-1.47328e-18,True,True
ff,125,idl_i,idle,inv_checker,vwwl0_idl_i,vwwl0,wwl_selected,0,dc,0.0,0.0,0.0,0.0,-2.30668e-19,True,True
ff,125,idl_i,idle,inv_checker,vwwl1_idl_i,vwwl1,wwl_deselected,1,dc,0.0,0.0,0.0,0.0,-2.31376e-19,True,True
ff,125,idl_i,idle,inv_checker,vwwl2_idl_i,vwwl2,wwl_deselected,2,dc,0.0,0.0,0.0,0.0,-2.23144e-19,True,True
ff,125,idl_i,idle,inv_checker,vwwl3_idl_i,vwwl3,wwl_deselected,3,dc,0.0,0.0,0.0,0.0,-2.36189e-19,True,True
ff,125,idl_i,idle,inv_checker,vbody_idl_i,vbody,body_bias_gnd,,dc,0.0,0.0,0.0,0.0,9.17593e-18,True,True
ff,125,idl_i,idle,inv_checker,vsub_idl_i,vsub,substrate_vsubs,,dc,0.0,0.0,0.0,0.0,-3.21357e-18,True,True
ff,125,nop_c,nop,checker,vpre0_nop_c,vpre0,rbl_precharge,0,dc,0.9,1.24047e-18,1.24047e-18,0.0,-1.3783e-18,True,True
ff,125,nop_c,nop,checker,vpre1_nop_c,vpre1,rbl_precharge,1,dc,0.9,1.2317e-18,1.2317e-18,0.0,-1.36855e-18,True,True
ff,125,nop_c,nop,checker,vpre2_nop_c,vpre2,rbl_precharge,2,dc,0.9,1.23958e-18,1.23958e-18,0.0,-1.37731e-18,True,True
ff,125,nop_c,nop,checker,vpre3_nop_c,vpre3,rbl_precharge,3,dc,0.9,1.2324e-18,1.2324e-18,0.0,-1.36933e-18,True,True
ff,125,nop_c,nop,checker,vwbl0_nop_c,vwbl0,wbl_writeback,0,dc,0.0,0.0,0.0,0.0,1.58779e-18,True,True
ff,125,nop_c,nop,checker,vwbl1_nop_c,vwbl1,wbl_writeback,1,dc,0.0,0.0,0.0,0.0,1.58776e-18,True,True
ff,125,nop_c,nop,checker,vwbl2_nop_c,vwbl2,wbl_writeback,2,dc,0.0,0.0,0.0,0.0,1.58788e-18,True,True
ff,125,nop_c,nop,checker,vwbl3_nop_c,vwbl3,wbl_writeback,3,dc,0.0,0.0,0.0,0.0,1.58769e-18,True,True
ff,125,nop_c,nop,checker,vrwl0_nop_c,vrwl0,rwl_selected,0,dc,1.8,2.64756e-18,2.64756e-18,0.0,-1.47087e-18,True,True
ff,125,nop_c,nop,checker,vrwl1_nop_c,vrwl1,rwl_deselected,1,dc,1.8,2.65945e-18,2.65945e-18,0.0,-1.47747e-18,True,True
ff,125,nop_c,nop,checker,vrwl2_nop_c,vrwl2,rwl_deselected,2,dc,1.8,2.64337e-18,2.64337e-18,0.0,-1.46854e-18,True,True
ff,125,nop_c,nop,checker,vrwl3_nop_c,vrwl3,rwl_deselected,3,dc,1.8,2.66833e-18,2.66833e-18,0.0,-1.48241e-18,True,True
ff,125,nop_c,nop,checker,vwwl0_nop_c,vwwl0,wwl_selected,0,dc,0.0,0.0,0.0,0.0,-2.36509e-19,True,True
ff,125,nop_c,nop,checker,vwwl1_nop_c,vwwl1,wwl_deselected,1,dc,0.0,0.0,0.0,0.0,-2.23144e-19,True,True
ff,125,nop_c,nop,checker,vwwl2_nop_c,vwwl2,wwl_deselected,2,dc,0.0,0.0,0.0,0.0,-2.31376e-19,True,True
ff,125,nop_c,nop,checker,vwwl3_nop_c,vwwl3,wwl_deselected,3,dc,0.0,0.0,0.0,0.0,-2.27787e-19,True,True
ff,125,nop_c,nop,checker,vbody_nop_c,vbody,body_bias_gnd,,dc,0.0,0.0,0.0,0.0,9.17506e-18,True,True
ff,125,nop_c,nop,checker,vsub_nop_c,vsub,substrate_vsubs,,dc,0.0,0.0,0.0,0.0,-3.21458e-18,True,True
sf,27,act_z,active,zero,vpre0_act_z,vpre0,rbl_precharge,0,dc,0.9,-3.48635e-18,3.38983e-17,3.73847e-17,3.87373e-18,True,True
sf,27,act_z,active,zero,vpre1_act_z,vpre1,rbl_precharge,1,dc,0.9,-4.85427e-18,3.20282e-17,3.68825e-17,5.39363e-18,True,True
sf,27,act_z,active,zero,vpre2_act_z,vpre2,rbl_precharge,2,dc,0.9,-4.85457e-18,3.22133e-17,3.70679e-17,5.39397e-18,True,True
sf,27,act_z,active,zero,vpre3_act_z,vpre3,rbl_precharge,3,dc,0.9,-5.20897e-18,1.9946e-17,2.5155e-17,5.78774e-18,True,True
sf,27,act_z,active,zero,vwbl0_act_z,vwbl0,wbl_writeback,0,dc,0.0,0.0,0.0,0.0,-5.65119e-17,True,True
sf,27,act_z,active,zero,vwbl1_act_z,vwbl1,wbl_writeback,1,dc,0.0,0.0,0.0,0.0,-7.38468e-17,True,True
sf,27,act_z,active,zero,vwbl2_act_z,vwbl2,wbl_writeback,2,dc,0.0,0.0,0.0,0.0,-7.3884e-17,True,True
sf,27,act_z,active,zero,vwbl3_act_z,vwbl3,wbl_writeback,3,dc,0.0,0.0,0.0,0.0,-7.74459e-17,True,True
sf,27,act_z,active,zero,vrwl0_act_z,vrwl0,rwl_selected,0,pwl,,3.60397e-17,4.17411e-15,4.13807e-15,-1.3973e-18,True,
sf,27,act_z,active,zero,vrwl1_act_z,vrwl1,rwl_deselected,1,dc,1.8,-1.63937e-19,8.99834e-18,9.16228e-18,9.10761e-20,True,True
sf,27,act_z,active,zero,vrwl2_act_z,vrwl2,rwl_deselected,2,dc,1.8,-1.63937e-19,8.99834e-18,9.16228e-18,9.10761e-20,True,True
sf,27,act_z,active,zero,vrwl3_act_z,vrwl3,rwl_deselected,3,dc,1.8,-1.54029e-19,8.79325e-18,8.94728e-18,8.55719e-20,True,True
sf,27,act_z,active,zero,vwwl0_act_z,vwwl0,wwl_selected,0,pwl,,4.83046e-17,8.3128e-15,8.26449e-15,4.78392e-17,True,
sf,27,act_z,active,zero,vwwl1_act_z,vwwl1,wwl_deselected,1,dc,0.0,0.0,0.0,0.0,1.18338e-20,True,True
sf,27,act_z,active,zero,vwwl2_act_z,vwwl2,wwl_deselected,2,dc,0.0,0.0,0.0,0.0,1.18338e-20,True,True
sf,27,act_z,active,zero,vwwl3_act_z,vwwl3,wwl_deselected,3,dc,0.0,0.0,0.0,0.0,7.17598e-21,True,True
sf,27,act_z,active,zero,vbody_act_z,vbody,body_bias_gnd,,dc,0.0,0.0,0.0,0.0,1.35002e-16,True,True
sf,27,act_z,active,zero,vsub_act_z,vsub,substrate_vsubs,,dc,0.0,0.0,0.0,0.0,7.94973e-17,True,True
sf,27,act_o,active,one,vpre0_act_o,vpre0,rbl_precharge,0,dc,0.9,9.95235e-16,2.05754e-15,1.0623e-15,-1.10582e-15,True,True
sf,27,act_o,active,one,vpre1_act_o,vpre1,rbl_precharge,1,dc,0.9,9.51792e-16,2.08406e-15,1.13226e-15,-1.05755e-15,True,True
sf,27,act_o,active,one,vpre2_act_o,vpre2,rbl_precharge,2,dc,0.9,9.51797e-16,2.08347e-15,1.13167e-15,-1.05755e-15,True,True
sf,27,act_o,active,one,vpre3_act_o,vpre3,rbl_precharge,3,dc,0.9,6.9425e-16,1.71929e-15,1.02504e-15,-7.71388e-16,True,True
sf,27,act_o,active,one,vwbl0_act_o,vwbl0,wbl_writeback,0,pwl,,1.388e-15,4.60673e-15,3.21873e-15,-6.45052e-16,True,
sf,27,act_o,active,one,vwbl1_act_o,vwbl1,wbl_writeback,1,pwl,,1.34709e-15,4.93112e-15,3.58403e-15,-6.63992e-16,True,
sf,27,act_o,active,one,vwbl2_act_o,vwbl2,wbl_writeback,2,pwl,,1.34925e-15,4.94157e-15,3.59231e-15,-6.63967e-16,True,
sf,27,act_o,active,one,vwbl3_act_o,vwbl3,wbl_writeback,3,pwl,,1.36624e-15,4.96283e-15,3.59659e-15,-6.73949e-16,True,
sf,27,act_o,active,one,vrwl0_act_o,vrwl0,rwl_selected,0,pwl,,2.6903e-15,6.85485e-15,4.16454e-15,1.1519e-12,True,
sf,27,act_o,active,one,vrwl1_act_o,vrwl1,rwl_deselected,1,dc,1.8,6.5564e-13,6.55818e-13,1.7809e-16,-3.64244e-13,True,True
sf,27,act_o,active,one,vrwl2_act_o,vrwl2,rwl_deselected,2,dc,1.8,6.5564e-13,6.55818e-13,1.7809e-16,-3.64244e-13,True,True
sf,27,act_o,active,one,vrwl3_act_o,vrwl3,rwl_deselected,3,dc,1.8,7.54717e-13,7.54885e-13,1.67232e-16,-4.19287e-13,True,True
sf,27,act_o,active,one,vwwl0_act_o,vwwl0,wwl_selected,0,pwl,,-1.2717e-15,5.96101e-15,7.23271e-15,2.85944e-16,True,
sf,27,act_o,active,one,vwwl1_act_o,vwwl1,wwl_deselected,1,dc,0.0,0.0,0.0,0.0,-3.95703e-20,True,True
sf,27,act_o,active,one,vwwl2_act_o,vwwl2,wwl_deselected,2,dc,0.0,0.0,0.0,0.0,-3.95703e-20,True,True
sf,27,act_o,active,one,vwwl3_act_o,vwwl3,wwl_deselected,3,dc,0.0,0.0,0.0,0.0,7.1558e-20,True,True
sf,27,act_o,active,one,vbody_act_o,vbody,body_bias_gnd,,dc,0.0,0.0,0.0,0.0,1.18523e-15,True,True
sf,27,act_o,active,one,vsub_act_o,vsub,substrate_vsubs,,dc,0.0,0.0,0.0,0.0,1.04459e-15,True,True
sf,27,act_c,active,checker,vpre0_act_c,vpre0,rbl_precharge,0,dc,0.9,8.14192e-16,1.89779e-15,1.0836e-15,-9.04657e-16,True,True
sf,27,act_c,active,checker,vpre1_act_c,vpre1,rbl_precharge,1,dc,0.9,-3.72467e-18,1.29263e-16,1.32988e-16,4.13852e-18,True,True
sf,27,act_c,active,checker,vpre2_act_c,vpre2,rbl_precharge,2,dc,0.9,7.61492e-16,1.93707e-15,1.17558e-15,-8.46103e-16,True,True
sf,27,act_c,active,checker,vpre3_act_c,vpre3,rbl_precharge,3,dc,0.9,-5.2076e-18,1.99532e-17,2.51608e-17,5.78622e-18,True,True
sf,27,act_c,active,checker,vwbl0_act_c,vwbl0,wbl_writeback,0,pwl,,1.41113e-15,4.62863e-15,3.2175e-15,-6.5838e-16,True,
sf,27,act_c,active,checker,vwbl1_act_c,vwbl1,wbl_writeback,1,dc,0.0,0.0,0.0,0.0,-6.10742e-17,True,True
sf,27,act_c,active,checker,vwbl2_act_c,vwbl2,wbl_writeback,2,pwl,,1.43666e-15,4.9095e-15,3.47284e-15,-6.77718e-16,True,
sf,27,act_c,active,checker,vwbl3_act_c,vwbl3,wbl_writeback,3,dc,0.0,0.0,0.0,0.0,-7.70231e-17,True,True
sf,27,act_c,active,checker,vrwl0_act_c,vrwl0,rwl_selected,0,pwl,,1.48275e-15,5.64536e-15,4.16261e-15,2.98439e-13,True,
sf,27,act_c,active,checker,vrwl1_act_c,vrwl1,rwl_deselected,1,dc,1.8,-6.8148e-19,1.63482e-16,1.64163e-16,3.786e-19,True,True
sf,27,act_c,active,checker,vrwl2_act_c,vrwl2,rwl_deselected,2,dc,1.8,5.33776e-13,5.33867e-13,9.11413e-17,-2.96542e-13,True,True
sf,27,act_c,active,checker,vrwl3_act_c,vrwl3,rwl_deselected,3,dc,1.8,-6.16659e-19,1.59048e-16,1.59665e-16,3.42588e-19,True,True
sf,27,act_c,active,checker,vwwl0_act_c,vwwl0,wwl_selected,0,pwl,,-6.13898e-16,7.09665e-15,7.71054e-15,1.69715e-16,True,
sf,27,act_c,active,checker,vwwl1_act_c,vwwl1,wwl_deselected,1,dc,0.0,0.0,0.0,0.0,-2.58659e-20,True,True
sf,27,act_c,active,checker,vwwl2_act_c,vwwl2,wwl_deselected,2,dc,0.0,0.0,0.0,0.0,-3.40527e-20,True,True
sf,27,act_c,active,checker,vwwl3_act_c,vwwl3,wwl_deselected,3,dc,0.0,0.0,0.0,0.0,2.0531e-20,True,True
sf,27,act_c,active,checker,vbody_act_c,vbody,body_bias_gnd,,dc,0.0,0.0,0.0,0.0,5.82318e-16,True,True
sf,27,act_c,active,checker,vsub_act_c,vsub,substrate_vsubs,,dc,0.0,0.0,0.0,0.0,5.65653e-16,True,True
sf,27,act_i,active,inv_checker,vpre0_act_i,vpre0,rbl_precharge,0,dc,0.9,-2.35407e-18,1.28635e-16,1.30989e-16,2.61563e-18,True,True
sf,27,act_i,active,inv_checker,vpre1_act_i,vpre1,rbl_precharge,1,dc,0.9,7.61484e-16,1.93765e-15,1.17617e-15,-8.46093e-16,True,True
sf,27,act_i,active,inv_checker,vpre2_act_i,vpre2,rbl_precharge,2,dc,0.9,-3.72466e-18,1.29005e-16,1.3273e-16,4.13852e-18,True,True
sf,27,act_i,active,inv_checker,vpre3_act_i,vpre3,rbl_precharge,3,dc,0.9,6.30675e-16,1.75754e-15,1.12687e-15,-7.0075e-16,True,True
sf,27,act_i,active,inv_checker,vwbl0_act_i,vwbl0,wbl_writeback,0,dc,0.0,0.0,0.0,0.0,-4.40469e-17,True,True
sf,27,act_i,active,inv_checker,vwbl1_act_i,vwbl1,wbl_writeback,1,pwl,,1.43713e-15,4.90163e-15,3.46451e-15,-6.77818e-16,True,
sf,27,act_i,active,inv_checker,vwbl2_act_i,vwbl2,wbl_writeback,2,dc,0.0,0.0,0.0,0.0,-6.12023e-17,True,True
sf,27,act_i,active,inv_checker,vwbl3_act_i,vwbl3,wbl_writeback,3,pwl,,1.45427e-15,4.93135e-15,3.47707e-15,-6.87598e-16,True,
sf,27,act_i,active,inv_checker,vrwl0_act_i,vrwl0,rwl_selected,0,pwl,,1.66866e-15,5.83052e-15,4.16186e-15,2.96472e-13,True,
sf,27,act_i,active,inv_checker,vrwl1_act_i,vrwl1,rwl_deselected,1,dc,1.8,-6.07658e-19,1.59187e-16,1.59795e-16,3.37588e-19,True,True
sf,27,act_i,active,inv_checker,vrwl2_act_i,vrwl2,rwl_deselected,2,dc,1.8,5.30581e-13,5.30649e-13,6.79097e-17,-2.94767e-13,True,True
sf,27,act_i,active,inv_checker,vrwl3_act_i,vrwl3,rwl_deselected,3,dc,1.8,-5.48953e-19,1.52509e-16,1.53058e-16,3.04974e-19,True,True
sf,27,act_i,active,inv_checker,vwwl0_act_i,vwwl0,wwl_selected,0,pwl,,-6.17146e-16,7.10657e-15,7.72372e-15,1.66169e-16,True,
sf,27,act_i,active,inv_checker,vwwl1_act_i,vwwl1,wwl_deselected,1,dc,0.0,0.0,0.0,0.0,-2.83547e-20,True,True
sf,27,act_i,active,inv_checker,vwwl2_act_i,vwwl2,wwl_deselected,2,dc,0.0,0.0,0.0,0.0,-2.86046e-20,True,True
sf,27,act_i,active,inv_checker,vwwl3_act_i,vwwl3,wwl_deselected,3,dc,0.0,0.0,0.0,0.0,2.37083e-20,True,True
sf,27,act_i,active,inv_checker,vbody_act_i,vbody,body_bias_gnd,,dc,0.0,0.0,0.0,0.0,5.75616e-16,True,True
sf,27,act_i,active,inv_checker,vsub_act_i,vsub,substrate_vsubs,,dc,0.0,0.0,0.0,0.0,5.63598e-16,True,True
sf,27,idl_z,idle,zero,vpre0_idl_z,vpre0,rbl_precharge,0,dc,0.9,1.92199e-22,1.92199e-22,0.0,-2.13554e-22,True,True
sf,27,idl_z,idle,zero,vpre1_idl_z,vpre1,rbl_precharge,1,dc,0.9,1.92282e-22,1.92282e-22,0.0,-2.13647e-22,True,True
sf,27,idl_z,idle,zero,vpre2_idl_z,vpre2,rbl_precharge,2,dc,0.9,1.92154e-22,1.92154e-22,0.0,-2.13505e-22,True,True
sf,27,idl_z,idle,zero,vpre3_idl_z,vpre3,rbl_precharge,3,dc,0.9,1.91999e-22,1.91999e-22,0.0,-2.13332e-22,True,True
sf,27,idl_z,idle,zero,vwbl0_idl_z,vwbl0,wbl_writeback,0,dc,0.0,0.0,0.0,0.0,1.19419e-29,True,True
sf,27,idl_z,idle,zero,vwbl1_idl_z,vwbl1,wbl_writeback,1,dc,0.0,0.0,0.0,0.0,-2.07242e-29,True,True
sf,27,idl_z,idle,zero,vwbl2_idl_z,vwbl2,wbl_writeback,2,dc,0.0,0.0,0.0,0.0,-6.44321e-30,True,True
sf,27,idl_z,idle,zero,vwbl3_idl_z,vwbl3,wbl_writeback,3,dc,0.0,0.0,0.0,0.0,2.80414e-29,True,True
sf,27,idl_z,idle,zero,vrwl0_idl_z,vrwl0,rwl_selected,0,dc,1.8,5.73518e-22,5.73518e-22,0.0,-3.18621e-22,True,True
sf,27,idl_z,idle,zero,vrwl1_idl_z,vrwl1,rwl_deselected,1,dc,1.8,5.73521e-22,5.73521e-22,0.0,-3.18623e-22,True,True
sf,27,idl_z,idle,zero,vrwl2_idl_z,vrwl2,rwl_deselected,2,dc,1.8,5.73508e-22,5.73508e-22,0.0,-3.18616e-22,True,True
sf,27,idl_z,idle,zero,vrwl3_idl_z,vrwl3,rwl_deselected,3,dc,1.8,5.73516e-22,5.73516e-22,0.0,-3.1862e-22,True,True
sf,27,idl_z,idle,zero,vwwl0_idl_z,vwwl0,wwl_selected,0,dc,0.0,0.0,0.0,0.0,3.98258e-29,True,True
sf,27,idl_z,idle,zero,vwwl1_idl_z,vwwl1,wwl_deselected,1,dc,0.0,0.0,0.0,0.0,3.38897e-29,True,True
sf,27,idl_z,idle,zero,vwwl2_idl_z,vwwl2,wwl_deselected,2,dc,0.0,0.0,0.0,0.0,5.66743e-29,True,True
sf,27,idl_z,idle,zero,vwwl3_idl_z,vwwl3,wwl_deselected,3,dc,0.0,0.0,0.0,0.0,-4.62057e-29,True,True
sf,27,idl_z,idle,zero,vbody_idl_z,vbody,body_bias_gnd,,dc,0.0,0.0,0.0,0.0,2.12449e-21,True,True
sf,27,idl_z,idle,zero,vsub_idl_z,vsub,substrate_vsubs,,dc,0.0,0.0,0.0,0.0,-9.77338e-28,True,True
sf,27,idl_o,idle,one,vpre0_idl_o,vpre0,rbl_precharge,0,dc,0.9,3.24869e-21,3.24869e-21,0.0,-3.60965e-21,True,True
sf,27,idl_o,idle,one,vpre1_idl_o,vpre1,rbl_precharge,1,dc,0.9,3.23641e-21,3.23641e-21,0.0,-3.59601e-21,True,True
sf,27,idl_o,idle,one,vpre2_idl_o,vpre2,rbl_precharge,2,dc,0.9,3.23641e-21,3.23641e-21,0.0,-3.59601e-21,True,True
sf,27,idl_o,idle,one,vpre3_idl_o,vpre3,rbl_precharge,3,dc,0.9,3.24805e-21,3.24805e-21,0.0,-3.60895e-21,True,True
sf,27,idl_o,idle,one,vwbl0_idl_o,vwbl0,wbl_writeback,0,dc,0.0,0.0,0.0,0.0,3.47526e-20,True,True
sf,27,idl_o,idle,one,vwbl1_idl_o,vwbl1,wbl_writeback,1,dc,0.0,0.0,0.0,0.0,3.47539e-20,True,True
sf,27,idl_o,idle,one,vwbl2_idl_o,vwbl2,wbl_writeback,2,dc,0.0,0.0,0.0,0.0,3.47539e-20,True,True
sf,27,idl_o,idle,one,vwbl3_idl_o,vwbl3,wbl_writeback,3,dc,0.0,0.0,0.0,0.0,3.47527e-20,True,True
sf,27,idl_o,idle,one,vrwl0_idl_o,vrwl0,rwl_selected,0,dc,1.8,7.8157e-21,7.8157e-21,0.0,-4.34205e-21,True,True
sf,27,idl_o,idle,one,vrwl1_idl_o,vrwl1,rwl_deselected,1,dc,1.8,7.74771e-21,7.74771e-21,0.0,-4.30428e-21,True,True
sf,27,idl_o,idle,one,vrwl2_idl_o,vrwl2,rwl_deselected,2,dc,1.8,7.7477e-21,7.7477e-21,0.0,-4.30428e-21,True,True
sf,27,idl_o,idle,one,vrwl3_idl_o,vrwl3,rwl_deselected,3,dc,1.8,7.8906e-21,7.8906e-21,0.0,-4.38366e-21,True,True
sf,27,idl_o,idle,one,vwwl0_idl_o,vwwl0,wwl_selected,0,dc,0.0,0.0,0.0,0.0,-3.75922e-21,True,True
sf,27,idl_o,idle,one,vwwl1_idl_o,vwwl1,wwl_deselected,1,dc,0.0,0.0,0.0,0.0,-3.65411e-21,True,True
sf,27,idl_o,idle,one,vwwl2_idl_o,vwwl2,wwl_deselected,2,dc,0.0,0.0,0.0,0.0,-3.65411e-21,True,True
sf,27,idl_o,idle,one,vwwl3_idl_o,vwwl3,wwl_deselected,3,dc,0.0,0.0,0.0,0.0,-3.73285e-21,True,True
sf,27,idl_o,idle,one,vbody_idl_o,vbody,body_bias_gnd,,dc,0.0,0.0,0.0,0.0,-3.91649e-20,True,True
sf,27,idl_o,idle,one,vsub_idl_o,vsub,substrate_vsubs,,dc,0.0,0.0,0.0,0.0,-5.33002e-20,True,True
sf,27,idl_c,idle,checker,vpre0_idl_c,vpre0,rbl_precharge,0,dc,0.9,1.75431e-21,1.75431e-21,0.0,-1.94923e-21,True,True
sf,27,idl_c,idle,checker,vpre1_idl_c,vpre1,rbl_precharge,1,dc,0.9,1.68147e-21,1.68147e-21,0.0,-1.8683e-21,True,True
sf,27,idl_c,idle,checker,vpre2_idl_c,vpre2,rbl_precharge,2,dc,0.9,1.74711e-21,1.74711e-21,0.0,-1.94123e-21,True,True
sf,27,idl_c,idle,checker,vpre3_idl_c,vpre3,rbl_precharge,3,dc,0.9,1.68728e-21,1.68728e-21,0.0,-1.87475e-21,True,True
sf,27,idl_c,idle,checker,vwbl0_idl_c,vwbl0,wbl_writeback,0,dc,0.0,0.0,0.0,0.0,1.73767e-20,True,True
sf,27,idl_c,idle,checker,vwbl1_idl_c,vwbl1,wbl_writeback,1,dc,0.0,0.0,0.0,0.0,1.73764e-20,True,True
sf,27,idl_c,idle,checker,vwbl2_idl_c,vwbl2,wbl_writeback,2,dc,0.0,0.0,0.0,0.0,1.73774e-20,True,True
sf,27,idl_c,idle,checker,vwbl3_idl_c,vwbl3,wbl_writeback,3,dc,0.0,0.0,0.0,0.0,1.73758e-20,True,True
sf,27,idl_c,idle,checker,vrwl0_idl_c,vrwl0,rwl_selected,0,dc,1.8,4.12786e-21,4.12786e-21,0.0,-2.29326e-21,True,True
sf,27,idl_c,idle,checker,vrwl1_idl_c,vrwl1,rwl_deselected,1,dc,1.8,4.22587e-21,4.22587e-21,0.0,-2.3477e-21,True,True
sf,27,idl_c,idle,checker,vrwl2_idl_c,vrwl2,rwl_deselected,2,dc,1.8,4.0932e-21,4.0932e-21,0.0,-2.274e-21,True,True
sf,27,idl_c,idle,checker,vrwl3_idl_c,vrwl3,rwl_deselected,3,dc,1.8,4.30061e-21,4.30061e-21,0.0,-2.38923e-21,True,True
sf,27,idl_c,idle,checker,vwwl0_idl_c,vwwl0,wwl_selected,0,dc,0.0,0.0,0.0,0.0,-1.90383e-21,True,True
sf,27,idl_c,idle,checker,vwwl1_idl_c,vwwl1,wwl_deselected,1,dc,0.0,0.0,0.0,0.0,-1.79293e-21,True,True
sf,27,idl_c,idle,checker,vwwl2_idl_c,vwwl2,wwl_deselected,2,dc,0.0,0.0,0.0,0.0,-1.86117e-21,True,True
sf,27,idl_c,idle,checker,vwwl3_idl_c,vwwl3,wwl_deselected,3,dc,0.0,0.0,0.0,0.0,-1.83158e-21,True,True
sf,27,idl_c,idle,checker,vbody_idl_c,vbody,body_bias_gnd,,dc,0.0,0.0,0.0,0.0,-1.85237e-20,True,True
sf,27,idl_c,idle,checker,vsub_idl_c,vsub,substrate_vsubs,,dc,0.0,0.0,0.0,0.0,-2.66544e-20,True,True
sf,27,idl_i,idle,inv_checker,vpre0_idl_i,vpre0,rbl_precharge,0,dc,0.9,1.68671e-21,1.68671e-21,0.0,-1.87412e-21,True,True
sf,27,idl_i,idle,inv_checker,vpre1_idl_i,vpre1,rbl_precharge,1,dc,0.9,1.74717e-21,1.74717e-21,0.0,-1.94129e-21,True,True
sf,27,idl_i,idle,inv_checker,vpre2_idl_i,vpre2,rbl_precharge,2,dc,0.9,1.6815e-21,1.6815e-21,0.0,-1.86834e-21,True,True
sf,27,idl_i,idle,inv_checker,vpre3_idl_i,vpre3,rbl_precharge,3,dc,0.9,1.75299e-21,1.75299e-21,0.0,-1.94777e-21,True,True
sf,27,idl_i,idle,inv_checker,vwbl0_idl_i,vwbl0,wbl_writeback,0,dc,0.0,0.0,0.0,0.0,1.73759e-20,True,True
sf,27,idl_i,idle,inv_checker,vwbl1_idl_i,vwbl1,wbl_writeback,1,dc,0.0,0.0,0.0,0.0,1.73774e-20,True,True
sf,27,idl_i,idle,inv_checker,vwbl2_idl_i,vwbl2,wbl_writeback,2,dc,0.0,0.0,0.0,0.0,1.73764e-20,True,True
sf,27,idl_i,idle,inv_checker,vwbl3_idl_i,vwbl3,wbl_writeback,3,dc,0.0,0.0,0.0,0.0,1.73769e-20,True,True
sf,27,idl_i,idle,inv_checker,vrwl0_idl_i,vrwl0,rwl_selected,0,dc,1.8,4.25922e-21,4.25922e-21,0.0,-2.36623e-21,True,True
sf,27,idl_i,idle,inv_checker,vrwl1_idl_i,vrwl1,rwl_deselected,1,dc,1.8,4.0932e-21,4.0932e-21,0.0,-2.274e-21,True,True
sf,27,idl_i,idle,inv_checker,vrwl2_idl_i,vrwl2,rwl_deselected,2,dc,1.8,4.22591e-21,4.22591e-21,0.0,-2.34773e-21,True,True
sf,27,idl_i,idle,inv_checker,vrwl3_idl_i,vrwl3,rwl_deselected,3,dc,1.8,4.16141e-21,4.16141e-21,0.0,-2.31189e-21,True,True
sf,27,idl_i,idle,inv_checker,vwwl0_idl_i,vwwl0,wwl_selected,0,dc,0.0,0.0,0.0,0.0,-1.85538e-21,True,True
sf,27,idl_i,idle,inv_checker,vwwl1_idl_i,vwwl1,wwl_deselected,1,dc,0.0,0.0,0.0,0.0,-1.86117e-21,True,True
sf,27,idl_i,idle,inv_checker,vwwl2_idl_i,vwwl2,wwl_deselected,2,dc,0.0,0.0,0.0,0.0,-1.79293e-21,True,True
sf,27,idl_i,idle,inv_checker,vwwl3_idl_i,vwwl3,wwl_deselected,3,dc,0.0,0.0,0.0,0.0,-1.90127e-21,True,True
sf,27,idl_i,idle,inv_checker,vbody_idl_i,vbody,body_bias_gnd,,dc,0.0,0.0,0.0,0.0,-1.85167e-20,True,True
sf,27,idl_i,idle,inv_checker,vsub_idl_i,vsub,substrate_vsubs,,dc,0.0,0.0,0.0,0.0,-2.66458e-20,True,True
sf,27,nop_c,nop,checker,vpre0_nop_c,vpre0,rbl_precharge,0,dc,0.9,1.75414e-21,1.75414e-21,0.0,-1.94905e-21,True,True
sf,27,nop_c,nop,checker,vpre1_nop_c,vpre1,rbl_precharge,1,dc,0.9,1.68135e-21,1.68135e-21,0.0,-1.86817e-21,True,True
sf,27,nop_c,nop,checker,vpre2_nop_c,vpre2,rbl_precharge,2,dc,0.9,1.74692e-21,1.74692e-21,0.0,-1.94102e-21,True,True
sf,27,nop_c,nop,checker,vpre3_nop_c,vpre3,rbl_precharge,3,dc,0.9,1.68703e-21,1.68703e-21,0.0,-1.87448e-21,True,True
sf,27,nop_c,nop,checker,vwbl0_nop_c,vwbl0,wbl_writeback,0,dc,0.0,0.0,0.0,0.0,1.73767e-20,True,True
sf,27,nop_c,nop,checker,vwbl1_nop_c,vwbl1,wbl_writeback,1,dc,0.0,0.0,0.0,0.0,1.73764e-20,True,True
sf,27,nop_c,nop,checker,vwbl2_nop_c,vwbl2,wbl_writeback,2,dc,0.0,0.0,0.0,0.0,1.73774e-20,True,True
sf,27,nop_c,nop,checker,vwbl3_nop_c,vwbl3,wbl_writeback,3,dc,0.0,0.0,0.0,0.0,1.73758e-20,True,True
sf,27,nop_c,nop,checker,vrwl0_nop_c,vrwl0,rwl_selected,0,dc,1.8,4.12786e-21,4.12786e-21,0.0,-2.29325e-21,True,True
sf,27,nop_c,nop,checker,vrwl1_nop_c,vrwl1,rwl_deselected,1,dc,1.8,4.2259e-21,4.2259e-21,0.0,-2.34772e-21,True,True
sf,27,nop_c,nop,checker,vrwl2_nop_c,vrwl2,rwl_deselected,2,dc,1.8,4.09393e-21,4.09393e-21,0.0,-2.27441e-21,True,True
sf,27,nop_c,nop,checker,vrwl3_nop_c,vrwl3,rwl_deselected,3,dc,1.8,4.29701e-21,4.29701e-21,0.0,-2.38723e-21,True,True
sf,27,nop_c,nop,checker,vwwl0_nop_c,vwwl0,wwl_selected,0,dc,0.0,0.0,0.0,0.0,-1.90384e-21,True,True
sf,27,nop_c,nop,checker,vwwl1_nop_c,vwwl1,wwl_deselected,1,dc,0.0,0.0,0.0,0.0,-1.79293e-21,True,True
sf,27,nop_c,nop,checker,vwwl2_nop_c,vwwl2,wwl_deselected,2,dc,0.0,0.0,0.0,0.0,-1.86117e-21,True,True
sf,27,nop_c,nop,checker,vwwl3_nop_c,vwwl3,wwl_deselected,3,dc,0.0,0.0,0.0,0.0,-1.83158e-21,True,True
sf,27,nop_c,nop,checker,vbody_nop_c,vbody,body_bias_gnd,,dc,0.0,0.0,0.0,0.0,-1.85237e-20,True,True
sf,27,nop_c,nop,checker,vsub_nop_c,vsub,substrate_vsubs,,dc,0.0,0.0,0.0,0.0,-2.66544e-20,True,True
sf,125,act_z,active,zero,vpre0_act_z,vpre0,rbl_precharge,0,dc,0.9,-1.56631e-18,3.8596e-17,4.01623e-17,1.74034e-18,True,True
sf,125,act_z,active,zero,vpre1_act_z,vpre1,rbl_precharge,1,dc,0.9,-2.91362e-18,3.68766e-17,3.97903e-17,3.23735e-18,True,True
sf,125,act_z,active,zero,vpre2_act_z,vpre2,rbl_precharge,2,dc,0.9,-2.91449e-18,3.69945e-17,3.9909e-17,3.23833e-18,True,True
sf,125,act_z,active,zero,vpre3_act_z,vpre3,rbl_precharge,3,dc,0.9,-3.24285e-18,2.38375e-17,2.70804e-17,3.60317e-18,True,True
sf,125,act_z,active,zero,vwbl0_act_z,vwbl0,wbl_writeback,0,dc,0.0,0.0,0.0,0.0,-3.44808e-17,True,True
sf,125,act_z,active,zero,vwbl1_act_z,vwbl1,wbl_writeback,1,dc,0.0,0.0,0.0,0.0,-5.03469e-17,True,True
sf,125,act_z,active,zero,vwbl2_act_z,vwbl2,wbl_writeback,2,dc,0.0,0.0,0.0,0.0,-5.0364e-17,True,True
sf,125,act_z,active,zero,vwbl3_act_z,vwbl3,wbl_writeback,3,dc,0.0,0.0,0.0,0.0,-5.43944e-17,True,True
sf,125,act_z,active,zero,vrwl0_act_z,vrwl0,rwl_selected,0,pwl,,3.11298e-17,4.21741e-15,4.18628e-15,-1.91397e-18,True,
sf,125,act_z,active,zero,vrwl1_act_z,vrwl1,rwl_deselected,1,dc,1.8,1.94723e-18,1.27306e-17,1.07833e-17,-1.08179e-18,True,True
sf,125,act_z,active,zero,vrwl2_act_z,vrwl2,rwl_deselected,2,dc,1.8,1.94723e-18,1.27306e-17,1.07833e-17,-1.08179e-18,True,True
sf,125,act_z,active,zero,vrwl3_act_z,vrwl3,rwl_deselected,3,dc,1.8,1.96207e-18,1.21595e-17,1.01974e-17,-1.09004e-18,True,True
sf,125,act_z,active,zero,vwwl0_act_z,vwwl0,wwl_selected,0,pwl,,8.55914e-17,8.42527e-15,8.33968e-15,1.3658e-17,True,
sf,125,act_z,active,zero,vwwl1_act_z,vwwl1,wwl_deselected,1,dc,0.0,0.0,0.0,0.0,2.1075e-20,True,True
sf,125,act_z,active,zero,vwwl2_act_z,vwwl2,wwl_deselected,2,dc,0.0,0.0,0.0,0.0,2.1075e-20,True,True
sf,125,act_z,active,zero,vwwl3_act_z,vwwl3,wwl_deselected,3,dc,0.0,0.0,0.0,0.0,1.49988e-20,True,True
sf,125,act_z,active,zero,vbody_act_z,vbody,body_bias_gnd,,dc,0.0,0.0,0.0,0.0,9.29459e-17,True,True
sf,125,act_z,active,zero,vsub_act_z,vsub,substrate_vsubs,,dc,0.0,0.0,0.0,0.0,7.62734e-17,True,True
sf,125,act_o,active,one,vpre0_act_o,vpre0,rbl_precharge,0,dc,0.9,-1.88209e-15,1.82533e-15,3.70742e-15,2.09121e-15,True,True
sf,125,act_o,active,one,vpre1_act_o,vpre1,rbl_precharge,1,dc,0.9,-2.43687e-15,1.80444e-15,4.24131e-15,2.70764e-15,True,True
sf,125,act_o,active,one,vpre2_act_o,vpre2,rbl_precharge,2,dc,0.9,-2.43687e-15,1.80412e-15,4.24099e-15,2.70763e-15,True,True
sf,125,act_o,active,one,vpre3_act_o,vpre3,rbl_precharge,3,dc,0.9,-3.11878e-15,1.51378e-15,4.63256e-15,3.46531e-15,True,True
sf,125,act_o,active,one,vwbl0_act_o,vwbl0,wbl_writeback,0,pwl,,1.63961e-15,4.8869e-15,3.24729e-15,-7.83727e-16,True,
sf,125,act_o,active,one,vwbl1_act_o,vwbl1,wbl_writeback,1,pwl,,1.59575e-15,5.22031e-15,3.62457e-15,-8.02511e-16,True,
sf,125,act_o,active,one,vwbl2_act_o,vwbl2,wbl_writeback,2,pwl,,1.59787e-15,5.22407e-15,3.62619e-15,-8.02646e-16,True,
sf,125,act_o,active,one,vwbl3_act_o,vwbl3,wbl_writeback,3,pwl,,1.61291e-15,5.24304e-15,3.63013e-15,-8.11618e-16,True,
sf,125,act_o,active,one,vrwl0_act_o,vrwl0,rwl_selected,0,pwl,,2.86619e-14,3.28692e-14,4.20737e-15,1.34426e-12,True,
sf,125,act_o,active,one,vrwl1_act_o,vrwl1,rwl_deselected,1,dc,1.8,7.81941e-13,7.82076e-13,1.34867e-16,-4.34412e-13,True,True
sf,125,act_o,active,one,vrwl2_act_o,vrwl2,rwl_deselected,2,dc,1.8,7.81941e-13,7.82076e-13,1.34867e-16,-4.34412e-13,True,True
sf,125,act_o,active,one,vrwl3_act_o,vrwl3,rwl_deselected,3,dc,1.8,8.74842e-13,8.74965e-13,1.23427e-16,-4.86023e-13,True,True
sf,125,act_o,active,one,vwwl0_act_o,vwwl0,wwl_selected,0,pwl,,-1.3907e-15,6.03157e-15,7.42226e-15,3.3208e-16,True,
sf,125,act_o,active,one,vwwl1_act_o,vwwl1,wwl_deselected,1,dc,0.0,0.0,0.0,0.0,2.82394e-19,True,True
sf,125,act_o,active,one,vwwl2_act_o,vwwl2,wwl_deselected,2,dc,0.0,0.0,0.0,0.0,2.82394e-19,True,True
sf,125,act_o,active,one,vwwl3_act_o,vwwl3,wwl_deselected,3,dc,0.0,0.0,0.0,0.0,6.9462e-20,True,True
sf,125,act_o,active,one,vbody_act_o,vbody,body_bias_gnd,,dc,0.0,0.0,0.0,0.0,1.25411e-15,True,True
sf,125,act_o,active,one,vsub_act_o,vsub,substrate_vsubs,,dc,0.0,0.0,0.0,0.0,1.2302e-15,True,True
sf,125,act_c,active,checker,vpre0_act_c,vpre0,rbl_precharge,0,dc,0.9,-2.60429e-15,1.65105e-15,4.25534e-15,2.89366e-15,True,True
sf,125,act_c,active,checker,vpre1_act_c,vpre1,rbl_precharge,1,dc,0.9,-1.61358e-18,1.3598e-16,1.37594e-16,1.79287e-18,True,True
sf,125,act_c,active,checker,vpre2_act_c,vpre2,rbl_precharge,2,dc,0.9,-3.23553e-15,1.62963e-15,4.86516e-15,3.59503e-15,True,True
sf,125,act_c,active,checker,vpre3_act_c,vpre3,rbl_precharge,3,dc,0.9,-3.01656e-18,2.42387e-17,2.72552e-17,3.35174e-18,True,True
sf,125,act_c,active,checker,vwbl0_act_c,vwbl0,wbl_writeback,0,pwl,,1.68778e-15,4.93249e-15,3.2447e-15,-8.13529e-16,True,
sf,125,act_c,active,checker,vwbl1_act_c,vwbl1,wbl_writeback,1,dc,0.0,0.0,0.0,0.0,-3.42749e-17,True,True
sf,125,act_c,active,checker,vwbl2_act_c,vwbl2,wbl_writeback,2,pwl,,1.7138e-15,5.21591e-15,3.50211e-15,-8.33318e-16,True,
sf,125,act_c,active,checker,vwbl3_act_c,vwbl3,wbl_writeback,3,dc,0.0,0.0,0.0,0.0,-5.074e-17,True,True
sf,125,act_c,active,checker,vrwl0_act_c,vrwl0,rwl_selected,0,pwl,,1.58497e-14,2.00477e-14,4.19804e-15,3.57204e-13,True,
sf,125,act_c,active,checker,vrwl1_act_c,vrwl1,rwl_deselected,1,dc,1.8,-4.5226e-19,1.60651e-16,1.61103e-16,2.51256e-19,True,True
sf,125,act_c,active,checker,vrwl2_act_c,vrwl2,rwl_deselected,2,dc,1.8,6.54186e-13,6.54256e-13,7.00283e-17,-3.63437e-13,True,True
sf,125,act_c,active,checker,vrwl3_act_c,vrwl3,rwl_deselected,3,dc,1.8,4.52982e-19,1.54273e-16,1.5382e-16,-2.51657e-19,True,True
sf,125,act_c,active,checker,vwwl0_act_c,vwwl0,wwl_selected,0,pwl,,-6.55823e-16,7.18e-15,7.83583e-15,1.76487e-16,True,
sf,125,act_c,active,checker,vwwl1_act_c,vwwl1,wwl_deselected,1,dc,0.0,0.0,0.0,0.0,1.84542e-18,True,True
sf,125,act_c,active,checker,vwwl2_act_c,vwwl2,wwl_deselected,2,dc,0.0,0.0,0.0,0.0,1.60291e-19,True,True
sf,125,act_c,active,checker,vwwl3_act_c,vwwl3,wwl_deselected,3,dc,0.0,0.0,0.0,0.0,1.20646e-18,True,True
sf,125,act_c,active,checker,vbody_act_c,vbody,body_bias_gnd,,dc,0.0,0.0,0.0,0.0,6.23973e-16,True,True
sf,125,act_c,active,checker,vsub_act_c,vsub,substrate_vsubs,,dc,0.0,0.0,0.0,0.0,6.6704e-16,True,True
sf,125,act_i,active,inv_checker,vpre0_act_i,vpre0,rbl_precharge,0,dc,0.9,-2.63461e-19,1.35638e-16,1.35902e-16,2.92735e-19,True,True
sf,125,act_i,active,inv_checker,vpre1_act_i,vpre1,rbl_precharge,1,dc,0.9,-3.23554e-15,1.62989e-15,4.86543e-15,3.59504e-15,True,True
sf,125,act_i,active,inv_checker,vpre2_act_i,vpre2,rbl_precharge,2,dc,0.9,-1.61309e-18,1.35883e-16,1.37496e-16,1.79233e-18,True,True
sf,125,act_i,active,inv_checker,vpre3_act_i,vpre3,rbl_precharge,3,dc,0.9,-3.85504e-15,1.46773e-15,5.32277e-15,4.28338e-15,True,True
sf,125,act_i,active,inv_checker,vwbl0_act_i,vwbl0,wbl_writeback,0,dc,0.0,0.0,0.0,0.0,-1.95214e-17,True,True
sf,125,act_i,active,inv_checker,vwbl1_act_i,vwbl1,wbl_writeback,1,pwl,,1.71405e-15,5.2147e-15,3.50066e-15,-8.33303e-16,True,
sf,125,act_i,active,inv_checker,vwbl2_act_i,vwbl2,wbl_writeback,2,dc,0.0,0.0,0.0,0.0,-3.44124e-17,True,True
sf,125,act_i,active,inv_checker,vwbl3_act_i,vwbl3,wbl_writeback,3,pwl,,1.72976e-15,5.23762e-15,3.50787e-15,-8.42389e-16,True,
sf,125,act_i,active,inv_checker,vrwl0_act_i,vrwl0,rwl_selected,0,pwl,,1.81817e-14,2.23788e-14,4.19708e-15,3.5274e-13,True,
sf,125,act_i,active,inv_checker,vrwl1_act_i,vrwl1,rwl_deselected,1,dc,1.8,-4.74648e-19,1.50073e-16,1.50547e-16,2.63693e-19,True,True
sf,125,act_i,active,inv_checker,vrwl2_act_i,vrwl2,rwl_deselected,2,dc,1.8,6.48625e-13,6.48672e-13,4.6928e-17,-3.60347e-13,True,True
sf,125,act_i,active,inv_checker,vrwl3_act_i,vrwl3,rwl_deselected,3,dc,1.8,4.65726e-19,1.4274e-16,1.42274e-16,-2.58737e-19,True,True
sf,125,act_i,active,inv_checker,vwwl0_act_i,vwwl0,wwl_selected,0,pwl,,-6.58223e-16,7.19223e-15,7.85046e-15,1.71808e-16,True,
sf,125,act_i,active,inv_checker,vwwl1_act_i,vwwl1,wwl_deselected,1,dc,0.0,0.0,0.0,0.0,1.74117e-18,True,True
sf,125,act_i,active,inv_checker,vwwl2_act_i,vwwl2,wwl_deselected,2,dc,0.0,0.0,0.0,0.0,1.27339e-19,True,True
sf,125,act_i,active,inv_checker,vwwl3_act_i,vwwl3,wwl_deselected,3,dc,0.0,0.0,0.0,0.0,1.14425e-18,True,True
sf,125,act_i,active,inv_checker,vbody_act_i,vbody,body_bias_gnd,,dc,0.0,0.0,0.0,0.0,6.17269e-16,True,True
sf,125,act_i,active,inv_checker,vsub_act_i,vsub,substrate_vsubs,,dc,0.0,0.0,0.0,0.0,6.64609e-16,True,True
sf,125,idl_z,idle,zero,vpre0_idl_z,vpre0,rbl_precharge,0,dc,0.9,1.07137e-18,1.07137e-18,0.0,-1.19041e-18,True,True
sf,125,idl_z,idle,zero,vpre1_idl_z,vpre1,rbl_precharge,1,dc,0.9,1.07137e-18,1.07137e-18,0.0,-1.19041e-18,True,True
sf,125,idl_z,idle,zero,vpre2_idl_z,vpre2,rbl_precharge,2,dc,0.9,1.07137e-18,1.07137e-18,0.0,-1.19041e-18,True,True
sf,125,idl_z,idle,zero,vpre3_idl_z,vpre3,rbl_precharge,3,dc,0.9,1.07137e-18,1.07137e-18,0.0,-1.19041e-18,True,True
sf,125,idl_z,idle,zero,vwbl0_idl_z,vwbl0,wbl_writeback,0,dc,0.0,0.0,0.0,0.0,-2.57038e-26,True,True
sf,125,idl_z,idle,zero,vwbl1_idl_z,vwbl1,wbl_writeback,1,dc,0.0,0.0,0.0,0.0,-2.42757e-26,True,True
sf,125,idl_z,idle,zero,vwbl2_idl_z,vwbl2,wbl_writeback,2,dc,0.0,0.0,0.0,0.0,-2.26384e-26,True,True
sf,125,idl_z,idle,zero,vwbl3_idl_z,vwbl3,wbl_writeback,3,dc,0.0,0.0,0.0,0.0,-2.12497e-26,True,True
sf,125,idl_z,idle,zero,vrwl0_idl_z,vrwl0,rwl_selected,0,dc,1.8,2.14293e-18,2.14293e-18,0.0,-1.19051e-18,True,True
sf,125,idl_z,idle,zero,vrwl1_idl_z,vrwl1,rwl_deselected,1,dc,1.8,2.14293e-18,2.14293e-18,0.0,-1.19051e-18,True,True
sf,125,idl_z,idle,zero,vrwl2_idl_z,vrwl2,rwl_deselected,2,dc,1.8,2.14293e-18,2.14293e-18,0.0,-1.19051e-18,True,True
sf,125,idl_z,idle,zero,vrwl3_idl_z,vrwl3,rwl_deselected,3,dc,1.8,2.14293e-18,2.14293e-18,0.0,-1.19052e-18,True,True
sf,125,idl_z,idle,zero,vwwl0_idl_z,vwwl0,wwl_selected,0,dc,0.0,0.0,0.0,0.0,4.81844e-27,True,True
sf,125,idl_z,idle,zero,vwwl1_idl_z,vwwl1,wwl_deselected,1,dc,0.0,0.0,0.0,0.0,4.62101e-27,True,True
sf,125,idl_z,idle,zero,vwwl2_idl_z,vwwl2,wwl_deselected,2,dc,0.0,0.0,0.0,0.0,4.56208e-27,True,True
sf,125,idl_z,idle,zero,vwwl3_idl_z,vwwl3,wwl_deselected,3,dc,0.0,0.0,0.0,0.0,4.30274e-27,True,True
sf,125,idl_z,idle,zero,vbody_idl_z,vbody,body_bias_gnd,,dc,0.0,0.0,0.0,0.0,9.5237e-18,True,True
sf,125,idl_z,idle,zero,vsub_idl_z,vsub,substrate_vsubs,,dc,0.0,0.0,0.0,0.0,1.99781e-25,True,True
sf,125,idl_o,idle,one,vpre0_idl_o,vpre0,rbl_precharge,0,dc,0.9,1.57329e-18,1.57329e-18,0.0,-1.7481e-18,True,True
sf,125,idl_o,idle,one,vpre1_idl_o,vpre1,rbl_precharge,1,dc,0.9,1.57098e-18,1.57098e-18,0.0,-1.74554e-18,True,True
sf,125,idl_o,idle,one,vpre2_idl_o,vpre2,rbl_precharge,2,dc,0.9,1.57098e-18,1.57098e-18,0.0,-1.74554e-18,True,True
sf,125,idl_o,idle,one,vpre3_idl_o,vpre3,rbl_precharge,3,dc,0.9,1.57318e-18,1.57318e-18,0.0,-1.74797e-18,True,True
sf,125,idl_o,idle,one,vwbl0_idl_o,vwbl0,wbl_writeback,0,dc,0.0,0.0,0.0,0.0,5.26803e-18,True,True
sf,125,idl_o,idle,one,vwbl1_idl_o,vwbl1,wbl_writeback,1,dc,0.0,0.0,0.0,0.0,5.26827e-18,True,True
sf,125,idl_o,idle,one,vwbl2_idl_o,vwbl2,wbl_writeback,2,dc,0.0,0.0,0.0,0.0,5.26827e-18,True,True
sf,125,idl_o,idle,one,vwbl3_idl_o,vwbl3,wbl_writeback,3,dc,0.0,0.0,0.0,0.0,5.26804e-18,True,True
sf,125,idl_o,idle,one,vrwl0_idl_o,vrwl0,rwl_selected,0,dc,1.8,3.63963e-18,3.63963e-18,0.0,-2.02202e-18,True,True
sf,125,idl_o,idle,one,vrwl1_idl_o,vrwl1,rwl_deselected,1,dc,1.8,3.62736e-18,3.62736e-18,0.0,-2.0152e-18,True,True
sf,125,idl_o,idle,one,vrwl2_idl_o,vrwl2,rwl_deselected,2,dc,1.8,3.62736e-18,3.62736e-18,0.0,-2.0152e-18,True,True
sf,125,idl_o,idle,one,vrwl3_idl_o,vrwl3,rwl_deselected,3,dc,1.8,3.65394e-18,3.65394e-18,0.0,-2.02997e-18,True,True
sf,125,idl_o,idle,one,vwwl0_idl_o,vwwl0,wwl_selected,0,dc,0.0,0.0,0.0,0.0,-6.90478e-19,True,True
sf,125,idl_o,idle,one,vwwl1_idl_o,vwwl1,wwl_deselected,1,dc,0.0,0.0,0.0,0.0,-6.71199e-19,True,True
sf,125,idl_o,idle,one,vwwl2_idl_o,vwwl2,wwl_deselected,2,dc,0.0,0.0,0.0,0.0,-6.71199e-19,True,True
sf,125,idl_o,idle,one,vwwl3_idl_o,vwwl3,wwl_deselected,3,dc,0.0,0.0,0.0,0.0,-6.85583e-19,True,True
sf,125,idl_o,idle,one,vbody_idl_o,vbody,body_bias_gnd,,dc,0.0,0.0,0.0,0.0,6.51398e-18,True,True
sf,125,idl_o,idle,one,vsub_idl_o,vsub,substrate_vsubs,,dc,0.0,0.0,0.0,0.0,-9.7986e-18,True,True
sf,125,idl_c,idle,checker,vpre0_idl_c,vpre0,rbl_precharge,0,dc,0.9,1.32855e-18,1.32855e-18,0.0,-1.47617e-18,True,True
sf,125,idl_c,idle,checker,vpre1_idl_c,vpre1,rbl_precharge,1,dc,0.9,1.31517e-18,1.31517e-18,0.0,-1.4613e-18,True,True
sf,125,idl_c,idle,checker,vpre2_idl_c,vpre2,rbl_precharge,2,dc,0.9,1.32719e-18,1.32719e-18,0.0,-1.47465e-18,True,True
sf,125,idl_c,idle,checker,vpre3_idl_c,vpre3,rbl_precharge,3,dc,0.9,1.31624e-18,1.31624e-18,0.0,-1.46249e-18,True,True
sf,125,idl_c,idle,checker,vwbl0_idl_c,vwbl0,wbl_writeback,0,dc,0.0,0.0,0.0,0.0,2.63409e-18,True,True
sf,125,idl_c,idle,checker,vwbl1_idl_c,vwbl1,wbl_writeback,1,dc,0.0,0.0,0.0,0.0,2.63404e-18,True,True
sf,125,idl_c,idle,checker,vwbl2_idl_c,vwbl2,wbl_writeback,2,dc,0.0,0.0,0.0,0.0,2.63424e-18,True,True
sf,125,idl_c,idle,checker,vwbl3_idl_c,vwbl3,wbl_writeback,3,dc,0.0,0.0,0.0,0.0,2.63392e-18,True,True
sf,125,idl_c,idle,checker,vrwl0_idl_c,vrwl0,rwl_selected,0,dc,1.8,2.87928e-18,2.87928e-18,0.0,-1.5996e-18,True,True
sf,125,idl_c,idle,checker,vrwl1_idl_c,vrwl1,rwl_deselected,1,dc,1.8,2.8974e-18,2.8974e-18,0.0,-1.60967e-18,True,True
sf,125,idl_c,idle,checker,vrwl2_idl_c,vrwl2,rwl_deselected,2,dc,1.8,2.87288e-18,2.87288e-18,0.0,-1.59605e-18,True,True
sf,125,idl_c,idle,checker,vrwl3_idl_c,vrwl3,rwl_deselected,3,dc,1.8,2.91096e-18,2.91096e-18,0.0,-1.6172e-18,True,True
sf,125,idl_c,idle,checker,vwwl0_idl_c,vwwl0,wwl_selected,0,dc,0.0,0.0,0.0,0.0,-3.49691e-19,True,True
sf,125,idl_c,idle,checker,vwwl1_idl_c,vwwl1,wwl_deselected,1,dc,0.0,0.0,0.0,0.0,-3.29327e-19,True,True
sf,125,idl_c,idle,checker,vwwl2_idl_c,vwwl2,wwl_deselected,2,dc,0.0,0.0,0.0,0.0,-3.41872e-19,True,True
sf,125,idl_c,idle,checker,vwwl3_idl_c,vwwl3,wwl_deselected,3,dc,0.0,0.0,0.0,0.0,-3.36385e-19,True,True
sf,125,idl_c,idle,checker,vbody_idl_c,vbody,body_bias_gnd,,dc,0.0,0.0,0.0,0.0,8.01821e-18,True,True
sf,125,idl_c,idle,checker,vsub_idl_c,vsub,substrate_vsubs,,dc,0.0,0.0,0.0,0.0,-4.90009e-18,True,True
sf,125,idl_i,idle,inv_checker,vpre0_idl_i,vpre0,rbl_precharge,0,dc,0.9,1.31611e-18,1.31611e-18,0.0,-1.46234e-18,True,True
sf,125,idl_i,idle,inv_checker,vpre1_idl_i,vpre1,rbl_precharge,1,dc,0.9,1.32719e-18,1.32719e-18,0.0,-1.47465e-18,True,True
sf,125,idl_i,idle,inv_checker,vpre2_idl_i,vpre2,rbl_precharge,2,dc,0.9,1.31517e-18,1.31517e-18,0.0,-1.4613e-18,True,True
sf,125,idl_i,idle,inv_checker,vpre3_idl_i,vpre3,rbl_precharge,3,dc,0.9,1.3283e-18,1.3283e-18,0.0,-1.47589e-18,True,True
sf,125,idl_i,idle,inv_checker,vwbl0_idl_i,vwbl0,wbl_writeback,0,dc,0.0,0.0,0.0,0.0,2.63393e-18,True,True
sf,125,idl_i,idle,inv_checker,vwbl1_idl_i,vwbl1,wbl_writeback,1,dc,0.0,0.0,0.0,0.0,2.63424e-18,True,True
sf,125,idl_i,idle,inv_checker,vwbl2_idl_i,vwbl2,wbl_writeback,2,dc,0.0,0.0,0.0,0.0,2.63404e-18,True,True
sf,125,idl_i,idle,inv_checker,vwbl3_idl_i,vwbl3,wbl_writeback,3,dc,0.0,0.0,0.0,0.0,2.63412e-18,True,True
sf,125,idl_i,idle,inv_checker,vrwl0_idl_i,vrwl0,rwl_selected,0,dc,1.8,2.90327e-18,2.90327e-18,0.0,-1.61293e-18,True,True
sf,125,idl_i,idle,inv_checker,vrwl1_idl_i,vrwl1,rwl_deselected,1,dc,1.8,2.87288e-18,2.87288e-18,0.0,-1.59605e-18,True,True
sf,125,idl_i,idle,inv_checker,vrwl2_idl_i,vrwl2,rwl_deselected,2,dc,1.8,2.8974e-18,2.8974e-18,0.0,-1.60967e-18,True,True
sf,125,idl_i,idle,inv_checker,vrwl3_idl_i,vrwl3,rwl_deselected,3,dc,1.8,2.88591e-18,2.88591e-18,0.0,-1.60328e-18,True,True
sf,125,idl_i,idle,inv_checker,vwwl0_idl_i,vwwl0,wwl_selected,0,dc,0.0,0.0,0.0,0.0,-3.40786e-19,True,True
sf,125,idl_i,idle,inv_checker,vwwl1_idl_i,vwwl1,wwl_deselected,1,dc,0.0,0.0,0.0,0.0,-3.41872e-19,True,True
sf,125,idl_i,idle,inv_checker,vwwl2_idl_i,vwwl2,wwl_deselected,2,dc,0.0,0.0,0.0,0.0,-3.29327e-19,True,True
sf,125,idl_i,idle,inv_checker,vwwl3_idl_i,vwwl3,wwl_deselected,3,dc,0.0,0.0,0.0,0.0,-3.49198e-19,True,True
sf,125,idl_i,idle,inv_checker,vbody_idl_i,vbody,body_bias_gnd,,dc,0.0,0.0,0.0,0.0,8.01947e-18,True,True
sf,125,idl_i,idle,inv_checker,vsub_idl_i,vsub,substrate_vsubs,,dc,0.0,0.0,0.0,0.0,-4.89851e-18,True,True
sf,125,nop_c,nop,checker,vpre0_nop_c,vpre0,rbl_precharge,0,dc,0.9,1.32855e-18,1.32855e-18,0.0,-1.47617e-18,True,True
sf,125,nop_c,nop,checker,vpre1_nop_c,vpre1,rbl_precharge,1,dc,0.9,1.31517e-18,1.31517e-18,0.0,-1.4613e-18,True,True
sf,125,nop_c,nop,checker,vpre2_nop_c,vpre2,rbl_precharge,2,dc,0.9,1.32719e-18,1.32719e-18,0.0,-1.47465e-18,True,True
sf,125,nop_c,nop,checker,vpre3_nop_c,vpre3,rbl_precharge,3,dc,0.9,1.31624e-18,1.31624e-18,0.0,-1.46249e-18,True,True
sf,125,nop_c,nop,checker,vwbl0_nop_c,vwbl0,wbl_writeback,0,dc,0.0,0.0,0.0,0.0,2.63409e-18,True,True
sf,125,nop_c,nop,checker,vwbl1_nop_c,vwbl1,wbl_writeback,1,dc,0.0,0.0,0.0,0.0,2.63404e-18,True,True
sf,125,nop_c,nop,checker,vwbl2_nop_c,vwbl2,wbl_writeback,2,dc,0.0,0.0,0.0,0.0,2.63424e-18,True,True
sf,125,nop_c,nop,checker,vwbl3_nop_c,vwbl3,wbl_writeback,3,dc,0.0,0.0,0.0,0.0,2.63392e-18,True,True
sf,125,nop_c,nop,checker,vrwl0_nop_c,vrwl0,rwl_selected,0,dc,1.8,2.87928e-18,2.87928e-18,0.0,-1.5996e-18,True,True
sf,125,nop_c,nop,checker,vrwl1_nop_c,vrwl1,rwl_deselected,1,dc,1.8,2.8974e-18,2.8974e-18,0.0,-1.60967e-18,True,True
sf,125,nop_c,nop,checker,vrwl2_nop_c,vrwl2,rwl_deselected,2,dc,1.8,2.87289e-18,2.87289e-18,0.0,-1.59605e-18,True,True
sf,125,nop_c,nop,checker,vrwl3_nop_c,vrwl3,rwl_deselected,3,dc,1.8,2.91095e-18,2.91095e-18,0.0,-1.6172e-18,True,True
sf,125,nop_c,nop,checker,vwwl0_nop_c,vwwl0,wwl_selected,0,dc,0.0,0.0,0.0,0.0,-3.49691e-19,True,True
sf,125,nop_c,nop,checker,vwwl1_nop_c,vwwl1,wwl_deselected,1,dc,0.0,0.0,0.0,0.0,-3.29327e-19,True,True
sf,125,nop_c,nop,checker,vwwl2_nop_c,vwwl2,wwl_deselected,2,dc,0.0,0.0,0.0,0.0,-3.41872e-19,True,True
sf,125,nop_c,nop,checker,vwwl3_nop_c,vwwl3,wwl_deselected,3,dc,0.0,0.0,0.0,0.0,-3.36385e-19,True,True
sf,125,nop_c,nop,checker,vbody_nop_c,vbody,body_bias_gnd,,dc,0.0,0.0,0.0,0.0,8.01821e-18,True,True
sf,125,nop_c,nop,checker,vsub_nop_c,vsub,substrate_vsubs,,dc,0.0,0.0,0.0,0.0,-4.90009e-18,True,True
fs,27,act_z,active,zero,vpre0_act_z,vpre0,rbl_precharge,0,dc,0.9,-3.8081e-20,3.18462e-17,3.18843e-17,4.23123e-20,True,True
fs,27,act_z,active,zero,vpre1_act_z,vpre1,rbl_precharge,1,dc,0.9,-1.22047e-18,3.10073e-17,3.22278e-17,1.35608e-18,True,True
fs,27,act_z,active,zero,vpre2_act_z,vpre2,rbl_precharge,2,dc,0.9,-1.21929e-18,3.08772e-17,3.20965e-17,1.35477e-18,True,True
fs,27,act_z,active,zero,vpre3_act_z,vpre3,rbl_precharge,3,dc,0.9,-1.63271e-18,1.9725e-17,2.13577e-17,1.81412e-18,True,True
fs,27,act_z,active,zero,vwbl0_act_z,vwbl0,wbl_writeback,0,dc,0.0,0.0,0.0,0.0,4.68576e-18,True,True
fs,27,act_z,active,zero,vwbl1_act_z,vwbl1,wbl_writeback,1,dc,0.0,0.0,0.0,0.0,-1.22157e-17,True,True
fs,27,act_z,active,zero,vwbl2_act_z,vwbl2,wbl_writeback,2,dc,0.0,0.0,0.0,0.0,-1.22275e-17,True,True
fs,27,act_z,active,zero,vwbl3_act_z,vwbl3,wbl_writeback,3,dc,0.0,0.0,0.0,0.0,-1.82503e-17,True,True
fs,27,act_z,active,zero,vrwl0_act_z,vrwl0,rwl_selected,0,pwl,,2.46324e-17,5.01835e-15,4.99372e-15,-1.58012e-17,True,
fs,27,act_z,active,zero,vrwl1_act_z,vrwl1,rwl_deselected,1,dc,1.8,-3.18251e-19,6.47848e-18,6.79673e-18,1.76806e-19,True,True
fs,27,act_z,active,zero,vrwl2_act_z,vrwl2,rwl_deselected,2,dc,1.8,-3.18251e-19,6.47848e-18,6.79673e-18,1.76806e-19,True,True
fs,27,act_z,active,zero,vrwl3_act_z,vrwl3,rwl_deselected,3,dc,1.8,-2.67157e-19,6.14928e-18,6.41644e-18,1.48421e-19,True,True
fs,27,act_z,active,zero,vwwl0_act_z,vwwl0,wwl_selected,0,pwl,,8.82279e-17,8.03935e-15,7.95113e-15,-9.04694e-18,True,
fs,27,act_z,active,zero,vwwl1_act_z,vwwl1,wwl_deselected,1,dc,0.0,0.0,0.0,0.0,8.64657e-21,True,True
fs,27,act_z,active,zero,vwwl2_act_z,vwwl2,wwl_deselected,2,dc,0.0,0.0,0.0,0.0,8.64657e-21,True,True
fs,27,act_z,active,zero,vwwl3_act_z,vwwl3,wwl_deselected,3,dc,0.0,0.0,0.0,0.0,8.00939e-21,True,True
fs,27,act_z,active,zero,vbody_act_z,vbody,body_bias_gnd,,dc,0.0,0.0,0.0,0.0,3.72711e-17,True,True
fs,27,act_z,active,zero,vsub_act_z,vsub,substrate_vsubs,,dc,0.0,0.0,0.0,0.0,2.04903e-17,True,True
fs,27,act_o,active,one,vpre0_act_o,vpre0,rbl_precharge,0,dc,0.9,2.23583e-15,3.49959e-15,1.26376e-15,-2.48426e-15,True,True
fs,27,act_o,active,one,vpre1_act_o,vpre1,rbl_precharge,1,dc,0.9,2.23057e-15,3.50337e-15,1.2728e-15,-2.47841e-15,True,True
fs,27,act_o,active,one,vpre2_act_o,vpre2,rbl_precharge,2,dc,0.9,2.23058e-15,3.49853e-15,1.26795e-15,-2.47842e-15,True,True
fs,27,act_o,active,one,vpre3_act_o,vpre3,rbl_precharge,3,dc,0.9,1.94346e-15,3.16794e-15,1.22448e-15,-2.1594e-15,True,True
fs,27,act_o,active,one,vwbl0_act_o,vwbl0,wbl_writeback,0,pwl,,8.33902e-16,4.85512e-15,4.02122e-15,-3.33558e-16,True,
fs,27,act_o,active,one,vwbl1_act_o,vwbl1,wbl_writeback,1,pwl,,8.79447e-16,5.24743e-15,4.36799e-15,-3.57097e-16,True,
fs,27,act_o,active,one,vwbl2_act_o,vwbl2,wbl_writeback,2,pwl,,8.92464e-16,5.26535e-15,4.37288e-15,-3.57279e-16,True,
fs,27,act_o,active,one,vwbl3_act_o,vwbl3,wbl_writeback,3,pwl,,9.11634e-16,5.30355e-15,4.39192e-15,-3.67282e-16,True,
fs,27,act_o,active,one,vrwl0_act_o,vrwl0,rwl_selected,0,pwl,,2.8048e-16,5.25376e-15,4.97328e-15,1.22657e-13,True,
fs,27,act_o,active,one,vrwl1_act_o,vrwl1,rwl_deselected,1,dc,1.8,6.16439e-14,6.20012e-14,3.57216e-16,-3.42466e-14,True,True
fs,27,act_o,active,one,vrwl2_act_o,vrwl2,rwl_deselected,2,dc,1.8,6.16439e-14,6.20012e-14,3.57216e-16,-3.42466e-14,True,True
fs,27,act_o,active,one,vrwl3_act_o,vrwl3,rwl_deselected,3,dc,1.8,7.97671e-14,8.0095e-14,3.27902e-16,-4.43151e-14,True,True
fs,27,act_o,active,one,vwwl0_act_o,vwwl0,wwl_selected,0,pwl,,-9.89099e-16,5.76955e-15,6.75864e-15,1.3051e-16,True,
fs,27,act_o,active,one,vwwl1_act_o,vwwl1,wwl_deselected,1,dc,0.0,0.0,0.0,0.0,5.30212e-19,True,True
fs,27,act_o,active,one,vwwl2_act_o,vwwl2,wwl_deselected,2,dc,0.0,0.0,0.0,0.0,5.30212e-19,True,True
fs,27,act_o,active,one,vwwl3_act_o,vwwl3,wwl_deselected,3,dc,0.0,0.0,0.0,0.0,7.53953e-19,True,True
fs,27,act_o,active,one,vbody_act_o,vbody,body_bias_gnd,,dc,0.0,0.0,0.0,0.0,6.79376e-16,True,True
fs,27,act_o,active,one,vsub_act_o,vsub,substrate_vsubs,,dc,0.0,0.0,0.0,0.0,3.54946e-16,True,True
fs,27,act_c,active,checker,vpre0_act_c,vpre0,rbl_precharge,0,dc,0.9,2.11349e-15,3.41965e-15,1.30616e-15,-2.34832e-15,True,True
fs,27,act_c,active,checker,vpre1_act_c,vpre1,rbl_precharge,1,dc,0.9,3.53859e-19,1.11253e-16,1.10899e-16,-3.93176e-19,True,True
fs,27,act_c,active,checker,vpre2_act_c,vpre2,rbl_precharge,2,dc,0.9,2.10758e-15,3.41757e-15,1.30999e-15,-2.34175e-15,True,True
fs,27,act_c,active,checker,vpre3_act_c,vpre3,rbl_precharge,3,dc,0.9,-1.63298e-18,1.97338e-17,2.13668e-17,1.81442e-18,True,True
fs,27,act_c,active,checker,vwbl0_act_c,vwbl0,wbl_writeback,0,pwl,,8.43298e-16,4.86414e-15,4.02085e-15,-3.39025e-16,True,
fs,27,act_c,active,checker,vwbl1_act_c,vwbl1,wbl_writeback,1,dc,0.0,0.0,0.0,0.0,-8.01602e-18,True,True
fs,27,act_c,active,checker,vwbl2_act_c,vwbl2,wbl_writeback,2,pwl,,8.66535e-16,5.13667e-15,4.27013e-15,-3.568e-16,True,
fs,27,act_c,active,checker,vwbl3_act_c,vwbl3,wbl_writeback,3,dc,0.0,0.0,0.0,0.0,-2.40714e-17,True,True
fs,27,act_c,active,checker,vrwl0_act_c,vrwl0,rwl_selected,0,pwl,,1.68563e-16,5.15475e-15,4.98619e-15,3.08919e-14,True,
fs,27,act_c,active,checker,vrwl1_act_c,vrwl1,rwl_deselected,1,dc,1.8,-2.92848e-18,2.12013e-16,2.14941e-16,1.62693e-18,True,True
fs,27,act_c,active,checker,vrwl2_act_c,vrwl2,rwl_deselected,2,dc,1.8,4.69408e-14,4.71143e-14,1.7349e-16,-2.60782e-14,True,True
fs,27,act_c,active,checker,vrwl3_act_c,vrwl3,rwl_deselected,3,dc,1.8,-1.74708e-18,2.019e-16,2.03647e-16,9.70598e-19,True,True
fs,27,act_c,active,checker,vwwl0_act_c,vwwl0,wwl_selected,0,pwl,,-4.48409e-16,6.89773e-15,7.34614e-15,6.13448e-17,True,
fs,27,act_c,active,checker,vwwl1_act_c,vwwl1,wwl_deselected,1,dc,0.0,0.0,0.0,0.0,1.76791e-19,True,True
fs,27,act_c,active,checker,vwwl2_act_c,vwwl2,wwl_deselected,2,dc,0.0,0.0,0.0,0.0,1.73571e-19,True,True
fs,27,act_c,active,checker,vwwl3_act_c,vwwl3,wwl_deselected,3,dc,0.0,0.0,0.0,0.0,3.0698e-19,True,True
fs,27,act_c,active,checker,vbody_act_c,vbody,body_bias_gnd,,dc,0.0,0.0,0.0,0.0,3.35337e-16,True,True
fs,27,act_c,active,checker,vsub_act_c,vsub,substrate_vsubs,,dc,0.0,0.0,0.0,0.0,2.02944e-16,True,True
fs,27,act_i,active,inv_checker,vpre0_act_i,vpre0,rbl_precharge,0,dc,0.9,1.52175e-18,1.11075e-16,1.09553e-16,-1.69084e-18,True,True
fs,27,act_i,active,inv_checker,vpre1_act_i,vpre1,rbl_precharge,1,dc,0.9,2.10758e-15,3.42252e-15,1.31495e-15,-2.34175e-15,True,True
fs,27,act_i,active,inv_checker,vpre2_act_i,vpre2,rbl_precharge,2,dc,0.9,3.4853e-19,1.11097e-16,1.10748e-16,-3.87256e-19,True,True
fs,27,act_i,active,inv_checker,vpre3_act_i,vpre3,rbl_precharge,3,dc,0.9,1.98514e-15,3.23653e-15,1.25139e-15,-2.20571e-15,True,True
fs,27,act_i,active,inv_checker,vwbl0_act_i,vwbl0,wbl_writeback,0,dc,0.0,0.0,0.0,0.0,1.46063e-17,True,True
fs,27,act_i,active,inv_checker,vwbl1_act_i,vwbl1,wbl_writeback,1,pwl,,8.67e-16,5.13226e-15,4.26526e-15,-3.5684e-16,True,
fs,27,act_i,active,inv_checker,vwbl2_act_i,vwbl2,wbl_writeback,2,dc,0.0,0.0,0.0,0.0,-8.20071e-18,True,True
fs,27,act_i,active,inv_checker,vwbl3_act_i,vwbl3,wbl_writeback,3,pwl,,8.85771e-16,5.17368e-15,4.28791e-15,-3.66796e-16,True,
fs,27,act_i,active,inv_checker,vrwl0_act_i,vrwl0,rwl_selected,0,pwl,,2.02351e-16,5.18731e-15,4.98495e-15,3.07692e-14,True,
fs,27,act_i,active,inv_checker,vrwl1_act_i,vrwl1,rwl_deselected,1,dc,1.8,-3.50798e-18,2.15751e-16,2.19259e-16,1.94888e-18,True,True
fs,27,act_i,active,inv_checker,vrwl2_act_i,vrwl2,rwl_deselected,2,dc,1.8,4.69549e-14,4.71326e-14,1.77779e-16,-2.6086e-14,True,True
fs,27,act_i,active,inv_checker,vrwl3_act_i,vrwl3,rwl_deselected,3,dc,1.8,-2.53315e-18,2.09589e-16,2.12122e-16,1.40731e-18,True,True
fs,27,act_i,active,inv_checker,vwwl0_act_i,vwwl0,wwl_selected,0,pwl,,-4.54024e-16,6.90666e-15,7.36068e-15,5.97803e-17,True,
fs,27,act_i,active,inv_checker,vwwl1_act_i,vwwl1,wwl_deselected,1,dc,0.0,0.0,0.0,0.0,3.01967e-19,True,True
fs,27,act_i,active,inv_checker,vwwl2_act_i,vwwl2,wwl_deselected,2,dc,0.0,0.0,0.0,0.0,3.56267e-19,True,True
fs,27,act_i,active,inv_checker,vwwl3_act_i,vwwl3,wwl_deselected,3,dc,0.0,0.0,0.0,0.0,2.55388e-19,True,True
fs,27,act_i,active,inv_checker,vbody_act_i,vbody,body_bias_gnd,,dc,0.0,0.0,0.0,0.0,3.34188e-16,True,True
fs,27,act_i,active,inv_checker,vsub_act_i,vsub,substrate_vsubs,,dc,0.0,0.0,0.0,0.0,1.85325e-16,True,True
fs,27,idl_z,idle,zero,vpre0_idl_z,vpre0,rbl_precharge,0,dc,0.9,1.92285e-22,1.92285e-22,0.0,-2.1365e-22,True,True
fs,27,idl_z,idle,zero,vpre1_idl_z,vpre1,rbl_precharge,1,dc,0.9,1.92148e-22,1.92148e-22,0.0,-2.13498e-22,True,True
fs,27,idl_z,idle,zero,vpre2_idl_z,vpre2,rbl_precharge,2,dc,0.9,1.92157e-22,1.92157e-22,0.0,-2.13508e-22,True,True
fs,27,idl_z,idle,zero,vpre3_idl_z,vpre3,rbl_precharge,3,dc,0.9,1.92124e-22,1.92124e-22,0.0,-2.13471e-22,True,True
fs,27,idl_z,idle,zero,vwbl0_idl_z,vwbl0,wbl_writeback,0,dc,0.0,0.0,0.0,0.0,1.96687e-29,True,True
fs,27,idl_z,idle,zero,vwbl1_idl_z,vwbl1,wbl_writeback,1,dc,0.0,0.0,0.0,0.0,-1.80663e-29,True,True
fs,27,idl_z,idle,zero,vwbl2_idl_z,vwbl2,wbl_writeback,2,dc,0.0,0.0,0.0,0.0,1.30357e-29,True,True
fs,27,idl_z,idle,zero,vwbl3_idl_z,vwbl3,wbl_writeback,3,dc,0.0,0.0,0.0,0.0,2.57784e-29,True,True
fs,27,idl_z,idle,zero,vrwl0_idl_z,vrwl0,rwl_selected,0,dc,1.8,5.73501e-22,5.73501e-22,0.0,-3.18612e-22,True,True
fs,27,idl_z,idle,zero,vrwl1_idl_z,vrwl1,rwl_deselected,1,dc,1.8,5.73507e-22,5.73507e-22,0.0,-3.18615e-22,True,True
fs,27,idl_z,idle,zero,vrwl2_idl_z,vrwl2,rwl_deselected,2,dc,1.8,5.73506e-22,5.73506e-22,0.0,-3.18614e-22,True,True
fs,27,idl_z,idle,zero,vrwl3_idl_z,vrwl3,rwl_deselected,3,dc,1.8,5.73499e-22,5.73499e-22,0.0,-3.18611e-22,True,True
fs,27,idl_z,idle,zero,vwwl0_idl_z,vwwl0,wwl_selected,0,dc,0.0,0.0,0.0,0.0,1.39925e-29,True,True
fs,27,idl_z,idle,zero,vwwl1_idl_z,vwwl1,wwl_deselected,1,dc,0.0,0.0,0.0,0.0,-5.66173e-30,True,True
fs,27,idl_z,idle,zero,vwwl2_idl_z,vwwl2,wwl_deselected,2,dc,0.0,0.0,0.0,0.0,3.36573e-29,True,True
fs,27,idl_z,idle,zero,vwwl3_idl_z,vwwl3,wwl_deselected,3,dc,0.0,0.0,0.0,0.0,-4.14899e-30,True,True
fs,27,idl_z,idle,zero,vbody_idl_z,vbody,body_bias_gnd,,dc,0.0,0.0,0.0,0.0,2.12449e-21,True,True
fs,27,idl_z,idle,zero,vsub_idl_z,vsub,substrate_vsubs,,dc,0.0,0.0,0.0,0.0,-1.2283e-27,True,True
fs,27,idl_o,idle,one,vpre0_idl_o,vpre0,rbl_precharge,0,dc,0.9,2.15227e-22,2.15227e-22,0.0,-2.39141e-22,True,True
fs,27,idl_o,idle,one,vpre1_idl_o,vpre1,rbl_precharge,1,dc,0.9,2.15259e-22,2.15259e-22,0.0,-2.39176e-22,True,True
fs,27,idl_o,idle,one,vpre2_idl_o,vpre2,rbl_precharge,2,dc,0.9,2.15218e-22,2.15218e-22,0.0,-2.39131e-22,True,True
fs,27,idl_o,idle,one,vpre3_idl_o,vpre3,rbl_precharge,3,dc,0.9,2.1527e-22,2.1527e-22,0.0,-2.39188e-22,True,True
fs,27,idl_o,idle,one,vwbl0_idl_o,vwbl0,wbl_writeback,0,dc,0.0,0.0,0.0,0.0,6.44011e-23,True,True
fs,27,idl_o,idle,one,vwbl1_idl_o,vwbl1,wbl_writeback,1,dc,0.0,0.0,0.0,0.0,6.44088e-23,True,True
fs,27,idl_o,idle,one,vwbl2_idl_o,vwbl2,wbl_writeback,2,dc,0.0,0.0,0.0,0.0,6.44086e-23,True,True
fs,27,idl_o,idle,one,vwbl3_idl_o,vwbl3,wbl_writeback,3,dc,0.0,0.0,0.0,0.0,6.44009e-23,True,True
fs,27,idl_o,idle,one,vrwl0_idl_o,vrwl0,rwl_selected,0,dc,1.8,6.18829e-22,6.18829e-22,0.0,-3.43794e-22,True,True
fs,27,idl_o,idle,one,vrwl1_idl_o,vrwl1,rwl_deselected,1,dc,1.8,6.18689e-22,6.18689e-22,0.0,-3.43716e-22,True,True
fs,27,idl_o,idle,one,vrwl2_idl_o,vrwl2,rwl_deselected,2,dc,1.8,6.18716e-22,6.18716e-22,0.0,-3.43731e-22,True,True
fs,27,idl_o,idle,one,vrwl3_idl_o,vrwl3,rwl_deselected,3,dc,1.8,6.1889e-22,6.1889e-22,0.0,-3.43828e-22,True,True
fs,27,idl_o,idle,one,vwwl0_idl_o,vwwl0,wwl_selected,0,dc,0.0,0.0,0.0,0.0,-2.66664e-23,True,True
fs,27,idl_o,idle,one,vwwl1_idl_o,vwwl1,wwl_deselected,1,dc,0.0,0.0,0.0,0.0,-2.59397e-23,True,True
fs,27,idl_o,idle,one,vwwl2_idl_o,vwwl2,wwl_deselected,2,dc,0.0,0.0,0.0,0.0,-2.59405e-23,True,True
fs,27,idl_o,idle,one,vwwl3_idl_o,vwwl3,wwl_deselected,3,dc,0.0,0.0,0.0,0.0,-2.6428e-23,True,True
fs,27,idl_o,idle,one,vbody_idl_o,vbody,body_bias_gnd,,dc,0.0,0.0,0.0,0.0,2.55818e-21,True,True
fs,27,idl_o,idle,one,vsub_idl_o,vsub,substrate_vsubs,,dc,0.0,0.0,0.0,0.0,-3.77955e-22,True,True
fs,27,idl_c,idle,checker,vpre0_idl_c,vpre0,rbl_precharge,0,dc,0.9,2.03897e-22,2.03897e-22,0.0,-2.26553e-22,True,True
fs,27,idl_c,idle,checker,vpre1_idl_c,vpre1,rbl_precharge,1,dc,0.9,2.03442e-22,2.03442e-22,0.0,-2.26047e-22,True,True
fs,27,idl_c,idle,checker,vpre2_idl_c,vpre2,rbl_precharge,2,dc,0.9,2.04075e-22,2.04075e-22,0.0,-2.2675e-22,True,True
fs,27,idl_c,idle,checker,vpre3_idl_c,vpre3,rbl_precharge,3,dc,0.9,2.03401e-22,2.03401e-22,0.0,-2.26001e-22,True,True
fs,27,idl_c,idle,checker,vwbl0_idl_c,vwbl0,wbl_writeback,0,dc,0.0,0.0,0.0,0.0,3.22027e-23,True,True
fs,27,idl_c,idle,checker,vwbl1_idl_c,vwbl1,wbl_writeback,1,dc,0.0,0.0,0.0,0.0,3.22014e-23,True,True
fs,27,idl_c,idle,checker,vwbl2_idl_c,vwbl2,wbl_writeback,2,dc,0.0,0.0,0.0,0.0,3.22075e-23,True,True
fs,27,idl_c,idle,checker,vwbl3_idl_c,vwbl3,wbl_writeback,3,dc,0.0,0.0,0.0,0.0,3.21974e-23,True,True
fs,27,idl_c,idle,checker,vrwl0_idl_c,vrwl0,rwl_selected,0,dc,1.8,5.96013e-22,5.96013e-22,0.0,-3.31118e-22,True,True
fs,27,idl_c,idle,checker,vrwl1_idl_c,vrwl1,rwl_deselected,1,dc,1.8,5.94125e-22,5.94125e-22,0.0,-3.3007e-22,True,True
fs,27,idl_c,idle,checker,vrwl2_idl_c,vrwl2,rwl_deselected,2,dc,1.8,5.96176e-22,5.96176e-22,0.0,-3.31209e-22,True,True
fs,27,idl_c,idle,checker,vrwl3_idl_c,vrwl3,rwl_deselected,3,dc,1.8,5.94182e-22,5.94182e-22,0.0,-3.30101e-22,True,True
fs,27,idl_c,idle,checker,vwwl0_idl_c,vwwl0,wwl_selected,0,dc,0.0,0.0,0.0,0.0,-1.35024e-23,True,True
fs,27,idl_c,idle,checker,vwwl1_idl_c,vwwl1,wwl_deselected,1,dc,0.0,0.0,0.0,0.0,-1.27268e-23,True,True
fs,27,idl_c,idle,checker,vwwl2_idl_c,vwwl2,wwl_deselected,2,dc,0.0,0.0,0.0,0.0,-1.32134e-23,True,True
fs,27,idl_c,idle,checker,vwwl3_idl_c,vwwl3,wwl_deselected,3,dc,0.0,0.0,0.0,0.0,-1.29705e-23,True,True
fs,27,idl_c,idle,checker,vbody_idl_c,vbody,body_bias_gnd,,dc,0.0,0.0,0.0,0.0,2.34129e-21,True,True
fs,27,idl_c,idle,checker,vsub_idl_c,vsub,substrate_vsubs,,dc,0.0,0.0,0.0,0.0,-1.89011e-22,True,True
fs,27,idl_i,idle,inv_checker,vpre0_idl_i,vpre0,rbl_precharge,0,dc,0.9,2.03479e-22,2.03479e-22,0.0,-2.26088e-22,True,True
fs,27,idl_i,idle,inv_checker,vpre1_idl_i,vpre1,rbl_precharge,1,dc,0.9,2.03945e-22,2.03945e-22,0.0,-2.26606e-22,True,True
fs,27,idl_i,idle,inv_checker,vpre2_idl_i,vpre2,rbl_precharge,2,dc,0.9,2.03549e-22,2.03549e-22,0.0,-2.26165e-22,True,True
fs,27,idl_i,idle,inv_checker,vpre3_idl_i,vpre3,rbl_precharge,3,dc,0.9,2.03906e-22,2.03906e-22,0.0,-2.26563e-22,True,True
fs,27,idl_i,idle,inv_checker,vwbl0_idl_i,vwbl0,wbl_writeback,0,dc,0.0,0.0,0.0,0.0,3.21985e-23,True,True
fs,27,idl_i,idle,inv_checker,vwbl1_idl_i,vwbl1,wbl_writeback,1,dc,0.0,0.0,0.0,0.0,3.22075e-23,True,True
fs,27,idl_i,idle,inv_checker,vwbl2_idl_i,vwbl2,wbl_writeback,2,dc,0.0,0.0,0.0,0.0,3.22015e-23,True,True
fs,27,idl_i,idle,inv_checker,vwbl3_idl_i,vwbl3,wbl_writeback,3,dc,0.0,0.0,0.0,0.0,3.22035e-23,True,True
fs,27,idl_i,idle,inv_checker,vrwl0_idl_i,vrwl0,rwl_selected,0,dc,1.8,5.94151e-22,5.94151e-22,0.0,-3.30084e-22,True,True
fs,27,idl_i,idle,inv_checker,vrwl1_idl_i,vrwl1,rwl_deselected,1,dc,1.8,5.96305e-22,5.96305e-22,0.0,-3.3128e-22,True,True
fs,27,idl_i,idle,inv_checker,vrwl2_idl_i,vrwl2,rwl_deselected,2,dc,1.8,5.9413e-22,5.9413e-22,0.0,-3.30072e-22,True,True
fs,27,idl_i,idle,inv_checker,vrwl3_idl_i,vrwl3,rwl_deselected,3,dc,1.8,5.96101e-22,5.96101e-22,0.0,-3.31167e-22,True,True
fs,27,idl_i,idle,inv_checker,vwwl0_idl_i,vwwl0,wwl_selected,0,dc,0.0,0.0,0.0,0.0,-1.31616e-23,True,True
fs,27,idl_i,idle,inv_checker,vwwl1_idl_i,vwwl1,wwl_deselected,1,dc,0.0,0.0,0.0,0.0,-1.32124e-23,True,True
fs,27,idl_i,idle,inv_checker,vwwl2_idl_i,vwwl2,wwl_deselected,2,dc,0.0,0.0,0.0,0.0,-1.27263e-23,True,True
fs,27,idl_i,idle,inv_checker,vwwl3_idl_i,vwwl3,wwl_deselected,3,dc,0.0,0.0,0.0,0.0,-1.34572e-23,True,True
fs,27,idl_i,idle,inv_checker,vbody_idl_i,vbody,body_bias_gnd,,dc,0.0,0.0,0.0,0.0,2.34138e-21,True,True
fs,27,idl_i,idle,inv_checker,vsub_idl_i,vsub,substrate_vsubs,,dc,0.0,0.0,0.0,0.0,-1.8893e-22,True,True
fs,27,nop_c,nop,checker,vpre0_nop_c,vpre0,rbl_precharge,0,dc,0.9,2.0367e-22,2.0367e-22,0.0,-2.263e-22,True,True
fs,27,nop_c,nop,checker,vpre1_nop_c,vpre1,rbl_precharge,1,dc,0.9,2.03338e-22,2.03338e-22,0.0,-2.25931e-22,True,True
fs,27,nop_c,nop,checker,vpre2_nop_c,vpre2,rbl_precharge,2,dc,0.9,2.03821e-22,2.03821e-22,0.0,-2.26468e-22,True,True
fs,27,nop_c,nop,checker,vpre3_nop_c,vpre3,rbl_precharge,3,dc,0.9,2.03312e-22,2.03312e-22,0.0,-2.25902e-22,True,True
fs,27,nop_c,nop,checker,vwbl0_nop_c,vwbl0,wbl_writeback,0,dc,0.0,0.0,0.0,0.0,3.22027e-23,True,True
fs,27,nop_c,nop,checker,vwbl1_nop_c,vwbl1,wbl_writeback,1,dc,0.0,0.0,0.0,0.0,3.22014e-23,True,True
fs,27,nop_c,nop,checker,vwbl2_nop_c,vwbl2,wbl_writeback,2,dc,0.0,0.0,0.0,0.0,3.22075e-23,True,True
fs,27,nop_c,nop,checker,vwbl3_nop_c,vwbl3,wbl_writeback,3,dc,0.0,0.0,0.0,0.0,3.21974e-23,True,True
fs,27,nop_c,nop,checker,vrwl0_nop_c,vrwl0,rwl_selected,0,dc,1.8,5.9604e-22,5.9604e-22,0.0,-3.31133e-22,True,True
fs,27,nop_c,nop,checker,vrwl1_nop_c,vrwl1,rwl_deselected,1,dc,1.8,5.94131e-22,5.94131e-22,0.0,-3.30073e-22,True,True
fs,27,nop_c,nop,checker,vrwl2_nop_c,vrwl2,rwl_deselected,2,dc,1.8,5.93789e-22,5.93789e-22,0.0,-3.29883e-22,True,True
fs,27,nop_c,nop,checker,vrwl3_nop_c,vrwl3,rwl_deselected,3,dc,1.8,5.97075e-22,5.97075e-22,0.0,-3.31708e-22,True,True
fs,27,nop_c,nop,checker,vwwl0_nop_c,vwwl0,wwl_selected,0,dc,0.0,0.0,0.0,0.0,-1.35015e-23,True,True
fs,27,nop_c,nop,checker,vwwl1_nop_c,vwwl1,wwl_deselected,1,dc,0.0,0.0,0.0,0.0,-1.27267e-23,True,True
fs,27,nop_c,nop,checker,vwwl2_nop_c,vwwl2,wwl_deselected,2,dc,0.0,0.0,0.0,0.0,-1.3214e-23,True,True
fs,27,nop_c,nop,checker,vwwl3_nop_c,vwwl3,wwl_deselected,3,dc,0.0,0.0,0.0,0.0,-1.29707e-23,True,True
fs,27,nop_c,nop,checker,vbody_nop_c,vbody,body_bias_gnd,,dc,0.0,0.0,0.0,0.0,2.3413e-21,True,True
fs,27,nop_c,nop,checker,vsub_nop_c,vsub,substrate_vsubs,,dc,0.0,0.0,0.0,0.0,-1.89009e-22,True,True
fs,125,act_z,active,zero,vpre0_act_z,vpre0,rbl_precharge,0,dc,0.9,1.46125e-18,3.12065e-17,2.97452e-17,-1.62361e-18,True,True
fs,125,act_z,active,zero,vpre1_act_z,vpre1,rbl_precharge,1,dc,0.9,2.95208e-19,3.01124e-17,2.98172e-17,-3.28009e-19,True,True
fs,125,act_z,active,zero,vpre2_act_z,vpre2,rbl_precharge,2,dc,0.9,2.93322e-19,3.02013e-17,2.9908e-17,-3.25914e-19,True,True
fs,125,act_z,active,zero,vpre3_act_z,vpre3,rbl_precharge,3,dc,0.9,-1.01748e-19,2.05256e-17,2.06274e-17,1.13053e-19,True,True
fs,125,act_z,active,zero,vwbl0_act_z,vwbl0,wbl_writeback,0,dc,0.0,0.0,0.0,0.0,5.88696e-18,True,True
fs,125,act_z,active,zero,vwbl1_act_z,vwbl1,wbl_writeback,1,dc,0.0,0.0,0.0,0.0,-1.02145e-17,True,True
fs,125,act_z,active,zero,vwbl2_act_z,vwbl2,wbl_writeback,2,dc,0.0,0.0,0.0,0.0,-1.02293e-17,True,True
fs,125,act_z,active,zero,vwbl3_act_z,vwbl3,wbl_writeback,3,dc,0.0,0.0,0.0,0.0,-1.56564e-17,True,True
fs,125,act_z,active,zero,vrwl0_act_z,vrwl0,rwl_selected,0,pwl,,3.18784e-17,5.062e-15,5.03012e-15,-9.06548e-18,True,
fs,125,act_z,active,zero,vrwl1_act_z,vrwl1,rwl_deselected,1,dc,1.8,1.99075e-18,8.61442e-18,6.62367e-18,-1.10597e-18,True,True
fs,125,act_z,active,zero,vrwl2_act_z,vrwl2,rwl_deselected,2,dc,1.8,1.99075e-18,8.61442e-18,6.62367e-18,-1.10597e-18,True,True
fs,125,act_z,active,zero,vrwl3_act_z,vrwl3,rwl_deselected,3,dc,1.8,2.00928e-18,8.09785e-18,6.08857e-18,-1.11627e-18,True,True
fs,125,act_z,active,zero,vwwl0_act_z,vwwl0,wwl_selected,0,pwl,,8.11719e-17,7.81304e-15,7.73187e-15,7.36124e-18,True,
fs,125,act_z,active,zero,vwwl1_act_z,vwwl1,wwl_deselected,1,dc,0.0,0.0,0.0,0.0,5.88069e-21,True,True
fs,125,act_z,active,zero,vwwl2_act_z,vwwl2,wwl_deselected,2,dc,0.0,0.0,0.0,0.0,5.88069e-21,True,True
fs,125,act_z,active,zero,vwwl3_act_z,vwwl3,wwl_deselected,3,dc,0.0,0.0,0.0,0.0,4.0292e-21,True,True
fs,125,act_z,active,zero,vbody_act_z,vbody,body_bias_gnd,,dc,0.0,0.0,0.0,0.0,2.74872e-17,True,True
fs,125,act_z,active,zero,vsub_act_z,vsub,substrate_vsubs,,dc,0.0,0.0,0.0,0.0,9.90713e-18,True,True
fs,125,act_o,active,one,vpre0_act_o,vpre0,rbl_precharge,0,dc,0.9,2.08752e-15,3.03276e-15,9.45243e-16,-2.31946e-15,True,True
fs,125,act_o,active,one,vpre1_act_o,vpre1,rbl_precharge,1,dc,0.9,2.0797e-15,3.03054e-15,9.50842e-16,-2.31077e-15,True,True
fs,125,act_o,active,one,vpre2_act_o,vpre2,rbl_precharge,2,dc,0.9,2.07968e-15,3.02701e-15,9.47326e-16,-2.31076e-15,True,True
fs,125,act_o,active,one,vpre3_act_o,vpre3,rbl_precharge,3,dc,0.9,1.80864e-15,2.72138e-15,9.12747e-16,-2.0096e-15,True,True
fs,125,act_o,active,one,vwbl0_act_o,vwbl0,wbl_writeback,0,pwl,,1.1064e-15,5.16097e-15,4.05456e-15,-4.79102e-16,True,
fs,125,act_o,active,one,vwbl1_act_o,vwbl1,wbl_writeback,1,pwl,,1.08384e-15,5.48864e-15,4.4048e-15,-4.97323e-16,True,
fs,125,act_o,active,one,vwbl2_act_o,vwbl2,wbl_writeback,2,pwl,,1.08583e-15,5.49582e-15,4.40999e-15,-4.97278e-16,True,
fs,125,act_o,active,one,vwbl3_act_o,vwbl3,wbl_writeback,3,pwl,,1.10378e-15,5.53288e-15,4.42909e-15,-5.06919e-16,True,
fs,125,act_o,active,one,vrwl0_act_o,vrwl0,rwl_selected,0,pwl,,8.18069e-16,5.84243e-15,5.02436e-15,2.57006e-13,True,
fs,125,act_o,active,one,vrwl1_act_o,vrwl1,rwl_deselected,1,dc,1.8,1.39472e-13,1.39745e-13,2.7337e-16,-7.74843e-14,True,True
fs,125,act_o,active,one,vrwl2_act_o,vrwl2,rwl_deselected,2,dc,1.8,1.39472e-13,1.39745e-13,2.7337e-16,-7.74843e-14,True,True
fs,125,act_o,active,one,vrwl3_act_o,vrwl3,rwl_deselected,3,dc,1.8,1.67107e-13,1.67353e-13,2.45374e-16,-9.28374e-14,True,True
fs,125,act_o,active,one,vwwl0_act_o,vwwl0,wwl_selected,0,pwl,,-1.1173e-15,5.66336e-15,6.78067e-15,1.90475e-16,True,
fs,125,act_o,active,one,vwwl1_act_o,vwwl1,wwl_deselected,1,dc,0.0,0.0,0.0,0.0,2.50108e-20,True,True
fs,125,act_o,active,one,vwwl2_act_o,vwwl2,wwl_deselected,2,dc,0.0,0.0,0.0,0.0,2.50108e-20,True,True
fs,125,act_o,active,one,vwwl3_act_o,vwwl3,wwl_deselected,3,dc,0.0,0.0,0.0,0.0,9.99602e-20,True,True
fs,125,act_o,active,one,vbody_act_o,vbody,body_bias_gnd,,dc,0.0,0.0,0.0,0.0,8.58312e-16,True,True
fs,125,act_o,active,one,vsub_act_o,vsub,substrate_vsubs,,dc,0.0,0.0,0.0,0.0,6.82074e-16,True,True
fs,125,act_c,active,checker,vpre0_act_c,vpre0,rbl_precharge,0,dc,0.9,1.95291e-15,2.92507e-15,9.72165e-16,-2.1699e-15,True,True
fs,125,act_c,active,checker,vpre1_act_c,vpre1,rbl_precharge,1,dc,0.9,1.13681e-18,9.7982e-17,9.68452e-17,-1.26312e-18,True,True
fs,125,act_c,active,checker,vpre2_act_c,vpre2,rbl_precharge,2,dc,0.9,1.94448e-15,2.91829e-15,9.7381e-16,-2.16053e-15,True,True
fs,125,act_c,active,checker,vpre3_act_c,vpre3,rbl_precharge,3,dc,0.9,-5.118e-20,2.06023e-17,2.06535e-17,5.68667e-20,True,True
fs,125,act_c,active,checker,vwbl0_act_c,vwbl0,wbl_writeback,0,pwl,,1.11977e-15,5.17341e-15,4.05364e-15,-4.86763e-16,True,
fs,125,act_c,active,checker,vwbl1_act_c,vwbl1,wbl_writeback,1,dc,0.0,0.0,0.0,0.0,-5.80424e-19,True,True
fs,125,act_c,active,checker,vwbl2_act_c,vwbl2,wbl_writeback,2,pwl,,1.14353e-15,5.44578e-15,4.30225e-15,-5.04851e-16,True,
fs,125,act_c,active,checker,vwbl3_act_c,vwbl3,wbl_writeback,3,dc,0.0,0.0,0.0,0.0,-1.57277e-17,True,True
fs,125,act_c,active,checker,vrwl0_act_c,vrwl0,rwl_selected,0,pwl,,4.65439e-16,5.49699e-15,5.03155e-15,6.23074e-14,True,
fs,125,act_c,active,checker,vrwl1_act_c,vrwl1,rwl_deselected,1,dc,1.8,1.92162e-18,1.91449e-16,1.89528e-16,-1.06757e-18,True,True
fs,125,act_c,active,checker,vrwl2_act_c,vrwl2,rwl_deselected,2,dc,1.8,1.04094e-13,1.04201e-13,1.06855e-16,-5.78299e-14,True,True
fs,125,act_c,active,checker,vrwl3_act_c,vrwl3,rwl_deselected,3,dc,1.8,2.00427e-18,1.82534e-16,1.8053e-16,-1.11348e-18,True,True
fs,125,act_c,active,checker,vwwl0_act_c,vwwl0,wwl_selected,0,pwl,,-5.19181e-16,6.71449e-15,7.23367e-15,1.0029e-16,True,
fs,125,act_c,active,checker,vwwl1_act_c,vwwl1,wwl_deselected,1,dc,0.0,0.0,0.0,0.0,1.58637e-19,True,True
fs,125,act_c,active,checker,vwwl2_act_c,vwwl2,wwl_deselected,2,dc,0.0,0.0,0.0,0.0,2.75649e-21,True,True
fs,125,act_c,active,checker,vwwl3_act_c,vwwl3,wwl_deselected,3,dc,0.0,0.0,0.0,0.0,1.31191e-19,True,True
fs,125,act_c,active,checker,vbody_act_c,vbody,body_bias_gnd,,dc,0.0,0.0,0.0,0.0,4.15373e-16,True,True
fs,125,act_c,active,checker,vsub_act_c,vsub,substrate_vsubs,,dc,0.0,0.0,0.0,0.0,3.48283e-16,True,True
fs,125,act_i,active,inv_checker,vpre0_act_i,vpre0,rbl_precharge,0,dc,0.9,2.31024e-18,9.78688e-17,9.55585e-17,-2.56694e-18,True,True
fs,125,act_i,active,inv_checker,vpre1_act_i,vpre1,rbl_precharge,1,dc,0.9,1.94449e-15,2.92203e-15,9.77543e-16,-2.16054e-15,True,True
fs,125,act_i,active,inv_checker,vpre2_act_i,vpre2,rbl_precharge,2,dc,0.9,1.13558e-18,9.78068e-17,9.66712e-17,-1.26175e-18,True,True
fs,125,act_i,active,inv_checker,vpre3_act_i,vpre3,rbl_precharge,3,dc,0.9,1.82628e-15,2.75019e-15,9.23914e-16,-2.0292e-15,True,True
fs,125,act_i,active,inv_checker,vwbl0_act_i,vwbl0,wbl_writeback,0,dc,0.0,0.0,0.0,0.0,1.55293e-17,True,True
fs,125,act_i,active,inv_checker,vwbl1_act_i,vwbl1,wbl_writeback,1,pwl,,1.14403e-15,5.4414e-15,4.29737e-15,-5.04905e-16,True,
fs,125,act_i,active,inv_checker,vwbl2_act_i,vwbl2,wbl_writeback,2,dc,0.0,0.0,0.0,0.0,-6.09298e-19,True,True
fs,125,act_i,active,inv_checker,vwbl3_act_i,vwbl3,wbl_writeback,3,pwl,,1.16191e-15,5.48268e-15,4.32078e-15,-5.14545e-16,True,
fs,125,act_i,active,inv_checker,vrwl0_act_i,vrwl0,rwl_selected,0,pwl,,4.99036e-16,5.52932e-15,5.03028e-15,6.20273e-14,True,
fs,125,act_i,active,inv_checker,vrwl1_act_i,vrwl1,rwl_deselected,1,dc,1.8,1.89217e-18,1.99304e-16,1.97412e-16,-1.05121e-18,True,True
fs,125,act_i,active,inv_checker,vrwl2_act_i,vrwl2,rwl_deselected,2,dc,1.8,1.0383e-13,1.03951e-13,1.20335e-16,-5.76835e-14,True,True
fs,125,act_i,active,inv_checker,vrwl3_act_i,vrwl3,rwl_deselected,3,dc,1.8,1.98343e-18,1.9356e-16,1.91577e-16,-1.1019e-18,True,True
fs,125,act_i,active,inv_checker,vwwl0_act_i,vwwl0,wwl_selected,0,pwl,,-5.22773e-16,6.71023e-15,7.233e-15,9.80737e-17,True,
fs,125,act_i,active,inv_checker,vwwl1_act_i,vwwl1,wwl_deselected,1,dc,0.0,0.0,0.0,0.0,1.88191e-19,True,True
fs,125,act_i,active,inv_checker,vwwl2_act_i,vwwl2,wwl_deselected,2,dc,0.0,0.0,0.0,0.0,4.87295e-20,True,True
fs,125,act_i,active,inv_checker,vwwl3_act_i,vwwl3,wwl_deselected,3,dc,0.0,0.0,0.0,0.0,1.4013e-19,True,True
fs,125,act_i,active,inv_checker,vbody_act_i,vbody,body_bias_gnd,,dc,0.0,0.0,0.0,0.0,4.10854e-16,True,True
fs,125,act_i,active,inv_checker,vsub_act_i,vsub,substrate_vsubs,,dc,0.0,0.0,0.0,0.0,3.47203e-16,True,True
fs,125,idl_z,idle,zero,vpre0_idl_z,vpre0,rbl_precharge,0,dc,0.9,1.07137e-18,1.07137e-18,0.0,-1.19041e-18,True,True
fs,125,idl_z,idle,zero,vpre1_idl_z,vpre1,rbl_precharge,1,dc,0.9,1.07137e-18,1.07137e-18,0.0,-1.19041e-18,True,True
fs,125,idl_z,idle,zero,vpre2_idl_z,vpre2,rbl_precharge,2,dc,0.9,1.07137e-18,1.07137e-18,0.0,-1.19041e-18,True,True
fs,125,idl_z,idle,zero,vpre3_idl_z,vpre3,rbl_precharge,3,dc,0.9,1.07137e-18,1.07137e-18,0.0,-1.19041e-18,True,True
fs,125,idl_z,idle,zero,vwbl0_idl_z,vwbl0,wbl_writeback,0,dc,0.0,0.0,0.0,0.0,5.56884e-30,True,True
fs,125,idl_z,idle,zero,vwbl1_idl_z,vwbl1,wbl_writeback,1,dc,0.0,0.0,0.0,0.0,1.95305e-27,True,True
fs,125,idl_z,idle,zero,vwbl2_idl_z,vwbl2,wbl_writeback,2,dc,0.0,0.0,0.0,0.0,2.49462e-27,True,True
fs,125,idl_z,idle,zero,vwbl3_idl_z,vwbl3,wbl_writeback,3,dc,0.0,0.0,0.0,0.0,2.08084e-27,True,True
fs,125,idl_z,idle,zero,vrwl0_idl_z,vrwl0,rwl_selected,0,dc,1.8,2.14293e-18,2.14293e-18,0.0,-1.19051e-18,True,True
fs,125,idl_z,idle,zero,vrwl1_idl_z,vrwl1,rwl_deselected,1,dc,1.8,2.14293e-18,2.14293e-18,0.0,-1.19051e-18,True,True
fs,125,idl_z,idle,zero,vrwl2_idl_z,vrwl2,rwl_deselected,2,dc,1.8,2.14293e-18,2.14293e-18,0.0,-1.19051e-18,True,True
fs,125,idl_z,idle,zero,vrwl3_idl_z,vrwl3,rwl_deselected,3,dc,1.8,2.14293e-18,2.14293e-18,0.0,-1.19052e-18,True,True
fs,125,idl_z,idle,zero,vwwl0_idl_z,vwwl0,wwl_selected,0,dc,0.0,0.0,0.0,0.0,1.69877e-27,True,True
fs,125,idl_z,idle,zero,vwwl1_idl_z,vwwl1,wwl_deselected,1,dc,0.0,0.0,0.0,0.0,1.74503e-27,True,True
fs,125,idl_z,idle,zero,vwwl2_idl_z,vwwl2,wwl_deselected,2,dc,0.0,0.0,0.0,0.0,1.83949e-27,True,True
fs,125,idl_z,idle,zero,vwwl3_idl_z,vwwl3,wwl_deselected,3,dc,0.0,0.0,0.0,0.0,1.42989e-27,True,True
fs,125,idl_z,idle,zero,vbody_idl_z,vbody,body_bias_gnd,,dc,0.0,0.0,0.0,0.0,9.5237e-18,True,True
fs,125,idl_z,idle,zero,vsub_idl_z,vsub,substrate_vsubs,,dc,0.0,0.0,0.0,0.0,1.05179e-25,True,True
fs,125,idl_o,idle,one,vpre0_idl_o,vpre0,rbl_precharge,0,dc,0.9,1.17384e-18,1.17384e-18,0.0,-1.30427e-18,True,True
fs,125,idl_o,idle,one,vpre1_idl_o,vpre1,rbl_precharge,1,dc,0.9,1.1735e-18,1.1735e-18,0.0,-1.30389e-18,True,True
fs,125,idl_o,idle,one,vpre2_idl_o,vpre2,rbl_precharge,2,dc,0.9,1.1735e-18,1.1735e-18,0.0,-1.30389e-18,True,True
fs,125,idl_o,idle,one,vpre3_idl_o,vpre3,rbl_precharge,3,dc,0.9,1.17382e-18,1.17382e-18,0.0,-1.30425e-18,True,True
fs,125,idl_o,idle,one,vwbl0_idl_o,vwbl0,wbl_writeback,0,dc,0.0,0.0,0.0,0.0,3.6446e-20,True,True
fs,125,idl_o,idle,one,vwbl1_idl_o,vwbl1,wbl_writeback,1,dc,0.0,0.0,0.0,0.0,3.64805e-20,True,True
fs,125,idl_o,idle,one,vwbl2_idl_o,vwbl2,wbl_writeback,2,dc,0.0,0.0,0.0,0.0,3.64805e-20,True,True
fs,125,idl_o,idle,one,vwbl3_idl_o,vwbl3,wbl_writeback,3,dc,0.0,0.0,0.0,0.0,3.64478e-20,True,True
fs,125,idl_o,idle,one,vrwl0_idl_o,vrwl0,rwl_selected,0,dc,1.8,2.35477e-18,2.35477e-18,0.0,-1.3082e-18,True,True
fs,125,idl_o,idle,one,vrwl1_idl_o,vrwl1,rwl_deselected,1,dc,1.8,2.35292e-18,2.35292e-18,0.0,-1.30718e-18,True,True
fs,125,idl_o,idle,one,vrwl2_idl_o,vrwl2,rwl_deselected,2,dc,1.8,2.35292e-18,2.35292e-18,0.0,-1.30718e-18,True,True
fs,125,idl_o,idle,one,vrwl3_idl_o,vrwl3,rwl_deselected,3,dc,1.8,2.35691e-18,2.35691e-18,0.0,-1.3094e-18,True,True
fs,125,idl_o,idle,one,vwwl0_idl_o,vwwl0,wwl_selected,0,dc,0.0,0.0,0.0,0.0,-1.17118e-19,True,True
fs,125,idl_o,idle,one,vwwl1_idl_o,vwwl1,wwl_deselected,1,dc,0.0,0.0,0.0,0.0,-1.13969e-19,True,True
fs,125,idl_o,idle,one,vwwl2_idl_o,vwwl2,wwl_deselected,2,dc,0.0,0.0,0.0,0.0,-1.13969e-19,True,True
fs,125,idl_o,idle,one,vwwl3_idl_o,vwwl3,wwl_deselected,3,dc,0.0,0.0,0.0,0.0,-1.16149e-19,True,True
fs,125,idl_o,idle,one,vbody_idl_o,vbody,body_bias_gnd,,dc,0.0,0.0,0.0,0.0,1.24247e-17,True,True
fs,125,idl_o,idle,one,vsub_idl_o,vsub,substrate_vsubs,,dc,0.0,0.0,0.0,0.0,-1.66107e-18,True,True
fs,125,idl_c,idle,checker,vpre0_idl_c,vpre0,rbl_precharge,0,dc,0.9,1.12367e-18,1.12367e-18,0.0,-1.24853e-18,True,True
fs,125,idl_c,idle,checker,vpre1_idl_c,vpre1,rbl_precharge,1,dc,0.9,1.1214e-18,1.1214e-18,0.0,-1.246e-18,True,True
fs,125,idl_c,idle,checker,vpre2_idl_c,vpre2,rbl_precharge,2,dc,0.9,1.12347e-18,1.12347e-18,0.0,-1.2483e-18,True,True
fs,125,idl_c,idle,checker,vpre3_idl_c,vpre3,rbl_precharge,3,dc,0.9,1.12156e-18,1.12156e-18,0.0,-1.24617e-18,True,True
fs,125,idl_c,idle,checker,vwbl0_idl_c,vwbl0,wbl_writeback,0,dc,0.0,0.0,0.0,0.0,1.8234e-20,True,True
fs,125,idl_c,idle,checker,vwbl1_idl_c,vwbl1,wbl_writeback,1,dc,0.0,0.0,0.0,0.0,1.82263e-20,True,True
fs,125,idl_c,idle,checker,vwbl2_idl_c,vwbl2,wbl_writeback,2,dc,0.0,0.0,0.0,0.0,1.82541e-20,True,True
fs,125,idl_c,idle,checker,vwbl3_idl_c,vwbl3,wbl_writeback,3,dc,0.0,0.0,0.0,0.0,1.82099e-20,True,True
fs,125,idl_c,idle,checker,vrwl0_idl_c,vrwl0,rwl_selected,0,dc,1.8,2.24681e-18,2.24681e-18,0.0,-1.24823e-18,True,True
fs,125,idl_c,idle,checker,vrwl1_idl_c,vrwl1,rwl_deselected,1,dc,1.8,2.25001e-18,2.25001e-18,0.0,-1.25e-18,True,True
fs,125,idl_c,idle,checker,vrwl2_idl_c,vrwl2,rwl_deselected,2,dc,1.8,2.24584e-18,2.24584e-18,0.0,-1.24769e-18,True,True
fs,125,idl_c,idle,checker,vrwl3_idl_c,vrwl3,rwl_deselected,3,dc,1.8,2.25204e-18,2.25204e-18,0.0,-1.25113e-18,True,True
fs,125,idl_c,idle,checker,vwwl0_idl_c,vwwl0,wwl_selected,0,dc,0.0,0.0,0.0,0.0,-5.93103e-20,True,True
fs,125,idl_c,idle,checker,vwwl1_idl_c,vwwl1,wwl_deselected,1,dc,0.0,0.0,0.0,0.0,-5.59196e-20,True,True
fs,125,idl_c,idle,checker,vwwl2_idl_c,vwwl2,wwl_deselected,2,dc,0.0,0.0,0.0,0.0,-5.80491e-20,True,True
fs,125,idl_c,idle,checker,vwwl3_idl_c,vwwl3,wwl_deselected,3,dc,0.0,0.0,0.0,0.0,-5.69897e-20,True,True
fs,125,idl_c,idle,checker,vbody_idl_c,vbody,body_bias_gnd,,dc,0.0,0.0,0.0,0.0,1.09741e-17,True,True
fs,125,idl_c,idle,checker,vsub_idl_c,vsub,substrate_vsubs,,dc,0.0,0.0,0.0,0.0,-8.30653e-19,True,True
fs,125,idl_i,idle,inv_checker,vpre0_idl_i,vpre0,rbl_precharge,0,dc,0.9,1.12154e-18,1.12154e-18,0.0,-1.24615e-18,True,True
fs,125,idl_i,idle,inv_checker,vpre1_idl_i,vpre1,rbl_precharge,1,dc,0.9,1.12347e-18,1.12347e-18,0.0,-1.2483e-18,True,True
fs,125,idl_i,idle,inv_checker,vpre2_idl_i,vpre2,rbl_precharge,2,dc,0.9,1.1214e-18,1.1214e-18,0.0,-1.246e-18,True,True
fs,125,idl_i,idle,inv_checker,vpre3_idl_i,vpre3,rbl_precharge,3,dc,0.9,1.12364e-18,1.12364e-18,0.0,-1.24849e-18,True,True
fs,125,idl_i,idle,inv_checker,vwbl0_idl_i,vwbl0,wbl_writeback,0,dc,0.0,0.0,0.0,0.0,1.8212e-20,True,True
fs,125,idl_i,idle,inv_checker,vwbl1_idl_i,vwbl1,wbl_writeback,1,dc,0.0,0.0,0.0,0.0,1.82541e-20,True,True
fs,125,idl_i,idle,inv_checker,vwbl2_idl_i,vwbl2,wbl_writeback,2,dc,0.0,0.0,0.0,0.0,1.82263e-20,True,True
fs,125,idl_i,idle,inv_checker,vwbl3_idl_i,vwbl3,wbl_writeback,3,dc,0.0,0.0,0.0,0.0,1.82379e-20,True,True
fs,125,idl_i,idle,inv_checker,vrwl0_idl_i,vrwl0,rwl_selected,0,dc,1.8,2.25089e-18,2.25089e-18,0.0,-1.25049e-18,True,True
fs,125,idl_i,idle,inv_checker,vrwl1_idl_i,vrwl1,rwl_deselected,1,dc,1.8,2.24584e-18,2.24584e-18,0.0,-1.24769e-18,True,True
fs,125,idl_i,idle,inv_checker,vrwl2_idl_i,vrwl2,rwl_deselected,2,dc,1.8,2.25001e-18,2.25001e-18,0.0,-1.25e-18,True,True
fs,125,idl_i,idle,inv_checker,vrwl3_idl_i,vrwl3,rwl_deselected,3,dc,1.8,2.2478e-18,2.2478e-18,0.0,-1.24878e-18,True,True
fs,125,idl_i,idle,inv_checker,vwwl0_idl_i,vwwl0,wwl_selected,0,dc,0.0,0.0,0.0,0.0,-5.78079e-20,True,True
fs,125,idl_i,idle,inv_checker,vwwl1_idl_i,vwwl1,wwl_deselected,1,dc,0.0,0.0,0.0,0.0,-5.80491e-20,True,True
fs,125,idl_i,idle,inv_checker,vwwl2_idl_i,vwwl2,wwl_deselected,2,dc,0.0,0.0,0.0,0.0,-5.59196e-20,True,True
fs,125,idl_i,idle,inv_checker,vwwl3_idl_i,vwwl3,wwl_deselected,3,dc,0.0,0.0,0.0,0.0,-5.91597e-20,True,True
fs,125,idl_i,idle,inv_checker,vbody_idl_i,vbody,body_bias_gnd,,dc,0.0,0.0,0.0,0.0,1.09743e-17,True,True
fs,125,idl_i,idle,inv_checker,vsub_idl_i,vsub,substrate_vsubs,,dc,0.0,0.0,0.0,0.0,-8.30414e-19,True,True
fs,125,nop_c,nop,checker,vpre0_nop_c,vpre0,rbl_precharge,0,dc,0.9,1.12367e-18,1.12367e-18,0.0,-1.24853e-18,True,True
fs,125,nop_c,nop,checker,vpre1_nop_c,vpre1,rbl_precharge,1,dc,0.9,1.1214e-18,1.1214e-18,0.0,-1.246e-18,True,True
fs,125,nop_c,nop,checker,vpre2_nop_c,vpre2,rbl_precharge,2,dc,0.9,1.12347e-18,1.12347e-18,0.0,-1.2483e-18,True,True
fs,125,nop_c,nop,checker,vpre3_nop_c,vpre3,rbl_precharge,3,dc,0.9,1.12156e-18,1.12156e-18,0.0,-1.24617e-18,True,True
fs,125,nop_c,nop,checker,vwbl0_nop_c,vwbl0,wbl_writeback,0,dc,0.0,0.0,0.0,0.0,1.8234e-20,True,True
fs,125,nop_c,nop,checker,vwbl1_nop_c,vwbl1,wbl_writeback,1,dc,0.0,0.0,0.0,0.0,1.82263e-20,True,True
fs,125,nop_c,nop,checker,vwbl2_nop_c,vwbl2,wbl_writeback,2,dc,0.0,0.0,0.0,0.0,1.82541e-20,True,True
fs,125,nop_c,nop,checker,vwbl3_nop_c,vwbl3,wbl_writeback,3,dc,0.0,0.0,0.0,0.0,1.82099e-20,True,True
fs,125,nop_c,nop,checker,vrwl0_nop_c,vrwl0,rwl_selected,0,dc,1.8,2.24681e-18,2.24681e-18,0.0,-1.24823e-18,True,True
fs,125,nop_c,nop,checker,vrwl1_nop_c,vrwl1,rwl_deselected,1,dc,1.8,2.25001e-18,2.25001e-18,0.0,-1.25e-18,True,True
fs,125,nop_c,nop,checker,vrwl2_nop_c,vrwl2,rwl_deselected,2,dc,1.8,2.24585e-18,2.24585e-18,0.0,-1.24769e-18,True,True
fs,125,nop_c,nop,checker,vrwl3_nop_c,vrwl3,rwl_deselected,3,dc,1.8,2.25204e-18,2.25204e-18,0.0,-1.25113e-18,True,True
fs,125,nop_c,nop,checker,vwwl0_nop_c,vwwl0,wwl_selected,0,dc,0.0,0.0,0.0,0.0,-5.93103e-20,True,True
fs,125,nop_c,nop,checker,vwwl1_nop_c,vwwl1,wwl_deselected,1,dc,0.0,0.0,0.0,0.0,-5.59196e-20,True,True
fs,125,nop_c,nop,checker,vwwl2_nop_c,vwwl2,wwl_deselected,2,dc,0.0,0.0,0.0,0.0,-5.80491e-20,True,True
fs,125,nop_c,nop,checker,vwwl3_nop_c,vwwl3,wwl_deselected,3,dc,0.0,0.0,0.0,0.0,-5.69897e-20,True,True
fs,125,nop_c,nop,checker,vbody_nop_c,vbody,body_bias_gnd,,dc,0.0,0.0,0.0,0.0,1.09741e-17,True,True
fs,125,nop_c,nop,checker,vsub_nop_c,vsub,substrate_vsubs,,dc,0.0,0.0,0.0,0.0,-8.30653e-19,True,True
