corner,temp_c,instance,regime,base,variant,init_negative,restoration_negative,pattern,kind,intended_data,intended_level_v,sn_ic_row0_v,pin_ic,t_prep_ns,sn_post_init_v,achieved_post_write_v,sn_op_start_v,pre_read_v,t_pre_read_ns,pre_read_minus_label_v,label_matches_pre_read,sn_during_sense_v,dec_v,decided,sense_correct,snend_v,sn_ref_v,restore_fraction,restored_90,restored_95,restored_98,outcome
tt,27,op1_0900_baseline_analog,legacy,baseline_analog,baseline_analog,False,False,op1_0.9,op1,1,0.9,0.9,False,0.0,1.02416,,,1.02491,3.9,0.12491,False,0.770401,-1.75475,1,True,1.32469,1.28381,1.031843,True,True,True,pass
tt,27,op1_1000_baseline_analog,legacy,baseline_analog,baseline_analog,False,False,op1_1,op1,1,1.0,1.0,False,0.0,1.14223,,,1.143,3.9,0.143,False,0.87318,-1.72448,1,True,1.31829,1.28381,1.026858,True,True,True,pass
tt,27,op0_n100_baseline_analog,legacy,baseline_analog,baseline_analog,False,False,op0_-0.1,op0,0,-0.1,-0.1,False,0.0,-0.0332164,,,-0.0325539,3.9,0.067446,False,-0.0999865,1.8,0,True,-0.000218439,1.28381,-0.00017,True,True,True,pass
tt,27,op0_0000_baseline_analog,legacy,baseline_analog,baseline_analog,False,False,op0_0,op0,0,0.0,0.0,False,0.0,0.0681987,,,0.068874,3.9,0.068874,False,5.59474e-07,1.8,0,True,-0.000218295,1.28381,-0.00017,True,True,True,pass
tt,27,op1_0900_rtl_hold,legacy,rtl_hold,rtl_hold,False,False,op1_0.9,op1,1,0.9,0.9,False,0.0,1.02416,,,1.02416,1.9,0.12416,False,0.770403,-1.75475,1,True,1.11171,1.28381,0.865946,False,False,False,stored1_below_threshold
tt,27,op1_1000_rtl_hold,legacy,rtl_hold,rtl_hold,False,False,op1_1,op1,1,1.0,1.0,False,0.0,1.14223,,,1.14223,1.9,0.14223,False,0.873182,-1.72448,1,True,1.11649,1.28381,0.869669,False,False,False,stored1_below_threshold
tt,27,op0_n100_rtl_hold,legacy,rtl_hold,rtl_hold,False,False,op0_-0.1,op0,0,-0.1,-0.1,False,0.0,-0.0332164,,,-0.0332193,1.9,0.066781,False,-0.0999876,1.8,0,True,-0.133721,1.28381,-0.104159,True,True,True,pass
tt,27,op0_0000_rtl_hold,legacy,rtl_hold,rtl_hold,False,False,op0_0,op0,0,0.0,0.0,False,0.0,0.0681987,,,0.0681956,1.9,0.068196,False,7.04341e-07,1.8,0,True,-0.133721,1.28381,-0.104159,True,True,True,pass
tt,27,op1_0900_rwl_late_hold,legacy,rwl_late_hold,rwl_late_hold,False,False,op1_0.9,op1,1,0.9,0.9,False,0.0,1.02416,,,1.02416,1.9,0.12416,False,0.770403,-1.75475,1,True,1.3247,1.28381,1.031851,True,True,True,pass
tt,27,op1_1000_rwl_late_hold,legacy,rwl_late_hold,rwl_late_hold,False,False,op1_1,op1,1,1.0,1.0,False,0.0,1.14223,,,1.14223,1.9,0.14223,False,0.873182,-1.72448,1,True,1.31829,1.28381,1.026858,True,True,True,pass
tt,27,op0_n100_rwl_late_hold,legacy,rwl_late_hold,rwl_late_hold,False,False,op0_-0.1,op0,0,-0.1,-0.1,False,0.0,-0.0332164,,,-0.0332193,1.9,0.066781,False,-0.0999876,1.8,0,True,-0.000230831,1.28381,-0.00018,True,True,True,pass
tt,27,op0_0000_rwl_late_hold,legacy,rwl_late_hold,rwl_late_hold,False,False,op0_0,op0,0,0.0,0.0,False,0.0,0.0681987,,,0.0681956,1.9,0.068196,False,7.04341e-07,1.8,0,True,-0.000230687,1.28381,-0.00018,True,True,True,pass
tt,27,op1_0900_neg_missing_wb,legacy,neg_missing_wb,neg_missing_wb,False,True,op1_0.9,op1,1,0.9,0.9,False,0.0,1.02416,,,1.02416,1.9,0.12416,False,0.770403,-1.75475,1,True,0.966536,1.28381,0.752865,False,False,False,stored1_below_threshold
tt,27,op1_1000_neg_missing_wb,legacy,neg_missing_wb,neg_missing_wb,False,True,op1_1,op1,1,1.0,1.0,False,0.0,1.14223,,,1.14223,1.9,0.14223,False,0.873182,-1.72448,1,True,1.09308,1.28381,0.851434,False,False,False,stored1_below_threshold
tt,27,op0_n100_neg_missing_wb,legacy,neg_missing_wb,neg_missing_wb,False,True,op0_-0.1,op0,0,-0.1,-0.1,False,0.0,-0.0332164,,,-0.0332193,1.9,0.066781,False,-0.0999876,1.8,0,True,0.0396234,1.28381,0.030864,True,True,True,pass
tt,27,op0_0000_neg_missing_wb,legacy,neg_missing_wb,neg_missing_wb,False,True,op0_0,op0,0,0.0,0.0,False,0.0,0.0681987,,,0.0681956,1.9,0.068196,False,7.04341e-07,1.8,0,True,0.14239,1.28381,0.110912,False,False,False,stored0_above_50mV
tt,27,op1_0900_pic_baseline_analog,pin_ic,baseline_analog,pic_baseline_analog,False,False,op1_0.9,op1,1,0.9,0.9,True,0.0,0.825292,,,0.826025,3.9,-0.073975,False,0.596364,-1.754,1,True,1.32466,1.28381,1.031819,True,True,True,pass
tt,27,op1_1000_pic_baseline_analog,pin_ic,baseline_analog,pic_baseline_analog,False,False,op1_1,op1,1,1.0,1.0,True,0.0,0.924752,,,0.925492,3.9,-0.074508,False,0.688506,-1.72128,1,True,1.31811,1.28381,1.026717,True,True,True,pass
tt,27,op0_n100_pic_baseline_analog,pin_ic,baseline_analog,pic_baseline_analog,False,False,op0_-0.1,op0,0,-0.1,-0.1,True,0.0,-0.165695,,,-0.165048,3.9,-0.065048,False,-0.228771,1.8,0,True,-0.000218439,1.28381,-0.00017,True,True,True,pass
tt,27,op0_0000_pic_baseline_analog,pin_ic,baseline_analog,pic_baseline_analog,False,False,op0_0,op0,0,0.0,0.0,True,0.0,-0.0671477,,,-0.0664906,3.9,-0.066491,False,-0.133388,1.8,0,True,-0.000218295,1.28381,-0.00017,True,True,True,pass
tt,27,op1_0900_pic_rtl_hold,pin_ic,rtl_hold,pic_rtl_hold,False,False,op1_0.9,op1,1,0.9,0.9,True,0.0,0.825292,,,0.825287,1.9,-0.074713,False,0.596366,-1.75399,1,True,1.11134,1.28381,0.865658,False,False,False,stored1_below_threshold
tt,27,op1_1000_pic_rtl_hold,pin_ic,rtl_hold,pic_rtl_hold,False,False,op1_1,op1,1,1.0,1.0,True,0.0,0.924752,,,0.924747,1.9,-0.075253,False,0.688507,-1.72128,1,True,1.11179,1.28381,0.866008,False,False,False,stored1_below_threshold
tt,27,op0_n100_pic_rtl_hold,pin_ic,rtl_hold,pic_rtl_hold,False,False,op0_-0.1,op0,0,-0.1,-0.1,True,0.0,-0.165695,,,-0.165697,1.9,-0.065697,False,-0.228911,1.8,0,True,-0.133721,1.28381,-0.104159,True,True,True,pass
tt,27,op0_0000_pic_rtl_hold,pin_ic,rtl_hold,pic_rtl_hold,False,False,op0_0,op0,0,0.0,0.0,True,0.0,-0.0671477,,,-0.0671514,1.9,-0.067151,False,-0.133391,1.8,0,True,-0.133721,1.28381,-0.104159,True,True,True,pass
tt,27,op1_0900_pic_rwl_late_hold,pin_ic,rwl_late_hold,pic_rwl_late_hold,False,False,op1_0.9,op1,1,0.9,0.9,True,0.0,0.825292,,,0.825287,1.9,-0.074713,False,0.596366,-1.75399,1,True,1.32466,1.28381,1.031819,True,True,True,pass
tt,27,op1_1000_pic_rwl_late_hold,pin_ic,rwl_late_hold,pic_rwl_late_hold,False,False,op1_1,op1,1,1.0,1.0,True,0.0,0.924752,,,0.924747,1.9,-0.075253,False,0.688507,-1.72128,1,True,1.31811,1.28381,1.026717,True,True,True,pass
tt,27,op0_n100_pic_rwl_late_hold,pin_ic,rwl_late_hold,pic_rwl_late_hold,False,False,op0_-0.1,op0,0,-0.1,-0.1,True,0.0,-0.165695,,,-0.165697,1.9,-0.065697,False,-0.228911,1.8,0,True,-0.000230831,1.28381,-0.00018,True,True,True,pass
tt,27,op0_0000_pic_rwl_late_hold,pin_ic,rwl_late_hold,pic_rwl_late_hold,False,False,op0_0,op0,0,0.0,0.0,True,0.0,-0.0671477,,,-0.0671514,1.9,-0.067151,False,-0.133391,1.8,0,True,-0.000230687,1.28381,-0.00018,True,True,True,pass
tt,27,op1_0900_pic_neg_missing_wb,pin_ic,neg_missing_wb,pic_neg_missing_wb,False,True,op1_0.9,op1,1,0.9,0.9,True,0.0,0.825292,,,0.825287,1.9,-0.074713,False,0.596366,-1.75399,1,True,0.774412,1.28381,0.603214,False,False,False,stored1_below_threshold
tt,27,op1_1000_pic_neg_missing_wb,pin_ic,neg_missing_wb,pic_neg_missing_wb,False,True,op1_1,op1,1,1.0,1.0,True,0.0,0.924752,,,0.924747,1.9,-0.075253,False,0.688507,-1.72128,1,True,0.882658,1.28381,0.68753,False,False,False,stored1_below_threshold
tt,27,op0_n100_pic_neg_missing_wb,pin_ic,neg_missing_wb,pic_neg_missing_wb,False,True,op0_-0.1,op0,0,-0.1,-0.1,True,0.0,-0.165695,,,-0.165697,1.9,-0.065697,False,-0.228911,1.8,0,True,-0.0933771,1.28381,-0.072734,True,True,True,pass
tt,27,op0_0000_pic_neg_missing_wb,pin_ic,neg_missing_wb,pic_neg_missing_wb,False,True,op0_0,op0,0,0.0,0.0,True,0.0,-0.0671477,,,-0.0671514,1.9,-0.067151,False,-0.133391,1.8,0,True,0.00523066,1.28381,0.004074,True,True,True,pass
tt,27,op1_0900_pw_baseline_analog,physical,baseline_analog,pw_baseline_analog,False,False,op1_0.9,op1,1,0.9,0.0,True,24.0,0.725455,0.725455,0.725186,0.624427,27.9,-0.275573,False,0.543081,1.79984,0,False,-0.000231576,1.28381,-0.00018,False,False,False,sense_incorrect
tt,27,op1_1000_pw_baseline_analog,physical,baseline_analog,pw_baseline_analog,False,False,op1_1,op1,1,1.0,0.0,True,24.0,0.835425,0.835425,0.835154,0.733493,27.9,-0.266507,False,0.644153,1.79838,0,False,-0.000231508,1.28381,-0.00018,False,False,False,sense_incorrect
tt,27,op0_n100_pw_baseline_analog,physical,baseline_analog,pw_baseline_analog,False,False,op0_-0.1,op0,0,-0.1,1.2,True,24.0,-0.212934,-0.212934,-0.213212,-0.299214,27.9,-0.199214,False,-0.3059,1.8,0,True,-0.00023225,1.28381,-0.000181,True,True,True,pass
tt,27,op0_0000_pw_baseline_analog,physical,baseline_analog,pw_baseline_analog,False,False,op0_0,op0,0,0.0,1.2,True,24.0,-0.129877,-0.129877,-0.130178,-0.219105,27.9,-0.219105,False,-0.273905,1.8,0,True,-0.000232106,1.28381,-0.000181,True,True,True,pass
tt,27,op1_0900_pw_rtl_hold,physical,rtl_hold,pw_rtl_hold,False,False,op1_0.9,op1,1,0.9,0.0,True,24.0,0.725455,0.725455,0.725186,0.623685,25.9,-0.276315,False,0.543081,1.79984,0,False,-0.133721,1.28381,-0.104159,False,False,False,sense_incorrect
tt,27,op1_1000_pw_rtl_hold,physical,rtl_hold,pw_rtl_hold,False,False,op1_1,op1,1,1.0,0.0,True,24.0,0.835425,0.835425,0.835154,0.732743,25.9,-0.267257,False,0.644144,1.79838,0,False,-0.133721,1.28381,-0.104159,False,False,False,sense_incorrect
tt,27,op0_n100_pw_rtl_hold,physical,rtl_hold,pw_rtl_hold,False,False,op0_-0.1,op0,0,-0.1,1.2,True,24.0,-0.212934,-0.212934,-0.213212,-0.300268,25.9,-0.200268,False,-0.308232,1.8,0,True,-0.133721,1.28381,-0.104159,True,True,True,pass
tt,27,op0_0000_pw_rtl_hold,physical,rtl_hold,pw_rtl_hold,False,False,op0_0,op0,0,0.0,1.2,True,24.0,-0.129877,-0.129877,-0.130178,-0.219777,25.9,-0.219777,False,-0.274632,1.8,0,True,-0.133721,1.28381,-0.104159,True,True,True,pass
tt,27,op1_0900_pw_rwl_late_hold,physical,rwl_late_hold,pw_rwl_late_hold,False,False,op1_0.9,op1,1,0.9,0.0,True,24.0,0.725455,0.725455,0.725186,0.623685,25.9,-0.276315,False,0.543081,1.79984,0,False,-0.000230221,1.28381,-0.000179,False,False,False,sense_incorrect
tt,27,op1_1000_pw_rwl_late_hold,physical,rwl_late_hold,pw_rwl_late_hold,False,False,op1_1,op1,1,1.0,0.0,True,24.0,0.835425,0.835425,0.835154,0.732743,25.9,-0.267257,False,0.644144,1.79838,0,False,-0.000230176,1.28381,-0.000179,False,False,False,sense_incorrect
tt,27,op0_n100_pw_rwl_late_hold,physical,rwl_late_hold,pw_rwl_late_hold,False,False,op0_-0.1,op0,0,-0.1,1.2,True,24.0,-0.212934,-0.212934,-0.213212,-0.300268,25.9,-0.200268,False,-0.308232,1.8,0,True,-0.000230895,1.28381,-0.00018,True,True,True,pass
tt,27,op0_0000_pw_rwl_late_hold,physical,rwl_late_hold,pw_rwl_late_hold,False,False,op0_0,op0,0,0.0,1.2,True,24.0,-0.129877,-0.129877,-0.130178,-0.219777,25.9,-0.219777,False,-0.274632,1.8,0,True,-0.000230752,1.28381,-0.00018,True,True,True,pass
tt,27,op1_0900_pw_neg_missing_wb,physical,neg_missing_wb,pw_neg_missing_wb,False,True,op1_0.9,op1,1,0.9,0.0,True,24.0,0.725455,0.725455,0.725186,0.623685,25.9,-0.276315,False,0.543081,1.79984,0,False,0.70286,1.28381,0.54748,False,False,False,sense_incorrect
tt,27,op1_1000_pw_neg_missing_wb,physical,neg_missing_wb,pw_neg_missing_wb,False,True,op1_1,op1,1,1.0,0.0,True,24.0,0.835425,0.835425,0.835154,0.732743,25.9,-0.267257,False,0.644144,1.79838,0,False,0.812632,1.28381,0.632985,False,False,False,sense_incorrect
tt,27,op0_n100_pw_neg_missing_wb,physical,neg_missing_wb,pw_neg_missing_wb,False,True,op0_-0.1,op0,0,-0.1,1.2,True,24.0,-0.212934,-0.212934,-0.213212,-0.300268,25.9,-0.200268,False,-0.308232,1.8,0,True,-0.175736,1.28381,-0.136886,True,True,True,pass
tt,27,op0_0000_pw_neg_missing_wb,physical,neg_missing_wb,pw_neg_missing_wb,False,True,op0_0,op0,0,0.0,1.2,True,24.0,-0.129877,-0.129877,-0.130178,-0.219777,25.9,-0.219777,False,-0.274632,1.8,0,True,-0.140787,1.28381,-0.109663,True,True,True,pass
tt,27,op1_0900_pwnw_rwl_late_hold,physical,rwl_late_hold,pwnw_rwl_late_hold,True,False,op1_0.9,op1,1,0.9,0.0,True,24.0,0.0260103,0.0260103,0.0256882,-0.0671515,25.9,-0.967152,False,-0.133394,1.8,0,False,-0.000230221,1.28381,-0.000179,False,False,False,sense_incorrect
tt,27,op1_1000_pwnw_rwl_late_hold,physical,rwl_late_hold,pwnw_rwl_late_hold,True,False,op1_1,op1,1,1.0,0.0,True,24.0,0.0260099,0.0260099,0.0256862,-0.0671519,25.9,-1.067152,False,-0.133394,1.8,0,False,-0.000230176,1.28381,-0.000179,False,False,False,sense_incorrect
tt,27,op0_n100_pwnw_rwl_late_hold,physical,rwl_late_hold,pwnw_rwl_late_hold,True,False,op0_-0.1,op0,0,-0.1,1.2,True,24.0,1.22944,1.22944,1.22894,1.12362,25.9,1.22362,False,0.845254,-1.8,1,False,1.33482,1.28381,1.039733,False,False,False,sense_incorrect
tt,27,op0_0000_pwnw_rwl_late_hold,physical,rwl_late_hold,pwnw_rwl_late_hold,True,False,op0_0,op0,0,0.0,1.2,True,24.0,1.22932,1.22932,1.22896,1.12363,25.9,1.12363,False,0.845265,-1.8,1,False,1.33482,1.28381,1.039733,False,False,False,sense_incorrect
tt,125,op1_0900_baseline_analog,legacy,baseline_analog,baseline_analog,False,False,op1_0.9,op1,1,0.9,0.9,False,0.0,1.03645,,,1.03729,3.9,0.13729,False,0.771279,-1.73357,1,True,1.46302,1.4098,1.03775,True,True,True,pass
tt,125,op1_1000_baseline_analog,legacy,baseline_analog,baseline_analog,False,False,op1_1,op1,1,1.0,1.0,False,0.0,1.15387,,,1.15477,3.9,0.15477,False,0.87413,-1.70059,1,True,1.4554,1.4098,1.032345,True,True,True,pass
tt,125,op0_n100_baseline_analog,legacy,baseline_analog,baseline_analog,False,False,op0_-0.1,op0,0,-0.1,-0.1,False,0.0,-0.0337025,,,-0.0329342,3.9,0.067066,False,-0.0971721,1.79989,0,True,0.000161563,1.4098,0.000115,True,True,True,pass
tt,125,op0_0000_baseline_analog,legacy,baseline_analog,baseline_analog,False,False,op0_0,op0,0,0.0,0.0,False,0.0,0.0681529,,,0.0688993,3.9,0.068899,False,0.000188188,1.79989,0,True,0.000162121,1.4098,0.000115,True,True,True,pass
tt,125,op1_0900_rtl_hold,legacy,rtl_hold,rtl_hold,False,False,op1_0.9,op1,1,0.9,0.9,False,0.0,1.03645,,,1.03643,1.9,0.13643,False,0.771305,-1.73356,1,True,1.22875,1.4098,0.871578,False,False,False,stored1_below_threshold
tt,125,op1_1000_rtl_hold,legacy,rtl_hold,rtl_hold,False,False,op1_1,op1,1,1.0,1.0,False,0.0,1.15387,,,1.15385,1.9,0.15385,False,0.874154,-1.70058,1,True,1.22517,1.4098,0.869038,False,False,False,stored1_below_threshold
tt,125,op0_n100_rtl_hold,legacy,rtl_hold,rtl_hold,False,False,op0_-0.1,op0,0,-0.1,-0.1,False,0.0,-0.0337025,,,-0.0336943,1.9,0.066306,False,-0.0974255,1.79989,0,True,-0.13191,1.4098,-0.093566,True,True,True,pass
tt,125,op0_0000_rtl_hold,legacy,rtl_hold,rtl_hold,False,False,op0_0,op0,0,0.0,0.0,False,0.0,0.0681529,,,0.0681445,1.9,0.068144,False,0.000179268,1.79989,0,True,-0.13191,1.4098,-0.093566,True,True,True,pass
tt,125,op1_0900_rwl_late_hold,legacy,rwl_late_hold,rwl_late_hold,False,False,op1_0.9,op1,1,0.9,0.9,False,0.0,1.03645,,,1.03643,1.9,0.13643,False,0.771305,-1.73356,1,True,1.46302,1.4098,1.03775,True,True,True,pass
tt,125,op1_1000_rwl_late_hold,legacy,rwl_late_hold,rwl_late_hold,False,False,op1_1,op1,1,1.0,1.0,False,0.0,1.15387,,,1.15385,1.9,0.15385,False,0.874154,-1.70058,1,True,1.4554,1.4098,1.032345,True,True,True,pass
tt,125,op0_n100_rwl_late_hold,legacy,rwl_late_hold,rwl_late_hold,False,False,op0_-0.1,op0,0,-0.1,-0.1,False,0.0,-0.0337025,,,-0.0336943,1.9,0.066306,False,-0.0974255,1.79989,0,True,0.000145004,1.4098,0.000103,True,True,True,pass
tt,125,op0_0000_rwl_late_hold,legacy,rwl_late_hold,rwl_late_hold,False,False,op0_0,op0,0,0.0,0.0,False,0.0,0.0681529,,,0.0681445,1.9,0.068144,False,0.000179268,1.79989,0,True,0.000145562,1.4098,0.000103,True,True,True,pass
tt,125,op1_0900_neg_missing_wb,legacy,neg_missing_wb,neg_missing_wb,False,True,op1_0.9,op1,1,0.9,0.9,False,0.0,1.03645,,,1.03643,1.9,0.13643,False,0.771305,-1.73356,1,True,0.982385,1.4098,0.696826,False,False,False,stored1_below_threshold
tt,125,op1_1000_neg_missing_wb,legacy,neg_missing_wb,neg_missing_wb,False,True,op1_1,op1,1,1.0,1.0,False,0.0,1.15387,,,1.15385,1.9,0.15385,False,0.874154,-1.70058,1,True,1.10873,1.4098,0.786445,False,False,False,stored1_below_threshold
tt,125,op0_n100_neg_missing_wb,legacy,neg_missing_wb,neg_missing_wb,False,True,op0_-0.1,op0,0,-0.1,-0.1,False,0.0,-0.0337025,,,-0.0336943,1.9,0.066306,False,-0.0974255,1.79989,0,True,0.0410901,1.4098,0.029146,True,True,True,pass
tt,125,op0_0000_neg_missing_wb,legacy,neg_missing_wb,neg_missing_wb,False,True,op0_0,op0,0,0.0,0.0,False,0.0,0.0681529,,,0.0681445,1.9,0.068144,False,0.000179268,1.79989,0,True,0.142111,1.4098,0.100802,False,False,False,stored0_above_50mV
tt,125,op1_0900_pic_baseline_analog,pin_ic,baseline_analog,pic_baseline_analog,False,False,op1_0.9,op1,1,0.9,0.9,True,0.0,0.825207,,,0.826016,3.9,-0.073984,False,0.58893,-1.73135,1,True,1.46299,1.4098,1.037729,True,True,True,pass
tt,125,op1_1000_pic_baseline_analog,pin_ic,baseline_analog,pic_baseline_analog,False,False,op1_1,op1,1,1.0,1.0,True,0.0,0.924538,,,0.92536,3.9,-0.07464,False,0.680042,-1.69478,1,True,1.45532,1.4098,1.032288,True,True,True,pass
tt,125,op0_n100_pic_baseline_analog,pin_ic,baseline_analog,pic_baseline_analog,False,False,op0_-0.1,op0,0,-0.1,-0.1,True,0.0,-0.164498,,,-0.162814,3.9,-0.062814,False,-0.188039,1.79989,0,True,0.000161563,1.4098,0.000115,True,True,True,pass
tt,125,op0_0000_pic_baseline_analog,pin_ic,baseline_analog,pic_baseline_analog,False,False,op0_0,op0,0,0.0,0.0,True,0.0,-0.0665472,,,-0.0657363,3.9,-0.065736,False,-0.12617,1.79989,0,True,0.000162121,1.4098,0.000115,True,True,True,pass
tt,125,op1_0900_pic_rtl_hold,pin_ic,rtl_hold,pic_rtl_hold,False,False,op1_0.9,op1,1,0.9,0.9,True,0.0,0.825207,,,0.82519,1.9,-0.07481,False,0.588955,-1.73134,1,True,1.22862,1.4098,0.871485,False,False,False,stored1_below_threshold
tt,125,op1_1000_pic_rtl_hold,pin_ic,rtl_hold,pic_rtl_hold,False,False,op1_1,op1,1,1.0,1.0,True,0.0,0.924538,,,0.92452,1.9,-0.07548,False,0.680068,-1.69477,1,True,1.22436,1.4098,0.868464,False,False,False,stored1_below_threshold
tt,125,op0_n100_pic_rtl_hold,pin_ic,rtl_hold,pic_rtl_hold,False,False,op0_-0.1,op0,0,-0.1,-0.1,True,0.0,-0.164498,,,-0.164097,1.9,-0.064097,False,-0.190555,1.79989,0,True,-0.13191,1.4098,-0.093566,True,True,True,pass
tt,125,op0_0000_pic_rtl_hold,pin_ic,rtl_hold,pic_rtl_hold,False,False,op0_0,op0,0,0.0,0.0,True,0.0,-0.0665472,,,-0.0665195,1.9,-0.066519,False,-0.1267,1.79989,0,True,-0.13191,1.4098,-0.093566,True,True,True,pass
tt,125,op1_0900_pic_rwl_late_hold,pin_ic,rwl_late_hold,pic_rwl_late_hold,False,False,op1_0.9,op1,1,0.9,0.9,True,0.0,0.825207,,,0.82519,1.9,-0.07481,False,0.588955,-1.73134,1,True,1.46299,1.4098,1.037729,True,True,True,pass
tt,125,op1_1000_pic_rwl_late_hold,pin_ic,rwl_late_hold,pic_rwl_late_hold,False,False,op1_1,op1,1,1.0,1.0,True,0.0,0.924538,,,0.92452,1.9,-0.07548,False,0.680068,-1.69477,1,True,1.45532,1.4098,1.032288,True,True,True,pass
tt,125,op0_n100_pic_rwl_late_hold,pin_ic,rwl_late_hold,pic_rwl_late_hold,False,False,op0_-0.1,op0,0,-0.1,-0.1,True,0.0,-0.164498,,,-0.164097,1.9,-0.064097,False,-0.190555,1.79989,0,True,0.000145004,1.4098,0.000103,True,True,True,pass
tt,125,op0_0000_pic_rwl_late_hold,pin_ic,rwl_late_hold,pic_rwl_late_hold,False,False,op0_0,op0,0,0.0,0.0,True,0.0,-0.0665472,,,-0.0665195,1.9,-0.066519,False,-0.1267,1.79989,0,True,0.000145562,1.4098,0.000103,True,True,True,pass
tt,125,op1_0900_pic_neg_missing_wb,pin_ic,neg_missing_wb,pic_neg_missing_wb,False,True,op1_0.9,op1,1,0.9,0.9,True,0.0,0.825207,,,0.82519,1.9,-0.07481,False,0.588955,-1.73134,1,True,0.778648,1.4098,0.552311,False,False,False,stored1_below_threshold
tt,125,op1_1000_pic_neg_missing_wb,pin_ic,neg_missing_wb,pic_neg_missing_wb,False,True,op1_1,op1,1,1.0,1.0,True,0.0,0.924538,,,0.92452,1.9,-0.07548,False,0.680068,-1.69477,1,True,0.886941,1.4098,0.629125,False,False,False,stored1_below_threshold
tt,125,op0_n100_pic_neg_missing_wb,pin_ic,neg_missing_wb,pic_neg_missing_wb,False,True,op0_-0.1,op0,0,-0.1,-0.1,True,0.0,-0.164498,,,-0.164097,1.9,-0.064097,False,-0.190555,1.79989,0,True,-0.0551684,1.4098,-0.039132,True,True,True,pass
tt,125,op0_0000_pic_neg_missing_wb,pin_ic,neg_missing_wb,pic_neg_missing_wb,False,True,op0_0,op0,0,0.0,0.0,True,0.0,-0.0665472,,,-0.0665195,1.9,-0.066519,False,-0.1267,1.79989,0,True,0.0107822,1.4098,0.007648,True,True,True,pass
tt,125,op1_0900_pw_baseline_analog,physical,baseline_analog,pw_baseline_analog,False,False,op1_0.9,op1,1,0.9,0.0,True,24.0,0.716596,0.716596,0.716508,0.634084,27.9,-0.265916,False,0.54394,1.79881,0,False,0.000145621,1.4098,0.000103,False,False,False,sense_incorrect
tt,125,op1_1000_pw_baseline_analog,physical,baseline_analog,pw_baseline_analog,False,False,op1_1,op1,1,1.0,0.0,True,24.0,0.826089,0.826089,0.826005,0.742781,27.9,-0.257219,False,0.517073,-1.69394,1,True,1.45532,1.4098,1.032288,True,True,True,pass
tt,125,op0_n100_pw_baseline_analog,physical,baseline_analog,pw_baseline_analog,False,False,op0_-0.1,op0,0,-0.1,1.2,True,24.0,-0.205576,-0.205576,-0.204442,-0.259571,27.9,-0.159571,False,-0.205891,1.79989,0,True,0.000144334,1.4098,0.000102,True,True,True,pass
tt,125,op0_0000_pw_baseline_analog,physical,baseline_analog,pw_baseline_analog,False,False,op0_0,op0,0,0.0,1.2,True,24.0,-0.129296,-0.129296,-0.129514,-0.198393,27.9,-0.198393,False,-0.198317,1.79989,0,True,0.000144903,1.4098,0.000103,True,True,True,pass
tt,125,op1_0900_pw_rtl_hold,physical,rtl_hold,pw_rtl_hold,False,False,op1_0.9,op1,1,0.9,0.0,True,24.0,0.716596,0.716596,0.716508,0.633272,25.9,-0.266728,False,0.543962,1.79881,0,False,-0.131909,1.4098,-0.093566,False,False,False,sense_incorrect
tt,125,op1_1000_pw_rtl_hold,physical,rtl_hold,pw_rtl_hold,False,False,op1_1,op1,1,1.0,0.0,True,24.0,0.826089,0.826089,0.826005,0.741959,25.9,-0.258041,False,0.517099,-1.69393,1,True,1.22432,1.4098,0.868435,False,False,False,stored1_below_threshold
tt,125,op0_n100_pw_rtl_hold,physical,rtl_hold,pw_rtl_hold,False,False,op0_-0.1,op0,0,-0.1,1.2,True,24.0,-0.205576,-0.205576,-0.204442,-0.267102,25.9,-0.167102,False,-0.209891,1.79989,0,True,-0.13191,1.4098,-0.093566,True,True,True,pass
tt,125,op0_0000_pw_rtl_hold,physical,rtl_hold,pw_rtl_hold,False,False,op0_0,op0,0,0.0,1.2,True,24.0,-0.129296,-0.129296,-0.129514,-0.200495,25.9,-0.200495,False,-0.201584,1.79989,0,True,-0.13191,1.4098,-0.093566,True,True,True,pass
tt,125,op1_0900_pw_rwl_late_hold,physical,rwl_late_hold,pw_rwl_late_hold,False,False,op1_0.9,op1,1,0.9,0.0,True,24.0,0.716596,0.716596,0.716508,0.633272,25.9,-0.266728,False,0.543962,1.79881,0,False,0.000146299,1.4098,0.000104,False,False,False,sense_incorrect
tt,125,op1_1000_pw_rwl_late_hold,physical,rwl_late_hold,pw_rwl_late_hold,False,False,op1_1,op1,1,1.0,0.0,True,24.0,0.826089,0.826089,0.826005,0.741959,25.9,-0.258041,False,0.517099,-1.69393,1,True,1.45531,1.4098,1.032281,True,True,True,pass
tt,125,op0_n100_pw_rwl_late_hold,physical,rwl_late_hold,pw_rwl_late_hold,False,False,op0_-0.1,op0,0,-0.1,1.2,True,24.0,-0.205576,-0.205576,-0.204442,-0.267102,25.9,-0.167102,False,-0.209891,1.79989,0,True,0.000145011,1.4098,0.000103,True,True,True,pass
tt,125,op0_0000_pw_rwl_late_hold,physical,rwl_late_hold,pw_rwl_late_hold,False,False,op0_0,op0,0,0.0,1.2,True,24.0,-0.129296,-0.129296,-0.129514,-0.200495,25.9,-0.200495,False,-0.201584,1.79989,0,True,0.00014558,1.4098,0.000103,True,True,True,pass
tt,125,op1_0900_pw_neg_missing_wb,physical,neg_missing_wb,pw_neg_missing_wb,False,True,op1_0.9,op1,1,0.9,0.0,True,24.0,0.716596,0.716596,0.716508,0.633272,25.9,-0.266728,False,0.543962,1.79881,0,False,0.712209,1.4098,0.505184,False,False,False,sense_incorrect
tt,125,op1_1000_pw_neg_missing_wb,physical,neg_missing_wb,pw_neg_missing_wb,False,True,op1_1,op1,1,1.0,0.0,True,24.0,0.826089,0.826089,0.826005,0.741959,25.9,-0.258041,False,0.517099,-1.69393,1,True,0.707413,1.4098,0.501783,False,False,False,stored1_below_threshold
tt,125,op0_n100_pw_neg_missing_wb,physical,neg_missing_wb,pw_neg_missing_wb,False,True,op0_-0.1,op0,0,-0.1,1.2,True,24.0,-0.205576,-0.205576,-0.204442,-0.267102,25.9,-0.167102,False,-0.209891,1.79989,0,True,-0.0749648,1.4098,-0.053174,True,True,True,pass
tt,125,op0_0000_pw_neg_missing_wb,physical,neg_missing_wb,pw_neg_missing_wb,False,True,op0_0,op0,0,0.0,1.2,True,24.0,-0.129296,-0.129296,-0.129514,-0.200495,25.9,-0.200495,False,-0.201584,1.79989,0,True,-0.0664781,1.4098,-0.047154,True,True,True,pass
tt,125,op1_0900_pwnw_rwl_late_hold,physical,rwl_late_hold,pwnw_rwl_late_hold,True,False,op1_0.9,op1,1,0.9,0.0,True,24.0,0.00925699,0.00925699,0.00877028,-0.066503,25.9,-0.966503,False,-0.126693,1.79989,0,False,0.000146299,1.4098,0.000104,False,False,False,sense_incorrect
tt,125,op1_1000_pwnw_rwl_late_hold,physical,rwl_late_hold,pwnw_rwl_late_hold,True,False,op1_1,op1,1,1.0,0.0,True,24.0,0.00926806,0.00926806,0.0087749,-0.0664979,25.9,-1.066498,False,-0.126688,1.79989,0,False,0.000146365,1.4098,0.000104,False,False,False,sense_incorrect
tt,125,op0_n100_pwnw_rwl_late_hold,physical,rwl_late_hold,pwnw_rwl_late_hold,True,False,op0_-0.1,op0,0,-0.1,1.2,True,24.0,1.20935,1.20935,1.20819,1.12098,25.9,1.22098,False,0.830075,-1.7999,1,False,1.47782,1.4098,1.048248,False,False,False,sense_incorrect
tt,125,op0_0000_pwnw_rwl_late_hold,physical,rwl_late_hold,pwnw_rwl_late_hold,True,False,op0_0,op0,0,0.0,1.2,True,24.0,1.21036,1.21036,1.20979,1.12256,25.9,1.12256,False,0.831376,-1.7999,1,False,1.47783,1.4098,1.048255,False,False,False,sense_incorrect
ss,27,op1_0900_baseline_analog,legacy,baseline_analog,baseline_analog,False,False,op1_0.9,op1,1,0.9,0.9,False,0.0,1.00911,,,1.00986,3.9,0.10986,False,0.77475,-1.77304,1,True,1.20176,1.17901,1.019296,True,True,True,pass
ss,27,op1_1000_baseline_analog,legacy,baseline_analog,baseline_analog,False,False,op1_1,op1,1,1.0,1.0,False,0.0,1.1263,,,1.12706,3.9,0.12706,False,0.877276,-1.74712,1,True,1.19988,1.17901,1.017701,True,True,True,pass
ss,27,op0_n100_baseline_analog,legacy,baseline_analog,baseline_analog,False,False,op0_-0.1,op0,0,-0.1,-0.1,False,0.0,-0.0374314,,,-0.0367697,3.9,0.06323,False,-0.0999974,1.80001,0,True,-0.00854079,1.17901,-0.007244,True,True,True,pass
ss,27,op0_0000_baseline_analog,legacy,baseline_analog,baseline_analog,False,False,op0_0,op0,0,0.0,0.0,False,0.0,0.0639213,,,0.0645966,3.9,0.064597,False,7.57459e-07,1.80001,0,True,-0.00854068,1.17901,-0.007244,True,True,True,pass
ss,27,op1_0900_rtl_hold,legacy,rtl_hold,rtl_hold,False,False,op1_0.9,op1,1,0.9,0.9,False,0.0,1.00911,,,1.00911,1.9,0.10911,False,0.774755,-1.77304,1,True,1.02351,1.17901,0.86811,False,False,False,stored1_below_threshold
ss,27,op1_1000_rtl_hold,legacy,rtl_hold,rtl_hold,False,False,op1_1,op1,1,1.0,1.0,False,0.0,1.1263,,,1.1263,1.9,0.1263,False,0.877281,-1.74712,1,True,1.06478,1.17901,0.903114,True,False,False,stored1_below_threshold
ss,27,op0_n100_rtl_hold,legacy,rtl_hold,rtl_hold,False,False,op0_-0.1,op0,0,-0.1,-0.1,False,0.0,-0.0374314,,,-0.0374345,1.9,0.062565,False,-0.0999975,1.80001,0,True,-0.13358,1.17901,-0.113298,True,True,True,pass
ss,27,op0_0000_rtl_hold,legacy,rtl_hold,rtl_hold,False,False,op0_0,op0,0,0.0,0.0,False,0.0,0.0639213,,,0.063918,1.9,0.063918,False,9.2669e-07,1.80001,0,True,-0.13358,1.17901,-0.113298,True,True,True,pass
ss,27,op1_0900_rwl_late_hold,legacy,rwl_late_hold,rwl_late_hold,False,False,op1_0.9,op1,1,0.9,0.9,False,0.0,1.00911,,,1.00911,1.9,0.10911,False,0.774755,-1.77304,1,True,1.20176,1.17901,1.019296,True,True,True,pass
ss,27,op1_1000_rwl_late_hold,legacy,rwl_late_hold,rwl_late_hold,False,False,op1_1,op1,1,1.0,1.0,False,0.0,1.1263,,,1.1263,1.9,0.1263,False,0.877281,-1.74712,1,True,1.19988,1.17901,1.017701,True,True,True,pass
ss,27,op0_n100_rwl_late_hold,legacy,rwl_late_hold,rwl_late_hold,False,False,op0_-0.1,op0,0,-0.1,-0.1,False,0.0,-0.0374314,,,-0.0374345,1.9,0.062565,False,-0.0999975,1.80001,0,True,-0.00854188,1.17901,-0.007245,True,True,True,pass
ss,27,op0_0000_rwl_late_hold,legacy,rwl_late_hold,rwl_late_hold,False,False,op0_0,op0,0,0.0,0.0,False,0.0,0.0639213,,,0.063918,1.9,0.063918,False,9.2669e-07,1.80001,0,True,-0.00854177,1.17901,-0.007245,True,True,True,pass
ss,27,op1_0900_neg_missing_wb,legacy,neg_missing_wb,neg_missing_wb,False,True,op1_0.9,op1,1,0.9,0.9,False,0.0,1.00911,,,1.00911,1.9,0.10911,False,0.774755,-1.77304,1,True,0.948461,1.17901,0.804455,False,False,False,stored1_below_threshold
ss,27,op1_1000_neg_missing_wb,legacy,neg_missing_wb,neg_missing_wb,False,True,op1_1,op1,1,1.0,1.0,False,0.0,1.1263,,,1.1263,1.9,0.1263,False,0.877281,-1.74712,1,True,1.07311,1.17901,0.910179,True,False,False,stored1_below_threshold
ss,27,op0_n100_neg_missing_wb,legacy,neg_missing_wb,neg_missing_wb,False,True,op0_-0.1,op0,0,-0.1,-0.1,False,0.0,-0.0374314,,,-0.0374345,1.9,0.062565,False,-0.0999975,1.80001,0,True,0.03074,1.17901,0.026073,True,True,True,pass
ss,27,op0_0000_neg_missing_wb,legacy,neg_missing_wb,neg_missing_wb,False,True,op0_0,op0,0,0.0,0.0,False,0.0,0.0639213,,,0.063918,1.9,0.063918,False,9.2669e-07,1.80001,0,True,0.133452,1.17901,0.11319,False,False,False,stored0_above_50mV
ss,27,op1_0900_pic_baseline_analog,pin_ic,baseline_analog,pic_baseline_analog,False,False,op1_0.9,op1,1,0.9,0.9,True,0.0,0.829311,,,0.83005,3.9,-0.06995,False,0.742002,1.79709,0,False,-0.00854023,1.17901,-0.007244,False,False,False,sense_incorrect
ss,27,op1_1000_pic_baseline_analog,pin_ic,baseline_analog,pic_baseline_analog,False,False,op1_1,op1,1,1.0,1.0,True,0.0,0.928772,,,0.929517,3.9,-0.070483,False,0.707629,-1.74577,1,True,1.19861,1.17901,1.016624,True,True,True,pass
ss,27,op0_n100_pic_baseline_analog,pin_ic,baseline_analog,pic_baseline_analog,False,False,op0_-0.1,op0,0,-0.1,-0.1,True,0.0,-0.161645,,,-0.161001,3.9,-0.061001,False,-0.222361,1.80001,0,True,-0.00854076,1.17901,-0.007244,True,True,True,pass
ss,27,op0_0000_pic_baseline_analog,pin_ic,baseline_analog,pic_baseline_analog,False,False,op0_0,op0,0,0.0,0.0,True,0.0,-0.0630082,,,-0.0623507,3.9,-0.062351,False,-0.125224,1.80001,0,True,-0.00854068,1.17901,-0.007244,True,True,True,pass
ss,27,op1_0900_pic_rtl_hold,pin_ic,rtl_hold,pic_rtl_hold,False,False,op1_0.9,op1,1,0.9,0.9,True,0.0,0.829311,,,0.829306,1.9,-0.070694,False,0.742008,1.79709,0,False,-0.133579,1.17901,-0.113298,False,False,False,sense_incorrect
ss,27,op1_1000_pic_rtl_hold,pin_ic,rtl_hold,pic_rtl_hold,False,False,op1_1,op1,1,1.0,1.0,True,0.0,0.928772,,,0.928767,1.9,-0.071233,False,0.707634,-1.74576,1,True,1.02631,1.17901,0.870485,False,False,False,stored1_below_threshold
ss,27,op0_n100_pic_rtl_hold,pin_ic,rtl_hold,pic_rtl_hold,False,False,op0_-0.1,op0,0,-0.1,-0.1,True,0.0,-0.161645,,,-0.161648,1.9,-0.061648,False,-0.222369,1.80001,0,True,-0.13358,1.17901,-0.113298,True,True,True,pass
ss,27,op0_0000_pic_rtl_hold,pin_ic,rtl_hold,pic_rtl_hold,False,False,op0_0,op0,0,0.0,0.0,True,0.0,-0.0630082,,,-0.063012,1.9,-0.063012,False,-0.125224,1.80001,0,True,-0.13358,1.17901,-0.113298,True,True,True,pass
ss,27,op1_0900_pic_rwl_late_hold,pin_ic,rwl_late_hold,pic_rwl_late_hold,False,False,op1_0.9,op1,1,0.9,0.9,True,0.0,0.829311,,,0.829306,1.9,-0.070694,False,0.742008,1.79709,0,False,-0.00854135,1.17901,-0.007245,False,False,False,sense_incorrect
ss,27,op1_1000_pic_rwl_late_hold,pin_ic,rwl_late_hold,pic_rwl_late_hold,False,False,op1_1,op1,1,1.0,1.0,True,0.0,0.928772,,,0.928767,1.9,-0.071233,False,0.707634,-1.74576,1,True,1.19861,1.17901,1.016624,True,True,True,pass
ss,27,op0_n100_pic_rwl_late_hold,pin_ic,rwl_late_hold,pic_rwl_late_hold,False,False,op0_-0.1,op0,0,-0.1,-0.1,True,0.0,-0.161645,,,-0.161648,1.9,-0.061648,False,-0.222369,1.80001,0,True,-0.00854188,1.17901,-0.007245,True,True,True,pass
ss,27,op0_0000_pic_rwl_late_hold,pin_ic,rwl_late_hold,pic_rwl_late_hold,False,False,op0_0,op0,0,0.0,0.0,True,0.0,-0.0630082,,,-0.063012,1.9,-0.063012,False,-0.125224,1.80001,0,True,-0.0085418,1.17901,-0.007245,True,True,True,pass
ss,27,op1_0900_pic_neg_missing_wb,pin_ic,neg_missing_wb,pic_neg_missing_wb,False,True,op1_0.9,op1,1,0.9,0.9,True,0.0,0.829311,,,0.829306,1.9,-0.070694,False,0.742008,1.79709,0,False,0.905348,1.17901,0.767888,False,False,False,sense_incorrect
ss,27,op1_1000_pic_neg_missing_wb,pin_ic,neg_missing_wb,pic_neg_missing_wb,False,True,op1_1,op1,1,1.0,1.0,True,0.0,0.928772,,,0.928767,1.9,-0.071233,False,0.707634,-1.74576,1,True,0.882286,1.17901,0.748328,False,False,False,stored1_below_threshold
ss,27,op0_n100_pic_neg_missing_wb,pin_ic,neg_missing_wb,pic_neg_missing_wb,False,True,op0_-0.1,op0,0,-0.1,-0.1,True,0.0,-0.161645,,,-0.161648,1.9,-0.061648,False,-0.222369,1.80001,0,True,-0.0952169,1.17901,-0.08076,True,True,True,pass
ss,27,op0_0000_pic_neg_missing_wb,pin_ic,neg_missing_wb,pic_neg_missing_wb,False,True,op0_0,op0,0,0.0,0.0,True,0.0,-0.0630082,,,-0.063012,1.9,-0.063012,False,-0.125224,1.80001,0,True,0.00479779,1.17901,0.004069,True,True,True,pass
ss,27,op1_0900_pw_baseline_analog,physical,baseline_analog,pw_baseline_analog,False,False,op1_0.9,op1,1,0.9,0.0,True,24.0,0.741729,0.741729,0.741445,0.642858,27.9,-0.257142,False,0.568318,1.79995,0,False,-0.00854251,1.17901,-0.007245,False,False,False,sense_incorrect
ss,27,op1_1000_pw_baseline_analog,physical,baseline_analog,pw_baseline_analog,False,False,op1_1,op1,1,1.0,0.0,True,24.0,0.849273,0.849273,0.848986,0.749475,27.9,-0.250525,False,0.668617,1.79934,0,False,-0.00854247,1.17901,-0.007245,False,False,False,sense_incorrect
ss,27,op0_n100_pw_baseline_analog,physical,baseline_analog,pw_baseline_analog,False,False,op0_-0.1,op0,0,-0.1,1.2,True,24.0,-0.22455,-0.22455,-0.224805,-0.308853,27.9,-0.208853,False,-0.34687,1.8,0,True,-0.00854309,1.17901,-0.007246,True,True,True,pass
ss,27,op0_0000_pw_baseline_analog,physical,baseline_analog,pw_baseline_analog,False,False,op0_0,op0,0,0.0,1.2,True,24.0,-0.12916,-0.12916,-0.129424,-0.215757,27.9,-0.215757,False,-0.275553,1.8,0,True,-0.00854298,1.17901,-0.007246,True,True,True,pass
ss,27,op1_0900_pw_rtl_hold,physical,rtl_hold,pw_rtl_hold,False,False,op1_0.9,op1,1,0.9,0.0,True,24.0,0.741729,0.741729,0.741445,0.642107,25.9,-0.257893,False,0.56832,1.79995,0,False,-0.133579,1.17901,-0.113298,False,False,False,sense_incorrect
ss,27,op1_1000_pw_rtl_hold,physical,rtl_hold,pw_rtl_hold,False,False,op1_1,op1,1,1.0,0.0,True,24.0,0.849273,0.849273,0.848986,0.748716,25.9,-0.251284,False,0.668616,1.79935,0,False,-0.133579,1.17901,-0.113298,False,False,False,sense_incorrect
ss,27,op0_n100_pw_rtl_hold,physical,rtl_hold,pw_rtl_hold,False,False,op0_-0.1,op0,0,-0.1,1.2,True,24.0,-0.22455,-0.22455,-0.224805,-0.309545,25.9,-0.209545,False,-0.348138,1.8,0,True,-0.13358,1.17901,-0.113298,True,True,True,pass
ss,27,op0_0000_pw_rtl_hold,physical,rtl_hold,pw_rtl_hold,False,False,op0_0,op0,0,0.0,1.2,True,24.0,-0.12916,-0.12916,-0.129424,-0.216414,25.9,-0.216414,False,-0.275621,1.8,0,True,-0.13358,1.17901,-0.113298,True,True,True,pass
ss,27,op1_0900_pw_rwl_late_hold,physical,rwl_late_hold,pw_rwl_late_hold,False,False,op1_0.9,op1,1,0.9,0.0,True,24.0,0.741729,0.741729,0.741445,0.642107,25.9,-0.257893,False,0.56832,1.79995,0,False,-0.00854125,1.17901,-0.007244,False,False,False,sense_incorrect
ss,27,op1_1000_pw_rwl_late_hold,physical,rwl_late_hold,pw_rwl_late_hold,False,False,op1_1,op1,1,1.0,0.0,True,24.0,0.849273,0.849273,0.848986,0.748716,25.9,-0.251284,False,0.668616,1.79935,0,False,-0.00854122,1.17901,-0.007244,False,False,False,sense_incorrect
ss,27,op0_n100_pw_rwl_late_hold,physical,rwl_late_hold,pw_rwl_late_hold,False,False,op0_-0.1,op0,0,-0.1,1.2,True,24.0,-0.22455,-0.22455,-0.224805,-0.309545,25.9,-0.209545,False,-0.348138,1.8,0,True,-0.00854178,1.17901,-0.007245,True,True,True,pass
ss,27,op0_0000_pw_rwl_late_hold,physical,rwl_late_hold,pw_rwl_late_hold,False,False,op0_0,op0,0,0.0,1.2,True,24.0,-0.12916,-0.12916,-0.129424,-0.216414,25.9,-0.216414,False,-0.275621,1.8,0,True,-0.00854168,1.17901,-0.007245,True,True,True,pass
ss,27,op1_0900_pw_neg_missing_wb,physical,neg_missing_wb,pw_neg_missing_wb,False,True,op1_0.9,op1,1,0.9,0.0,True,24.0,0.741729,0.741729,0.741445,0.642107,25.9,-0.257893,False,0.56832,1.79995,0,False,0.716941,1.17901,0.608087,False,False,False,sense_incorrect
ss,27,op1_1000_pw_neg_missing_wb,physical,neg_missing_wb,pw_neg_missing_wb,False,True,op1_1,op1,1,1.0,0.0,True,24.0,0.849273,0.849273,0.848986,0.748716,25.9,-0.251284,False,0.668616,1.79935,0,False,0.824258,1.17901,0.69911,False,False,False,sense_incorrect
ss,27,op0_n100_pw_neg_missing_wb,physical,neg_missing_wb,pw_neg_missing_wb,False,True,op0_-0.1,op0,0,-0.1,1.2,True,24.0,-0.22455,-0.22455,-0.224805,-0.309545,25.9,-0.209545,False,-0.348138,1.8,0,True,-0.225385,1.17901,-0.191165,True,True,True,pass
ss,27,op0_0000_pw_neg_missing_wb,physical,neg_missing_wb,pw_neg_missing_wb,False,True,op0_0,op0,0,0.0,1.2,True,24.0,-0.12916,-0.12916,-0.129424,-0.216414,25.9,-0.216414,False,-0.275621,1.8,0,True,-0.150184,1.17901,-0.127381,True,True,True,pass
ss,27,op1_0900_pwnw_rwl_late_hold,physical,rwl_late_hold,pwnw_rwl_late_hold,True,False,op1_0.9,op1,1,0.9,0.0,True,24.0,0.0273793,0.0273793,0.0271006,-0.0630113,25.9,-0.963011,False,-0.125226,1.8,0,False,-0.00854125,1.17901,-0.007244,False,False,False,sense_incorrect
ss,27,op1_1000_pwnw_rwl_late_hold,physical,rwl_late_hold,pwnw_rwl_late_hold,True,False,op1_1,op1,1,1.0,0.0,True,24.0,0.0273765,0.0273765,0.0270974,-0.0630115,25.9,-1.063011,False,-0.125226,1.8,0,False,-0.00854122,1.17901,-0.007244,False,False,False,sense_incorrect
ss,27,op0_n100_pwnw_rwl_late_hold,physical,rwl_late_hold,pwnw_rwl_late_hold,True,False,op0_-0.1,op0,0,-0.1,1.2,True,24.0,1.23122,1.23122,1.23085,1.12773,25.9,1.22773,False,0.86982,-1.8,1,False,1.20815,1.17901,1.024716,False,False,False,sense_incorrect
ss,27,op0_0000_pwnw_rwl_late_hold,physical,rwl_late_hold,pwnw_rwl_late_hold,True,False,op0_0,op0,0,0.0,1.2,True,24.0,1.23117,1.23117,1.23085,1.12773,25.9,1.12773,False,0.86982,-1.8,1,False,1.20815,1.17901,1.024716,False,False,False,sense_incorrect
ss,125,op1_0900_baseline_analog,legacy,baseline_analog,baseline_analog,False,False,op1_0.9,op1,1,0.9,0.9,False,0.0,1.02038,,,1.0212,3.9,0.1212,False,0.775715,-1.75436,1,True,1.32814,1.2948,1.025749,True,True,True,pass
ss,125,op1_1000_baseline_analog,legacy,baseline_analog,baseline_analog,False,False,op1_1,op1,1,1.0,1.0,False,0.0,1.13732,,,1.13816,3.9,0.13816,False,0.87813,-1.72544,1,True,1.32307,1.2948,1.021833,True,True,True,pass
ss,125,op0_n100_baseline_analog,legacy,baseline_analog,baseline_analog,False,False,op0_-0.1,op0,0,-0.1,-0.1,False,0.0,-0.0379585,,,-0.0372134,3.9,0.062787,False,-0.0981929,1.79998,0,True,-0.0152279,1.2948,-0.011761,True,True,True,pass
ss,125,op0_0000_baseline_analog,legacy,baseline_analog,baseline_analog,False,False,op0_0,op0,0,0.0,0.0,False,0.0,0.0636571,,,0.0643838,3.9,0.064384,False,0.00013199,1.79998,0,True,-0.0152275,1.2948,-0.011761,True,True,True,pass
ss,125,op1_0900_rtl_hold,legacy,rtl_hold,rtl_hold,False,False,op1_0.9,op1,1,0.9,0.9,False,0.0,1.02038,,,1.02037,1.9,0.12037,False,0.775734,-1.75436,1,True,1.12823,1.2948,0.871355,False,False,False,stored1_below_threshold
ss,125,op1_1000_rtl_hold,legacy,rtl_hold,rtl_hold,False,False,op1_1,op1,1,1.0,1.0,False,0.0,1.13732,,,1.13731,1.9,0.13731,False,0.878151,-1.72544,1,True,1.1344,1.2948,0.87612,False,False,False,stored1_below_threshold
ss,125,op0_n100_rtl_hold,legacy,rtl_hold,rtl_hold,False,False,op0_-0.1,op0,0,-0.1,-0.1,False,0.0,-0.0379585,,,-0.0379503,1.9,0.06205,False,-0.0983618,1.79998,0,True,-0.138733,1.2948,-0.107146,True,True,True,pass
ss,125,op0_0000_rtl_hold,legacy,rtl_hold,rtl_hold,False,False,op0_0,op0,0,0.0,0.0,False,0.0,0.0636571,,,0.0636504,1.9,0.06365,False,0.000126649,1.79998,0,True,-0.138733,1.2948,-0.107146,True,True,True,pass
ss,125,op1_0900_rwl_late_hold,legacy,rwl_late_hold,rwl_late_hold,False,False,op1_0.9,op1,1,0.9,0.9,False,0.0,1.02038,,,1.02037,1.9,0.12037,False,0.775734,-1.75436,1,True,1.32814,1.2948,1.025749,True,True,True,pass
ss,125,op1_1000_rwl_late_hold,legacy,rwl_late_hold,rwl_late_hold,False,False,op1_1,op1,1,1.0,1.0,False,0.0,1.13732,,,1.13731,1.9,0.13731,False,0.878151,-1.72544,1,True,1.32307,1.2948,1.021833,True,True,True,pass
ss,125,op0_n100_rwl_late_hold,legacy,rwl_late_hold,rwl_late_hold,False,False,op0_-0.1,op0,0,-0.1,-0.1,False,0.0,-0.0379585,,,-0.0379503,1.9,0.06205,False,-0.0983618,1.79998,0,True,-0.0152314,1.2948,-0.011764,True,True,True,pass
ss,125,op0_0000_rwl_late_hold,legacy,rwl_late_hold,rwl_late_hold,False,False,op0_0,op0,0,0.0,0.0,False,0.0,0.0636571,,,0.0636504,1.9,0.06365,False,0.000126649,1.79998,0,True,-0.0152309,1.2948,-0.011763,True,True,True,pass
ss,125,op1_0900_neg_missing_wb,legacy,neg_missing_wb,neg_missing_wb,False,True,op1_0.9,op1,1,0.9,0.9,False,0.0,1.02038,,,1.02037,1.9,0.12037,False,0.775734,-1.75436,1,True,0.96267,1.2948,0.743489,False,False,False,stored1_below_threshold
ss,125,op1_1000_neg_missing_wb,legacy,neg_missing_wb,neg_missing_wb,False,True,op1_1,op1,1,1.0,1.0,False,0.0,1.13732,,,1.13731,1.9,0.13731,False,0.878151,-1.72544,1,True,1.08727,1.2948,0.83972,False,False,False,stored1_below_threshold
ss,125,op0_n100_neg_missing_wb,legacy,neg_missing_wb,neg_missing_wb,False,True,op0_-0.1,op0,0,-0.1,-0.1,False,0.0,-0.0379585,,,-0.0379503,1.9,0.06205,False,-0.0983618,1.79998,0,True,0.0315868,1.2948,0.024395,True,True,True,pass
ss,125,op0_0000_neg_missing_wb,legacy,neg_missing_wb,neg_missing_wb,False,True,op0_0,op0,0,0.0,0.0,False,0.0,0.0636571,,,0.0636504,1.9,0.06365,False,0.000126649,1.79998,0,True,0.133154,1.2948,0.102838,False,False,False,stored0_above_50mV
ss,125,op1_0900_pic_baseline_analog,pin_ic,baseline_analog,pic_baseline_analog,False,False,op1_0.9,op1,1,0.9,0.9,True,0.0,0.829355,,,0.830151,3.9,-0.069849,False,0.608782,-1.75342,1,True,1.32805,1.2948,1.02568,True,True,True,pass
ss,125,op1_1000_pic_baseline_analog,pin_ic,baseline_analog,pic_baseline_analog,False,False,op1_1,op1,1,1.0,1.0,True,0.0,0.928752,,,0.929558,3.9,-0.070442,False,0.700377,-1.72226,1,True,1.32268,1.2948,1.021532,True,True,True,pass
ss,125,op0_n100_pic_baseline_analog,pin_ic,baseline_analog,pic_baseline_analog,False,False,op0_-0.1,op0,0,-0.1,-0.1,True,0.0,-0.160747,,,-0.159445,3.9,-0.059445,False,-0.198271,1.79998,0,True,-0.0152279,1.2948,-0.011761,True,True,True,pass
ss,125,op0_0000_pic_baseline_analog,pin_ic,baseline_analog,pic_baseline_analog,False,False,op0_0,op0,0,0.0,0.0,True,0.0,-0.0624736,,,-0.0617064,3.9,-0.061706,False,-0.121003,1.79998,0,True,-0.0152275,1.2948,-0.011761,True,True,True,pass
ss,125,op1_0900_pic_rtl_hold,pin_ic,rtl_hold,pic_rtl_hold,False,False,op1_0.9,op1,1,0.9,0.9,True,0.0,0.829355,,,0.829343,1.9,-0.070657,False,0.6088,-1.75342,1,True,1.12754,1.2948,0.870822,False,False,False,stored1_below_threshold
ss,125,op1_1000_pic_rtl_hold,pin_ic,rtl_hold,pic_rtl_hold,False,False,op1_1,op1,1,1.0,1.0,True,0.0,0.928752,,,0.928739,1.9,-0.071261,False,0.700395,-1.72226,1,True,1.12823,1.2948,0.871355,False,False,False,stored1_below_threshold
ss,125,op0_n100_pic_rtl_hold,pin_ic,rtl_hold,pic_rtl_hold,False,False,op0_-0.1,op0,0,-0.1,-0.1,True,0.0,-0.160747,,,-0.160499,1.9,-0.060499,False,-0.200047,1.79998,0,True,-0.138733,1.2948,-0.107146,True,True,True,pass
ss,125,op0_0000_pic_rtl_hold,pin_ic,rtl_hold,pic_rtl_hold,False,False,op0_0,op0,0,0.0,0.0,True,0.0,-0.0624736,,,-0.0624557,1.9,-0.062456,False,-0.121295,1.79998,0,True,-0.138733,1.2948,-0.107146,True,True,True,pass
ss,125,op1_0900_pic_rwl_late_hold,pin_ic,rwl_late_hold,pic_rwl_late_hold,False,False,op1_0.9,op1,1,0.9,0.9,True,0.0,0.829355,,,0.829343,1.9,-0.070657,False,0.6088,-1.75342,1,True,1.32805,1.2948,1.02568,True,True,True,pass
ss,125,op1_1000_pic_rwl_late_hold,pin_ic,rwl_late_hold,pic_rwl_late_hold,False,False,op1_1,op1,1,1.0,1.0,True,0.0,0.928752,,,0.928739,1.9,-0.071261,False,0.700395,-1.72226,1,True,1.32268,1.2948,1.021532,True,True,True,pass
ss,125,op0_n100_pic_rwl_late_hold,pin_ic,rwl_late_hold,pic_rwl_late_hold,False,False,op0_-0.1,op0,0,-0.1,-0.1,True,0.0,-0.160747,,,-0.160499,1.9,-0.060499,False,-0.200047,1.79998,0,True,-0.0152314,1.2948,-0.011764,True,True,True,pass
ss,125,op0_0000_pic_rwl_late_hold,pin_ic,rwl_late_hold,pic_rwl_late_hold,False,False,op0_0,op0,0,0.0,0.0,True,0.0,-0.0624736,,,-0.0624557,1.9,-0.062456,False,-0.121295,1.79998,0,True,-0.0152309,1.2948,-0.011763,True,True,True,pass
ss,125,op1_0900_pic_neg_missing_wb,pin_ic,neg_missing_wb,pic_neg_missing_wb,False,True,op1_0.9,op1,1,0.9,0.9,True,0.0,0.829355,,,0.829343,1.9,-0.070657,False,0.6088,-1.75342,1,True,0.778746,1.2948,0.601441,False,False,False,stored1_below_threshold
ss,125,op1_1000_pic_neg_missing_wb,pin_ic,neg_missing_wb,pic_neg_missing_wb,False,True,op1_1,op1,1,1.0,1.0,True,0.0,0.928752,,,0.928739,1.9,-0.071261,False,0.700395,-1.72226,1,True,0.88615,1.2948,0.684391,False,False,False,stored1_below_threshold
ss,125,op0_n100_pic_neg_missing_wb,pin_ic,neg_missing_wb,pic_neg_missing_wb,False,True,op0_-0.1,op0,0,-0.1,-0.1,True,0.0,-0.160747,,,-0.160499,1.9,-0.060499,False,-0.200047,1.79998,0,True,-0.0729986,1.2948,-0.056378,True,True,True,pass
ss,125,op0_0000_pic_neg_missing_wb,pin_ic,neg_missing_wb,pic_neg_missing_wb,False,True,op0_0,op0,0,0.0,0.0,True,0.0,-0.0624736,,,-0.0624557,1.9,-0.062456,False,-0.121295,1.79998,0,True,0.00794245,1.2948,0.006134,True,True,True,pass
ss,125,op1_0900_pw_baseline_analog,physical,baseline_analog,pw_baseline_analog,False,False,op1_0.9,op1,1,0.9,0.0,True,24.0,0.733016,0.733016,0.732779,0.649865,27.9,-0.250135,False,0.568678,1.79951,0,False,-0.0152309,1.2948,-0.011763,False,False,False,sense_incorrect
ss,125,op1_1000_pw_baseline_analog,physical,baseline_analog,pw_baseline_analog,False,False,op1_1,op1,1,1.0,0.0,True,24.0,0.842149,0.842149,0.841911,0.758168,27.9,-0.241832,False,0.668109,1.79723,0,False,-0.0152308,1.2948,-0.011763,False,False,False,sense_incorrect
ss,125,op0_n100_pw_baseline_analog,physical,baseline_analog,pw_baseline_analog,False,False,op0_-0.1,op0,0,-0.1,1.2,True,24.0,-0.218852,-0.218852,-0.217828,-0.27582,27.9,-0.17582,False,-0.23385,1.79998,0,True,-0.0152318,1.2948,-0.011764,True,True,True,pass
ss,125,op0_0000_pw_baseline_analog,physical,baseline_analog,pw_baseline_analog,False,False,op0_0,op0,0,0.0,1.2,True,24.0,-0.135598,-0.135598,-0.135746,-0.205331,27.9,-0.205331,False,-0.219798,1.79998,0,True,-0.0152314,1.2948,-0.011764,True,True,True,pass
ss,125,op1_0900_pw_rtl_hold,physical,rtl_hold,pw_rtl_hold,False,False,op1_0.9,op1,1,0.9,0.0,True,24.0,0.733016,0.733016,0.732779,0.64907,25.9,-0.25093,False,0.568697,1.79951,0,False,-0.138732,1.2948,-0.107146,False,False,False,sense_incorrect
ss,125,op1_1000_pw_rtl_hold,physical,rtl_hold,pw_rtl_hold,False,False,op1_1,op1,1,1.0,0.0,True,24.0,0.842149,0.842149,0.841911,0.757364,25.9,-0.242636,False,0.668128,1.79723,0,False,-0.138732,1.2948,-0.107146,False,False,False,sense_incorrect
ss,125,op0_n100_pw_rtl_hold,physical,rtl_hold,pw_rtl_hold,False,False,op0_-0.1,op0,0,-0.1,1.2,True,24.0,-0.218852,-0.218852,-0.217828,-0.282086,25.9,-0.182086,False,-0.237983,1.79998,0,True,-0.138733,1.2948,-0.107146,True,True,True,pass
ss,125,op0_0000_pw_rtl_hold,physical,rtl_hold,pw_rtl_hold,False,False,op0_0,op0,0,0.0,1.2,True,24.0,-0.135598,-0.135598,-0.135746,-0.207055,25.9,-0.207055,False,-0.222744,1.79998,0,True,-0.138733,1.2948,-0.107146,True,True,True,pass
ss,125,op1_0900_pw_rwl_late_hold,physical,rwl_late_hold,pw_rwl_late_hold,False,False,op1_0.9,op1,1,0.9,0.0,True,24.0,0.733016,0.733016,0.732779,0.64907,25.9,-0.25093,False,0.568697,1.79951,0,False,-0.0152304,1.2948,-0.011763,False,False,False,sense_incorrect
ss,125,op1_1000_pw_rwl_late_hold,physical,rwl_late_hold,pw_rwl_late_hold,False,False,op1_1,op1,1,1.0,0.0,True,24.0,0.842149,0.842149,0.841911,0.757364,25.9,-0.242636,False,0.668128,1.79723,0,False,-0.0152303,1.2948,-0.011763,False,False,False,sense_incorrect
ss,125,op0_n100_pw_rwl_late_hold,physical,rwl_late_hold,pw_rwl_late_hold,False,False,op0_-0.1,op0,0,-0.1,1.2,True,24.0,-0.218852,-0.218852,-0.217828,-0.282086,25.9,-0.182086,False,-0.237983,1.79998,0,True,-0.0152314,1.2948,-0.011764,True,True,True,pass
ss,125,op0_0000_pw_rwl_late_hold,physical,rwl_late_hold,pw_rwl_late_hold,False,False,op0_0,op0,0,0.0,1.2,True,24.0,-0.135598,-0.135598,-0.135746,-0.207055,25.9,-0.207055,False,-0.222744,1.79998,0,True,-0.0152309,1.2948,-0.011763,True,True,True,pass
ss,125,op1_0900_pw_neg_missing_wb,physical,neg_missing_wb,pw_neg_missing_wb,False,True,op1_0.9,op1,1,0.9,0.0,True,24.0,0.733016,0.733016,0.732779,0.64907,25.9,-0.25093,False,0.568697,1.79951,0,False,0.723976,1.2948,0.559141,False,False,False,sense_incorrect
ss,125,op1_1000_pw_neg_missing_wb,physical,neg_missing_wb,pw_neg_missing_wb,False,True,op1_1,op1,1,1.0,0.0,True,24.0,0.842149,0.842149,0.841911,0.757364,25.9,-0.242636,False,0.668128,1.79723,0,False,0.83302,1.2948,0.643358,False,False,False,sense_incorrect
ss,125,op0_n100_pw_neg_missing_wb,physical,neg_missing_wb,pw_neg_missing_wb,False,True,op0_-0.1,op0,0,-0.1,1.2,True,24.0,-0.218852,-0.218852,-0.217828,-0.282086,25.9,-0.182086,False,-0.237983,1.79998,0,True,-0.111372,1.2948,-0.086015,True,True,True,pass
ss,125,op0_0000_pw_neg_missing_wb,physical,neg_missing_wb,pw_neg_missing_wb,False,True,op0_0,op0,0,0.0,1.2,True,24.0,-0.135598,-0.135598,-0.135746,-0.207055,25.9,-0.207055,False,-0.222744,1.79998,0,True,-0.0960532,1.2948,-0.074184,True,True,True,pass
ss,125,op1_0900_pwnw_rwl_late_hold,physical,rwl_late_hold,pwnw_rwl_late_hold,True,False,op1_0.9,op1,1,0.9,0.0,True,24.0,0.0131514,0.0131514,0.0127738,-0.0624888,25.9,-0.962489,False,-0.121332,1.79998,0,False,-0.0152304,1.2948,-0.011763,False,False,False,sense_incorrect
ss,125,op1_1000_pwnw_rwl_late_hold,physical,rwl_late_hold,pwnw_rwl_late_hold,True,False,op1_1,op1,1,1.0,0.0,True,24.0,0.0131532,0.0131532,0.0127729,-0.0624891,25.9,-1.062489,False,-0.121332,1.79998,0,False,-0.0152303,1.2948,-0.011763,False,False,False,sense_incorrect
ss,125,op0_n100_pwnw_rwl_late_hold,physical,rwl_late_hold,pwnw_rwl_late_hold,True,False,op0_-0.1,op0,0,-0.1,1.2,True,24.0,1.21518,1.21518,1.21448,1.12717,25.9,1.22717,False,0.857347,-1.79998,1,False,1.33793,1.2948,1.03331,False,False,False,sense_incorrect
ss,125,op0_0000_pwnw_rwl_late_hold,physical,rwl_late_hold,pwnw_rwl_late_hold,True,False,op0_0,op0,0,0.0,1.2,True,24.0,1.21502,1.21502,1.21459,1.12728,25.9,1.12728,False,0.857434,-1.79998,1,False,1.33794,1.2948,1.033318,False,False,False,sense_incorrect
ff,27,op1_0900_baseline_analog,legacy,baseline_analog,baseline_analog,False,False,op1_0.9,op1,1,0.9,0.9,False,0.0,1.0356,,,1.03634,3.9,0.13634,False,0.766374,-1.73187,1,True,1.4365,1.37666,1.043468,True,True,True,pass
ff,27,op1_1000_baseline_analog,legacy,baseline_analog,baseline_analog,False,False,op1_1,op1,1,1.0,1.0,False,0.0,1.154,,,1.15476,3.9,0.15476,False,0.869668,-1.69755,1,True,1.42807,1.37666,1.037344,True,True,True,pass
ff,27,op0_n100_baseline_analog,legacy,baseline_analog,baseline_analog,False,False,op0_-0.1,op0,0,-0.1,-0.1,False,0.0,-0.0286661,,,-0.0280139,3.9,0.071986,False,-0.099907,1.80003,0,True,0.011227,1.37666,0.008155,True,True,True,pass
ff,27,op0_0000_baseline_analog,legacy,baseline_analog,baseline_analog,False,False,op0_0,op0,0,0.0,0.0,False,0.0,0.0727803,,,0.0734439,3.9,0.073444,False,3.84381e-06,1.80003,0,True,0.0112272,1.37666,0.008155,True,True,True,pass
ff,27,op1_0900_rtl_hold,legacy,rtl_hold,rtl_hold,False,False,op1_0.9,op1,1,0.9,0.9,False,0.0,1.0356,,,1.0356,1.9,0.1356,False,0.766376,-1.73187,1,True,1.19202,1.37666,0.865878,False,False,False,stored1_below_threshold
ff,27,op1_1000_rtl_hold,legacy,rtl_hold,rtl_hold,False,False,op1_1,op1,1,1.0,1.0,False,0.0,1.154,,,1.154,1.9,0.154,False,0.86967,-1.69755,1,True,1.18728,1.37666,0.862435,False,False,False,stored1_below_threshold
ff,27,op0_n100_rtl_hold,legacy,rtl_hold,rtl_hold,False,False,op0_-0.1,op0,0,-0.1,-0.1,False,0.0,-0.0286661,,,-0.0286692,1.9,0.071331,False,-0.0999155,1.80002,0,True,-0.131496,1.37666,-0.095518,True,True,True,pass
ff,27,op0_0000_rtl_hold,legacy,rtl_hold,rtl_hold,False,False,op0_0,op0,0,0.0,0.0,False,0.0,0.0727803,,,0.0727769,1.9,0.072777,False,3.43399e-06,1.80002,0,True,-0.131496,1.37666,-0.095518,True,True,True,pass
ff,27,op1_0900_rwl_late_hold,legacy,rwl_late_hold,rwl_late_hold,False,False,op1_0.9,op1,1,0.9,0.9,False,0.0,1.0356,,,1.0356,1.9,0.1356,False,0.766376,-1.73187,1,True,1.4365,1.37666,1.043468,True,True,True,pass
ff,27,op1_1000_rwl_late_hold,legacy,rwl_late_hold,rwl_late_hold,False,False,op1_1,op1,1,1.0,1.0,False,0.0,1.154,,,1.154,1.9,0.154,False,0.86967,-1.69755,1,True,1.42807,1.37666,1.037344,True,True,True,pass
ff,27,op0_n100_rwl_late_hold,legacy,rwl_late_hold,rwl_late_hold,False,False,op0_-0.1,op0,0,-0.1,-0.1,False,0.0,-0.0286661,,,-0.0286692,1.9,0.071331,False,-0.0999155,1.80002,0,True,0.0111749,1.37666,0.008117,True,True,True,pass
ff,27,op0_0000_rwl_late_hold,legacy,rwl_late_hold,rwl_late_hold,False,False,op0_0,op0,0,0.0,0.0,False,0.0,0.0727803,,,0.0727769,1.9,0.072777,False,3.43399e-06,1.80002,0,True,0.011175,1.37666,0.008117,True,True,True,pass
ff,27,op1_0900_neg_missing_wb,legacy,neg_missing_wb,neg_missing_wb,False,True,op1_0.9,op1,1,0.9,0.9,False,0.0,1.0356,,,1.0356,1.9,0.1356,False,0.766376,-1.73187,1,True,0.982607,1.37666,0.713762,False,False,False,stored1_below_threshold
ff,27,op1_1000_neg_missing_wb,legacy,neg_missing_wb,neg_missing_wb,False,True,op1_1,op1,1,1.0,1.0,False,0.0,1.154,,,1.154,1.9,0.154,False,0.86967,-1.69755,1,True,1.11043,1.37666,0.806612,False,False,False,stored1_below_threshold
ff,27,op0_n100_neg_missing_wb,legacy,neg_missing_wb,neg_missing_wb,False,True,op0_-0.1,op0,0,-0.1,-0.1,False,0.0,-0.0286661,,,-0.0286692,1.9,0.071331,False,-0.0999155,1.80002,0,True,0.0492316,1.37666,0.035762,True,True,True,pass
ff,27,op0_0000_neg_missing_wb,legacy,neg_missing_wb,neg_missing_wb,False,True,op0_0,op0,0,0.0,0.0,False,0.0,0.0727803,,,0.0727769,1.9,0.072777,False,3.43399e-06,1.80002,0,True,0.151924,1.37666,0.110357,False,False,False,stored0_above_50mV
ff,27,op1_0900_pic_baseline_analog,pin_ic,baseline_analog,pic_baseline_analog,False,False,op1_0.9,op1,1,0.9,0.9,True,0.0,0.821117,,,0.821831,3.9,-0.078169,False,0.579697,-1.73028,1,True,1.43649,1.37666,1.04346,True,True,True,pass
ff,27,op1_1000_pic_baseline_analog,pin_ic,baseline_analog,pic_baseline_analog,False,False,op1_1,op1,1,1.0,1.0,True,0.0,0.92058,,,0.921302,3.9,-0.078698,False,0.671778,-1.69231,1,True,1.42804,1.37666,1.037322,True,True,True,pass
ff,27,op0_n100_pic_baseline_analog,pin_ic,baseline_analog,pic_baseline_analog,False,False,op0_-0.1,op0,0,-0.1,-0.1,True,0.0,-0.170076,,,-0.169413,3.9,-0.069413,False,-0.228594,1.80003,0,True,0.011227,1.37666,0.008155,True,True,True,pass
ff,27,op0_0000_pic_baseline_analog,pin_ic,baseline_analog,pic_baseline_analog,False,False,op0_0,op0,0,0.0,0.0,True,0.0,-0.0716014,,,-0.0709546,3.9,-0.070955,False,-0.141848,1.80003,0,True,0.0112272,1.37666,0.008155,True,True,True,pass
ff,27,op1_0900_pic_rtl_hold,pin_ic,rtl_hold,pic_rtl_hold,False,False,op1_0.9,op1,1,0.9,0.9,True,0.0,0.821117,,,0.821112,1.9,-0.078888,False,0.579699,-1.73029,1,True,1.19197,1.37666,0.865842,False,False,False,stored1_below_threshold
ff,27,op1_1000_pic_rtl_hold,pin_ic,rtl_hold,pic_rtl_hold,False,False,op1_1,op1,1,1.0,1.0,True,0.0,0.92058,,,0.920575,1.9,-0.079425,False,0.671781,-1.69231,1,True,1.18691,1.37666,0.862166,False,False,False,stored1_below_threshold
ff,27,op0_n100_pic_rtl_hold,pin_ic,rtl_hold,pic_rtl_hold,False,False,op0_-0.1,op0,0,-0.1,-0.1,True,0.0,-0.170076,,,-0.170066,1.9,-0.070066,False,-0.229394,1.80002,0,True,-0.131496,1.37666,-0.095518,True,True,True,pass
ff,27,op0_0000_pic_rtl_hold,pin_ic,rtl_hold,pic_rtl_hold,False,False,op0_0,op0,0,0.0,0.0,True,0.0,-0.0716014,,,-0.0716046,1.9,-0.071605,False,-0.141885,1.80002,0,True,-0.131496,1.37666,-0.095518,True,True,True,pass
ff,27,op1_0900_pic_rwl_late_hold,pin_ic,rwl_late_hold,pic_rwl_late_hold,False,False,op1_0.9,op1,1,0.9,0.9,True,0.0,0.821117,,,0.821112,1.9,-0.078888,False,0.579699,-1.73029,1,True,1.43649,1.37666,1.04346,True,True,True,pass
ff,27,op1_1000_pic_rwl_late_hold,pin_ic,rwl_late_hold,pic_rwl_late_hold,False,False,op1_1,op1,1,1.0,1.0,True,0.0,0.92058,,,0.920575,1.9,-0.079425,False,0.671781,-1.69231,1,True,1.42804,1.37666,1.037322,True,True,True,pass
ff,27,op0_n100_pic_rwl_late_hold,pin_ic,rwl_late_hold,pic_rwl_late_hold,False,False,op0_-0.1,op0,0,-0.1,-0.1,True,0.0,-0.170076,,,-0.170066,1.9,-0.070066,False,-0.229394,1.80002,0,True,0.0111749,1.37666,0.008117,True,True,True,pass
ff,27,op0_0000_pic_rwl_late_hold,pin_ic,rwl_late_hold,pic_rwl_late_hold,False,False,op0_0,op0,0,0.0,0.0,True,0.0,-0.0716014,,,-0.0716046,1.9,-0.071605,False,-0.141885,1.80002,0,True,0.011175,1.37666,0.008117,True,True,True,pass
ff,27,op1_0900_pic_neg_missing_wb,pin_ic,neg_missing_wb,pic_neg_missing_wb,False,True,op1_0.9,op1,1,0.9,0.9,True,0.0,0.821117,,,0.821112,1.9,-0.078888,False,0.579699,-1.73029,1,True,0.774264,1.37666,0.562422,False,False,False,stored1_below_threshold
ff,27,op1_1000_pic_neg_missing_wb,pin_ic,neg_missing_wb,pic_neg_missing_wb,False,True,op1_1,op1,1,1.0,1.0,True,0.0,0.92058,,,0.920575,1.9,-0.079425,False,0.671781,-1.69231,1,True,0.883284,1.37666,0.641614,False,False,False,stored1_below_threshold
ff,27,op0_n100_pic_neg_missing_wb,pin_ic,neg_missing_wb,pic_neg_missing_wb,False,True,op0_-0.1,op0,0,-0.1,-0.1,True,0.0,-0.170076,,,-0.170066,1.9,-0.070066,False,-0.229394,1.80002,0,True,-0.0845143,1.37666,-0.061391,True,True,True,pass
ff,27,op0_0000_pic_neg_missing_wb,pin_ic,neg_missing_wb,pic_neg_missing_wb,False,True,op0_0,op0,0,0.0,0.0,True,0.0,-0.0716014,,,-0.0716046,1.9,-0.071605,False,-0.141885,1.80002,0,True,0.00598712,1.37666,0.004349,True,True,True,pass
ff,27,op1_0900_pw_baseline_analog,physical,baseline_analog,pw_baseline_analog,False,False,op1_0.9,op1,1,0.9,0.0,True,24.0,0.711257,0.711257,0.710984,0.609386,27.9,-0.290614,False,0.522062,1.79956,0,False,0.0111741,1.37666,0.008117,False,False,False,sense_incorrect
ff,27,op1_1000_pw_baseline_analog,physical,baseline_analog,pw_baseline_analog,False,False,op1_1,op1,1,1.0,0.0,True,24.0,0.821205,0.821205,0.820932,0.718499,27.9,-0.281501,False,0.622394,1.79652,0,False,0.0111741,1.37666,0.008117,False,False,False,sense_incorrect
ff,27,op0_n100_pw_baseline_analog,physical,baseline_analog,pw_baseline_analog,False,False,op0_-0.1,op0,0,-0.1,1.2,True,24.0,-0.202123,-0.202123,-0.202419,-0.288341,27.9,-0.188341,False,-0.264906,1.79999,0,True,0.0111734,1.37666,0.008116,True,True,True,pass
ff,27,op0_0000_pw_baseline_analog,physical,baseline_analog,pw_baseline_analog,False,False,op0_0,op0,0,0.0,1.2,True,24.0,-0.129193,-0.129193,-0.129552,-0.219959,27.9,-0.219959,False,-0.253973,1.79999,0,True,0.0111735,1.37666,0.008116,True,True,True,pass
ff,27,op1_0900_pw_rtl_hold,physical,rtl_hold,pw_rtl_hold,False,False,op1_0.9,op1,1,0.9,0.0,True,24.0,0.711257,0.711257,0.710984,0.608667,25.9,-0.291333,False,0.522062,1.79956,0,False,-0.131495,1.37666,-0.095517,False,False,False,sense_incorrect
ff,27,op1_1000_pw_rtl_hold,physical,rtl_hold,pw_rtl_hold,False,False,op1_1,op1,1,1.0,0.0,True,24.0,0.821205,0.821205,0.820932,0.717773,25.9,-0.282227,False,0.622394,1.79653,0,False,-0.131495,1.37666,-0.095517,False,False,False,sense_incorrect
ff,27,op0_n100_pw_rtl_hold,physical,rtl_hold,pw_rtl_hold,False,False,op0_-0.1,op0,0,-0.1,1.2,True,24.0,-0.202123,-0.202123,-0.202419,-0.290352,25.9,-0.190352,False,-0.267697,1.79999,0,True,-0.131496,1.37666,-0.095518,True,True,True,pass
ff,27,op0_0000_pw_rtl_hold,physical,rtl_hold,pw_rtl_hold,False,False,op0_0,op0,0,0.0,1.2,True,24.0,-0.129193,-0.129193,-0.129552,-0.220715,25.9,-0.220715,False,-0.255892,1.79999,0,True,-0.131496,1.37666,-0.095518,True,True,True,pass
ff,27,op1_0900_pw_rwl_late_hold,physical,rwl_late_hold,pw_rwl_late_hold,False,False,op1_0.9,op1,1,0.9,0.0,True,24.0,0.711257,0.711257,0.710984,0.608667,25.9,-0.291333,False,0.522062,1.79956,0,False,0.0111756,1.37666,0.008118,False,False,False,sense_incorrect
ff,27,op1_1000_pw_rwl_late_hold,physical,rwl_late_hold,pw_rwl_late_hold,False,False,op1_1,op1,1,1.0,0.0,True,24.0,0.821205,0.821205,0.820932,0.717773,25.9,-0.282227,False,0.622394,1.79653,0,False,0.0111756,1.37666,0.008118,False,False,False,sense_incorrect
ff,27,op0_n100_pw_rwl_late_hold,physical,rwl_late_hold,pw_rwl_late_hold,False,False,op0_-0.1,op0,0,-0.1,1.2,True,24.0,-0.202123,-0.202123,-0.202419,-0.290352,25.9,-0.190352,False,-0.267697,1.79999,0,True,0.0111749,1.37666,0.008117,True,True,True,pass
ff,27,op0_0000_pw_rwl_late_hold,physical,rwl_late_hold,pw_rwl_late_hold,False,False,op0_0,op0,0,0.0,1.2,True,24.0,-0.129193,-0.129193,-0.129552,-0.220715,25.9,-0.220715,False,-0.255892,1.79999,0,True,0.011175,1.37666,0.008117,True,True,True,pass
ff,27,op1_0900_pw_neg_missing_wb,physical,neg_missing_wb,pw_neg_missing_wb,False,True,op1_0.9,op1,1,0.9,0.0,True,24.0,0.711257,0.711257,0.710984,0.608667,25.9,-0.291333,False,0.522062,1.79956,0,False,0.692386,1.37666,0.502946,False,False,False,sense_incorrect
ff,27,op1_1000_pw_neg_missing_wb,physical,neg_missing_wb,pw_neg_missing_wb,False,True,op1_1,op1,1,1.0,0.0,True,24.0,0.821205,0.821205,0.820932,0.717773,25.9,-0.282227,False,0.622394,1.79653,0,False,0.802181,1.37666,0.582701,False,False,False,sense_incorrect
ff,27,op0_n100_pw_neg_missing_wb,physical,neg_missing_wb,pw_neg_missing_wb,False,True,op0_-0.1,op0,0,-0.1,1.2,True,24.0,-0.202123,-0.202123,-0.202419,-0.290352,25.9,-0.190352,False,-0.267697,1.79999,0,True,-0.124295,1.37666,-0.090287,True,True,True,pass
ff,27,op0_0000_pw_neg_missing_wb,physical,neg_missing_wb,pw_neg_missing_wb,False,True,op0_0,op0,0,0.0,1.2,True,24.0,-0.129193,-0.129193,-0.129552,-0.220715,25.9,-0.220715,False,-0.255892,1.79999,0,True,-0.112024,1.37666,-0.081374,True,True,True,pass
ff,27,op1_0900_pwnw_rwl_late_hold,physical,rwl_late_hold,pwnw_rwl_late_hold,True,False,op1_0.9,op1,1,0.9,0.0,True,24.0,0.0232216,0.0232216,0.0228293,-0.0716042,25.9,-0.971604,False,-0.141889,1.79999,0,False,0.0111756,1.37666,0.008118,False,False,False,sense_incorrect
ff,27,op1_1000_pwnw_rwl_late_hold,physical,rwl_late_hold,pwnw_rwl_late_hold,True,False,op1_1,op1,1,1.0,0.0,True,24.0,0.0232232,0.0232232,0.0228282,-0.0716045,25.9,-1.071605,False,-0.141889,1.79999,0,False,0.0111756,1.37666,0.008118,False,False,False,sense_incorrect
ff,27,op0_n100_pwnw_rwl_late_hold,physical,rwl_late_hold,pwnw_rwl_late_hold,True,False,op0_-0.1,op0,0,-0.1,1.2,True,24.0,1.22598,1.22598,1.22533,1.11925,25.9,1.21925,False,0.823902,-1.79999,1,False,1.45233,1.37666,1.054966,False,False,False,sense_incorrect
ff,27,op0_0000_pwnw_rwl_late_hold,physical,rwl_late_hold,pwnw_rwl_late_hold,True,False,op0_0,op0,0,0.0,1.2,True,24.0,1.22587,1.22587,1.22545,1.11938,25.9,1.11938,False,0.824003,-1.79999,1,False,1.45233,1.37666,1.054966,False,False,False,sense_incorrect
ff,125,op1_0900_baseline_analog,legacy,baseline_analog,baseline_analog,False,False,op1_0.9,op1,1,0.9,0.9,False,0.0,1.04797,,,1.04892,3.9,0.14892,False,0.767172,-1.70854,1,True,1.58371,1.50835,1.049962,True,True,True,pass
ff,125,op1_1000_baseline_analog,legacy,baseline_analog,baseline_analog,False,False,op1_1,op1,1,1.0,1.0,False,0.0,1.16532,,,1.16635,3.9,0.16635,False,0.870519,-1.67221,1,True,1.57454,1.50835,1.043882,True,True,True,pass
ff,125,op0_n100_baseline_analog,legacy,baseline_analog,baseline_analog,False,False,op0_-0.1,op0,0,-0.1,-0.1,False,0.0,-0.0290788,,,-0.0281604,3.9,0.07184,False,-0.0939914,1.79941,0,True,0.0155114,1.50835,0.010284,True,True,True,pass
ff,125,op0_0000_baseline_analog,legacy,baseline_analog,baseline_analog,False,False,op0_0,op0,0,0.0,0.0,False,0.0,0.0729546,,,0.073831,3.9,0.073831,False,0.000369112,1.79941,0,True,0.0155119,1.50835,0.010284,True,True,True,pass
ff,125,op1_0900_rtl_hold,legacy,rtl_hold,rtl_hold,False,False,op1_0.9,op1,1,0.9,0.9,False,0.0,1.04797,,,1.04792,1.9,0.14792,False,0.767252,-1.70851,1,True,1.31725,1.50835,0.873305,False,False,False,stored1_below_threshold
ff,125,op1_1000_rtl_hold,legacy,rtl_hold,rtl_hold,False,False,op1_1,op1,1,1.0,1.0,False,0.0,1.16532,,,1.16526,1.9,0.16526,False,0.870599,-1.67218,1,True,1.30935,1.50835,0.868068,False,False,False,stored1_below_threshold
ff,125,op0_n100_rtl_hold,legacy,rtl_hold,rtl_hold,False,False,op0_-0.1,op0,0,-0.1,-0.1,False,0.0,-0.0290788,,,-0.0290672,1.9,0.070933,False,-0.0944686,1.79941,0,True,-0.12568,1.50835,-0.083323,True,True,True,pass
ff,125,op0_0000_rtl_hold,legacy,rtl_hold,rtl_hold,False,False,op0_0,op0,0,0.0,0.0,False,0.0,0.0729546,,,0.0729401,1.9,0.07294,False,0.00035159,1.79941,0,True,-0.12568,1.50835,-0.083323,True,True,True,pass
ff,125,op1_0900_rwl_late_hold,legacy,rwl_late_hold,rwl_late_hold,False,False,op1_0.9,op1,1,0.9,0.9,False,0.0,1.04797,,,1.04792,1.9,0.14792,False,0.767252,-1.70851,1,True,1.58371,1.50835,1.049962,True,True,True,pass
ff,125,op1_1000_rwl_late_hold,legacy,rwl_late_hold,rwl_late_hold,False,False,op1_1,op1,1,1.0,1.0,False,0.0,1.16532,,,1.16526,1.9,0.16526,False,0.870599,-1.67218,1,True,1.57453,1.50835,1.043876,True,True,True,pass
ff,125,op0_n100_rwl_late_hold,legacy,rwl_late_hold,rwl_late_hold,False,False,op0_-0.1,op0,0,-0.1,-0.1,False,0.0,-0.0290788,,,-0.0290672,1.9,0.070933,False,-0.0944686,1.79941,0,True,0.0155115,1.50835,0.010284,True,True,True,pass
ff,125,op0_0000_rwl_late_hold,legacy,rwl_late_hold,rwl_late_hold,False,False,op0_0,op0,0,0.0,0.0,False,0.0,0.0729546,,,0.0729401,1.9,0.07294,False,0.00035159,1.79941,0,True,0.0155119,1.50835,0.010284,True,True,True,pass
ff,125,op1_0900_neg_missing_wb,legacy,neg_missing_wb,neg_missing_wb,False,True,op1_0.9,op1,1,0.9,0.9,False,0.0,1.04797,,,1.04792,1.9,0.14792,False,0.767252,-1.70851,1,True,1.00021,1.50835,0.663115,False,False,False,stored1_below_threshold
ff,125,op1_1000_neg_missing_wb,legacy,neg_missing_wb,neg_missing_wb,False,True,op1_1,op1,1,1.0,1.0,False,0.0,1.16532,,,1.16526,1.9,0.16526,False,0.870599,-1.67218,1,True,1.12746,1.50835,0.747479,False,False,False,stored1_below_threshold
ff,125,op0_n100_neg_missing_wb,legacy,neg_missing_wb,neg_missing_wb,False,True,op0_-0.1,op0,0,-0.1,-0.1,False,0.0,-0.0290788,,,-0.0290672,1.9,0.070933,False,-0.0944686,1.79941,0,True,0.051888,1.50835,0.034401,False,False,False,stored0_above_50mV
ff,125,op0_0000_neg_missing_wb,legacy,neg_missing_wb,neg_missing_wb,False,True,op0_0,op0,0,0.0,0.0,False,0.0,0.0729546,,,0.0729401,1.9,0.07294,False,0.00035159,1.79941,0,True,0.150207,1.50835,0.099584,False,False,False,stored0_above_50mV
ff,125,op1_0900_pic_baseline_analog,pin_ic,baseline_analog,pic_baseline_analog,False,False,op1_0.9,op1,1,0.9,0.9,True,0.0,0.820891,,,0.821796,3.9,-0.078204,False,0.571569,-1.70485,1,True,1.5837,1.50835,1.049955,True,True,True,pass
ff,125,op1_1000_pic_baseline_analog,pin_ic,baseline_analog,pic_baseline_analog,False,False,op1_1,op1,1,1.0,1.0,True,0.0,0.920163,,,0.921084,3.9,-0.078916,False,0.662757,-1.66384,1,True,1.57452,1.50835,1.043869,True,True,True,pass
ff,125,op0_n100_pic_baseline_analog,pin_ic,baseline_analog,pic_baseline_analog,False,False,op0_-0.1,op0,0,-0.1,-0.1,True,0.0,-0.168508,,,-0.165492,3.9,-0.065492,False,-0.164549,1.79941,0,True,0.0155114,1.50835,0.010284,True,True,True,pass
ff,125,op0_0000_pic_baseline_analog,pin_ic,baseline_analog,pic_baseline_analog,False,False,op0_0,op0,0,0.0,0.0,True,0.0,-0.0709346,,,-0.0699063,3.9,-0.069906,False,-0.125705,1.79941,0,True,0.0155119,1.50835,0.010284,True,True,True,pass
ff,125,op1_0900_pic_rtl_hold,pin_ic,rtl_hold,pic_rtl_hold,False,False,op1_0.9,op1,1,0.9,0.9,True,0.0,0.820891,,,0.82085,1.9,-0.07915,False,0.571638,-1.70482,1,True,1.31723,1.50835,0.873292,False,False,False,stored1_below_threshold
ff,125,op1_1000_pic_rtl_hold,pin_ic,rtl_hold,pic_rtl_hold,False,False,op1_1,op1,1,1.0,1.0,True,0.0,0.920163,,,0.920117,1.9,-0.079883,False,0.662833,-1.6638,1,True,1.30924,1.50835,0.867995,False,False,False,stored1_below_threshold
ff,125,op0_n100_pic_rtl_hold,pin_ic,rtl_hold,pic_rtl_hold,False,False,op0_-0.1,op0,0,-0.1,-0.1,True,0.0,-0.168508,,,-0.167598,1.9,-0.067598,False,-0.167635,1.79941,0,True,-0.12568,1.50835,-0.083323,True,True,True,pass
ff,125,op0_0000_pic_rtl_hold,pin_ic,rtl_hold,pic_rtl_hold,False,False,op0_0,op0,0,0.0,0.0,True,0.0,-0.0709346,,,-0.0708733,1.9,-0.070873,False,-0.126816,1.79941,0,True,-0.12568,1.50835,-0.083323,True,True,True,pass
ff,125,op1_0900_pic_rwl_late_hold,pin_ic,rwl_late_hold,pic_rwl_late_hold,False,False,op1_0.9,op1,1,0.9,0.9,True,0.0,0.820891,,,0.82085,1.9,-0.07915,False,0.571638,-1.70482,1,True,1.5837,1.50835,1.049955,True,True,True,pass
ff,125,op1_1000_pic_rwl_late_hold,pin_ic,rwl_late_hold,pic_rwl_late_hold,False,False,op1_1,op1,1,1.0,1.0,True,0.0,0.920163,,,0.920117,1.9,-0.079883,False,0.662833,-1.6638,1,True,1.57451,1.50835,1.043862,True,True,True,pass
ff,125,op0_n100_pic_rwl_late_hold,pin_ic,rwl_late_hold,pic_rwl_late_hold,False,False,op0_-0.1,op0,0,-0.1,-0.1,True,0.0,-0.168508,,,-0.167598,1.9,-0.067598,False,-0.167635,1.79941,0,True,0.0155115,1.50835,0.010284,True,True,True,pass
ff,125,op0_0000_pic_rwl_late_hold,pin_ic,rwl_late_hold,pic_rwl_late_hold,False,False,op0_0,op0,0,0.0,0.0,True,0.0,-0.0709346,,,-0.0708733,1.9,-0.070873,False,-0.126816,1.79941,0,True,0.0155119,1.50835,0.010284,True,True,True,pass
ff,125,op1_0900_pic_neg_missing_wb,pin_ic,neg_missing_wb,pic_neg_missing_wb,False,True,op1_0.9,op1,1,0.9,0.9,True,0.0,0.820891,,,0.82085,1.9,-0.07915,False,0.571638,-1.70482,1,True,0.779718,1.50835,0.516934,False,False,False,stored1_below_threshold
ff,125,op1_1000_pic_neg_missing_wb,pin_ic,neg_missing_wb,pic_neg_missing_wb,False,True,op1_1,op1,1,1.0,1.0,True,0.0,0.920163,,,0.920117,1.9,-0.079883,False,0.662833,-1.6638,1,True,0.888539,1.50835,0.58908,False,False,False,stored1_below_threshold
ff,125,op0_n100_pic_neg_missing_wb,pin_ic,neg_missing_wb,pic_neg_missing_wb,False,True,op0_-0.1,op0,0,-0.1,-0.1,True,0.0,-0.168508,,,-0.167598,1.9,-0.067598,False,-0.167635,1.79941,0,True,-0.0238592,1.50835,-0.015818,True,True,True,pass
ff,125,op0_0000_pic_neg_missing_wb,pin_ic,neg_missing_wb,pic_neg_missing_wb,False,True,op0_0,op0,0,0.0,0.0,True,0.0,-0.0709346,,,-0.0708733,1.9,-0.070873,False,-0.126816,1.79941,0,True,0.0183,1.50835,0.012132,True,True,True,pass
ff,125,op1_0900_pw_baseline_analog,physical,baseline_analog,pw_baseline_analog,False,False,op1_0.9,op1,1,0.9,0.0,True,24.0,0.703666,0.703666,0.703654,0.625626,27.9,-0.274374,False,0.527729,1.797,0,False,0.015481,1.50835,0.010264,False,False,False,sense_incorrect
ff,125,op1_1000_pw_baseline_analog,physical,baseline_analog,pw_baseline_analog,False,False,op1_1,op1,1,1.0,0.0,True,24.0,0.811389,0.811389,0.811383,0.732639,27.9,-0.267361,False,0.495028,-1.66258,1,True,1.57452,1.50835,1.043869,True,True,True,pass
ff,125,op0_n100_pw_baseline_analog,physical,baseline_analog,pw_baseline_analog,False,False,op0_-0.1,op0,0,-0.1,1.2,True,24.0,-0.196396,-0.196396,-0.194381,-0.239918,27.9,-0.139918,False,-0.171918,1.79942,0,True,0.0154799,1.50835,0.010263,True,True,True,pass
ff,125,op0_0000_pw_baseline_analog,physical,baseline_analog,pw_baseline_analog,False,False,op0_0,op0,0,0.0,1.2,True,24.0,-0.122983,-0.122983,-0.123195,-0.18713,27.9,-0.18713,False,-0.167775,1.79942,0,True,0.0154804,1.50835,0.010263,True,True,True,pass
ff,125,op1_0900_pw_rtl_hold,physical,rtl_hold,pw_rtl_hold,False,False,op1_0.9,op1,1,0.9,0.0,True,24.0,0.703666,0.703666,0.703654,0.624686,25.9,-0.275314,False,0.527784,1.797,0,False,-0.12571,1.50835,-0.083343,False,False,False,sense_incorrect
ff,125,op1_1000_pw_rtl_hold,physical,rtl_hold,pw_rtl_hold,False,False,op1_1,op1,1,1.0,0.0,True,24.0,0.811389,0.811389,0.811383,0.731686,25.9,-0.268314,False,0.495092,-1.66253,1,True,1.30925,1.50835,0.868001,False,False,False,stored1_below_threshold
ff,125,op0_n100_pw_rtl_hold,physical,rtl_hold,pw_rtl_hold,False,False,op0_-0.1,op0,0,-0.1,1.2,True,24.0,-0.196396,-0.196396,-0.194381,-0.250209,25.9,-0.150209,False,-0.175694,1.79941,0,True,-0.125711,1.50835,-0.083343,True,True,True,pass
ff,125,op0_0000_pw_rtl_hold,physical,rtl_hold,pw_rtl_hold,False,False,op0_0,op0,0,0.0,1.2,True,24.0,-0.122983,-0.122983,-0.123195,-0.190217,25.9,-0.190217,False,-0.171142,1.79941,0,True,-0.12571,1.50835,-0.083343,True,True,True,pass
ff,125,op1_0900_pw_rwl_late_hold,physical,rwl_late_hold,pw_rwl_late_hold,False,False,op1_0.9,op1,1,0.9,0.0,True,24.0,0.703666,0.703666,0.703654,0.624686,25.9,-0.275314,False,0.527784,1.797,0,False,0.0154817,1.50835,0.010264,False,False,False,sense_incorrect
ff,125,op1_1000_pw_rwl_late_hold,physical,rwl_late_hold,pw_rwl_late_hold,False,False,op1_1,op1,1,1.0,0.0,True,24.0,0.811389,0.811389,0.811383,0.731686,25.9,-0.268314,False,0.495092,-1.66253,1,True,1.57452,1.50835,1.043869,True,True,True,pass
ff,125,op0_n100_pw_rwl_late_hold,physical,rwl_late_hold,pw_rwl_late_hold,False,False,op0_-0.1,op0,0,-0.1,1.2,True,24.0,-0.196396,-0.196396,-0.194381,-0.250209,25.9,-0.150209,False,-0.175694,1.79941,0,True,0.0154806,1.50835,0.010263,True,True,True,pass
ff,125,op0_0000_pw_rwl_late_hold,physical,rwl_late_hold,pw_rwl_late_hold,False,False,op0_0,op0,0,0.0,1.2,True,24.0,-0.122983,-0.122983,-0.123195,-0.190217,25.9,-0.190217,False,-0.171142,1.79941,0,True,0.0154811,1.50835,0.010264,True,True,True,pass
ff,125,op1_0900_pw_neg_missing_wb,physical,neg_missing_wb,pw_neg_missing_wb,False,True,op1_0.9,op1,1,0.9,0.0,True,24.0,0.703666,0.703666,0.703654,0.624686,25.9,-0.275314,False,0.527784,1.797,0,False,0.705919,1.50835,0.468007,False,False,False,sense_incorrect
ff,125,op1_1000_pw_neg_missing_wb,physical,neg_missing_wb,pw_neg_missing_wb,False,True,op1_1,op1,1,1.0,0.0,True,24.0,0.811389,0.811389,0.811383,0.731686,25.9,-0.268314,False,0.495092,-1.66253,1,True,0.70259,1.50835,0.4658,False,False,False,stored1_below_threshold
ff,125,op0_n100_pw_neg_missing_wb,physical,neg_missing_wb,pw_neg_missing_wb,False,True,op0_-0.1,op0,0,-0.1,1.2,True,24.0,-0.196396,-0.196396,-0.194381,-0.250209,25.9,-0.150209,False,-0.175694,1.79941,0,True,-0.032182,1.50835,-0.021336,True,True,True,pass
ff,125,op0_0000_pw_neg_missing_wb,physical,neg_missing_wb,pw_neg_missing_wb,False,True,op0_0,op0,0,0.0,1.2,True,24.0,-0.122983,-0.122983,-0.123195,-0.190217,25.9,-0.190217,False,-0.171142,1.79941,0,True,-0.027484,1.50835,-0.018221,True,True,True,pass
ff,125,op1_0900_pwnw_rwl_late_hold,physical,rwl_late_hold,pwnw_rwl_late_hold,True,False,op1_0.9,op1,1,0.9,0.0,True,24.0,0.00191191,0.00191191,0.0013826,-0.0705346,25.9,-0.970535,False,-0.126586,1.79941,0,False,0.0154817,1.50835,0.010264,False,False,False,sense_incorrect
ff,125,op1_1000_pwnw_rwl_late_hold,physical,rwl_late_hold,pwnw_rwl_late_hold,True,False,op1_1,op1,1,1.0,0.0,True,24.0,0.00196555,0.00196555,0.00142454,-0.0704918,25.9,-1.070492,False,-0.126559,1.79941,0,False,0.0154817,1.50835,0.010264,False,False,False,sense_incorrect
ff,125,op0_n100_pwnw_rwl_late_hold,physical,rwl_late_hold,pwnw_rwl_late_hold,True,False,op0_-0.1,op0,0,-0.1,1.2,True,24.0,1.19331,1.19331,1.19163,1.10861,25.9,1.20861,False,0.8018,-1.79946,1,False,1.60479,1.50835,1.063937,False,False,False,sense_incorrect
ff,125,op0_0000_pwnw_rwl_late_hold,physical,rwl_late_hold,pwnw_rwl_late_hold,True,False,op0_0,op0,0,0.0,1.2,True,24.0,1.20107,1.20107,1.20028,1.11713,25.9,1.11713,False,0.808832,-1.79946,1,False,1.60479,1.50835,1.063937,False,False,False,sense_incorrect
sf,27,op1_0900_baseline_analog,legacy,baseline_analog,baseline_analog,False,False,op1_0.9,op1,1,0.9,0.9,False,0.0,1.04959,,,1.05048,3.9,0.15048,False,0.769662,-1.72116,1,True,1.50498,1.43614,1.047934,True,True,True,pass
sf,27,op1_1000_baseline_analog,legacy,baseline_analog,baseline_analog,False,False,op1_1,op1,1,1.0,1.0,False,0.0,1.16941,,,1.17034,3.9,0.17034,False,0.872104,-1.68868,1,True,1.49664,1.43614,1.042127,True,True,True,pass
sf,27,op0_n100_baseline_analog,legacy,baseline_analog,baseline_analog,False,False,op0_-0.1,op0,0,-0.1,-0.1,False,0.0,-0.0292174,,,-0.0284315,3.9,0.071569,False,-0.099698,1.79998,0,True,0.0201899,1.43614,0.014058,True,True,True,pass
sf,27,op0_0000_baseline_analog,legacy,baseline_analog,baseline_analog,False,False,op0_0,op0,0,0.0,0.0,False,0.0,0.0722711,,,0.0730707,3.9,0.073071,False,5.15501e-06,1.79998,0,True,0.02019,1.43614,0.014059,True,True,True,pass
sf,27,op1_0900_rtl_hold,legacy,rtl_hold,rtl_hold,False,False,op1_0.9,op1,1,0.9,0.9,False,0.0,1.04959,,,1.04958,1.9,0.14958,False,0.769665,-1.72116,1,True,1.249,1.43614,0.869692,False,False,False,stored1_below_threshold
sf,27,op1_1000_rtl_hold,legacy,rtl_hold,rtl_hold,False,False,op1_1,op1,1,1.0,1.0,False,0.0,1.16941,,,1.1694,1.9,0.1694,False,0.872102,-1.68868,1,True,1.24233,1.43614,0.865048,False,False,False,stored1_below_threshold
sf,27,op0_n100_rtl_hold,legacy,rtl_hold,rtl_hold,False,False,op0_-0.1,op0,0,-0.1,-0.1,False,0.0,-0.0292174,,,-0.029221,1.9,0.070779,False,-0.0997237,1.79998,0,True,-0.12162,1.43614,-0.084685,True,True,True,pass
sf,27,op0_0000_rtl_hold,legacy,rtl_hold,rtl_hold,False,False,op0_0,op0,0,0.0,0.0,False,0.0,0.0722711,,,0.0722672,1.9,0.072267,False,4.83947e-06,1.79998,0,True,-0.12162,1.43614,-0.084685,True,True,True,pass
sf,27,op1_0900_rwl_late_hold,legacy,rwl_late_hold,rwl_late_hold,False,False,op1_0.9,op1,1,0.9,0.9,False,0.0,1.04959,,,1.04958,1.9,0.14958,False,0.769665,-1.72116,1,True,1.50498,1.43614,1.047934,True,True,True,pass
sf,27,op1_1000_rwl_late_hold,legacy,rwl_late_hold,rwl_late_hold,False,False,op1_1,op1,1,1.0,1.0,False,0.0,1.16941,,,1.1694,1.9,0.1694,False,0.872102,-1.68868,1,True,1.49664,1.43614,1.042127,True,True,True,pass
sf,27,op0_n100_rwl_late_hold,legacy,rwl_late_hold,rwl_late_hold,False,False,op0_-0.1,op0,0,-0.1,-0.1,False,0.0,-0.0292174,,,-0.029221,1.9,0.070779,False,-0.0997237,1.79998,0,True,0.02019,1.43614,0.014059,True,True,True,pass
sf,27,op0_0000_rwl_late_hold,legacy,rwl_late_hold,rwl_late_hold,False,False,op0_0,op0,0,0.0,0.0,False,0.0,0.0722711,,,0.0722672,1.9,0.072267,False,4.83947e-06,1.79998,0,True,0.0201901,1.43614,0.014059,True,True,True,pass
sf,27,op1_0900_neg_missing_wb,legacy,neg_missing_wb,neg_missing_wb,False,True,op1_0.9,op1,1,0.9,0.9,False,0.0,1.04959,,,1.04958,1.9,0.14958,False,0.769665,-1.72116,1,True,1.00067,1.43614,0.696777,False,False,False,stored1_below_threshold
sf,27,op1_1000_neg_missing_wb,legacy,neg_missing_wb,neg_missing_wb,False,True,op1_1,op1,1,1.0,1.0,False,0.0,1.16941,,,1.1694,1.9,0.1694,False,0.872102,-1.68868,1,True,1.1301,1.43614,0.786901,False,False,False,stored1_below_threshold
sf,27,op0_n100_neg_missing_wb,legacy,neg_missing_wb,neg_missing_wb,False,True,op0_-0.1,op0,0,-0.1,-0.1,False,0.0,-0.0292174,,,-0.029221,1.9,0.070779,False,-0.0997237,1.79998,0,True,0.0480161,1.43614,0.033434,True,True,True,pass
sf,27,op0_0000_neg_missing_wb,legacy,neg_missing_wb,neg_missing_wb,False,True,op0_0,op0,0,0.0,0.0,False,0.0,0.0722711,,,0.0722672,1.9,0.072267,False,4.83947e-06,1.79998,0,True,0.150523,1.43614,0.104811,False,False,False,stored0_above_50mV
sf,27,op1_0900_pic_baseline_analog,pin_ic,baseline_analog,pic_baseline_analog,False,False,op1_0.9,op1,1,0.9,0.9,True,0.0,0.822012,,,0.822871,3.9,-0.077129,False,0.577377,-1.71764,1,True,1.50497,1.43614,1.047927,True,True,True,pass
sf,27,op1_1000_pic_baseline_analog,pin_ic,baseline_analog,pic_baseline_analog,False,False,op1_1,op1,1,1.0,1.0,True,0.0,0.92149,,,0.922358,3.9,-0.077642,False,0.666993,-1.68078,1,True,1.49662,1.43614,1.042113,True,True,True,pass
sf,27,op0_n100_pic_baseline_analog,pin_ic,baseline_analog,pic_baseline_analog,False,False,op0_-0.1,op0,0,-0.1,-0.1,True,0.0,-0.169419,,,-0.168554,3.9,-0.068554,False,-0.21062,1.79998,0,True,0.0201899,1.43614,0.014058,True,True,True,pass
sf,27,op0_0000_pic_baseline_analog,pin_ic,baseline_analog,pic_baseline_analog,False,False,op0_0,op0,0,0.0,0.0,True,0.0,-0.0710437,,,-0.0702631,3.9,-0.070263,False,-0.139754,1.79998,0,True,0.02019,1.43614,0.014059,True,True,True,pass
sf,27,op1_0900_pic_rtl_hold,pin_ic,rtl_hold,pic_rtl_hold,False,False,op1_0.9,op1,1,0.9,0.9,True,0.0,0.822012,,,0.822006,1.9,-0.077994,False,0.577378,-1.71764,1,True,1.24898,1.43614,0.869678,False,False,False,stored1_below_threshold
sf,27,op1_1000_pic_rtl_hold,pin_ic,rtl_hold,pic_rtl_hold,False,False,op1_1,op1,1,1.0,1.0,True,0.0,0.92149,,,0.921484,1.9,-0.078516,False,0.666995,-1.68078,1,True,1.24224,1.43614,0.864985,False,False,False,stored1_below_threshold
sf,27,op0_n100_pic_rtl_hold,pin_ic,rtl_hold,pic_rtl_hold,False,False,op0_-0.1,op0,0,-0.1,-0.1,True,0.0,-0.169419,,,-0.169379,1.9,-0.069379,False,-0.212182,1.79998,0,True,-0.12162,1.43614,-0.084685,True,True,True,pass
sf,27,op0_0000_pic_rtl_hold,pin_ic,rtl_hold,pic_rtl_hold,False,False,op0_0,op0,0,0.0,0.0,True,0.0,-0.0710437,,,-0.0710469,1.9,-0.071047,False,-0.13987,1.79998,0,True,-0.12162,1.43614,-0.084685,True,True,True,pass
sf,27,op1_0900_pic_rwl_late_hold,pin_ic,rwl_late_hold,pic_rwl_late_hold,False,False,op1_0.9,op1,1,0.9,0.9,True,0.0,0.822012,,,0.822006,1.9,-0.077994,False,0.577378,-1.71764,1,True,1.50498,1.43614,1.047934,True,True,True,pass
sf,27,op1_1000_pic_rwl_late_hold,pin_ic,rwl_late_hold,pic_rwl_late_hold,False,False,op1_1,op1,1,1.0,1.0,True,0.0,0.92149,,,0.921484,1.9,-0.078516,False,0.666995,-1.68078,1,True,1.49662,1.43614,1.042113,True,True,True,pass
sf,27,op0_n100_pic_rwl_late_hold,pin_ic,rwl_late_hold,pic_rwl_late_hold,False,False,op0_-0.1,op0,0,-0.1,-0.1,True,0.0,-0.169419,,,-0.169379,1.9,-0.069379,False,-0.212182,1.79998,0,True,0.02019,1.43614,0.014059,True,True,True,pass
sf,27,op0_0000_pic_rwl_late_hold,pin_ic,rwl_late_hold,pic_rwl_late_hold,False,False,op0_0,op0,0,0.0,0.0,True,0.0,-0.0710437,,,-0.0710469,1.9,-0.071047,False,-0.13987,1.79998,0,True,0.0201901,1.43614,0.014059,True,True,True,pass
sf,27,op1_0900_pic_neg_missing_wb,pin_ic,neg_missing_wb,pic_neg_missing_wb,False,True,op1_0.9,op1,1,0.9,0.9,True,0.0,0.822012,,,0.822006,1.9,-0.077994,False,0.577378,-1.71764,1,True,0.780336,1.43614,0.543356,False,False,False,stored1_below_threshold
sf,27,op1_1000_pic_neg_missing_wb,pin_ic,neg_missing_wb,pic_neg_missing_wb,False,True,op1_1,op1,1,1.0,1.0,True,0.0,0.92149,,,0.921484,1.9,-0.078516,False,0.666995,-1.68078,1,True,0.889462,1.43614,0.619342,False,False,False,stored1_below_threshold
sf,27,op0_n100_pic_neg_missing_wb,pin_ic,neg_missing_wb,pic_neg_missing_wb,False,True,op0_-0.1,op0,0,-0.1,-0.1,True,0.0,-0.169419,,,-0.169379,1.9,-0.069379,False,-0.212182,1.79998,0,True,-0.0682947,1.43614,-0.047554,True,True,True,pass
sf,27,op0_0000_pic_neg_missing_wb,pin_ic,neg_missing_wb,pic_neg_missing_wb,False,True,op0_0,op0,0,0.0,0.0,True,0.0,-0.0710437,,,-0.0710469,1.9,-0.071047,False,-0.13987,1.79998,0,True,0.00661266,1.43614,0.004604,True,True,True,pass
sf,27,op1_0900_pw_baseline_analog,physical,baseline_analog,pw_baseline_analog,False,False,op1_0.9,op1,1,0.9,0.0,True,24.0,0.707149,0.707149,0.706989,0.597681,27.9,-0.302319,False,0.507324,1.79891,0,False,0.0201814,1.43614,0.014053,False,False,False,sense_incorrect
sf,27,op1_1000_pw_baseline_analog,physical,baseline_analog,pw_baseline_analog,False,False,op1_1,op1,1,1.0,0.0,True,24.0,0.816596,0.816596,0.816436,0.706273,27.9,-0.293727,False,0.475863,-1.67952,1,True,1.49661,1.43614,1.042106,True,True,True,pass
sf,27,op0_n100_pw_baseline_analog,physical,baseline_analog,pw_baseline_analog,False,False,op0_-0.1,op0,0,-0.1,1.2,True,24.0,-0.190127,-0.190127,-0.190291,-0.277667,27.9,-0.177667,False,-0.226029,1.8,0,True,0.0201808,1.43614,0.014052,True,True,True,pass
sf,27,op0_0000_pw_baseline_analog,physical,baseline_analog,pw_baseline_analog,False,False,op0_0,op0,0,0.0,1.2,True,24.0,-0.120425,-0.120425,-0.120717,-0.217672,27.9,-0.217672,False,-0.222183,1.8,0,True,0.0201809,1.43614,0.014052,True,True,True,pass
sf,27,op1_0900_pw_rtl_hold,physical,rtl_hold,pw_rtl_hold,False,False,op1_0.9,op1,1,0.9,0.0,True,24.0,0.707149,0.707149,0.706989,0.596815,25.9,-0.303185,False,0.507325,1.79889,0,False,-0.12162,1.43614,-0.084685,False,False,False,sense_incorrect
sf,27,op1_1000_pw_rtl_hold,physical,rtl_hold,pw_rtl_hold,False,False,op1_1,op1,1,1.0,0.0,True,24.0,0.816596,0.816596,0.816436,0.705399,25.9,-0.294601,False,0.475865,-1.67952,1,True,1.24223,1.43614,0.864978,False,False,False,stored1_below_threshold
sf,27,op0_n100_pw_rtl_hold,physical,rtl_hold,pw_rtl_hold,False,False,op0_-0.1,op0,0,-0.1,1.2,True,24.0,-0.190127,-0.190127,-0.190291,-0.282269,25.9,-0.182269,False,-0.228748,1.79999,0,True,-0.12162,1.43614,-0.084685,True,True,True,pass
sf,27,op0_0000_pw_rtl_hold,physical,rtl_hold,pw_rtl_hold,False,False,op0_0,op0,0,0.0,1.2,True,24.0,-0.120425,-0.120425,-0.120717,-0.218839,25.9,-0.218839,False,-0.22455,1.79999,0,True,-0.12162,1.43614,-0.084685,True,True,True,pass
sf,27,op1_0900_pw_rwl_late_hold,physical,rwl_late_hold,pw_rwl_late_hold,False,False,op1_0.9,op1,1,0.9,0.0,True,24.0,0.707149,0.707149,0.706989,0.596815,25.9,-0.303185,False,0.507325,1.79889,0,False,0.0201906,1.43614,0.014059,False,False,False,sense_incorrect
sf,27,op1_1000_pw_rwl_late_hold,physical,rwl_late_hold,pw_rwl_late_hold,False,False,op1_1,op1,1,1.0,0.0,True,24.0,0.816596,0.816596,0.816436,0.705399,25.9,-0.294601,False,0.475865,-1.67952,1,True,1.49661,1.43614,1.042106,True,True,True,pass
sf,27,op0_n100_pw_rwl_late_hold,physical,rwl_late_hold,pw_rwl_late_hold,False,False,op0_-0.1,op0,0,-0.1,1.2,True,24.0,-0.190127,-0.190127,-0.190291,-0.282269,25.9,-0.182269,False,-0.228748,1.79999,0,True,0.02019,1.43614,0.014059,True,True,True,pass
sf,27,op0_0000_pw_rwl_late_hold,physical,rwl_late_hold,pw_rwl_late_hold,False,False,op0_0,op0,0,0.0,1.2,True,24.0,-0.120425,-0.120425,-0.120717,-0.218839,25.9,-0.218839,False,-0.22455,1.79999,0,True,0.0201901,1.43614,0.014059,True,True,True,pass
sf,27,op1_0900_pw_neg_missing_wb,physical,neg_missing_wb,pw_neg_missing_wb,False,True,op1_0.9,op1,1,0.9,0.0,True,24.0,0.707149,0.707149,0.706989,0.596815,25.9,-0.303185,False,0.507325,1.79889,0,False,0.6793,1.43614,0.473004,False,False,False,sense_incorrect
sf,27,op1_1000_pw_neg_missing_wb,physical,neg_missing_wb,pw_neg_missing_wb,False,True,op1_1,op1,1,1.0,0.0,True,24.0,0.816596,0.816596,0.816436,0.705399,25.9,-0.294601,False,0.475865,-1.67952,1,True,0.675205,1.43614,0.470153,False,False,False,stored1_below_threshold
sf,27,op0_n100_pw_neg_missing_wb,physical,neg_missing_wb,pw_neg_missing_wb,False,True,op0_-0.1,op0,0,-0.1,1.2,True,24.0,-0.190127,-0.190127,-0.190291,-0.282269,25.9,-0.182269,False,-0.228748,1.79999,0,True,-0.0855202,1.43614,-0.059549,True,True,True,pass
sf,27,op0_0000_pw_neg_missing_wb,physical,neg_missing_wb,pw_neg_missing_wb,False,True,op0_0,op0,0,0.0,1.2,True,24.0,-0.120425,-0.120425,-0.120717,-0.218839,25.9,-0.218839,False,-0.22455,1.79999,0,True,-0.0811532,1.43614,-0.056508,True,True,True,pass
sf,27,op1_0900_pwnw_rwl_late_hold,physical,rwl_late_hold,pwnw_rwl_late_hold,True,False,op1_0.9,op1,1,0.9,0.0,True,24.0,0.0313862,0.0313862,0.0310648,-0.0710474,25.9,-0.971047,False,-0.139872,1.79999,0,False,0.0201906,1.43614,0.014059,False,False,False,sense_incorrect
sf,27,op1_1000_pwnw_rwl_late_hold,physical,rwl_late_hold,pwnw_rwl_late_hold,True,False,op1_1,op1,1,1.0,0.0,True,24.0,0.0313857,0.0313857,0.0310616,-0.0710476,25.9,-1.071048,False,-0.139873,1.79999,0,False,0.0201907,1.43614,0.014059,False,False,False,sense_incorrect
sf,27,op0_n100_pwnw_rwl_late_hold,physical,rwl_late_hold,pwnw_rwl_late_hold,True,False,op0_-0.1,op0,0,-0.1,1.2,True,24.0,1.23485,1.23485,1.23416,1.11993,25.9,1.21993,False,0.812784,-1.8,1,False,1.52367,1.43614,1.060948,False,False,False,sense_incorrect
sf,27,op0_0000_pwnw_rwl_late_hold,physical,rwl_late_hold,pwnw_rwl_late_hold,True,False,op0_0,op0,0,0.0,1.2,True,24.0,1.23482,1.23482,1.23446,1.12022,25.9,1.12022,False,0.813022,-1.8,1,False,1.52367,1.43614,1.060948,False,False,False,sense_incorrect
sf,125,op1_0900_baseline_analog,legacy,baseline_analog,baseline_analog,False,False,op1_0.9,op1,1,0.9,0.9,False,0.0,1.06152,,,1.0624,3.9,0.1624,False,0.77016,-1.69738,1,True,1.64426,1.56297,1.05201,True,True,True,pass
sf,125,op1_1000_baseline_analog,legacy,baseline_analog,baseline_analog,False,False,op1_1,op1,1,1.0,1.0,False,0.0,1.17989,,,1.1809,3.9,0.1809,False,0.872917,-1.6625,1,True,1.63518,1.56297,1.046201,True,True,True,pass
sf,125,op0_n100_baseline_analog,legacy,baseline_analog,baseline_analog,False,False,op0_-0.1,op0,0,-0.1,-0.1,False,0.0,-0.0296617,,,-0.0287476,3.9,0.071252,False,-0.0886533,1.79996,0,True,0.0269947,1.56297,0.017271,True,True,True,pass
sf,125,op0_0000_baseline_analog,legacy,baseline_analog,baseline_analog,False,False,op0_0,op0,0,0.0,0.0,False,0.0,0.0725876,,,0.0734156,3.9,0.073416,False,0.000693338,1.79996,0,True,0.0269953,1.56297,0.017272,True,True,True,pass
sf,125,op1_0900_rtl_hold,legacy,rtl_hold,rtl_hold,False,False,op1_0.9,op1,1,0.9,0.9,False,0.0,1.06152,,,1.06144,1.9,0.16144,False,0.77028,-1.69734,1,True,1.36608,1.56297,0.874028,False,False,False,stored1_below_threshold
sf,125,op1_1000_rtl_hold,legacy,rtl_hold,rtl_hold,False,False,op1_1,op1,1,1.0,1.0,False,0.0,1.17989,,,1.17981,1.9,0.17981,False,0.873024,-1.66245,1,True,1.35695,1.56297,0.868187,False,False,False,stored1_below_threshold
sf,125,op0_n100_rtl_hold,legacy,rtl_hold,rtl_hold,False,False,op0_-0.1,op0,0,-0.1,-0.1,False,0.0,-0.0296617,,,-0.0296396,1.9,0.07036,False,-0.0895369,1.79996,0,True,-0.113234,1.56297,-0.072448,True,True,True,pass
sf,125,op0_0000_rtl_hold,legacy,rtl_hold,rtl_hold,False,False,op0_0,op0,0,0.0,0.0,False,0.0,0.0725876,,,0.0725651,1.9,0.072565,False,0.000654937,1.79996,0,True,-0.113234,1.56297,-0.072448,True,True,True,pass
sf,125,op1_0900_rwl_late_hold,legacy,rwl_late_hold,rwl_late_hold,False,False,op1_0.9,op1,1,0.9,0.9,False,0.0,1.06152,,,1.06144,1.9,0.16144,False,0.77028,-1.69734,1,True,1.64425,1.56297,1.052004,True,True,True,pass
sf,125,op1_1000_rwl_late_hold,legacy,rwl_late_hold,rwl_late_hold,False,False,op1_1,op1,1,1.0,1.0,False,0.0,1.17989,,,1.17981,1.9,0.17981,False,0.873024,-1.66245,1,True,1.63516,1.56297,1.046188,True,True,True,pass
sf,125,op0_n100_rwl_late_hold,legacy,rwl_late_hold,rwl_late_hold,False,False,op0_-0.1,op0,0,-0.1,-0.1,False,0.0,-0.0296617,,,-0.0296396,1.9,0.07036,False,-0.0895369,1.79996,0,True,0.026978,1.56297,0.017261,True,True,True,pass
sf,125,op0_0000_rwl_late_hold,legacy,rwl_late_hold,rwl_late_hold,False,False,op0_0,op0,0,0.0,0.0,False,0.0,0.0725876,,,0.0725651,1.9,0.072565,False,0.000654937,1.79996,0,True,0.0269786,1.56297,0.017261,True,True,True,pass
sf,125,op1_0900_neg_missing_wb,legacy,neg_missing_wb,neg_missing_wb,False,True,op1_0.9,op1,1,0.9,0.9,False,0.0,1.06152,,,1.06144,1.9,0.16144,False,0.77028,-1.69734,1,True,1.01558,1.56297,0.649776,False,False,False,stored1_below_threshold
sf,125,op1_1000_neg_missing_wb,legacy,neg_missing_wb,neg_missing_wb,False,True,op1_1,op1,1,1.0,1.0,False,0.0,1.17989,,,1.17981,1.9,0.17981,False,0.873024,-1.66245,1,True,1.14454,1.56297,0.732285,False,False,False,stored1_below_threshold
sf,125,op0_n100_neg_missing_wb,legacy,neg_missing_wb,neg_missing_wb,False,True,op0_-0.1,op0,0,-0.1,-0.1,False,0.0,-0.0296617,,,-0.0296396,1.9,0.07036,False,-0.0895369,1.79996,0,True,0.0574438,1.56297,0.036753,False,False,False,stored0_above_50mV
sf,125,op0_0000_neg_missing_wb,legacy,neg_missing_wb,neg_missing_wb,False,True,op0_0,op0,0,0.0,0.0,False,0.0,0.0725876,,,0.0725651,1.9,0.072565,False,0.000654937,1.79996,0,True,0.151198,1.56297,0.096738,False,False,False,stored0_above_50mV
sf,125,op1_0900_pic_baseline_analog,pin_ic,baseline_analog,pic_baseline_analog,False,False,op1_0.9,op1,1,0.9,0.9,True,0.0,0.82173,,,0.822552,3.9,-0.077448,False,0.568187,-1.69116,1,True,1.64426,1.56297,1.05201,True,True,True,pass
sf,125,op1_1000_pic_baseline_analog,pin_ic,baseline_analog,pic_baseline_analog,False,False,op1_1,op1,1,1.0,1.0,True,0.0,0.920973,,,0.92182,3.9,-0.07818,False,0.657465,-1.6517,1,True,1.63516,1.56297,1.046188,True,True,True,pass
sf,125,op0_n100_pic_baseline_analog,pin_ic,baseline_analog,pic_baseline_analog,False,False,op0_-0.1,op0,0,-0.1,-0.1,True,0.0,-0.167319,,,-0.1623,3.9,-0.0623,False,-0.137024,1.79996,0,True,0.0269947,1.56297,0.017271,True,True,True,pass
sf,125,op0_0000_pic_baseline_analog,pin_ic,baseline_analog,pic_baseline_analog,False,False,op0_0,op0,0,0.0,0.0,True,0.0,-0.0702732,,,-0.0691555,3.9,-0.069155,False,-0.113185,1.79996,0,True,0.0269953,1.56297,0.017272,True,True,True,pass
sf,125,op1_0900_pic_rtl_hold,pin_ic,rtl_hold,pic_rtl_hold,False,False,op1_0.9,op1,1,0.9,0.9,True,0.0,0.82173,,,0.821667,1.9,-0.078333,False,0.568293,-1.69111,1,True,1.36606,1.56297,0.874015,False,False,False,stored1_below_threshold
sf,125,op1_1000_pic_rtl_hold,pin_ic,rtl_hold,pic_rtl_hold,False,False,op1_1,op1,1,1.0,1.0,True,0.0,0.920973,,,0.920904,1.9,-0.079096,False,0.65758,-1.65165,1,True,1.35692,1.56297,0.868168,False,False,False,stored1_below_threshold
sf,125,op0_n100_pic_rtl_hold,pin_ic,rtl_hold,pic_rtl_hold,False,False,op0_-0.1,op0,0,-0.1,-0.1,True,0.0,-0.167319,,,-0.165521,1.9,-0.065521,False,-0.140454,1.79996,0,True,-0.113234,1.56297,-0.072448,True,True,True,pass
sf,125,op0_0000_pic_rtl_hold,pin_ic,rtl_hold,pic_rtl_hold,False,False,op0_0,op0,0,0.0,0.0,True,0.0,-0.0702732,,,-0.0701626,1.9,-0.070163,False,-0.114948,1.79996,0,True,-0.113234,1.56297,-0.072448,True,True,True,pass
sf,125,op1_0900_pic_rwl_late_hold,pin_ic,rwl_late_hold,pic_rwl_late_hold,False,False,op1_0.9,op1,1,0.9,0.9,True,0.0,0.82173,,,0.821667,1.9,-0.078333,False,0.568293,-1.69111,1,True,1.64424,1.56297,1.051997,True,True,True,pass
sf,125,op1_1000_pic_rwl_late_hold,pin_ic,rwl_late_hold,pic_rwl_late_hold,False,False,op1_1,op1,1,1.0,1.0,True,0.0,0.920973,,,0.920904,1.9,-0.079096,False,0.65758,-1.65165,1,True,1.63515,1.56297,1.046181,True,True,True,pass
sf,125,op0_n100_pic_rwl_late_hold,pin_ic,rwl_late_hold,pic_rwl_late_hold,False,False,op0_-0.1,op0,0,-0.1,-0.1,True,0.0,-0.167319,,,-0.165521,1.9,-0.065521,False,-0.140454,1.79996,0,True,0.026978,1.56297,0.017261,True,True,True,pass
sf,125,op0_0000_pic_rwl_late_hold,pin_ic,rwl_late_hold,pic_rwl_late_hold,False,False,op0_0,op0,0,0.0,0.0,True,0.0,-0.0702732,,,-0.0701626,1.9,-0.070163,False,-0.114948,1.79996,0,True,0.0269786,1.56297,0.017261,True,True,True,pass
sf,125,op1_0900_pic_neg_missing_wb,pin_ic,neg_missing_wb,pic_neg_missing_wb,False,True,op1_0.9,op1,1,0.9,0.9,True,0.0,0.82173,,,0.821667,1.9,-0.078333,False,0.568293,-1.69111,1,True,0.783787,1.56297,0.501473,False,False,False,stored1_below_threshold
sf,125,op1_1000_pic_neg_missing_wb,pin_ic,neg_missing_wb,pic_neg_missing_wb,False,True,op1_1,op1,1,1.0,1.0,True,0.0,0.920973,,,0.920904,1.9,-0.079096,False,0.65758,-1.65165,1,True,0.892842,1.56297,0.571247,False,False,False,stored1_below_threshold
sf,125,op0_n100_pic_neg_missing_wb,pin_ic,neg_missing_wb,pic_neg_missing_wb,False,True,op0_-0.1,op0,0,-0.1,-0.1,True,0.0,-0.167319,,,-0.165521,1.9,-0.065521,False,-0.140454,1.79996,0,True,0.00447589,1.56297,0.002864,True,True,True,pass
sf,125,op0_0000_pic_neg_missing_wb,pin_ic,neg_missing_wb,pic_neg_missing_wb,False,True,op0_0,op0,0,0.0,0.0,True,0.0,-0.0702732,,,-0.0701626,1.9,-0.070163,False,-0.114948,1.79996,0,True,0.0309557,1.56297,0.019806,True,True,True,pass
sf,125,op1_0900_pw_baseline_analog,physical,baseline_analog,pw_baseline_analog,False,False,op1_0.9,op1,1,0.9,0.0,True,24.0,0.701397,0.701397,0.701762,0.610333,27.9,-0.289667,False,0.378565,-1.69033,1,True,1.64427,1.56297,1.052016,True,True,True,pass
sf,125,op1_1000_pw_baseline_analog,physical,baseline_analog,pw_baseline_analog,False,False,op1_1,op1,1,1.0,0.0,True,24.0,0.807542,0.807542,0.807914,0.715701,27.9,-0.284299,False,0.477487,-1.6487,1,True,1.63518,1.56297,1.046201,True,True,True,pass
sf,125,op0_n100_pw_baseline_analog,physical,baseline_analog,pw_baseline_analog,False,False,op0_-0.1,op0,0,-0.1,1.2,True,24.0,-0.189239,-0.189239,-0.185193,-0.224519,27.9,-0.124519,False,-0.140789,1.79996,0,True,0.0269772,1.56297,0.01726,True,True,True,pass
sf,125,op0_0000_pw_baseline_analog,physical,baseline_analog,pw_baseline_analog,False,False,op0_0,op0,0,0.0,1.2,True,24.0,-0.111798,-0.111798,-0.111654,-0.182902,27.9,-0.182902,False,-0.138693,1.79996,0,True,0.0269779,1.56297,0.017261,True,True,True,pass
sf,125,op1_0900_pw_rtl_hold,physical,rtl_hold,pw_rtl_hold,False,False,op1_0.9,op1,1,0.9,0.0,True,24.0,0.701397,0.701397,0.701762,0.60945,25.9,-0.29055,False,0.378654,-1.69028,1,True,1.36608,1.56297,0.874028,False,False,False,stored1_below_threshold
sf,125,op1_1000_pw_rtl_hold,physical,rtl_hold,pw_rtl_hold,False,False,op1_1,op1,1,1.0,0.0,True,24.0,0.807542,0.807542,0.807914,0.7148,25.9,-0.2852,False,0.477584,-1.64864,1,True,1.35693,1.56297,0.868174,False,False,False,stored1_below_threshold
sf,125,op0_n100_pw_rtl_hold,physical,rtl_hold,pw_rtl_hold,False,False,op0_-0.1,op0,0,-0.1,1.2,True,24.0,-0.189239,-0.189239,-0.185193,-0.24043,25.9,-0.14043,False,-0.144608,1.79996,0,True,-0.113235,1.56297,-0.072449,True,True,True,pass
sf,125,op0_0000_pw_rtl_hold,physical,rtl_hold,pw_rtl_hold,False,False,op0_0,op0,0,0.0,1.2,True,24.0,-0.111798,-0.111798,-0.111654,-0.188056,25.9,-0.188056,False,-0.142288,1.79996,0,True,-0.113234,1.56297,-0.072448,True,True,True,pass
sf,125,op1_0900_pw_rwl_late_hold,physical,rwl_late_hold,pw_rwl_late_hold,False,False,op1_0.9,op1,1,0.9,0.0,True,24.0,0.701397,0.701397,0.701762,0.60945,25.9,-0.29055,False,0.378654,-1.69028,1,True,1.64426,1.56297,1.05201,True,True,True,pass
sf,125,op1_1000_pw_rwl_late_hold,physical,rwl_late_hold,pw_rwl_late_hold,False,False,op1_1,op1,1,1.0,0.0,True,24.0,0.807542,0.807542,0.807914,0.7148,25.9,-0.2852,False,0.477584,-1.64864,1,True,1.63516,1.56297,1.046188,True,True,True,pass
sf,125,op0_n100_pw_rwl_late_hold,physical,rwl_late_hold,pw_rwl_late_hold,False,False,op0_-0.1,op0,0,-0.1,1.2,True,24.0,-0.189239,-0.189239,-0.185193,-0.24043,25.9,-0.14043,False,-0.144608,1.79996,0,True,0.0269779,1.56297,0.017261,True,True,True,pass
sf,125,op0_0000_pw_rwl_late_hold,physical,rwl_late_hold,pw_rwl_late_hold,False,False,op0_0,op0,0,0.0,1.2,True,24.0,-0.111798,-0.111798,-0.111654,-0.188056,25.9,-0.188056,False,-0.142288,1.79996,0,True,0.0269786,1.56297,0.017261,True,True,True,pass
sf,125,op1_0900_pw_neg_missing_wb,physical,neg_missing_wb,pw_neg_missing_wb,False,True,op1_0.9,op1,1,0.9,0.0,True,24.0,0.701397,0.701397,0.701762,0.60945,25.9,-0.29055,False,0.378654,-1.69028,1,True,0.574912,1.56297,0.367833,False,False,False,stored1_below_threshold
sf,125,op1_1000_pw_neg_missing_wb,physical,neg_missing_wb,pw_neg_missing_wb,False,True,op1_1,op1,1,1.0,0.0,True,24.0,0.807542,0.807542,0.807914,0.7148,25.9,-0.2852,False,0.477584,-1.64864,1,True,0.689408,1.56297,0.441088,False,False,False,stored1_below_threshold
sf,125,op0_n100_pw_neg_missing_wb,physical,neg_missing_wb,pw_neg_missing_wb,False,True,op0_-0.1,op0,0,-0.1,1.2,True,24.0,-0.189239,-0.189239,-0.185193,-0.24043,25.9,-0.14043,False,-0.144608,1.79996,0,True,5.36031e-05,1.56297,3.4e-05,True,True,True,pass
sf,125,op0_0000_pw_neg_missing_wb,physical,neg_missing_wb,pw_neg_missing_wb,False,True,op0_0,op0,0,0.0,1.2,True,24.0,-0.111798,-0.111798,-0.111654,-0.188056,25.9,-0.188056,False,-0.142288,1.79996,0,True,0.0025588,1.56297,0.001637,True,True,True,pass
sf,125,op1_0900_pwnw_rwl_late_hold,physical,rwl_late_hold,pwnw_rwl_late_hold,True,False,op1_0.9,op1,1,0.9,0.0,True,24.0,0.0148315,0.0148315,0.0143628,-0.0697693,25.9,-0.969769,False,-0.114753,1.79996,0,False,0.0269793,1.56297,0.017262,False,False,False,sense_incorrect
sf,125,op1_1000_pwnw_rwl_late_hold,physical,rwl_late_hold,pwnw_rwl_late_hold,True,False,op1_1,op1,1,1.0,0.0,True,24.0,0.0148899,0.0148899,0.0144106,-0.0697218,25.9,-1.069722,False,-0.114741,1.79996,0,False,0.0269794,1.56297,0.017262,False,False,False,sense_incorrect
sf,125,op0_n100_pwnw_rwl_late_hold,physical,rwl_late_hold,pwnw_rwl_late_hold,True,False,op0_-0.1,op0,0,-0.1,1.2,True,24.0,1.2,1.2,1.19819,1.10112,25.9,1.20112,False,0.784523,-1.79997,1,False,1.66867,1.56297,1.067628,False,False,False,sense_incorrect
sf,125,op0_0000_pwnw_rwl_late_hold,physical,rwl_late_hold,pwnw_rwl_late_hold,True,False,op0_0,op0,0,0.0,1.2,True,24.0,1.21508,1.21508,1.21447,1.11711,25.9,1.11711,False,0.797549,-1.79996,1,False,1.66867,1.56297,1.067628,False,False,False,sense_incorrect
fs,27,op1_0900_baseline_analog,legacy,baseline_analog,baseline_analog,False,False,op1_0.9,op1,1,0.9,0.9,False,0.0,1.00299,,,1.00363,3.9,0.10363,False,0.770162,-1.78175,1,True,1.15449,1.13825,1.014268,True,True,True,pass
fs,27,op1_1000_baseline_analog,legacy,baseline_analog,baseline_analog,False,False,op1_1,op1,1,1.0,1.0,False,0.0,1.11849,,,1.11914,3.9,0.11914,False,0.873375,-1.75798,1,True,1.15592,1.13825,1.015524,True,True,True,pass
fs,27,op0_n100_baseline_analog,legacy,baseline_analog,baseline_analog,False,False,op0_-0.1,op0,0,-0.1,-0.1,False,0.0,-0.0367088,,,-0.0361461,3.9,0.063854,False,-0.0999978,1.8,0,True,-0.000200725,1.13825,-0.000176,True,True,True,pass
fs,27,op0_0000_baseline_analog,legacy,baseline_analog,baseline_analog,False,False,op0_0,op0,0,0.0,0.0,False,0.0,0.0647326,,,0.0653074,3.9,0.065307,False,2.63833e-07,1.8,0,True,-0.000200596,1.13825,-0.000176,True,True,True,pass
fs,27,op1_0900_rtl_hold,legacy,rtl_hold,rtl_hold,False,False,op1_0.9,op1,1,0.9,0.9,False,0.0,1.00299,,,1.00299,1.9,0.10299,False,0.770162,-1.78175,1,True,0.987918,1.13825,0.867927,False,False,False,stored1_below_threshold
fs,27,op1_1000_rtl_hold,legacy,rtl_hold,rtl_hold,False,False,op1_1,op1,1,1.0,1.0,False,0.0,1.11849,,,1.11848,1.9,0.11848,False,0.873366,-1.75798,1,True,1.05471,1.13825,0.926607,True,False,False,stored1_below_threshold
fs,27,op0_n100_rtl_hold,legacy,rtl_hold,rtl_hold,False,False,op0_-0.1,op0,0,-0.1,-0.1,False,0.0,-0.0367088,,,-0.0367108,1.9,0.063289,False,-0.0999979,1.8,0,True,-0.12688,1.13825,-0.111469,True,True,True,pass
fs,27,op0_0000_rtl_hold,legacy,rtl_hold,rtl_hold,False,False,op0_0,op0,0,0.0,0.0,False,0.0,0.0647326,,,0.0647304,1.9,0.06473,False,4.32687e-07,1.8,0,True,-0.126879,1.13825,-0.111468,True,True,True,pass
fs,27,op1_0900_rwl_late_hold,legacy,rwl_late_hold,rwl_late_hold,False,False,op1_0.9,op1,1,0.9,0.9,False,0.0,1.00299,,,1.00299,1.9,0.10299,False,0.770162,-1.78175,1,True,1.15449,1.13825,1.014268,True,True,True,pass
fs,27,op1_1000_rwl_late_hold,legacy,rwl_late_hold,rwl_late_hold,False,False,op1_1,op1,1,1.0,1.0,False,0.0,1.11849,,,1.11848,1.9,0.11848,False,0.873366,-1.75798,1,True,1.15592,1.13825,1.015524,True,True,True,pass
fs,27,op0_n100_rwl_late_hold,legacy,rwl_late_hold,rwl_late_hold,False,False,op0_-0.1,op0,0,-0.1,-0.1,False,0.0,-0.0367088,,,-0.0367108,1.9,0.063289,False,-0.0999979,1.8,0,True,-0.000201017,1.13825,-0.000177,True,True,True,pass
fs,27,op0_0000_rwl_late_hold,legacy,rwl_late_hold,rwl_late_hold,False,False,op0_0,op0,0,0.0,0.0,False,0.0,0.0647326,,,0.0647304,1.9,0.06473,False,4.32687e-07,1.8,0,True,-0.000200889,1.13825,-0.000176,True,True,True,pass
fs,27,op1_0900_neg_missing_wb,legacy,neg_missing_wb,neg_missing_wb,False,True,op1_0.9,op1,1,0.9,0.9,False,0.0,1.00299,,,1.00299,1.9,0.10299,False,0.770162,-1.78175,1,True,0.937865,1.13825,0.823953,False,False,False,stored1_below_threshold
fs,27,op1_1000_neg_missing_wb,legacy,neg_missing_wb,neg_missing_wb,False,True,op1_1,op1,1,1.0,1.0,False,0.0,1.11849,,,1.11848,1.9,0.11848,False,0.873366,-1.75798,1,True,1.06088,1.13825,0.932027,True,False,False,stored1_below_threshold
fs,27,op0_n100_neg_missing_wb,legacy,neg_missing_wb,neg_missing_wb,False,True,op0_-0.1,op0,0,-0.1,-0.1,False,0.0,-0.0367088,,,-0.0367108,1.9,0.063289,False,-0.0999979,1.8,0,True,0.0325589,1.13825,0.028604,True,True,True,pass
fs,27,op0_0000_neg_missing_wb,legacy,neg_missing_wb,neg_missing_wb,False,True,op0_0,op0,0,0.0,0.0,False,0.0,0.0647326,,,0.0647304,1.9,0.06473,False,4.32687e-07,1.8,0,True,0.135451,1.13825,0.118999,False,False,False,stored0_above_50mV
fs,27,op1_0900_pic_baseline_analog,pin_ic,baseline_analog,pic_baseline_analog,False,False,op1_0.9,op1,1,0.9,0.9,True,0.0,0.828133,,,0.828764,3.9,-0.071236,False,0.743398,1.7989,0,False,-0.000200081,1.13825,-0.000176,False,False,False,sense_incorrect
fs,27,op1_1000_pic_baseline_analog,pin_ic,baseline_analog,pic_baseline_analog,False,False,op1_1,op1,1,1.0,1.0,True,0.0,0.927564,,,0.9282,3.9,-0.0718,False,0.705475,-1.75735,1,True,1.15278,1.13825,1.012765,True,True,True,pass
fs,27,op0_n100_pic_baseline_analog,pin_ic,baseline_analog,pic_baseline_analog,False,False,op0_-0.1,op0,0,-0.1,-0.1,True,0.0,-0.162295,,,-0.161749,3.9,-0.061749,False,-0.22362,1.8,0,True,-0.000200725,1.13825,-0.000176,True,True,True,pass
fs,27,op0_0000_pic_baseline_analog,pin_ic,baseline_analog,pic_baseline_analog,False,False,op0_0,op0,0,0.0,0.0,True,0.0,-0.0637456,,,-0.0631874,3.9,-0.063187,False,-0.12664,1.8,0,True,-0.000200596,1.13825,-0.000176,True,True,True,pass
fs,27,op1_0900_pic_rtl_hold,pin_ic,rtl_hold,pic_rtl_hold,False,False,op1_0.9,op1,1,0.9,0.9,True,0.0,0.828133,,,0.828129,1.9,-0.071871,False,0.743399,1.7989,0,False,-0.126879,1.13825,-0.111468,False,False,False,sense_incorrect
fs,27,op1_1000_pic_rtl_hold,pin_ic,rtl_hold,pic_rtl_hold,False,False,op1_1,op1,1,1.0,1.0,True,0.0,0.927564,,,0.92756,1.9,-0.07244,False,0.705475,-1.75735,1,True,0.988419,1.13825,0.868367,False,False,False,stored1_below_threshold
fs,27,op0_n100_pic_rtl_hold,pin_ic,rtl_hold,pic_rtl_hold,False,False,op0_-0.1,op0,0,-0.1,-0.1,True,0.0,-0.162295,,,-0.162298,1.9,-0.062298,False,-0.223627,1.8,0,True,-0.12688,1.13825,-0.111469,True,True,True,pass
fs,27,op0_0000_pic_rtl_hold,pin_ic,rtl_hold,pic_rtl_hold,False,False,op0_0,op0,0,0.0,0.0,True,0.0,-0.0637456,,,-0.0637487,1.9,-0.063749,False,-0.12664,1.8,0,True,-0.126879,1.13825,-0.111468,True,True,True,pass
fs,27,op1_0900_pic_rwl_late_hold,pin_ic,rwl_late_hold,pic_rwl_late_hold,False,False,op1_0.9,op1,1,0.9,0.9,True,0.0,0.828133,,,0.828129,1.9,-0.071871,False,0.743399,1.7989,0,False,-0.000200374,1.13825,-0.000176,False,False,False,sense_incorrect
fs,27,op1_1000_pic_rwl_late_hold,pin_ic,rwl_late_hold,pic_rwl_late_hold,False,False,op1_1,op1,1,1.0,1.0,True,0.0,0.927564,,,0.92756,1.9,-0.07244,False,0.705475,-1.75735,1,True,1.15278,1.13825,1.012765,True,True,True,pass
fs,27,op0_n100_pic_rwl_late_hold,pin_ic,rwl_late_hold,pic_rwl_late_hold,False,False,op0_-0.1,op0,0,-0.1,-0.1,True,0.0,-0.162295,,,-0.162298,1.9,-0.062298,False,-0.223627,1.8,0,True,-0.000201017,1.13825,-0.000177,True,True,True,pass
fs,27,op0_0000_pic_rwl_late_hold,pin_ic,rwl_late_hold,pic_rwl_late_hold,False,False,op0_0,op0,0,0.0,0.0,True,0.0,-0.0637456,,,-0.0637487,1.9,-0.063749,False,-0.12664,1.8,0,True,-0.000200889,1.13825,-0.000176,True,True,True,pass
fs,27,op1_0900_pic_neg_missing_wb,pin_ic,neg_missing_wb,pic_neg_missing_wb,False,True,op1_0.9,op1,1,0.9,0.9,True,0.0,0.828133,,,0.828129,1.9,-0.071871,False,0.743399,1.7989,0,False,0.905719,1.13825,0.795712,False,False,False,sense_incorrect
fs,27,op1_1000_pic_neg_missing_wb,pin_ic,neg_missing_wb,pic_neg_missing_wb,False,True,op1_1,op1,1,1.0,1.0,True,0.0,0.927564,,,0.92756,1.9,-0.07244,False,0.705475,-1.75735,1,True,0.876525,1.13825,0.770064,False,False,False,stored1_below_threshold
fs,27,op0_n100_pic_neg_missing_wb,pin_ic,neg_missing_wb,pic_neg_missing_wb,False,True,op0_-0.1,op0,0,-0.1,-0.1,True,0.0,-0.162295,,,-0.162298,1.9,-0.062298,False,-0.223627,1.8,0,True,-0.0949292,1.13825,-0.083399,True,True,True,pass
fs,27,op0_0000_pic_neg_missing_wb,pin_ic,neg_missing_wb,pic_neg_missing_wb,False,True,op0_0,op0,0,0.0,0.0,True,0.0,-0.0637456,,,-0.0637487,1.9,-0.063749,False,-0.12664,1.8,0,True,0.00511034,1.13825,0.00449,True,True,True,pass
fs,27,op1_0900_pw_baseline_analog,physical,baseline_analog,pw_baseline_analog,False,False,op1_0.9,op1,1,0.9,0.0,True,24.0,0.74291,0.74291,0.742591,0.649706,27.9,-0.250294,False,0.574763,1.79998,0,False,-0.000201657,1.13825,-0.000177,False,False,False,sense_incorrect
fs,27,op1_1000_pw_baseline_analog,physical,baseline_analog,pw_baseline_analog,False,False,op1_1,op1,1,1.0,0.0,True,24.0,0.845804,0.845804,0.845482,0.751731,27.9,-0.248269,False,0.671889,1.79978,0,False,-0.000201614,1.13825,-0.000177,False,False,False,sense_incorrect
fs,27,op0_n100_pw_baseline_analog,physical,baseline_analog,pw_baseline_analog,False,False,op0_-0.1,op0,0,-0.1,1.2,True,24.0,-0.22353,-0.22353,-0.223822,-0.302606,27.9,-0.202606,False,-0.35289,1.8,0,True,-0.0002023,1.13825,-0.000178,True,True,True,pass
fs,27,op0_0000_pw_baseline_analog,physical,baseline_analog,pw_baseline_analog,False,False,op0_0,op0,0,0.0,1.2,True,24.0,-0.122922,-0.122922,-0.123225,-0.204245,27.9,-0.204245,False,-0.265159,1.8,0,True,-0.000202172,1.13825,-0.000178,True,True,True,pass
fs,27,op1_0900_pw_rtl_hold,physical,rtl_hold,pw_rtl_hold,False,False,op1_0.9,op1,1,0.9,0.0,True,24.0,0.74291,0.74291,0.742591,0.649075,25.9,-0.250925,False,0.574766,1.79998,0,False,-0.126879,1.13825,-0.111468,False,False,False,sense_incorrect
fs,27,op1_1000_pw_rtl_hold,physical,rtl_hold,pw_rtl_hold,False,False,op1_1,op1,1,1.0,0.0,True,24.0,0.845804,0.845804,0.845482,0.751094,25.9,-0.248906,False,0.671891,1.79978,0,False,-0.126879,1.13825,-0.111468,False,False,False,sense_incorrect
fs,27,op0_n100_pw_rtl_hold,physical,rtl_hold,pw_rtl_hold,False,False,op0_-0.1,op0,0,-0.1,1.2,True,24.0,-0.22353,-0.22353,-0.223822,-0.303169,25.9,-0.203169,False,-0.353614,1.8,0,True,-0.126879,1.13825,-0.111468,True,True,True,pass
fs,27,op0_0000_pw_rtl_hold,physical,rtl_hold,pw_rtl_hold,False,False,op0_0,op0,0,0.0,1.2,True,24.0,-0.122922,-0.122922,-0.123225,-0.204795,25.9,-0.204795,False,-0.26519,1.8,0,True,-0.126879,1.13825,-0.111468,True,True,True,pass
fs,27,op1_0900_pw_rwl_late_hold,physical,rwl_late_hold,pw_rwl_late_hold,False,False,op1_0.9,op1,1,0.9,0.0,True,24.0,0.74291,0.74291,0.742591,0.649075,25.9,-0.250925,False,0.574766,1.79998,0,False,-0.000200337,1.13825,-0.000176,False,False,False,sense_incorrect
fs,27,op1_1000_pw_rwl_late_hold,physical,rwl_late_hold,pw_rwl_late_hold,False,False,op1_1,op1,1,1.0,0.0,True,24.0,0.845804,0.845804,0.845482,0.751094,25.9,-0.248906,False,0.671891,1.79978,0,False,-0.000200295,1.13825,-0.000176,False,False,False,sense_incorrect
fs,27,op0_n100_pw_rwl_late_hold,physical,rwl_late_hold,pw_rwl_late_hold,False,False,op0_-0.1,op0,0,-0.1,1.2,True,24.0,-0.22353,-0.22353,-0.223822,-0.303169,25.9,-0.203169,False,-0.353614,1.8,0,True,-0.000200981,1.13825,-0.000177,True,True,True,pass
fs,27,op0_0000_pw_rwl_late_hold,physical,rwl_late_hold,pw_rwl_late_hold,False,False,op0_0,op0,0,0.0,1.2,True,24.0,-0.122922,-0.122922,-0.123225,-0.204795,25.9,-0.204795,False,-0.26519,1.8,0,True,-0.000200852,1.13825,-0.000176,True,True,True,pass
fs,27,op1_0900_pw_neg_missing_wb,physical,neg_missing_wb,pw_neg_missing_wb,False,True,op1_0.9,op1,1,0.9,0.0,True,24.0,0.74291,0.74291,0.742591,0.649075,25.9,-0.250925,False,0.574766,1.79998,0,False,0.725452,1.13825,0.63734,False,False,False,sense_incorrect
fs,27,op1_1000_pw_neg_missing_wb,physical,neg_missing_wb,pw_neg_missing_wb,False,True,op1_1,op1,1,1.0,0.0,True,24.0,0.845804,0.845804,0.845482,0.751094,25.9,-0.248906,False,0.671891,1.79978,0,False,0.828182,1.13825,0.727592,False,False,False,sense_incorrect
fs,27,op0_n100_pw_neg_missing_wb,physical,neg_missing_wb,pw_neg_missing_wb,False,True,op0_-0.1,op0,0,-0.1,1.2,True,24.0,-0.22353,-0.22353,-0.223822,-0.303169,25.9,-0.203169,False,-0.353614,1.8,0,True,-0.229629,1.13825,-0.201739,True,True,True,pass
fs,27,op0_0000_pw_neg_missing_wb,physical,neg_missing_wb,pw_neg_missing_wb,False,True,op0_0,op0,0,0.0,1.2,True,24.0,-0.122922,-0.122922,-0.123225,-0.204795,25.9,-0.204795,False,-0.26519,1.8,0,True,-0.137888,1.13825,-0.12114,True,True,True,pass
fs,27,op1_0900_pwnw_rwl_late_hold,physical,rwl_late_hold,pwnw_rwl_late_hold,True,False,op1_0.9,op1,1,0.9,0.0,True,24.0,0.0209596,0.0209596,0.0206379,-0.0637474,25.9,-0.963747,False,-0.126642,1.8,0,False,-0.000200337,1.13825,-0.000176,False,False,False,sense_incorrect
fs,27,op1_1000_pwnw_rwl_late_hold,physical,rwl_late_hold,pwnw_rwl_late_hold,True,False,op1_1,op1,1,1.0,0.0,True,24.0,0.0209593,0.0209593,0.0206367,-0.0637476,25.9,-1.063748,False,-0.126642,1.8,0,False,-0.000200295,1.13825,-0.000176,False,False,False,sense_incorrect
fs,27,op0_n100_pwnw_rwl_late_hold,physical,rwl_late_hold,pwnw_rwl_late_hold,True,False,op0_-0.1,op0,0,-0.1,1.2,True,24.0,1.22405,1.22405,1.22362,1.12646,25.9,1.22646,False,0.873282,-1.8,1,False,1.16086,1.13825,1.019864,False,False,False,sense_incorrect
fs,27,op0_0000_pwnw_rwl_late_hold,physical,rwl_late_hold,pwnw_rwl_late_hold,True,False,op0_0,op0,0,0.0,1.2,True,24.0,1.22399,1.22399,1.22362,1.12646,25.9,1.12646,False,0.873282,-1.8,1,False,1.16086,1.13825,1.019864,False,False,False,sense_incorrect
fs,125,op1_0900_baseline_analog,legacy,baseline_analog,baseline_analog,False,False,op1_0.9,op1,1,0.9,0.9,False,0.0,1.01492,,,1.01573,3.9,0.11573,False,0.771386,-1.76536,1,True,1.29083,1.26191,1.022918,True,True,True,pass
fs,125,op1_1000_baseline_analog,legacy,baseline_analog,baseline_analog,False,False,op1_1,op1,1,1.0,1.0,False,0.0,1.13043,,,1.13127,3.9,0.13127,False,0.874297,-1.73696,1,True,1.28675,1.26191,1.019684,True,True,True,pass
fs,125,op0_n100_baseline_analog,legacy,baseline_analog,baseline_analog,False,False,op0_-0.1,op0,0,-0.1,-0.1,False,0.0,-0.0372018,,,-0.0364672,3.9,0.063533,False,-0.0982178,1.79971,0,True,-0.010455,1.26191,-0.008285,True,True,True,pass
fs,125,op0_0000_baseline_analog,legacy,baseline_analog,baseline_analog,False,False,op0_0,op0,0,0.0,0.0,False,0.0,0.0645027,,,0.0652205,3.9,0.065221,False,0.000125421,1.79971,0,True,-0.0104545,1.26191,-0.008285,True,True,True,pass
fs,125,op1_0900_rtl_hold,legacy,rtl_hold,rtl_hold,False,False,op1_0.9,op1,1,0.9,0.9,False,0.0,1.01492,,,1.01491,1.9,0.11491,False,0.771409,-1.76536,1,True,1.09765,1.26191,0.869832,False,False,False,stored1_below_threshold
fs,125,op1_1000_rtl_hold,legacy,rtl_hold,rtl_hold,False,False,op1_1,op1,1,1.0,1.0,False,0.0,1.13043,,,1.13042,1.9,0.13042,False,0.874322,-1.73696,1,True,1.11183,1.26191,0.881069,False,False,False,stored1_below_threshold
fs,125,op0_n100_rtl_hold,legacy,rtl_hold,rtl_hold,False,False,op0_-0.1,op0,0,-0.1,-0.1,False,0.0,-0.0372018,,,-0.0371932,1.9,0.062807,False,-0.0983815,1.79971,0,True,-0.135596,1.26191,-0.107453,True,True,True,pass
fs,125,op0_0000_rtl_hold,legacy,rtl_hold,rtl_hold,False,False,op0_0,op0,0,0.0,0.0,False,0.0,0.0645027,,,0.0644968,1.9,0.064497,False,0.000120458,1.79971,0,True,-0.135596,1.26191,-0.107453,True,True,True,pass
fs,125,op1_0900_rwl_late_hold,legacy,rwl_late_hold,rwl_late_hold,False,False,op1_0.9,op1,1,0.9,0.9,False,0.0,1.01492,,,1.01491,1.9,0.11491,False,0.771409,-1.76536,1,True,1.29083,1.26191,1.022918,True,True,True,pass
fs,125,op1_1000_rwl_late_hold,legacy,rwl_late_hold,rwl_late_hold,False,False,op1_1,op1,1,1.0,1.0,False,0.0,1.13043,,,1.13042,1.9,0.13042,False,0.874322,-1.73696,1,True,1.28674,1.26191,1.019677,True,True,True,pass
fs,125,op0_n100_rwl_late_hold,legacy,rwl_late_hold,rwl_late_hold,False,False,op0_-0.1,op0,0,-0.1,-0.1,False,0.0,-0.0372018,,,-0.0371932,1.9,0.062807,False,-0.0983815,1.79971,0,True,-0.0104562,1.26191,-0.008286,True,True,True,pass
fs,125,op0_0000_rwl_late_hold,legacy,rwl_late_hold,rwl_late_hold,False,False,op0_0,op0,0,0.0,0.0,False,0.0,0.0645027,,,0.0644968,1.9,0.064497,False,0.000120458,1.79971,0,True,-0.0104557,1.26191,-0.008286,True,True,True,pass
fs,125,op1_0900_neg_missing_wb,legacy,neg_missing_wb,neg_missing_wb,False,True,op1_0.9,op1,1,0.9,0.9,False,0.0,1.01492,,,1.01491,1.9,0.11491,False,0.771409,-1.76536,1,True,0.953333,1.26191,0.755468,False,False,False,stored1_below_threshold
fs,125,op1_1000_neg_missing_wb,legacy,neg_missing_wb,neg_missing_wb,False,True,op1_1,op1,1,1.0,1.0,False,0.0,1.13043,,,1.13042,1.9,0.13042,False,0.874322,-1.73696,1,True,1.07653,1.26191,0.853096,False,False,False,stored1_below_threshold
fs,125,op0_n100_neg_missing_wb,legacy,neg_missing_wb,neg_missing_wb,False,True,op0_-0.1,op0,0,-0.1,-0.1,False,0.0,-0.0372018,,,-0.0371932,1.9,0.062807,False,-0.0983815,1.79971,0,True,0.0324644,1.26191,0.025726,True,True,True,pass
fs,125,op0_0000_neg_missing_wb,legacy,neg_missing_wb,neg_missing_wb,False,True,op0_0,op0,0,0.0,0.0,False,0.0,0.0645027,,,0.0644968,1.9,0.064497,False,0.000120458,1.79971,0,True,0.134223,1.26191,0.106365,False,False,False,stored0_above_50mV
fs,125,op1_0900_pic_baseline_analog,pin_ic,baseline_analog,pic_baseline_analog,False,False,op1_0.9,op1,1,0.9,0.9,True,0.0,0.828153,,,0.828942,3.9,-0.071058,False,0.605409,-1.76495,1,True,1.29068,1.26191,1.022799,True,True,True,pass
fs,125,op1_1000_pic_baseline_analog,pin_ic,baseline_analog,pic_baseline_analog,False,False,op1_1,op1,1,1.0,1.0,True,0.0,0.927509,,,0.928309,3.9,-0.071691,False,0.698349,-1.735,1,True,1.28594,1.26191,1.019043,True,True,True,pass
fs,125,op0_n100_pic_baseline_analog,pin_ic,baseline_analog,pic_baseline_analog,False,False,op0_-0.1,op0,0,-0.1,-0.1,True,0.0,-0.161403,,,-0.160114,3.9,-0.060114,False,-0.199763,1.79971,0,True,-0.010455,1.26191,-0.008285,True,True,True,pass
fs,125,op0_0000_pic_baseline_analog,pin_ic,baseline_analog,pic_baseline_analog,False,False,op0_0,op0,0,0.0,0.0,True,0.0,-0.0632146,,,-0.0624569,3.9,-0.062457,False,-0.122399,1.79971,0,True,-0.0104545,1.26191,-0.008285,True,True,True,pass
fs,125,op1_0900_pic_rtl_hold,pin_ic,rtl_hold,pic_rtl_hold,False,False,op1_0.9,op1,1,0.9,0.9,True,0.0,0.828153,,,0.828141,1.9,-0.071859,False,0.605429,-1.76495,1,True,1.09614,1.26191,0.868636,False,False,False,stored1_below_threshold
fs,125,op1_1000_pic_rtl_hold,pin_ic,rtl_hold,pic_rtl_hold,False,False,op1_1,op1,1,1.0,1.0,True,0.0,0.927509,,,0.927497,1.9,-0.072503,False,0.69837,-1.73499,1,True,1.0986,1.26191,0.870585,False,False,False,stored1_below_threshold
fs,125,op0_n100_pic_rtl_hold,pin_ic,rtl_hold,pic_rtl_hold,False,False,op0_-0.1,op0,0,-0.1,-0.1,True,0.0,-0.161403,,,-0.161155,1.9,-0.061155,False,-0.20151,1.79971,0,True,-0.135596,1.26191,-0.107453,True,True,True,pass
fs,125,op0_0000_pic_rtl_hold,pin_ic,rtl_hold,pic_rtl_hold,False,False,op0_0,op0,0,0.0,0.0,True,0.0,-0.0632146,,,-0.0631956,1.9,-0.063196,False,-0.12269,1.79971,0,True,-0.135596,1.26191,-0.107453,True,True,True,pass
fs,125,op1_0900_pic_rwl_late_hold,pin_ic,rwl_late_hold,pic_rwl_late_hold,False,False,op1_0.9,op1,1,0.9,0.9,True,0.0,0.828153,,,0.828141,1.9,-0.071859,False,0.605429,-1.76495,1,True,1.29068,1.26191,1.022799,True,True,True,pass
fs,125,op1_1000_pic_rwl_late_hold,pin_ic,rwl_late_hold,pic_rwl_late_hold,False,False,op1_1,op1,1,1.0,1.0,True,0.0,0.927509,,,0.927497,1.9,-0.072503,False,0.69837,-1.73499,1,True,1.28594,1.26191,1.019043,True,True,True,pass
fs,125,op0_n100_pic_rwl_late_hold,pin_ic,rwl_late_hold,pic_rwl_late_hold,False,False,op0_-0.1,op0,0,-0.1,-0.1,True,0.0,-0.161403,,,-0.161155,1.9,-0.061155,False,-0.20151,1.79971,0,True,-0.0104562,1.26191,-0.008286,True,True,True,pass
fs,125,op0_0000_pic_rwl_late_hold,pin_ic,rwl_late_hold,pic_rwl_late_hold,False,False,op0_0,op0,0,0.0,0.0,True,0.0,-0.0632146,,,-0.0631956,1.9,-0.063196,False,-0.12269,1.79971,0,True,-0.0104557,1.26191,-0.008286,True,True,True,pass
fs,125,op1_0900_pic_neg_missing_wb,pin_ic,neg_missing_wb,pic_neg_missing_wb,False,True,op1_0.9,op1,1,0.9,0.9,True,0.0,0.828153,,,0.828141,1.9,-0.071859,False,0.605429,-1.76495,1,True,0.773434,1.26191,0.612907,False,False,False,stored1_below_threshold
fs,125,op1_1000_pic_neg_missing_wb,pin_ic,neg_missing_wb,pic_neg_missing_wb,False,True,op1_1,op1,1,1.0,1.0,True,0.0,0.927509,,,0.927497,1.9,-0.072503,False,0.69837,-1.73499,1,True,0.880807,1.26191,0.697995,False,False,False,stored1_below_threshold
fs,125,op0_n100_pic_neg_missing_wb,pin_ic,neg_missing_wb,pic_neg_missing_wb,False,True,op0_-0.1,op0,0,-0.1,-0.1,True,0.0,-0.161403,,,-0.161155,1.9,-0.061155,False,-0.20151,1.79971,0,True,-0.0737682,1.26191,-0.058458,True,True,True,pass
fs,125,op0_0000_pic_neg_missing_wb,pin_ic,neg_missing_wb,pic_neg_missing_wb,False,True,op0_0,op0,0,0.0,0.0,True,0.0,-0.0632146,,,-0.0631956,1.9,-0.063196,False,-0.12269,1.79971,0,True,0.00736664,1.26191,0.005838,True,True,True,pass
fs,125,op1_0900_pw_baseline_analog,physical,baseline_analog,pw_baseline_analog,False,False,op1_0.9,op1,1,0.9,0.0,True,24.0,0.733946,0.733946,0.733573,0.660214,27.9,-0.239786,False,0.578616,1.79946,0,False,-0.0104556,1.26191,-0.008286,False,False,False,sense_incorrect
fs,125,op1_1000_pw_baseline_analog,physical,baseline_analog,pw_baseline_analog,False,False,op1_1,op1,1,1.0,0.0,True,24.0,0.84158,0.84158,0.841206,0.767089,27.9,-0.232911,False,0.677798,1.79831,0,False,-0.0104555,1.26191,-0.008285,False,False,False,sense_incorrect
fs,125,op0_n100_pw_baseline_analog,physical,baseline_analog,pw_baseline_analog,False,False,op0_-0.1,op0,0,-0.1,1.2,True,24.0,-0.222377,-0.222377,-0.221433,-0.272625,27.9,-0.172625,False,-0.236846,1.79971,0,True,-0.0104566,1.26191,-0.008286,True,True,True,pass
fs,125,op0_0000_pw_baseline_analog,physical,baseline_analog,pw_baseline_analog,False,False,op0_0,op0,0,0.0,1.2,True,24.0,-0.131567,-0.131567,-0.131898,-0.193508,27.9,-0.193508,False,-0.217008,1.79971,0,True,-0.0104561,1.26191,-0.008286,True,True,True,pass
fs,125,op1_0900_pw_rtl_hold,physical,rtl_hold,pw_rtl_hold,False,False,op1_0.9,op1,1,0.9,0.0,True,24.0,0.733946,0.733946,0.733573,0.659434,25.9,-0.240566,False,0.578633,1.79946,0,False,-0.135595,1.26191,-0.107452,False,False,False,sense_incorrect
fs,125,op1_1000_pw_rtl_hold,physical,rtl_hold,pw_rtl_hold,False,False,op1_1,op1,1,1.0,0.0,True,24.0,0.84158,0.84158,0.841206,0.766299,25.9,-0.233701,False,0.677807,1.79831,0,False,-0.135595,1.26191,-0.107452,False,False,False,sense_incorrect
fs,125,op0_n100_pw_rtl_hold,physical,rtl_hold,pw_rtl_hold,False,False,op0_-0.1,op0,0,-0.1,1.2,True,24.0,-0.222377,-0.222377,-0.221433,-0.278164,25.9,-0.178164,False,-0.241018,1.79971,0,True,-0.135596,1.26191,-0.107453,True,True,True,pass
fs,125,op0_0000_pw_rtl_hold,physical,rtl_hold,pw_rtl_hold,False,False,op0_0,op0,0,0.0,1.2,True,24.0,-0.131567,-0.131567,-0.131898,-0.194951,25.9,-0.194951,False,-0.219611,1.79971,0,True,-0.135596,1.26191,-0.107453,True,True,True,pass
fs,125,op1_0900_pw_rwl_late_hold,physical,rwl_late_hold,pw_rwl_late_hold,False,False,op1_0.9,op1,1,0.9,0.0,True,24.0,0.733946,0.733946,0.733573,0.659434,25.9,-0.240566,False,0.578633,1.79946,0,False,-0.0104552,1.26191,-0.008285,False,False,False,sense_incorrect
fs,125,op1_1000_pw_rwl_late_hold,physical,rwl_late_hold,pw_rwl_late_hold,False,False,op1_1,op1,1,1.0,0.0,True,24.0,0.84158,0.84158,0.841206,0.766299,25.9,-0.233701,False,0.677807,1.79831,0,False,-0.0104551,1.26191,-0.008285,False,False,False,sense_incorrect
fs,125,op0_n100_pw_rwl_late_hold,physical,rwl_late_hold,pw_rwl_late_hold,False,False,op0_-0.1,op0,0,-0.1,1.2,True,24.0,-0.222377,-0.222377,-0.221433,-0.278164,25.9,-0.178164,False,-0.241018,1.79971,0,True,-0.0104562,1.26191,-0.008286,True,True,True,pass
fs,125,op0_0000_pw_rwl_late_hold,physical,rwl_late_hold,pw_rwl_late_hold,False,False,op0_0,op0,0,0.0,1.2,True,24.0,-0.131567,-0.131567,-0.131898,-0.194951,25.9,-0.194951,False,-0.219611,1.79971,0,True,-0.0104557,1.26191,-0.008286,True,True,True,pass
fs,125,op1_0900_pw_neg_missing_wb,physical,neg_missing_wb,pw_neg_missing_wb,False,True,op1_0.9,op1,1,0.9,0.0,True,24.0,0.733946,0.733946,0.733573,0.659434,25.9,-0.240566,False,0.578633,1.79946,0,False,0.734874,1.26191,0.582351,False,False,False,sense_incorrect
fs,125,op1_1000_pw_neg_missing_wb,physical,neg_missing_wb,pw_neg_missing_wb,False,True,op1_1,op1,1,1.0,0.0,True,24.0,0.84158,0.84158,0.841206,0.766299,25.9,-0.233701,False,0.677807,1.79831,0,False,0.842512,1.26191,0.667648,False,False,False,sense_incorrect
fs,125,op0_n100_pw_neg_missing_wb,physical,neg_missing_wb,pw_neg_missing_wb,False,True,op0_-0.1,op0,0,-0.1,1.2,True,24.0,-0.222377,-0.222377,-0.221433,-0.278164,25.9,-0.178164,False,-0.241018,1.79971,0,True,-0.113757,1.26191,-0.090147,True,True,True,pass
fs,125,op0_0000_pw_neg_missing_wb,physical,neg_missing_wb,pw_neg_missing_wb,False,True,op0_0,op0,0,0.0,1.2,True,24.0,-0.131567,-0.131567,-0.131898,-0.194951,25.9,-0.194951,False,-0.219611,1.79971,0,True,-0.0921967,1.26191,-0.073061,True,True,True,pass
fs,125,op1_0900_pwnw_rwl_late_hold,physical,rwl_late_hold,pwnw_rwl_late_hold,True,False,op1_0.9,op1,1,0.9,0.0,True,24.0,0.00357787,0.00357787,0.00305792,-0.0632079,25.9,-0.963208,False,-0.122708,1.79971,0,False,-0.0104552,1.26191,-0.008285,False,False,False,sense_incorrect
fs,125,op1_1000_pwnw_rwl_late_hold,physical,rwl_late_hold,pwnw_rwl_late_hold,True,False,op1_1,op1,1,1.0,0.0,True,24.0,0.0035817,0.0035817,0.00305757,-0.0632078,25.9,-1.063208,False,-0.122708,1.79971,0,False,-0.0104551,1.26191,-0.008285,False,False,False,sense_incorrect
fs,125,op0_n100_pwnw_rwl_late_hold,physical,rwl_late_hold,pwnw_rwl_late_hold,True,False,op0_-0.1,op0,0,-0.1,1.2,True,24.0,1.20419,1.20419,1.20326,1.12579,25.9,1.22579,False,0.859942,-1.79972,1,False,1.29833,1.26191,1.028861,False,False,False,sense_incorrect
fs,125,op0_0000_pwnw_rwl_late_hold,physical,rwl_late_hold,pwnw_rwl_late_hold,True,False,op0_0,op0,0,0.0,1.2,True,24.0,1.20404,1.20404,1.20341,1.12595,25.9,1.12595,False,0.860069,-1.79972,1,False,1.29834,1.26191,1.028869,False,False,False,sense_incorrect
