corner,temp_c,instance,kind,sn_pre_v,sense_ns,wb_ns,t_row_refresh_op_ns,dec_v,decided,snrd_v,snend_v,sn_ref_v,negative_control,restored_90,restored_95,restored_98
tt,27,op1_0900_s0p5_w0p2,op1,0.9,0.5,0.2,7.7,-1.75474,1,0.770405,1.03785,1.2838,True,False,False,False
tt,27,op1_0900_s0p5_w0p5,op1,0.9,0.5,0.5,8.0,-1.75474,1,0.770405,1.128,1.2838,False,False,False,False
tt,27,op1_0900_s0p5_w1,op1,0.9,0.5,1.0,8.5,-1.75474,1,0.770405,1.17563,1.2838,False,True,False,False
tt,27,op1_0900_s0p5_w2,op1,0.9,0.5,2.0,9.5,-1.75474,1,0.770405,1.21523,1.2838,False,True,False,False
tt,27,op1_0900_s0p5_w3,op1,0.9,0.5,3.0,10.5,-1.75474,1,0.770405,1.2363,1.2838,False,True,True,False
tt,27,op1_0900_s0p5_w5,op1,0.9,0.5,5.0,12.5,-1.75474,1,0.770405,1.26142,1.2838,False,True,True,True
tt,27,op1_0900_s0p5_w7p5,op1,0.9,0.5,7.5,15.0,-1.75474,1,0.770405,1.28052,1.2838,False,True,True,True
tt,27,op1_0900_s0p5_w10,op1,0.9,0.5,10.0,17.5,-1.75474,1,0.770405,1.29375,1.2838,False,True,True,True
tt,27,op1_0900_s0p5_w15,op1,0.9,0.5,15.0,22.5,-1.75474,1,0.770405,1.31198,1.2838,False,True,True,True
tt,27,op1_0900_s0p5_w20,op1,0.9,0.5,20.0,27.5,-1.75474,1,0.770405,1.32468,1.2838,False,True,True,True
tt,27,op1_0900_s0p5_w30,op1,0.9,0.5,30.0,37.5,-1.75474,1,0.770405,1.34232,1.2838,False,True,True,True
tt,27,op1_0900_s0p5_w50,op1,0.9,0.5,50.0,57.5,-1.75474,1,0.770405,1.36416,1.2838,False,True,True,True
tt,27,op1_0900_s1_w0p2,op1,0.9,1.0,0.2,8.2,-1.75474,1,0.770405,1.03785,1.2838,True,False,False,False
tt,27,op1_0900_s1_w0p5,op1,0.9,1.0,0.5,8.5,-1.75474,1,0.770405,1.12801,1.2838,False,False,False,False
tt,27,op1_0900_s1_w1,op1,0.9,1.0,1.0,9.0,-1.75474,1,0.770405,1.17564,1.2838,False,True,False,False
tt,27,op1_0900_s1_w2,op1,0.9,1.0,2.0,10.0,-1.75474,1,0.770405,1.21522,1.2838,False,True,False,False
tt,27,op1_0900_s1_w3,op1,0.9,1.0,3.0,11.0,-1.75474,1,0.770405,1.2363,1.2838,False,True,True,False
tt,27,op1_0900_s1_w5,op1,0.9,1.0,5.0,13.0,-1.75474,1,0.770405,1.26142,1.2838,False,True,True,True
tt,27,op1_0900_s1_w7p5,op1,0.9,1.0,7.5,15.5,-1.75474,1,0.770405,1.28053,1.2838,False,True,True,True
tt,27,op1_0900_s1_w10,op1,0.9,1.0,10.0,18.0,-1.75474,1,0.770405,1.29375,1.2838,False,True,True,True
tt,27,op1_0900_s1_w15,op1,0.9,1.0,15.0,23.0,-1.75474,1,0.770405,1.31199,1.2838,False,True,True,True
tt,27,op1_0900_s1_w20,op1,0.9,1.0,20.0,28.0,-1.75474,1,0.770405,1.32469,1.2838,False,True,True,True
tt,27,op1_0900_s1_w30,op1,0.9,1.0,30.0,38.0,-1.75474,1,0.770405,1.34232,1.2838,False,True,True,True
tt,27,op1_0900_s1_w50,op1,0.9,1.0,50.0,58.0,-1.75474,1,0.770405,1.36417,1.2838,False,True,True,True
tt,27,op1_0900_s2_w0p2,op1,0.9,2.0,0.2,9.2,-1.75474,1,0.770404,1.03785,1.2838,True,False,False,False
tt,27,op1_0900_s2_w0p5,op1,0.9,2.0,0.5,9.5,-1.75474,1,0.770404,1.12801,1.2838,False,False,False,False
tt,27,op1_0900_s2_w1,op1,0.9,2.0,1.0,10.0,-1.75474,1,0.770404,1.17563,1.2838,False,True,False,False
tt,27,op1_0900_s2_w2,op1,0.9,2.0,2.0,11.0,-1.75474,1,0.770404,1.21523,1.2838,False,True,False,False
tt,27,op1_0900_s2_w3,op1,0.9,2.0,3.0,12.0,-1.75474,1,0.770404,1.23629,1.2838,False,True,True,False
tt,27,op1_0900_s2_w5,op1,0.9,2.0,5.0,14.0,-1.75474,1,0.770404,1.26142,1.2838,False,True,True,True
tt,27,op1_0900_s2_w7p5,op1,0.9,2.0,7.5,16.5,-1.75474,1,0.770404,1.28053,1.2838,False,True,True,True
tt,27,op1_0900_s2_w10,op1,0.9,2.0,10.0,19.0,-1.75474,1,0.770404,1.29375,1.2838,False,True,True,True
tt,27,op1_0900_s2_w15,op1,0.9,2.0,15.0,24.0,-1.75474,1,0.770404,1.31198,1.2838,False,True,True,True
tt,27,op1_0900_s2_w20,op1,0.9,2.0,20.0,29.0,-1.75474,1,0.770404,1.32469,1.2838,False,True,True,True
tt,27,op1_0900_s2_w30,op1,0.9,2.0,30.0,39.0,-1.75474,1,0.770404,1.34232,1.2838,False,True,True,True
tt,27,op1_0900_s2_w50,op1,0.9,2.0,50.0,59.0,-1.75474,1,0.770404,1.36416,1.2838,False,True,True,True
tt,27,op1_0900_s5_w0p2,op1,0.9,5.0,0.2,12.2,-1.75474,1,0.770404,1.03785,1.2838,True,False,False,False
tt,27,op1_0900_s5_w0p5,op1,0.9,5.0,0.5,12.5,-1.75474,1,0.770404,1.12801,1.2838,False,False,False,False
tt,27,op1_0900_s5_w1,op1,0.9,5.0,1.0,13.0,-1.75474,1,0.770404,1.17565,1.2838,False,True,False,False
tt,27,op1_0900_s5_w2,op1,0.9,5.0,2.0,14.0,-1.75474,1,0.770404,1.21523,1.2838,False,True,False,False
tt,27,op1_0900_s5_w3,op1,0.9,5.0,3.0,15.0,-1.75474,1,0.770404,1.23629,1.2838,False,True,True,False
tt,27,op1_0900_s5_w5,op1,0.9,5.0,5.0,17.0,-1.75474,1,0.770404,1.26142,1.2838,False,True,True,True
tt,27,op1_0900_s5_w7p5,op1,0.9,5.0,7.5,19.5,-1.75474,1,0.770404,1.28054,1.2838,False,True,True,True
tt,27,op1_0900_s5_w10,op1,0.9,5.0,10.0,22.0,-1.75474,1,0.770404,1.29375,1.2838,False,True,True,True
tt,27,op1_0900_s5_w15,op1,0.9,5.0,15.0,27.0,-1.75474,1,0.770404,1.31198,1.2838,False,True,True,True
tt,27,op1_0900_s5_w20,op1,0.9,5.0,20.0,32.0,-1.75474,1,0.770404,1.32469,1.2838,False,True,True,True
tt,27,op1_0900_s5_w30,op1,0.9,5.0,30.0,42.0,-1.75474,1,0.770404,1.34232,1.2838,False,True,True,True
tt,27,op1_0900_s5_w50,op1,0.9,5.0,50.0,62.0,-1.75474,1,0.770404,1.36416,1.2838,False,True,True,True
tt,27,op1_0900_s10_w0p2,op1,0.9,10.0,0.2,17.2,-1.75475,1,0.770399,1.03785,1.2838,True,False,False,False
tt,27,op1_0900_s10_w0p5,op1,0.9,10.0,0.5,17.5,-1.75475,1,0.770399,1.12801,1.2838,False,False,False,False
tt,27,op1_0900_s10_w1,op1,0.9,10.0,1.0,18.0,-1.75475,1,0.770399,1.17565,1.2838,False,True,False,False
tt,27,op1_0900_s10_w2,op1,0.9,10.0,2.0,19.0,-1.75475,1,0.770399,1.21524,1.2838,False,True,False,False
tt,27,op1_0900_s10_w3,op1,0.9,10.0,3.0,20.0,-1.75475,1,0.770399,1.2363,1.2838,False,True,True,False
tt,27,op1_0900_s10_w5,op1,0.9,10.0,5.0,22.0,-1.75475,1,0.770399,1.26143,1.2838,False,True,True,True
tt,27,op1_0900_s10_w7p5,op1,0.9,10.0,7.5,24.5,-1.75475,1,0.770399,1.28054,1.2838,False,True,True,True
tt,27,op1_0900_s10_w10,op1,0.9,10.0,10.0,27.0,-1.75475,1,0.770399,1.29375,1.2838,False,True,True,True
tt,27,op1_0900_s10_w15,op1,0.9,10.0,15.0,32.0,-1.75475,1,0.770399,1.31199,1.2838,False,True,True,True
tt,27,op1_0900_s10_w20,op1,0.9,10.0,20.0,37.0,-1.75475,1,0.770399,1.32468,1.2838,False,True,True,True
tt,27,op1_0900_s10_w30,op1,0.9,10.0,30.0,47.0,-1.75475,1,0.770399,1.34232,1.2838,False,True,True,True
tt,27,op1_0900_s10_w50,op1,0.9,10.0,50.0,67.0,-1.75475,1,0.770399,1.36416,1.2838,False,True,True,True
tt,27,op1_1000_s0p5_w0p2,op1,1.0,0.5,0.2,7.7,-1.72447,1,0.873186,1.07906,1.2838,True,False,False,False
tt,27,op1_1000_s0p5_w0p5,op1,1.0,0.5,0.5,8.0,-1.72447,1,0.873186,1.13749,1.2838,False,False,False,False
tt,27,op1_1000_s0p5_w1,op1,1.0,0.5,1.0,8.5,-1.72447,1,0.873186,1.17699,1.2838,False,True,False,False
tt,27,op1_1000_s0p5_w2,op1,1.0,0.5,2.0,9.5,-1.72447,1,0.873186,1.2127,1.2838,False,True,False,False
tt,27,op1_1000_s0p5_w3,op1,1.0,0.5,3.0,10.5,-1.72447,1,0.873186,1.23244,1.2838,False,True,True,False
tt,27,op1_1000_s0p5_w5,op1,1.0,0.5,5.0,12.5,-1.72447,1,0.873186,1.25645,1.2838,False,True,True,False
tt,27,op1_1000_s0p5_w7p5,op1,1.0,0.5,7.5,15.0,-1.72447,1,0.873186,1.27495,1.2838,False,True,True,True
tt,27,op1_1000_s0p5_w10,op1,1.0,0.5,10.0,17.5,-1.72447,1,0.873186,1.28786,1.2838,False,True,True,True
tt,27,op1_1000_s0p5_w15,op1,1.0,0.5,15.0,22.5,-1.72447,1,0.873186,1.30576,1.2838,False,True,True,True
tt,27,op1_1000_s0p5_w20,op1,1.0,0.5,20.0,27.5,-1.72447,1,0.873186,1.31828,1.2838,False,True,True,True
tt,27,op1_1000_s0p5_w30,op1,1.0,0.5,30.0,37.5,-1.72447,1,0.873186,1.33572,1.2838,False,True,True,True
tt,27,op1_1000_s0p5_w50,op1,1.0,0.5,50.0,57.5,-1.72447,1,0.873186,1.35739,1.2838,False,True,True,True
tt,27,op1_1000_s1_w0p2,op1,1.0,1.0,0.2,8.2,-1.72447,1,0.873185,1.07906,1.2838,True,False,False,False
tt,27,op1_1000_s1_w0p5,op1,1.0,1.0,0.5,8.5,-1.72447,1,0.873185,1.1375,1.2838,False,False,False,False
tt,27,op1_1000_s1_w1,op1,1.0,1.0,1.0,9.0,-1.72447,1,0.873185,1.17698,1.2838,False,True,False,False
tt,27,op1_1000_s1_w2,op1,1.0,1.0,2.0,10.0,-1.72447,1,0.873185,1.21269,1.2838,False,True,False,False
tt,27,op1_1000_s1_w3,op1,1.0,1.0,3.0,11.0,-1.72447,1,0.873185,1.23244,1.2838,False,True,True,False
tt,27,op1_1000_s1_w5,op1,1.0,1.0,5.0,13.0,-1.72447,1,0.873185,1.25645,1.2838,False,True,True,False
tt,27,op1_1000_s1_w7p5,op1,1.0,1.0,7.5,15.5,-1.72447,1,0.873185,1.27496,1.2838,False,True,True,True
tt,27,op1_1000_s1_w10,op1,1.0,1.0,10.0,18.0,-1.72447,1,0.873185,1.28786,1.2838,False,True,True,True
tt,27,op1_1000_s1_w15,op1,1.0,1.0,15.0,23.0,-1.72447,1,0.873185,1.30576,1.2838,False,True,True,True
tt,27,op1_1000_s1_w20,op1,1.0,1.0,20.0,28.0,-1.72447,1,0.873185,1.31829,1.2838,False,True,True,True
tt,27,op1_1000_s1_w30,op1,1.0,1.0,30.0,38.0,-1.72447,1,0.873185,1.33572,1.2838,False,True,True,True
tt,27,op1_1000_s1_w50,op1,1.0,1.0,50.0,58.0,-1.72447,1,0.873185,1.3574,1.2838,False,True,True,True
tt,27,op1_1000_s2_w0p2,op1,1.0,2.0,0.2,9.2,-1.72447,1,0.873188,1.07906,1.2838,True,False,False,False
tt,27,op1_1000_s2_w0p5,op1,1.0,2.0,0.5,9.5,-1.72447,1,0.873188,1.1375,1.2838,False,False,False,False
tt,27,op1_1000_s2_w1,op1,1.0,2.0,1.0,10.0,-1.72447,1,0.873188,1.17698,1.2838,False,True,False,False
tt,27,op1_1000_s2_w2,op1,1.0,2.0,2.0,11.0,-1.72447,1,0.873188,1.2127,1.2838,False,True,False,False
tt,27,op1_1000_s2_w3,op1,1.0,2.0,3.0,12.0,-1.72447,1,0.873188,1.23243,1.2838,False,True,True,False
tt,27,op1_1000_s2_w5,op1,1.0,2.0,5.0,14.0,-1.72447,1,0.873188,1.25644,1.2838,False,True,True,False
tt,27,op1_1000_s2_w7p5,op1,1.0,2.0,7.5,16.5,-1.72447,1,0.873188,1.27496,1.2838,False,True,True,True
tt,27,op1_1000_s2_w10,op1,1.0,2.0,10.0,19.0,-1.72447,1,0.873188,1.28786,1.2838,False,True,True,True
tt,27,op1_1000_s2_w15,op1,1.0,2.0,15.0,24.0,-1.72447,1,0.873188,1.30576,1.2838,False,True,True,True
tt,27,op1_1000_s2_w20,op1,1.0,2.0,20.0,29.0,-1.72447,1,0.873188,1.31828,1.2838,False,True,True,True
tt,27,op1_1000_s2_w30,op1,1.0,2.0,30.0,39.0,-1.72447,1,0.873188,1.33572,1.2838,False,True,True,True
tt,27,op1_1000_s2_w50,op1,1.0,2.0,50.0,59.0,-1.72447,1,0.873188,1.35739,1.2838,False,True,True,True
tt,27,op1_1000_s5_w0p2,op1,1.0,5.0,0.2,12.2,-1.72448,1,0.873184,1.07906,1.2838,True,False,False,False
tt,27,op1_1000_s5_w0p5,op1,1.0,5.0,0.5,12.5,-1.72448,1,0.873184,1.1375,1.2838,False,False,False,False
tt,27,op1_1000_s5_w1,op1,1.0,5.0,1.0,13.0,-1.72448,1,0.873184,1.177,1.2838,False,True,False,False
tt,27,op1_1000_s5_w2,op1,1.0,5.0,2.0,14.0,-1.72448,1,0.873184,1.2127,1.2838,False,True,False,False
tt,27,op1_1000_s5_w3,op1,1.0,5.0,3.0,15.0,-1.72448,1,0.873184,1.23243,1.2838,False,True,True,False
tt,27,op1_1000_s5_w5,op1,1.0,5.0,5.0,17.0,-1.72448,1,0.873184,1.25644,1.2838,False,True,True,False
tt,27,op1_1000_s5_w7p5,op1,1.0,5.0,7.5,19.5,-1.72448,1,0.873184,1.27496,1.2838,False,True,True,True
tt,27,op1_1000_s5_w10,op1,1.0,5.0,10.0,22.0,-1.72448,1,0.873184,1.28786,1.2838,False,True,True,True
tt,27,op1_1000_s5_w15,op1,1.0,5.0,15.0,27.0,-1.72448,1,0.873184,1.30576,1.2838,False,True,True,True
tt,27,op1_1000_s5_w20,op1,1.0,5.0,20.0,32.0,-1.72448,1,0.873184,1.31828,1.2838,False,True,True,True
tt,27,op1_1000_s5_w30,op1,1.0,5.0,30.0,42.0,-1.72448,1,0.873184,1.33572,1.2838,False,True,True,True
tt,27,op1_1000_s5_w50,op1,1.0,5.0,50.0,62.0,-1.72448,1,0.873184,1.35739,1.2838,False,True,True,True
tt,27,op1_1000_s10_w0p2,op1,1.0,10.0,0.2,17.2,-1.72448,1,0.873179,1.07906,1.2838,True,False,False,False
tt,27,op1_1000_s10_w0p5,op1,1.0,10.0,0.5,17.5,-1.72448,1,0.873179,1.1375,1.2838,False,False,False,False
tt,27,op1_1000_s10_w1,op1,1.0,10.0,1.0,18.0,-1.72448,1,0.873179,1.177,1.2838,False,True,False,False
tt,27,op1_1000_s10_w2,op1,1.0,10.0,2.0,19.0,-1.72448,1,0.873179,1.21271,1.2838,False,True,False,False
tt,27,op1_1000_s10_w3,op1,1.0,10.0,3.0,20.0,-1.72448,1,0.873179,1.23244,1.2838,False,True,True,False
tt,27,op1_1000_s10_w5,op1,1.0,10.0,5.0,22.0,-1.72448,1,0.873179,1.25645,1.2838,False,True,True,False
tt,27,op1_1000_s10_w7p5,op1,1.0,10.0,7.5,24.5,-1.72448,1,0.873179,1.27496,1.2838,False,True,True,True
tt,27,op1_1000_s10_w10,op1,1.0,10.0,10.0,27.0,-1.72448,1,0.873179,1.28786,1.2838,False,True,True,True
tt,27,op1_1000_s10_w15,op1,1.0,10.0,15.0,32.0,-1.72448,1,0.873179,1.30576,1.2838,False,True,True,True
tt,27,op1_1000_s10_w20,op1,1.0,10.0,20.0,37.0,-1.72448,1,0.873179,1.31828,1.2838,False,True,True,True
tt,27,op1_1000_s10_w30,op1,1.0,10.0,30.0,47.0,-1.72448,1,0.873179,1.33572,1.2838,False,True,True,True
tt,27,op1_1000_s10_w50,op1,1.0,10.0,50.0,67.0,-1.72448,1,0.873179,1.35739,1.2838,False,True,True,True
tt,27,op0_n100_s0p5_w0p2,op0,-0.1,0.5,0.2,7.7,1.8,0,-0.0999991,1.23213e-05,1.2838,True,True,True,True
tt,27,op0_n100_s0p5_w0p5,op0,-0.1,0.5,0.5,8.0,1.8,0,-0.0999991,0.00544996,1.2838,False,True,True,True
tt,27,op0_n100_s0p5_w1,op0,-0.1,0.5,1.0,8.5,1.8,0,-0.0999991,-0.000229826,1.2838,False,True,True,True
tt,27,op0_n100_s0p5_w2,op0,-0.1,0.5,2.0,9.5,1.8,0,-0.0999991,-0.000229907,1.2838,False,True,True,True
tt,27,op0_n100_s0p5_w3,op0,-0.1,0.5,3.0,10.5,1.8,0,-0.0999991,0.0104568,1.2838,False,True,True,True
tt,27,op0_n100_s0p5_w5,op0,-0.1,0.5,5.0,12.5,1.8,0,-0.0999991,0.0104567,1.2838,False,True,True,True
tt,27,op0_n100_s0p5_w7p5,op0,-0.1,0.5,7.5,15.0,1.8,0,-0.0999991,0.0105248,1.2838,False,True,True,True
tt,27,op0_n100_s0p5_w10,op0,-0.1,0.5,10.0,17.5,1.8,0,-0.0999991,0.0104568,1.2838,False,True,True,True
tt,27,op0_n100_s0p5_w15,op0,-0.1,0.5,15.0,22.5,1.8,0,-0.0999991,-0.000229803,1.2838,False,True,True,True
tt,27,op0_n100_s0p5_w20,op0,-0.1,0.5,20.0,27.5,1.8,0,-0.0999991,-0.000230503,1.2838,False,True,True,True
tt,27,op0_n100_s0p5_w30,op0,-0.1,0.5,30.0,37.5,1.8,0,-0.0999991,-0.000230503,1.2838,False,True,True,True
tt,27,op0_n100_s0p5_w50,op0,-0.1,0.5,50.0,57.5,1.8,0,-0.0999991,-0.000230464,1.2838,False,True,True,True
tt,27,op0_n100_s1_w0p2,op0,-0.1,1.0,0.2,8.2,1.8,0,-0.0999984,1.23214e-05,1.2838,True,True,True,True
tt,27,op0_n100_s1_w0p5,op0,-0.1,1.0,0.5,8.5,1.8,0,-0.0999984,-0.000229584,1.2838,False,True,True,True
tt,27,op0_n100_s1_w1,op0,-0.1,1.0,1.0,9.0,1.8,0,-0.0999984,0.00544969,1.2838,False,True,True,True
tt,27,op0_n100_s1_w2,op0,-0.1,1.0,2.0,10.0,1.8,0,-0.0999984,0.0105248,1.2838,False,True,True,True
tt,27,op0_n100_s1_w3,op0,-0.1,1.0,3.0,11.0,1.8,0,-0.0999984,0.0104571,1.2838,False,True,True,True
tt,27,op0_n100_s1_w5,op0,-0.1,1.0,5.0,13.0,1.8,0,-0.0999984,0.0104568,1.2838,False,True,True,True
tt,27,op0_n100_s1_w7p5,op0,-0.1,1.0,7.5,15.5,1.8,0,-0.0999984,-0.000229803,1.2838,False,True,True,True
tt,27,op0_n100_s1_w10,op0,-0.1,1.0,10.0,18.0,1.8,0,-0.0999984,-0.000229803,1.2838,False,True,True,True
tt,27,op0_n100_s1_w15,op0,-0.1,1.0,15.0,23.0,1.8,0,-0.0999984,-0.000230835,1.2838,False,True,True,True
tt,27,op0_n100_s1_w20,op0,-0.1,1.0,20.0,28.0,1.8,0,-0.0999984,-0.000230836,1.2838,False,True,True,True
tt,27,op0_n100_s1_w30,op0,-0.1,1.0,30.0,38.0,1.8,0,-0.0999984,-0.000230791,1.2838,False,True,True,True
tt,27,op0_n100_s1_w50,op0,-0.1,1.0,50.0,58.0,1.8,0,-0.0999984,-0.000230836,1.2838,False,True,True,True
tt,27,op0_n100_s2_w0p2,op0,-0.1,2.0,0.2,9.2,1.8,0,-0.0999971,5.85456e-06,1.2838,True,True,True,True
tt,27,op0_n100_s2_w0p5,op0,-0.1,2.0,0.5,9.5,1.8,0,-0.0999971,-0.000229688,1.2838,False,True,True,True
tt,27,op0_n100_s2_w1,op0,-0.1,2.0,1.0,10.0,1.8,0,-0.0999971,0.0105248,1.2838,False,True,True,True
tt,27,op0_n100_s2_w2,op0,-0.1,2.0,2.0,11.0,1.8,0,-0.0999971,0.0104571,1.2838,False,True,True,True
tt,27,op0_n100_s2_w3,op0,-0.1,2.0,3.0,12.0,1.8,0,-0.0999971,0.00544967,1.2838,False,True,True,True
tt,27,op0_n100_s2_w5,op0,-0.1,2.0,5.0,14.0,1.8,0,-0.0999971,0.010457,1.2838,False,True,True,True
tt,27,op0_n100_s2_w7p5,op0,-0.1,2.0,7.5,16.5,1.8,0,-0.0999971,-0.000229848,1.2838,False,True,True,True
tt,27,op0_n100_s2_w10,op0,-0.1,2.0,10.0,19.0,1.8,0,-0.0999971,0.0104566,1.2838,False,True,True,True
tt,27,op0_n100_s2_w15,op0,-0.1,2.0,15.0,24.0,1.8,0,-0.0999971,0.010457,1.2838,False,True,True,True
tt,27,op0_n100_s2_w20,op0,-0.1,2.0,20.0,29.0,1.8,0,-0.0999971,0.0104567,1.2838,False,True,True,True
tt,27,op0_n100_s2_w30,op0,-0.1,2.0,30.0,39.0,1.8,0,-0.0999971,0.0104567,1.2838,False,True,True,True
tt,27,op0_n100_s2_w50,op0,-0.1,2.0,50.0,59.0,1.8,0,-0.0999971,-0.000230836,1.2838,False,True,True,True
tt,27,op0_n100_s5_w0p2,op0,-0.1,5.0,0.2,12.2,1.8,0,-0.0999932,1.23226e-05,1.2838,True,True,True,True
tt,27,op0_n100_s5_w0p5,op0,-0.1,5.0,0.5,12.5,1.8,0,-0.0999932,0.0104569,1.2838,False,True,True,True
tt,27,op0_n100_s5_w1,op0,-0.1,5.0,1.0,13.0,1.8,0,-0.0999932,0.0104568,1.2838,False,True,True,True
tt,27,op0_n100_s5_w2,op0,-0.1,5.0,2.0,14.0,1.8,0,-0.0999932,0.010457,1.2838,False,True,True,True
tt,27,op0_n100_s5_w3,op0,-0.1,5.0,3.0,15.0,1.8,0,-0.0999932,0.0105248,1.2838,False,True,True,True
tt,27,op0_n100_s5_w5,op0,-0.1,5.0,5.0,17.0,1.8,0,-0.0999932,0.00544976,1.2838,False,True,True,True
tt,27,op0_n100_s5_w7p5,op0,-0.1,5.0,7.5,19.5,1.8,0,-0.0999932,0.0104567,1.2838,False,True,True,True
tt,27,op0_n100_s5_w10,op0,-0.1,5.0,10.0,22.0,1.8,0,-0.0999932,0.0104567,1.2838,False,True,True,True
tt,27,op0_n100_s5_w15,op0,-0.1,5.0,15.0,27.0,1.8,0,-0.0999932,-0.000230541,1.2838,False,True,True,True
tt,27,op0_n100_s5_w20,op0,-0.1,5.0,20.0,32.0,1.8,0,-0.0999932,-0.000232122,1.2838,False,True,True,True
tt,27,op0_n100_s5_w30,op0,-0.1,5.0,30.0,42.0,1.8,0,-0.0999932,-0.000232122,1.2838,False,True,True,True
tt,27,op0_n100_s5_w50,op0,-0.1,5.0,50.0,62.0,1.8,0,-0.0999932,-0.000232083,1.2838,False,True,True,True
tt,27,op0_n100_s10_w0p2,op0,-0.1,10.0,0.2,17.2,1.8,0,-0.0999867,1.23241e-05,1.2838,True,True,True,True
tt,27,op0_n100_s10_w0p5,op0,-0.1,10.0,0.5,17.5,1.8,0,-0.0999867,0.010457,1.2838,False,True,True,True
tt,27,op0_n100_s10_w1,op0,-0.1,10.0,1.0,18.0,1.8,0,-0.0999867,-0.000229826,1.2838,False,True,True,True
tt,27,op0_n100_s10_w2,op0,-0.1,10.0,2.0,19.0,1.8,0,-0.0999867,0.0104566,1.2838,False,True,True,True
tt,27,op0_n100_s10_w3,op0,-0.1,10.0,3.0,20.0,1.8,0,-0.0999867,0.0104568,1.2838,False,True,True,True
tt,27,op0_n100_s10_w5,op0,-0.1,10.0,5.0,22.0,1.8,0,-0.0999867,0.0104567,1.2838,False,True,True,True
tt,27,op0_n100_s10_w7p5,op0,-0.1,10.0,7.5,24.5,1.8,0,-0.0999867,0.0104567,1.2838,False,True,True,True
tt,27,op0_n100_s10_w10,op0,-0.1,10.0,10.0,27.0,1.8,0,-0.0999867,-0.000230541,1.2838,False,True,True,True
tt,27,op0_n100_s10_w15,op0,-0.1,10.0,15.0,32.0,1.8,0,-0.0999867,-0.000232122,1.2838,False,True,True,True
tt,27,op0_n100_s10_w20,op0,-0.1,10.0,20.0,37.0,1.8,0,-0.0999867,-0.000229898,1.2838,False,True,True,True
tt,27,op0_n100_s10_w30,op0,-0.1,10.0,30.0,47.0,1.8,0,-0.0999867,-0.000232083,1.2838,False,True,True,True
tt,27,op0_n100_s10_w50,op0,-0.1,10.0,50.0,67.0,1.8,0,-0.0999867,-0.000232083,1.2838,False,True,True,True
tt,27,op0_0000_s0p5_w0p2,op0,0.0,0.5,0.2,7.7,1.8,0,-3.28964e-07,4.61799e-05,1.2838,True,True,True,True
tt,27,op0_0000_s0p5_w0p5,op0,0.0,0.5,0.5,8.0,1.8,0,-3.28964e-07,0.00545013,1.2838,False,True,True,True
tt,27,op0_0000_s0p5_w1,op0,0.0,0.5,1.0,8.5,1.8,0,-3.28964e-07,-0.000229682,1.2838,False,True,True,True
tt,27,op0_0000_s0p5_w2,op0,0.0,0.5,2.0,9.5,1.8,0,-3.28964e-07,-0.000229763,1.2838,False,True,True,True
tt,27,op0_0000_s0p5_w3,op0,0.0,0.5,3.0,10.5,1.8,0,-3.28964e-07,0.0104569,1.2838,False,True,True,True
tt,27,op0_0000_s0p5_w5,op0,0.0,0.5,5.0,12.5,1.8,0,-3.28964e-07,0.0104569,1.2838,False,True,True,True
tt,27,op0_0000_s0p5_w7p5,op0,0.0,0.5,7.5,15.0,1.8,0,-3.28964e-07,0.0105249,1.2838,False,True,True,True
tt,27,op0_0000_s0p5_w10,op0,0.0,0.5,10.0,17.5,1.8,0,-3.28964e-07,0.0104569,1.2838,False,True,True,True
tt,27,op0_0000_s0p5_w15,op0,0.0,0.5,15.0,22.5,1.8,0,-3.28964e-07,-0.000229659,1.2838,False,True,True,True
tt,27,op0_0000_s0p5_w20,op0,0.0,0.5,20.0,27.5,1.8,0,-3.28964e-07,-0.000230359,1.2838,False,True,True,True
tt,27,op0_0000_s0p5_w30,op0,0.0,0.5,30.0,37.5,1.8,0,-3.28964e-07,-0.000230359,1.2838,False,True,True,True
tt,27,op0_0000_s0p5_w50,op0,0.0,0.5,50.0,57.5,1.8,0,-3.28964e-07,-0.00023032,1.2838,False,True,True,True
tt,27,op0_0000_s1_w0p2,op0,0.0,1.0,0.2,8.2,1.8,0,-3.0105e-07,4.618e-05,1.2838,True,True,True,True
tt,27,op0_0000_s1_w0p5,op0,0.0,1.0,0.5,8.5,1.8,0,-3.0105e-07,-0.000229406,1.2838,False,True,True,True
tt,27,op0_0000_s1_w1,op0,0.0,1.0,1.0,9.0,1.8,0,-3.0105e-07,0.00544982,1.2838,False,True,True,True
tt,27,op0_0000_s1_w2,op0,0.0,1.0,2.0,10.0,1.8,0,-3.0105e-07,0.0105249,1.2838,False,True,True,True
tt,27,op0_0000_s1_w3,op0,0.0,1.0,3.0,11.0,1.8,0,-3.0105e-07,0.0104572,1.2838,False,True,True,True
tt,27,op0_0000_s1_w5,op0,0.0,1.0,5.0,13.0,1.8,0,-3.0105e-07,0.0104569,1.2838,False,True,True,True
tt,27,op0_0000_s1_w7p5,op0,0.0,1.0,7.5,15.5,1.8,0,-3.0105e-07,-0.000229659,1.2838,False,True,True,True
tt,27,op0_0000_s1_w10,op0,0.0,1.0,10.0,18.0,1.8,0,-3.0105e-07,-0.000229659,1.2838,False,True,True,True
tt,27,op0_0000_s1_w15,op0,0.0,1.0,15.0,23.0,1.8,0,-3.0105e-07,-0.000230691,1.2838,False,True,True,True
tt,27,op0_0000_s1_w20,op0,0.0,1.0,20.0,28.0,1.8,0,-3.0105e-07,-0.000230692,1.2838,False,True,True,True
tt,27,op0_0000_s1_w30,op0,0.0,1.0,30.0,38.0,1.8,0,-3.0105e-07,-0.000230647,1.2838,False,True,True,True
tt,27,op0_0000_s1_w50,op0,0.0,1.0,50.0,58.0,1.8,0,-3.0105e-07,-0.000230693,1.2838,False,True,True,True
tt,27,op0_0000_s2_w0p2,op0,0.0,2.0,0.2,9.2,1.8,0,-2.24992e-07,3.97125e-05,1.2838,True,True,True,True
tt,27,op0_0000_s2_w0p5,op0,0.0,2.0,0.5,9.5,1.8,0,-2.24992e-07,-0.00022951,1.2838,False,True,True,True
tt,27,op0_0000_s2_w1,op0,0.0,2.0,1.0,10.0,1.8,0,-2.24992e-07,0.0105249,1.2838,False,True,True,True
tt,27,op0_0000_s2_w2,op0,0.0,2.0,2.0,11.0,1.8,0,-2.24992e-07,0.0104572,1.2838,False,True,True,True
tt,27,op0_0000_s2_w3,op0,0.0,2.0,3.0,12.0,1.8,0,-2.24992e-07,0.0054498,1.2838,False,True,True,True
tt,27,op0_0000_s2_w5,op0,0.0,2.0,5.0,14.0,1.8,0,-2.24992e-07,0.0104572,1.2838,False,True,True,True
tt,27,op0_0000_s2_w7p5,op0,0.0,2.0,7.5,16.5,1.8,0,-2.24992e-07,-0.000229704,1.2838,False,True,True,True
tt,27,op0_0000_s2_w10,op0,0.0,2.0,10.0,19.0,1.8,0,-2.24992e-07,0.0104568,1.2838,False,True,True,True
tt,27,op0_0000_s2_w15,op0,0.0,2.0,15.0,24.0,1.8,0,-2.24992e-07,0.0104572,1.2838,False,True,True,True
tt,27,op0_0000_s2_w20,op0,0.0,2.0,20.0,29.0,1.8,0,-2.24992e-07,0.0104568,1.2838,False,True,True,True
tt,27,op0_0000_s2_w30,op0,0.0,2.0,30.0,39.0,1.8,0,-2.24992e-07,0.0104568,1.2838,False,True,True,True
tt,27,op0_0000_s2_w50,op0,0.0,2.0,50.0,59.0,1.8,0,-2.24992e-07,-0.000230692,1.2838,False,True,True,True
tt,27,op0_0000_s5_w0p2,op0,0.0,5.0,0.2,12.2,1.8,0,-2.80126e-09,4.61806e-05,1.2838,True,True,True,True
tt,27,op0_0000_s5_w0p5,op0,0.0,5.0,0.5,12.5,1.8,0,-2.80126e-09,0.0104571,1.2838,False,True,True,True
tt,27,op0_0000_s5_w1,op0,0.0,5.0,1.0,13.0,1.8,0,-2.80126e-09,0.0104569,1.2838,False,True,True,True
tt,27,op0_0000_s5_w2,op0,0.0,5.0,2.0,14.0,1.8,0,-2.80125e-09,0.0104572,1.2838,False,True,True,True
tt,27,op0_0000_s5_w3,op0,0.0,5.0,3.0,15.0,1.8,0,-2.80126e-09,0.0105249,1.2838,False,True,True,True
tt,27,op0_0000_s5_w5,op0,0.0,5.0,5.0,17.0,1.8,0,-2.80126e-09,0.0054499,1.2838,False,True,True,True
tt,27,op0_0000_s5_w7p5,op0,0.0,5.0,7.5,19.5,1.8,0,-2.80126e-09,0.0104569,1.2838,False,True,True,True
tt,27,op0_0000_s5_w10,op0,0.0,5.0,10.0,22.0,1.8,0,-2.80126e-09,0.0104568,1.2838,False,True,True,True
tt,27,op0_0000_s5_w15,op0,0.0,5.0,15.0,27.0,1.8,0,-2.80127e-09,-0.000230397,1.2838,False,True,True,True
tt,27,op0_0000_s5_w20,op0,0.0,5.0,20.0,32.0,1.8,0,-2.80126e-09,-0.000231978,1.2838,False,True,True,True
tt,27,op0_0000_s5_w30,op0,0.0,5.0,30.0,42.0,1.8,0,-2.80127e-09,-0.000231978,1.2838,False,True,True,True
tt,27,op0_0000_s5_w50,op0,0.0,5.0,50.0,62.0,1.8,0,-2.80127e-09,-0.000231939,1.2838,False,True,True,True
tt,27,op0_0000_s10_w0p2,op0,0.0,10.0,0.2,17.2,1.8,0,3.32535e-07,4.61815e-05,1.2838,True,True,True,True
tt,27,op0_0000_s10_w0p5,op0,0.0,10.0,0.5,17.5,1.8,0,3.32535e-07,0.0104571,1.2838,False,True,True,True
tt,27,op0_0000_s10_w1,op0,0.0,10.0,1.0,18.0,1.8,0,3.32535e-07,-0.000229682,1.2838,False,True,True,True
tt,27,op0_0000_s10_w2,op0,0.0,10.0,2.0,19.0,1.8,0,3.32535e-07,0.0104568,1.2838,False,True,True,True
tt,27,op0_0000_s10_w3,op0,0.0,10.0,3.0,20.0,1.8,0,3.32535e-07,0.0104569,1.2838,False,True,True,True
tt,27,op0_0000_s10_w5,op0,0.0,10.0,5.0,22.0,1.8,0,3.32535e-07,0.0104568,1.2838,False,True,True,True
tt,27,op0_0000_s10_w7p5,op0,0.0,10.0,7.5,24.5,1.8,0,3.32535e-07,0.0104569,1.2838,False,True,True,True
tt,27,op0_0000_s10_w10,op0,0.0,10.0,10.0,27.0,1.8,0,3.32535e-07,-0.000230397,1.2838,False,True,True,True
tt,27,op0_0000_s10_w15,op0,0.0,10.0,15.0,32.0,1.8,0,3.32535e-07,-0.000231978,1.2838,False,True,True,True
tt,27,op0_0000_s10_w20,op0,0.0,10.0,20.0,37.0,1.8,0,3.32535e-07,-0.000229754,1.2838,False,True,True,True
tt,27,op0_0000_s10_w30,op0,0.0,10.0,30.0,47.0,1.8,0,3.32535e-07,-0.000231939,1.2838,False,True,True,True
tt,27,op0_0000_s10_w50,op0,0.0,10.0,50.0,67.0,1.8,0,3.32535e-07,-0.000231939,1.2838,False,True,True,True
tt,125,op1_0900_s0p5_w0p2,op1,0.9,0.5,0.2,7.7,-1.73354,1,0.771351,1.1024,1.4098,True,False,False,False
tt,125,op1_0900_s0p5_w0p5,op1,0.9,0.5,0.5,8.0,-1.73354,1,0.771351,1.21546,1.4098,False,False,False,False
tt,125,op1_0900_s0p5_w1,op1,0.9,0.5,1.0,8.5,-1.73354,1,0.771351,1.27445,1.4098,False,True,False,False
tt,125,op1_0900_s0p5_w2,op1,0.9,0.5,2.0,9.5,-1.73354,1,0.771351,1.3239,1.4098,False,True,False,False
tt,125,op1_0900_s0p5_w3,op1,0.9,0.5,3.0,10.5,-1.73354,1,0.771351,1.35043,1.4098,False,True,True,False
tt,125,op1_0900_s0p5_w5,op1,0.9,0.5,5.0,12.5,-1.73354,1,0.771351,1.38223,1.4098,False,True,True,True
tt,125,op1_0900_s0p5_w7p5,op1,0.9,0.5,7.5,15.0,-1.73354,1,0.771351,1.40652,1.4098,False,True,True,True
tt,125,op1_0900_s0p5_w10,op1,0.9,0.5,10.0,17.5,-1.73354,1,0.771351,1.4234,1.4098,False,True,True,True
tt,125,op1_0900_s0p5_w15,op1,0.9,0.5,15.0,22.5,-1.73354,1,0.771351,1.44672,1.4098,False,True,True,True
tt,125,op1_0900_s0p5_w20,op1,0.9,0.5,20.0,27.5,-1.73354,1,0.771351,1.463,1.4098,False,True,True,True
tt,125,op1_0900_s0p5_w30,op1,0.9,0.5,30.0,37.5,-1.73354,1,0.771351,1.48562,1.4098,False,True,True,True
tt,125,op1_0900_s0p5_w50,op1,0.9,0.5,50.0,57.5,-1.73354,1,0.771351,1.51368,1.4098,False,True,True,True
tt,125,op1_0900_s1_w0p2,op1,0.9,1.0,0.2,8.2,-1.73354,1,0.771348,1.1024,1.4098,True,False,False,False
tt,125,op1_0900_s1_w0p5,op1,0.9,1.0,0.5,8.5,-1.73354,1,0.771348,1.21547,1.4098,False,False,False,False
tt,125,op1_0900_s1_w1,op1,0.9,1.0,1.0,9.0,-1.73354,1,0.771348,1.27446,1.4098,False,True,False,False
tt,125,op1_0900_s1_w2,op1,0.9,1.0,2.0,10.0,-1.73354,1,0.771348,1.3239,1.4098,False,True,False,False
tt,125,op1_0900_s1_w3,op1,0.9,1.0,3.0,11.0,-1.73354,1,0.771348,1.35043,1.4098,False,True,True,False
tt,125,op1_0900_s1_w5,op1,0.9,1.0,5.0,13.0,-1.73354,1,0.771348,1.38223,1.4098,False,True,True,True
tt,125,op1_0900_s1_w7p5,op1,0.9,1.0,7.5,15.5,-1.73354,1,0.771348,1.40654,1.4098,False,True,True,True
tt,125,op1_0900_s1_w10,op1,0.9,1.0,10.0,18.0,-1.73354,1,0.771348,1.4234,1.4098,False,True,True,True
tt,125,op1_0900_s1_w15,op1,0.9,1.0,15.0,23.0,-1.73354,1,0.771348,1.44673,1.4098,False,True,True,True
tt,125,op1_0900_s1_w20,op1,0.9,1.0,20.0,28.0,-1.73354,1,0.771348,1.46301,1.4098,False,True,True,True
tt,125,op1_0900_s1_w30,op1,0.9,1.0,30.0,38.0,-1.73354,1,0.771348,1.48564,1.4098,False,True,True,True
tt,125,op1_0900_s1_w50,op1,0.9,1.0,50.0,58.0,-1.73354,1,0.771348,1.51369,1.4098,False,True,True,True
tt,125,op1_0900_s2_w0p2,op1,0.9,2.0,0.2,9.2,-1.73354,1,0.77134,1.1024,1.4098,True,False,False,False
tt,125,op1_0900_s2_w0p5,op1,0.9,2.0,0.5,9.5,-1.73354,1,0.77134,1.21547,1.4098,False,False,False,False
tt,125,op1_0900_s2_w1,op1,0.9,2.0,1.0,10.0,-1.73354,1,0.77134,1.27444,1.4098,False,True,False,False
tt,125,op1_0900_s2_w2,op1,0.9,2.0,2.0,11.0,-1.73354,1,0.77134,1.32391,1.4098,False,True,False,False
tt,125,op1_0900_s2_w3,op1,0.9,2.0,3.0,12.0,-1.73354,1,0.77134,1.35042,1.4098,False,True,True,False
tt,125,op1_0900_s2_w5,op1,0.9,2.0,5.0,14.0,-1.73354,1,0.77134,1.38223,1.4098,False,True,True,True
tt,125,op1_0900_s2_w7p5,op1,0.9,2.0,7.5,16.5,-1.73354,1,0.77134,1.40654,1.4098,False,True,True,True
tt,125,op1_0900_s2_w10,op1,0.9,2.0,10.0,19.0,-1.73354,1,0.77134,1.4234,1.4098,False,True,True,True
tt,125,op1_0900_s2_w15,op1,0.9,2.0,15.0,24.0,-1.73354,1,0.77134,1.44672,1.4098,False,True,True,True
tt,125,op1_0900_s2_w20,op1,0.9,2.0,20.0,29.0,-1.73354,1,0.77134,1.463,1.4098,False,True,True,True
tt,125,op1_0900_s2_w30,op1,0.9,2.0,30.0,39.0,-1.73354,1,0.77134,1.48563,1.4098,False,True,True,True
tt,125,op1_0900_s2_w50,op1,0.9,2.0,50.0,59.0,-1.73354,1,0.77134,1.51369,1.4098,False,True,True,True
tt,125,op1_0900_s5_w0p2,op1,0.9,5.0,0.2,12.2,-1.73355,1,0.771314,1.1024,1.4098,True,False,False,False
tt,125,op1_0900_s5_w0p5,op1,0.9,5.0,0.5,12.5,-1.73355,1,0.771314,1.21548,1.4098,False,False,False,False
tt,125,op1_0900_s5_w1,op1,0.9,5.0,1.0,13.0,-1.73355,1,0.771314,1.27447,1.4098,False,True,False,False
tt,125,op1_0900_s5_w2,op1,0.9,5.0,2.0,14.0,-1.73355,1,0.771314,1.32391,1.4098,False,True,False,False
tt,125,op1_0900_s5_w3,op1,0.9,5.0,3.0,15.0,-1.73355,1,0.771314,1.35042,1.4098,False,True,True,False
tt,125,op1_0900_s5_w5,op1,0.9,5.0,5.0,17.0,-1.73355,1,0.771314,1.38222,1.4098,False,True,True,True
tt,125,op1_0900_s5_w7p5,op1,0.9,5.0,7.5,19.5,-1.73355,1,0.771314,1.40654,1.4098,False,True,True,True
tt,125,op1_0900_s5_w10,op1,0.9,5.0,10.0,22.0,-1.73355,1,0.771314,1.4234,1.4098,False,True,True,True
tt,125,op1_0900_s5_w15,op1,0.9,5.0,15.0,27.0,-1.73355,1,0.771314,1.44672,1.4098,False,True,True,True
tt,125,op1_0900_s5_w20,op1,0.9,5.0,20.0,32.0,-1.73355,1,0.771314,1.463,1.4098,False,True,True,True
tt,125,op1_0900_s5_w30,op1,0.9,5.0,30.0,42.0,-1.73355,1,0.771314,1.48563,1.4098,False,True,True,True
tt,125,op1_0900_s5_w50,op1,0.9,5.0,50.0,62.0,-1.73355,1,0.771314,1.51369,1.4098,False,True,True,True
tt,125,op1_0900_s10_w0p2,op1,0.9,10.0,0.2,17.2,-1.73357,1,0.771272,1.10239,1.4098,True,False,False,False
tt,125,op1_0900_s10_w0p5,op1,0.9,10.0,0.5,17.5,-1.73357,1,0.771272,1.21548,1.4098,False,False,False,False
tt,125,op1_0900_s10_w1,op1,0.9,10.0,1.0,18.0,-1.73357,1,0.771272,1.27448,1.4098,False,True,False,False
tt,125,op1_0900_s10_w2,op1,0.9,10.0,2.0,19.0,-1.73357,1,0.771272,1.32392,1.4098,False,True,False,False
tt,125,op1_0900_s10_w3,op1,0.9,10.0,3.0,20.0,-1.73357,1,0.771272,1.35044,1.4098,False,True,True,False
tt,125,op1_0900_s10_w5,op1,0.9,10.0,5.0,22.0,-1.73357,1,0.771272,1.38224,1.4098,False,True,True,True
tt,125,op1_0900_s10_w7p5,op1,0.9,10.0,7.5,24.5,-1.73357,1,0.771272,1.40655,1.4098,False,True,True,True
tt,125,op1_0900_s10_w10,op1,0.9,10.0,10.0,27.0,-1.73357,1,0.771272,1.4234,1.4098,False,True,True,True
tt,125,op1_0900_s10_w15,op1,0.9,10.0,15.0,32.0,-1.73357,1,0.771272,1.44672,1.4098,False,True,True,True
tt,125,op1_0900_s10_w20,op1,0.9,10.0,20.0,37.0,-1.73357,1,0.771272,1.463,1.4098,False,True,True,True
tt,125,op1_0900_s10_w30,op1,0.9,10.0,30.0,47.0,-1.73357,1,0.771272,1.48563,1.4098,False,True,True,True
tt,125,op1_0900_s10_w50,op1,0.9,10.0,50.0,67.0,-1.73357,1,0.771272,1.51369,1.4098,False,True,True,True
tt,125,op1_1000_s0p5_w0p2,op1,1.0,0.5,0.2,7.7,-1.70056,1,0.874203,1.12327,1.4098,True,False,False,False
tt,125,op1_1000_s0p5_w0p5,op1,1.0,0.5,0.5,8.0,-1.70056,1,0.874203,1.21648,1.4098,False,False,False,False
tt,125,op1_1000_s0p5_w1,op1,1.0,0.5,1.0,8.5,-1.70056,1,0.874203,1.27093,1.4098,False,True,False,False
tt,125,op1_1000_s0p5_w2,op1,1.0,0.5,2.0,9.5,-1.70056,1,0.874203,1.3183,1.4098,False,True,False,False
tt,125,op1_1000_s0p5_w3,op1,1.0,0.5,3.0,10.5,-1.70056,1,0.874203,1.34412,1.4098,False,True,True,False
tt,125,op1_1000_s0p5_w5,op1,1.0,0.5,5.0,12.5,-1.70056,1,0.874203,1.37535,1.4098,False,True,True,False
tt,125,op1_1000_s0p5_w7p5,op1,1.0,0.5,7.5,15.0,-1.70056,1,0.874203,1.39933,1.4098,False,True,True,True
tt,125,op1_1000_s0p5_w10,op1,1.0,0.5,10.0,17.5,-1.70056,1,0.874203,1.41605,1.4098,False,True,True,True
tt,125,op1_1000_s0p5_w15,op1,1.0,0.5,15.0,22.5,-1.70056,1,0.874203,1.4392,1.4098,False,True,True,True
tt,125,op1_1000_s0p5_w20,op1,1.0,0.5,20.0,27.5,-1.70056,1,0.874203,1.45539,1.4098,False,True,True,True
tt,125,op1_1000_s0p5_w30,op1,1.0,0.5,30.0,37.5,-1.70056,1,0.874203,1.47791,1.4098,False,True,True,True
tt,125,op1_1000_s0p5_w50,op1,1.0,0.5,50.0,57.5,-1.70056,1,0.874203,1.50588,1.4098,False,True,True,True
tt,125,op1_1000_s1_w0p2,op1,1.0,1.0,0.2,8.2,-1.70056,1,0.874203,1.12327,1.4098,True,False,False,False
tt,125,op1_1000_s1_w0p5,op1,1.0,1.0,0.5,8.5,-1.70056,1,0.874203,1.21649,1.4098,False,False,False,False
tt,125,op1_1000_s1_w1,op1,1.0,1.0,1.0,9.0,-1.70056,1,0.874203,1.27094,1.4098,False,True,False,False
tt,125,op1_1000_s1_w2,op1,1.0,1.0,2.0,10.0,-1.70056,1,0.874203,1.31829,1.4098,False,True,False,False
tt,125,op1_1000_s1_w3,op1,1.0,1.0,3.0,11.0,-1.70056,1,0.874203,1.34413,1.4098,False,True,True,False
tt,125,op1_1000_s1_w5,op1,1.0,1.0,5.0,13.0,-1.70056,1,0.874203,1.37535,1.4098,False,True,True,False
tt,125,op1_1000_s1_w7p5,op1,1.0,1.0,7.5,15.5,-1.70056,1,0.874203,1.39935,1.4098,False,True,True,True
tt,125,op1_1000_s1_w10,op1,1.0,1.0,10.0,18.0,-1.70056,1,0.874203,1.41605,1.4098,False,True,True,True
tt,125,op1_1000_s1_w15,op1,1.0,1.0,15.0,23.0,-1.70056,1,0.874203,1.4392,1.4098,False,True,True,True
tt,125,op1_1000_s1_w20,op1,1.0,1.0,20.0,28.0,-1.70056,1,0.874203,1.45539,1.4098,False,True,True,True
tt,125,op1_1000_s1_w30,op1,1.0,1.0,30.0,38.0,-1.70056,1,0.874203,1.47792,1.4098,False,True,True,True
tt,125,op1_1000_s1_w50,op1,1.0,1.0,50.0,58.0,-1.70056,1,0.874203,1.50589,1.4098,False,True,True,True
tt,125,op1_1000_s2_w0p2,op1,1.0,2.0,0.2,9.2,-1.70057,1,0.874191,1.12326,1.4098,True,False,False,False
tt,125,op1_1000_s2_w0p5,op1,1.0,2.0,0.5,9.5,-1.70057,1,0.874191,1.21649,1.4098,False,False,False,False
tt,125,op1_1000_s2_w1,op1,1.0,2.0,1.0,10.0,-1.70057,1,0.874191,1.27092,1.4098,False,True,False,False
tt,125,op1_1000_s2_w2,op1,1.0,2.0,2.0,11.0,-1.70057,1,0.874191,1.3183,1.4098,False,True,False,False
tt,125,op1_1000_s2_w3,op1,1.0,2.0,3.0,12.0,-1.70057,1,0.874191,1.34411,1.4098,False,True,True,False
tt,125,op1_1000_s2_w5,op1,1.0,2.0,5.0,14.0,-1.70057,1,0.874191,1.37535,1.4098,False,True,True,False
tt,125,op1_1000_s2_w7p5,op1,1.0,2.0,7.5,16.5,-1.70057,1,0.874191,1.39935,1.4098,False,True,True,True
tt,125,op1_1000_s2_w10,op1,1.0,2.0,10.0,19.0,-1.70057,1,0.874191,1.41605,1.4098,False,True,True,True
tt,125,op1_1000_s2_w15,op1,1.0,2.0,15.0,24.0,-1.70057,1,0.874191,1.4392,1.4098,False,True,True,True
tt,125,op1_1000_s2_w20,op1,1.0,2.0,20.0,29.0,-1.70057,1,0.874191,1.45539,1.4098,False,True,True,True
tt,125,op1_1000_s2_w30,op1,1.0,2.0,30.0,39.0,-1.70057,1,0.874191,1.47792,1.4098,False,True,True,True
tt,125,op1_1000_s2_w50,op1,1.0,2.0,50.0,59.0,-1.70057,1,0.874191,1.50589,1.4098,False,True,True,True
tt,125,op1_1000_s5_w0p2,op1,1.0,5.0,0.2,12.2,-1.70057,1,0.874164,1.12326,1.4098,True,False,False,False
tt,125,op1_1000_s5_w0p5,op1,1.0,5.0,0.5,12.5,-1.70057,1,0.874164,1.21649,1.4098,False,False,False,False
tt,125,op1_1000_s5_w1,op1,1.0,5.0,1.0,13.0,-1.70057,1,0.874164,1.27095,1.4098,False,True,False,False
tt,125,op1_1000_s5_w2,op1,1.0,5.0,2.0,14.0,-1.70057,1,0.874164,1.31831,1.4098,False,True,False,False
tt,125,op1_1000_s5_w3,op1,1.0,5.0,3.0,15.0,-1.70057,1,0.874164,1.34411,1.4098,False,True,True,False
tt,125,op1_1000_s5_w5,op1,1.0,5.0,5.0,17.0,-1.70057,1,0.874164,1.37534,1.4098,False,True,True,False
tt,125,op1_1000_s5_w7p5,op1,1.0,5.0,7.5,19.5,-1.70057,1,0.874164,1.39936,1.4098,False,True,True,True
tt,125,op1_1000_s5_w10,op1,1.0,5.0,10.0,22.0,-1.70057,1,0.874164,1.41605,1.4098,False,True,True,True
tt,125,op1_1000_s5_w15,op1,1.0,5.0,15.0,27.0,-1.70057,1,0.874164,1.4392,1.4098,False,True,True,True
tt,125,op1_1000_s5_w20,op1,1.0,5.0,20.0,32.0,-1.70057,1,0.874164,1.45539,1.4098,False,True,True,True
tt,125,op1_1000_s5_w30,op1,1.0,5.0,30.0,42.0,-1.70057,1,0.874164,1.47792,1.4098,False,True,True,True
tt,125,op1_1000_s5_w50,op1,1.0,5.0,50.0,62.0,-1.70057,1,0.874164,1.50589,1.4098,False,True,True,True
tt,125,op1_1000_s10_w0p2,op1,1.0,10.0,0.2,17.2,-1.70059,1,0.87412,1.12324,1.4098,True,False,False,False
tt,125,op1_1000_s10_w0p5,op1,1.0,10.0,0.5,17.5,-1.70059,1,0.87412,1.21648,1.4098,False,False,False,False
tt,125,op1_1000_s10_w1,op1,1.0,10.0,1.0,18.0,-1.70059,1,0.87412,1.27095,1.4098,False,True,False,False
tt,125,op1_1000_s10_w2,op1,1.0,10.0,2.0,19.0,-1.70059,1,0.87412,1.31831,1.4098,False,True,False,False
tt,125,op1_1000_s10_w3,op1,1.0,10.0,3.0,20.0,-1.70059,1,0.87412,1.34413,1.4098,False,True,True,False
tt,125,op1_1000_s10_w5,op1,1.0,10.0,5.0,22.0,-1.70059,1,0.87412,1.37536,1.4098,False,True,True,False
tt,125,op1_1000_s10_w7p5,op1,1.0,10.0,7.5,24.5,-1.70059,1,0.87412,1.39936,1.4098,False,True,True,True
tt,125,op1_1000_s10_w10,op1,1.0,10.0,10.0,27.0,-1.70059,1,0.87412,1.41606,1.4098,False,True,True,True
tt,125,op1_1000_s10_w15,op1,1.0,10.0,15.0,32.0,-1.70059,1,0.87412,1.4392,1.4098,False,True,True,True
tt,125,op1_1000_s10_w20,op1,1.0,10.0,20.0,37.0,-1.70059,1,0.87412,1.45539,1.4098,False,True,True,True
tt,125,op1_1000_s10_w30,op1,1.0,10.0,30.0,47.0,-1.70059,1,0.87412,1.47792,1.4098,False,True,True,True
tt,125,op1_1000_s10_w50,op1,1.0,10.0,50.0,67.0,-1.70059,1,0.87412,1.50589,1.4098,False,True,True,True
tt,125,op0_n100_s0p5_w0p2,op0,-0.1,0.5,0.2,7.7,1.79989,0,-0.0997593,0.000757663,1.4098,True,True,True,True
tt,125,op0_n100_s0p5_w0p5,op0,-0.1,0.5,0.5,8.0,1.79989,0,-0.0997593,0.00183452,1.4098,False,True,True,True
tt,125,op0_n100_s0p5_w1,op0,-0.1,0.5,1.0,8.5,1.79989,0,-0.0997593,0.000145039,1.4098,False,True,True,True
tt,125,op0_n100_s0p5_w2,op0,-0.1,0.5,2.0,9.5,1.79989,0,-0.0997593,0.000145041,1.4098,False,True,True,True
tt,125,op0_n100_s0p5_w3,op0,-0.1,0.5,3.0,10.5,1.79989,0,-0.0997593,0.0054895,1.4098,False,True,True,True
tt,125,op0_n100_s0p5_w5,op0,-0.1,0.5,5.0,12.5,1.79989,0,-0.0997593,0.0054895,1.4098,False,True,True,True
tt,125,op0_n100_s0p5_w7p5,op0,-0.1,0.5,7.5,15.0,1.79989,0,-0.0997593,0.00556226,1.4098,False,True,True,True
tt,125,op0_n100_s0p5_w10,op0,-0.1,0.5,10.0,17.5,1.79989,0,-0.0997593,0.0054895,1.4098,False,True,True,True
tt,125,op0_n100_s0p5_w15,op0,-0.1,0.5,15.0,22.5,1.79989,0,-0.0997593,0.000145037,1.4098,False,True,True,True
tt,125,op0_n100_s0p5_w20,op0,-0.1,0.5,20.0,27.5,1.79989,0,-0.0997593,0.000145035,1.4098,False,True,True,True
tt,125,op0_n100_s0p5_w30,op0,-0.1,0.5,30.0,37.5,1.79989,0,-0.0997593,0.000145037,1.4098,False,True,True,True
tt,125,op0_n100_s0p5_w50,op0,-0.1,0.5,50.0,57.5,1.79989,0,-0.0997593,0.000145035,1.4098,False,True,True,True
tt,125,op0_n100_s1_w0p2,op0,-0.1,1.0,0.2,8.2,1.79989,0,-0.0996164,0.000757751,1.4098,True,True,True,True
tt,125,op0_n100_s1_w0p5,op0,-0.1,1.0,0.5,8.5,1.79989,0,-0.0996164,0.000146621,1.4098,False,True,True,True
tt,125,op0_n100_s1_w1,op0,-0.1,1.0,1.0,9.0,1.79989,0,-0.0996164,0.00183284,1.4098,False,True,True,True
tt,125,op0_n100_s1_w2,op0,-0.1,1.0,2.0,10.0,1.79989,0,-0.0996164,0.00556226,1.4098,False,True,True,True
tt,125,op0_n100_s1_w3,op0,-0.1,1.0,3.0,11.0,1.79989,0,-0.0996164,0.00549077,1.4098,False,True,True,True
tt,125,op0_n100_s1_w5,op0,-0.1,1.0,5.0,13.0,1.79989,0,-0.0996164,0.0054895,1.4098,False,True,True,True
tt,125,op0_n100_s1_w7p5,op0,-0.1,1.0,7.5,15.5,1.79989,0,-0.0996164,0.000145038,1.4098,False,True,True,True
tt,125,op0_n100_s1_w10,op0,-0.1,1.0,10.0,18.0,1.79989,0,-0.0996164,0.000145037,1.4098,False,True,True,True
tt,125,op0_n100_s1_w15,op0,-0.1,1.0,15.0,23.0,1.79989,0,-0.0996164,0.000145015,1.4098,False,True,True,True
tt,125,op0_n100_s1_w20,op0,-0.1,1.0,20.0,28.0,1.79989,0,-0.0996164,0.000145013,1.4098,False,True,True,True
tt,125,op0_n100_s1_w30,op0,-0.1,1.0,30.0,38.0,1.79989,0,-0.0996164,0.000145012,1.4098,False,True,True,True
tt,125,op0_n100_s1_w50,op0,-0.1,1.0,50.0,58.0,1.79989,0,-0.0996164,0.000145013,1.4098,False,True,True,True
tt,125,op0_n100_s2_w0p2,op0,-0.1,2.0,0.2,9.2,1.79989,0,-0.099333,0.000757902,1.4098,True,True,True,True
tt,125,op0_n100_s2_w0p5,op0,-0.1,2.0,0.5,9.5,1.79989,0,-0.099333,0.000146624,1.4098,False,True,True,True
tt,125,op0_n100_s2_w1,op0,-0.1,2.0,1.0,10.0,1.79989,0,-0.099333,0.00556227,1.4098,False,True,True,True
tt,125,op0_n100_s2_w2,op0,-0.1,2.0,2.0,11.0,1.79989,0,-0.099333,0.00549077,1.4098,False,True,True,True
tt,125,op0_n100_s2_w3,op0,-0.1,2.0,3.0,12.0,1.79989,0,-0.099333,0.00183276,1.4098,False,True,True,True
tt,125,op0_n100_s2_w5,op0,-0.1,2.0,5.0,14.0,1.79989,0,-0.099333,0.00548966,1.4098,False,True,True,True
tt,125,op0_n100_s2_w7p5,op0,-0.1,2.0,7.5,16.5,1.79989,0,-0.099333,0.000145096,1.4098,False,True,True,True
tt,125,op0_n100_s2_w10,op0,-0.1,2.0,10.0,19.0,1.79989,0,-0.099333,0.00548948,1.4098,False,True,True,True
tt,125,op0_n100_s2_w15,op0,-0.1,2.0,15.0,24.0,1.79989,0,-0.099333,0.0054895,1.4098,False,True,True,True
tt,125,op0_n100_s2_w20,op0,-0.1,2.0,20.0,29.0,1.79989,0,-0.099333,0.00548948,1.4098,False,True,True,True
tt,125,op0_n100_s2_w30,op0,-0.1,2.0,30.0,39.0,1.79989,0,-0.099333,0.00548949,1.4098,False,True,True,True
tt,125,op0_n100_s2_w50,op0,-0.1,2.0,50.0,59.0,1.79989,0,-0.099333,0.000145016,1.4098,False,True,True,True
tt,125,op0_n100_s5_w0p2,op0,-0.1,5.0,0.2,12.2,1.79989,0,-0.0985022,0.000758444,1.4098,True,True,True,True
tt,125,op0_n100_s5_w0p5,op0,-0.1,5.0,0.5,12.5,1.79989,0,-0.0985022,0.00549123,1.4098,False,True,True,True
tt,125,op0_n100_s5_w1,op0,-0.1,5.0,1.0,13.0,1.79989,0,-0.0985022,0.0054895,1.4098,False,True,True,True
tt,125,op0_n100_s5_w2,op0,-0.1,5.0,2.0,14.0,1.79989,0,-0.0985022,0.00548966,1.4098,False,True,True,True
tt,125,op0_n100_s5_w3,op0,-0.1,5.0,3.0,15.0,1.79989,0,-0.0985022,0.00556227,1.4098,False,True,True,True
tt,125,op0_n100_s5_w5,op0,-0.1,5.0,5.0,17.0,1.79989,0,-0.0985022,0.00183277,1.4098,False,True,True,True
tt,125,op0_n100_s5_w7p5,op0,-0.1,5.0,7.5,19.5,1.79989,0,-0.0985022,0.0054895,1.4098,False,True,True,True
tt,125,op0_n100_s5_w10,op0,-0.1,5.0,10.0,22.0,1.79989,0,-0.0985022,0.0054895,1.4098,False,True,True,True
tt,125,op0_n100_s5_w15,op0,-0.1,5.0,15.0,27.0,1.79989,0,-0.0985022,0.000145038,1.4098,False,True,True,True
tt,125,op0_n100_s5_w20,op0,-0.1,5.0,20.0,32.0,1.79989,0,-0.0985022,0.000144363,1.4098,False,True,True,True
tt,125,op0_n100_s5_w30,op0,-0.1,5.0,30.0,42.0,1.79989,0,-0.0985022,0.000144362,1.4098,False,True,True,True
tt,125,op0_n100_s5_w50,op0,-0.1,5.0,50.0,62.0,1.79989,0,-0.0985022,0.00014436,1.4098,False,True,True,True
tt,125,op0_n100_s10_w0p2,op0,-0.1,10.0,0.2,17.2,1.79989,0,-0.0971716,0.000759276,1.4098,True,True,True,True
tt,125,op0_n100_s10_w0p5,op0,-0.1,10.0,0.5,17.5,1.79989,0,-0.0971716,0.00549123,1.4098,False,True,True,True
tt,125,op0_n100_s10_w1,op0,-0.1,10.0,1.0,18.0,1.79989,0,-0.0971716,0.000145024,1.4098,False,True,True,True
tt,125,op0_n100_s10_w2,op0,-0.1,10.0,2.0,19.0,1.79989,0,-0.0971716,0.00548949,1.4098,False,True,True,True
tt,125,op0_n100_s10_w3,op0,-0.1,10.0,3.0,20.0,1.79989,0,-0.0971716,0.0054895,1.4098,False,True,True,True
tt,125,op0_n100_s10_w5,op0,-0.1,10.0,5.0,22.0,1.79989,0,-0.0971716,0.0054895,1.4098,False,True,True,True
tt,125,op0_n100_s10_w7p5,op0,-0.1,10.0,7.5,24.5,1.79989,0,-0.0971716,0.0054895,1.4098,False,True,True,True
tt,125,op0_n100_s10_w10,op0,-0.1,10.0,10.0,27.0,1.79989,0,-0.0971716,0.000145039,1.4098,False,True,True,True
tt,125,op0_n100_s10_w15,op0,-0.1,10.0,15.0,32.0,1.79989,0,-0.0971716,0.000144364,1.4098,False,True,True,True
tt,125,op0_n100_s10_w20,op0,-0.1,10.0,20.0,37.0,1.79989,0,-0.0971716,0.000145039,1.4098,False,True,True,True
tt,125,op0_n100_s10_w30,op0,-0.1,10.0,30.0,47.0,1.79989,0,-0.0971716,0.000144363,1.4098,False,True,True,True
tt,125,op0_n100_s10_w50,op0,-0.1,10.0,50.0,67.0,1.79989,0,-0.0971716,0.000144361,1.4098,False,True,True,True
tt,125,op0_0000_s0p5_w0p2,op0,0.0,0.5,0.2,7.7,1.79989,0,-9.68418e-06,0.000849367,1.4098,True,True,True,True
tt,125,op0_0000_s0p5_w0p5,op0,0.0,0.5,0.5,8.0,1.79989,0,-9.68418e-06,0.00183534,1.4098,False,True,True,True
tt,125,op0_0000_s0p5_w1,op0,0.0,0.5,1.0,8.5,1.79989,0,-9.68418e-06,0.000145582,1.4098,False,True,True,True
tt,125,op0_0000_s0p5_w2,op0,0.0,0.5,2.0,9.5,1.79989,0,-9.68418e-06,0.000145598,1.4098,False,True,True,True
tt,125,op0_0000_s0p5_w3,op0,0.0,0.5,3.0,10.5,1.79989,0,-9.68418e-06,0.00549006,1.4098,False,True,True,True
tt,125,op0_0000_s0p5_w5,op0,0.0,0.5,5.0,12.5,1.79989,0,-9.68418e-06,0.00549005,1.4098,False,True,True,True
tt,125,op0_0000_s0p5_w7p5,op0,0.0,0.5,7.5,15.0,1.79989,0,-9.68418e-06,0.00556282,1.4098,False,True,True,True
tt,125,op0_0000_s0p5_w10,op0,0.0,0.5,10.0,17.5,1.79989,0,-9.68418e-06,0.00549006,1.4098,False,True,True,True
tt,125,op0_0000_s0p5_w15,op0,0.0,0.5,15.0,22.5,1.79989,0,-9.68418e-06,0.000145596,1.4098,False,True,True,True
tt,125,op0_0000_s0p5_w20,op0,0.0,0.5,20.0,27.5,1.79989,0,-9.68418e-06,0.000145594,1.4098,False,True,True,True
tt,125,op0_0000_s0p5_w30,op0,0.0,0.5,30.0,37.5,1.79989,0,-9.68418e-06,0.000145596,1.4098,False,True,True,True
tt,125,op0_0000_s0p5_w50,op0,0.0,0.5,50.0,57.5,1.79989,0,-9.68418e-06,0.000145596,1.4098,False,True,True,True
tt,125,op0_0000_s1_w0p2,op0,0.0,1.0,0.2,8.2,1.79989,0,9.71404e-07,0.000849376,1.4098,True,True,True,True
tt,125,op0_0000_s1_w0p5,op0,0.0,1.0,0.5,8.5,1.79989,0,9.71404e-07,0.000147428,1.4098,False,True,True,True
tt,125,op0_0000_s1_w1,op0,0.0,1.0,1.0,9.0,1.79989,0,9.71404e-07,0.00183339,1.4098,False,True,True,True
tt,125,op0_0000_s1_w2,op0,0.0,1.0,2.0,10.0,1.79989,0,9.71404e-07,0.00556282,1.4098,False,True,True,True
tt,125,op0_0000_s1_w3,op0,0.0,1.0,3.0,11.0,1.79989,0,9.71404e-07,0.00549133,1.4098,False,True,True,True
tt,125,op0_0000_s1_w5,op0,0.0,1.0,5.0,13.0,1.79989,0,9.71404e-07,0.00549006,1.4098,False,True,True,True
tt,125,op0_0000_s1_w7p5,op0,0.0,1.0,7.5,15.5,1.79989,0,9.71404e-07,0.000145597,1.4098,False,True,True,True
tt,125,op0_0000_s1_w10,op0,0.0,1.0,10.0,18.0,1.79989,0,9.71404e-07,0.000145595,1.4098,False,True,True,True
tt,125,op0_0000_s1_w15,op0,0.0,1.0,15.0,23.0,1.79989,0,9.71404e-07,0.000145574,1.4098,False,True,True,True
tt,125,op0_0000_s1_w20,op0,0.0,1.0,20.0,28.0,1.79989,0,9.71404e-07,0.000145572,1.4098,False,True,True,True
tt,125,op0_0000_s1_w30,op0,0.0,1.0,30.0,38.0,1.79989,0,9.71404e-07,0.000145572,1.4098,False,True,True,True
tt,125,op0_0000_s1_w50,op0,0.0,1.0,50.0,58.0,1.79989,0,9.71404e-07,0.000145575,1.4098,False,True,True,True
tt,125,op0_0000_s2_w0p2,op0,0.0,2.0,0.2,9.2,1.79989,0,2.22547e-05,0.00084937,1.4098,True,True,True,True
tt,125,op0_0000_s2_w0p5,op0,0.0,2.0,0.5,9.5,1.79989,0,2.22547e-05,0.000147429,1.4098,False,True,True,True
tt,125,op0_0000_s2_w1,op0,0.0,2.0,1.0,10.0,1.79989,0,2.22547e-05,0.00556282,1.4098,False,True,True,True
tt,125,op0_0000_s2_w2,op0,0.0,2.0,2.0,11.0,1.79989,0,2.22547e-05,0.00549133,1.4098,False,True,True,True
tt,125,op0_0000_s2_w3,op0,0.0,2.0,3.0,12.0,1.79989,0,2.22547e-05,0.00183331,1.4098,False,True,True,True
tt,125,op0_0000_s2_w5,op0,0.0,2.0,5.0,14.0,1.79989,0,2.22547e-05,0.00549021,1.4098,False,True,True,True
tt,125,op0_0000_s2_w7p5,op0,0.0,2.0,7.5,16.5,1.79989,0,2.22547e-05,0.000145653,1.4098,False,True,True,True
tt,125,op0_0000_s2_w10,op0,0.0,2.0,10.0,19.0,1.79989,0,2.22547e-05,0.00549004,1.4098,False,True,True,True
tt,125,op0_0000_s2_w15,op0,0.0,2.0,15.0,24.0,1.79989,0,2.22547e-05,0.00549005,1.4098,False,True,True,True
tt,125,op0_0000_s2_w20,op0,0.0,2.0,20.0,29.0,1.79989,0,2.22547e-05,0.00549004,1.4098,False,True,True,True
tt,125,op0_0000_s2_w30,op0,0.0,2.0,30.0,39.0,1.79989,0,2.22547e-05,0.00549004,1.4098,False,True,True,True
tt,125,op0_0000_s2_w50,op0,0.0,2.0,50.0,59.0,1.79989,0,2.22547e-05,0.000145577,1.4098,False,True,True,True
tt,125,op0_0000_s5_w0p2,op0,0.0,5.0,0.2,12.2,1.79989,0,8.52484e-05,0.000849451,1.4098,True,True,True,True
tt,125,op0_0000_s5_w0p5,op0,0.0,5.0,0.5,12.5,1.79989,0,8.52484e-05,0.00549205,1.4098,False,True,True,True
tt,125,op0_0000_s5_w1,op0,0.0,5.0,1.0,13.0,1.79989,0,8.52484e-05,0.00549005,1.4098,False,True,True,True
tt,125,op0_0000_s5_w2,op0,0.0,5.0,2.0,14.0,1.79989,0,8.52484e-05,0.00549021,1.4098,False,True,True,True
tt,125,op0_0000_s5_w3,op0,0.0,5.0,3.0,15.0,1.79989,0,8.52484e-05,0.00556282,1.4098,False,True,True,True
tt,125,op0_0000_s5_w5,op0,0.0,5.0,5.0,17.0,1.79989,0,8.52484e-05,0.00183332,1.4098,False,True,True,True
tt,125,op0_0000_s5_w7p5,op0,0.0,5.0,7.5,19.5,1.79989,0,8.52484e-05,0.00549006,1.4098,False,True,True,True
tt,125,op0_0000_s5_w10,op0,0.0,5.0,10.0,22.0,1.79989,0,8.52484e-05,0.00549006,1.4098,False,True,True,True
tt,125,op0_0000_s5_w15,op0,0.0,5.0,15.0,27.0,1.79989,0,8.52484e-05,0.000145596,1.4098,False,True,True,True
tt,125,op0_0000_s5_w20,op0,0.0,5.0,20.0,32.0,1.79989,0,8.52484e-05,0.000144921,1.4098,False,True,True,True
tt,125,op0_0000_s5_w30,op0,0.0,5.0,30.0,42.0,1.79989,0,8.52484e-05,0.000144921,1.4098,False,True,True,True
tt,125,op0_0000_s5_w50,op0,0.0,5.0,50.0,62.0,1.79989,0,8.52484e-05,0.000144921,1.4098,False,True,True,True
tt,125,op0_0000_s10_w0p2,op0,0.0,10.0,0.2,17.2,1.79989,0,0.000188272,0.000849543,1.4098,True,True,True,True
tt,125,op0_0000_s10_w0p5,op0,0.0,10.0,0.5,17.5,1.79989,0,0.000188272,0.00549205,1.4098,False,True,True,True
tt,125,op0_0000_s10_w1,op0,0.0,10.0,1.0,18.0,1.79989,0,0.000188272,0.00014558,1.4098,False,True,True,True
tt,125,op0_0000_s10_w2,op0,0.0,10.0,2.0,19.0,1.79989,0,0.000188272,0.00549004,1.4098,False,True,True,True
tt,125,op0_0000_s10_w3,op0,0.0,10.0,3.0,20.0,1.79989,0,0.000188272,0.00549006,1.4098,False,True,True,True
tt,125,op0_0000_s10_w5,op0,0.0,10.0,5.0,22.0,1.79989,0,0.000188272,0.00549006,1.4098,False,True,True,True
tt,125,op0_0000_s10_w7p5,op0,0.0,10.0,7.5,24.5,1.79989,0,0.000188272,0.00549006,1.4098,False,True,True,True
tt,125,op0_0000_s10_w10,op0,0.0,10.0,10.0,27.0,1.79989,0,0.000188272,0.000145596,1.4098,False,True,True,True
tt,125,op0_0000_s10_w15,op0,0.0,10.0,15.0,32.0,1.79989,0,0.000188272,0.000144921,1.4098,False,True,True,True
tt,125,op0_0000_s10_w20,op0,0.0,10.0,20.0,37.0,1.79989,0,0.000188272,0.000145596,1.4098,False,True,True,True
tt,125,op0_0000_s10_w30,op0,0.0,10.0,30.0,47.0,1.79989,0,0.000188272,0.000144921,1.4098,False,True,True,True
tt,125,op0_0000_s10_w50,op0,0.0,10.0,50.0,67.0,1.79989,0,0.000188272,0.000144921,1.4098,False,True,True,True
ss,27,op1_0900_s0p5_w0p2,op1,0.9,0.5,0.2,7.7,1.77561,0,0.898954,-0.00661761,1.179,True,False,False,False
ss,27,op1_0900_s0p5_w0p5,op1,0.9,0.5,0.5,8.0,1.77561,0,0.898954,-0.00908428,1.179,False,False,False,False
ss,27,op1_0900_s0p5_w1,op1,0.9,0.5,1.0,8.5,1.77561,0,0.898954,-0.00854098,1.179,False,False,False,False
ss,27,op1_0900_s0p5_w2,op1,0.9,0.5,2.0,9.5,1.77561,0,0.898954,-0.008541,1.179,False,False,False,False
ss,27,op1_0900_s0p5_w3,op1,0.9,0.5,3.0,10.5,1.77561,0,0.898954,-0.00548459,1.179,False,False,False,False
ss,27,op1_0900_s0p5_w5,op1,0.9,0.5,5.0,12.5,1.77561,0,0.898954,-0.00548544,1.179,False,False,False,False
ss,27,op1_0900_s0p5_w7p5,op1,0.9,0.5,7.5,15.0,1.77561,0,0.898954,-0.00543985,1.179,False,False,False,False
ss,27,op1_0900_s0p5_w10,op1,0.9,0.5,10.0,17.5,1.77561,0,0.898954,-0.00548533,1.179,False,False,False,False
ss,27,op1_0900_s0p5_w15,op1,0.9,0.5,15.0,22.5,1.77561,0,0.898954,-0.00854098,1.179,False,False,False,False
ss,27,op1_0900_s0p5_w20,op1,0.9,0.5,20.0,27.5,1.77561,0,0.898954,-0.00854097,1.179,False,False,False,False
ss,27,op1_0900_s0p5_w30,op1,0.9,0.5,30.0,37.5,1.77561,0,0.898954,-0.00854095,1.179,False,False,False,False
ss,27,op1_0900_s0p5_w50,op1,0.9,0.5,50.0,57.5,1.77561,0,0.898954,-0.00854091,1.179,False,False,False,False
ss,27,op1_0900_s1_w0p2,op1,0.9,1.0,0.2,8.2,-1.77303,1,0.774756,0.967479,1.179,True,False,False,False
ss,27,op1_0900_s1_w0p5,op1,0.9,1.0,0.5,8.5,-1.77303,1,0.774756,1.02547,1.179,False,False,False,False
ss,27,op1_0900_s1_w1,op1,0.9,1.0,1.0,9.0,-1.77303,1,0.774756,1.06532,1.179,False,True,False,False
ss,27,op1_0900_s1_w2,op1,0.9,1.0,2.0,10.0,-1.77303,1,0.774756,1.10084,1.179,False,True,False,False
ss,27,op1_0900_s1_w3,op1,0.9,1.0,3.0,11.0,-1.77303,1,0.774756,1.12017,1.179,False,True,True,False
ss,27,op1_0900_s1_w5,op1,0.9,1.0,5.0,13.0,-1.77303,1,0.774756,1.14336,1.179,False,True,True,False
ss,27,op1_0900_s1_w7p5,op1,0.9,1.0,7.5,15.5,-1.77303,1,0.774756,1.16102,1.179,False,True,True,True
ss,27,op1_0900_s1_w10,op1,0.9,1.0,10.0,18.0,-1.77303,1,0.774756,1.17323,1.179,False,True,True,True
ss,27,op1_0900_s1_w15,op1,0.9,1.0,15.0,23.0,-1.77303,1,0.774756,1.19006,1.179,False,True,True,True
ss,27,op1_0900_s1_w20,op1,0.9,1.0,20.0,28.0,-1.77303,1,0.774756,1.20176,1.179,False,True,True,True
ss,27,op1_0900_s1_w30,op1,0.9,1.0,30.0,38.0,-1.77303,1,0.774756,1.21797,1.179,False,True,True,True
ss,27,op1_0900_s1_w50,op1,0.9,1.0,50.0,58.0,-1.77303,1,0.774756,1.238,1.179,False,True,True,True
ss,27,op1_0900_s2_w0p2,op1,0.9,2.0,0.2,9.2,-1.77304,1,0.774753,0.967477,1.179,True,False,False,False
ss,27,op1_0900_s2_w0p5,op1,0.9,2.0,0.5,9.5,-1.77304,1,0.774753,1.02547,1.179,False,False,False,False
ss,27,op1_0900_s2_w1,op1,0.9,2.0,1.0,10.0,-1.77304,1,0.774753,1.06532,1.179,False,True,False,False
ss,27,op1_0900_s2_w2,op1,0.9,2.0,2.0,11.0,-1.77304,1,0.774753,1.10085,1.179,False,True,False,False
ss,27,op1_0900_s2_w3,op1,0.9,2.0,3.0,12.0,-1.77304,1,0.774753,1.12016,1.179,False,True,True,False
ss,27,op1_0900_s2_w5,op1,0.9,2.0,5.0,14.0,-1.77304,1,0.774753,1.14336,1.179,False,True,True,False
ss,27,op1_0900_s2_w7p5,op1,0.9,2.0,7.5,16.5,-1.77304,1,0.774753,1.16103,1.179,False,True,True,True
ss,27,op1_0900_s2_w10,op1,0.9,2.0,10.0,19.0,-1.77304,1,0.774753,1.17323,1.179,False,True,True,True
ss,27,op1_0900_s2_w15,op1,0.9,2.0,15.0,24.0,-1.77304,1,0.774753,1.19006,1.179,False,True,True,True
ss,27,op1_0900_s2_w20,op1,0.9,2.0,20.0,29.0,-1.77304,1,0.774753,1.20176,1.179,False,True,True,True
ss,27,op1_0900_s2_w30,op1,0.9,2.0,30.0,39.0,-1.77304,1,0.774753,1.21797,1.179,False,True,True,True
ss,27,op1_0900_s2_w50,op1,0.9,2.0,50.0,59.0,-1.77304,1,0.774753,1.238,1.179,False,True,True,True
ss,27,op1_0900_s5_w0p2,op1,0.9,5.0,0.2,12.2,-1.77305,1,0.774751,0.967477,1.179,True,False,False,False
ss,27,op1_0900_s5_w0p5,op1,0.9,5.0,0.5,12.5,-1.77305,1,0.774751,1.02548,1.179,False,False,False,False
ss,27,op1_0900_s5_w1,op1,0.9,5.0,1.0,13.0,-1.77305,1,0.774751,1.06534,1.179,False,True,False,False
ss,27,op1_0900_s5_w2,op1,0.9,5.0,2.0,14.0,-1.77305,1,0.774751,1.10085,1.179,False,True,False,False
ss,27,op1_0900_s5_w3,op1,0.9,5.0,3.0,15.0,-1.77305,1,0.774751,1.12017,1.179,False,True,True,False
ss,27,op1_0900_s5_w5,op1,0.9,5.0,5.0,17.0,-1.77305,1,0.774751,1.14335,1.179,False,True,True,False
ss,27,op1_0900_s5_w7p5,op1,0.9,5.0,7.5,19.5,-1.77305,1,0.774751,1.16103,1.179,False,True,True,True
ss,27,op1_0900_s5_w10,op1,0.9,5.0,10.0,22.0,-1.77305,1,0.774751,1.17323,1.179,False,True,True,True
ss,27,op1_0900_s5_w15,op1,0.9,5.0,15.0,27.0,-1.77305,1,0.774751,1.19005,1.179,False,True,True,True
ss,27,op1_0900_s5_w20,op1,0.9,5.0,20.0,32.0,-1.77305,1,0.774751,1.20176,1.179,False,True,True,True
ss,27,op1_0900_s5_w30,op1,0.9,5.0,30.0,42.0,-1.77305,1,0.774751,1.21797,1.179,False,True,True,True
ss,27,op1_0900_s5_w50,op1,0.9,5.0,50.0,62.0,-1.77305,1,0.774751,1.238,1.179,False,True,True,True
ss,27,op1_0900_s10_w0p2,op1,0.9,10.0,0.2,17.2,-1.77305,1,0.774749,0.967476,1.179,True,False,False,False
ss,27,op1_0900_s10_w0p5,op1,0.9,10.0,0.5,17.5,-1.77305,1,0.774749,1.02547,1.179,False,False,False,False
ss,27,op1_0900_s10_w1,op1,0.9,10.0,1.0,18.0,-1.77305,1,0.774749,1.06534,1.179,False,True,False,False
ss,27,op1_0900_s10_w2,op1,0.9,10.0,2.0,19.0,-1.77305,1,0.774749,1.10086,1.179,False,True,False,False
ss,27,op1_0900_s10_w3,op1,0.9,10.0,3.0,20.0,-1.77305,1,0.774749,1.12018,1.179,False,True,True,False
ss,27,op1_0900_s10_w5,op1,0.9,10.0,5.0,22.0,-1.77305,1,0.774749,1.14336,1.179,False,True,True,False
ss,27,op1_0900_s10_w7p5,op1,0.9,10.0,7.5,24.5,-1.77305,1,0.774749,1.16103,1.179,False,True,True,True
ss,27,op1_0900_s10_w10,op1,0.9,10.0,10.0,27.0,-1.77305,1,0.774749,1.17323,1.179,False,True,True,True
ss,27,op1_0900_s10_w15,op1,0.9,10.0,15.0,32.0,-1.77305,1,0.774749,1.19006,1.179,False,True,True,True
ss,27,op1_0900_s10_w20,op1,0.9,10.0,20.0,37.0,-1.77305,1,0.774749,1.20175,1.179,False,True,True,True
ss,27,op1_0900_s10_w30,op1,0.9,10.0,30.0,47.0,-1.77305,1,0.774749,1.21797,1.179,False,True,True,True
ss,27,op1_0900_s10_w50,op1,0.9,10.0,50.0,67.0,-1.77305,1,0.774749,1.238,1.179,False,True,True,True
ss,27,op1_1000_s0p5_w0p2,op1,1.0,0.5,0.2,7.7,-1.74712,1,0.87728,1.05896,1.179,True,False,False,False
ss,27,op1_1000_s0p5_w0p5,op1,1.0,0.5,0.5,8.0,-1.74712,1,0.87728,1.07415,1.179,False,True,False,False
ss,27,op1_1000_s0p5_w1,op1,1.0,0.5,1.0,8.5,-1.74712,1,0.87728,1.09237,1.179,False,True,False,False
ss,27,op1_1000_s0p5_w2,op1,1.0,0.5,2.0,9.5,-1.74712,1,0.87728,1.11465,1.179,False,True,False,False
ss,27,op1_1000_s0p5_w3,op1,1.0,0.5,3.0,10.5,-1.74712,1,0.87728,1.12892,1.179,False,True,True,False
ss,27,op1_1000_s0p5_w5,op1,1.0,0.5,5.0,12.5,-1.74712,1,0.87728,1.14764,1.179,False,True,True,False
ss,27,op1_1000_s0p5_w7p5,op1,1.0,0.5,7.5,15.0,-1.74712,1,0.87728,1.1628,1.179,False,True,True,True
ss,27,op1_1000_s0p5_w10,op1,1.0,0.5,10.0,17.5,-1.74712,1,0.87728,1.17366,1.179,False,True,True,True
ss,27,op1_1000_s0p5_w15,op1,1.0,0.5,15.0,22.5,-1.74712,1,0.87728,1.189,1.179,False,True,True,True
ss,27,op1_1000_s0p5_w20,op1,1.0,0.5,20.0,27.5,-1.74712,1,0.87728,1.19988,1.179,False,True,True,True
ss,27,op1_1000_s0p5_w30,op1,1.0,0.5,30.0,37.5,-1.74712,1,0.87728,1.21518,1.179,False,True,True,True
ss,27,op1_1000_s0p5_w50,op1,1.0,0.5,50.0,57.5,-1.74712,1,0.87728,1.23438,1.179,False,True,True,True
ss,27,op1_1000_s1_w0p2,op1,1.0,1.0,0.2,8.2,-1.74712,1,0.87728,1.05897,1.179,True,False,False,False
ss,27,op1_1000_s1_w0p5,op1,1.0,1.0,0.5,8.5,-1.74712,1,0.87728,1.07415,1.179,False,True,False,False
ss,27,op1_1000_s1_w1,op1,1.0,1.0,1.0,9.0,-1.74712,1,0.87728,1.09236,1.179,False,True,False,False
ss,27,op1_1000_s1_w2,op1,1.0,1.0,2.0,10.0,-1.74712,1,0.87728,1.11464,1.179,False,True,False,False
ss,27,op1_1000_s1_w3,op1,1.0,1.0,3.0,11.0,-1.74712,1,0.87728,1.12892,1.179,False,True,True,False
ss,27,op1_1000_s1_w5,op1,1.0,1.0,5.0,13.0,-1.74712,1,0.87728,1.14763,1.179,False,True,True,False
ss,27,op1_1000_s1_w7p5,op1,1.0,1.0,7.5,15.5,-1.74712,1,0.87728,1.16281,1.179,False,True,True,True
ss,27,op1_1000_s1_w10,op1,1.0,1.0,10.0,18.0,-1.74712,1,0.87728,1.17366,1.179,False,True,True,True
ss,27,op1_1000_s1_w15,op1,1.0,1.0,15.0,23.0,-1.74712,1,0.87728,1.189,1.179,False,True,True,True
ss,27,op1_1000_s1_w20,op1,1.0,1.0,20.0,28.0,-1.74712,1,0.87728,1.19988,1.179,False,True,True,True
ss,27,op1_1000_s1_w30,op1,1.0,1.0,30.0,38.0,-1.74712,1,0.87728,1.21518,1.179,False,True,True,True
ss,27,op1_1000_s1_w50,op1,1.0,1.0,50.0,58.0,-1.74712,1,0.87728,1.23438,1.179,False,True,True,True
ss,27,op1_1000_s2_w0p2,op1,1.0,2.0,0.2,9.2,-1.74712,1,0.877281,1.05896,1.179,True,False,False,False
ss,27,op1_1000_s2_w0p5,op1,1.0,2.0,0.5,9.5,-1.74712,1,0.877281,1.07415,1.179,False,True,False,False
ss,27,op1_1000_s2_w1,op1,1.0,2.0,1.0,10.0,-1.74712,1,0.877281,1.09236,1.179,False,True,False,False
ss,27,op1_1000_s2_w2,op1,1.0,2.0,2.0,11.0,-1.74712,1,0.877281,1.11465,1.179,False,True,False,False
ss,27,op1_1000_s2_w3,op1,1.0,2.0,3.0,12.0,-1.74712,1,0.877281,1.12891,1.179,False,True,True,False
ss,27,op1_1000_s2_w5,op1,1.0,2.0,5.0,14.0,-1.74712,1,0.877281,1.14763,1.179,False,True,True,False
ss,27,op1_1000_s2_w7p5,op1,1.0,2.0,7.5,16.5,-1.74712,1,0.877281,1.16281,1.179,False,True,True,True
ss,27,op1_1000_s2_w10,op1,1.0,2.0,10.0,19.0,-1.74712,1,0.877281,1.17366,1.179,False,True,True,True
ss,27,op1_1000_s2_w15,op1,1.0,2.0,15.0,24.0,-1.74712,1,0.877281,1.189,1.179,False,True,True,True
ss,27,op1_1000_s2_w20,op1,1.0,2.0,20.0,29.0,-1.74712,1,0.877281,1.19988,1.179,False,True,True,True
ss,27,op1_1000_s2_w30,op1,1.0,2.0,30.0,39.0,-1.74712,1,0.877281,1.21518,1.179,False,True,True,True
ss,27,op1_1000_s2_w50,op1,1.0,2.0,50.0,59.0,-1.74712,1,0.877281,1.23438,1.179,False,True,True,True
ss,27,op1_1000_s5_w0p2,op1,1.0,5.0,0.2,12.2,-1.74712,1,0.877278,1.05896,1.179,True,False,False,False
ss,27,op1_1000_s5_w0p5,op1,1.0,5.0,0.5,12.5,-1.74712,1,0.877278,1.07416,1.179,False,True,False,False
ss,27,op1_1000_s5_w1,op1,1.0,5.0,1.0,13.0,-1.74712,1,0.877278,1.09237,1.179,False,True,False,False
ss,27,op1_1000_s5_w2,op1,1.0,5.0,2.0,14.0,-1.74712,1,0.877278,1.11465,1.179,False,True,False,False
ss,27,op1_1000_s5_w3,op1,1.0,5.0,3.0,15.0,-1.74712,1,0.877278,1.12891,1.179,False,True,True,False
ss,27,op1_1000_s5_w5,op1,1.0,5.0,5.0,17.0,-1.74712,1,0.877278,1.14763,1.179,False,True,True,False
ss,27,op1_1000_s5_w7p5,op1,1.0,5.0,7.5,19.5,-1.74712,1,0.877278,1.16281,1.179,False,True,True,True
ss,27,op1_1000_s5_w10,op1,1.0,5.0,10.0,22.0,-1.74712,1,0.877278,1.17366,1.179,False,True,True,True
ss,27,op1_1000_s5_w15,op1,1.0,5.0,15.0,27.0,-1.74712,1,0.877278,1.189,1.179,False,True,True,True
ss,27,op1_1000_s5_w20,op1,1.0,5.0,20.0,32.0,-1.74712,1,0.877278,1.19988,1.179,False,True,True,True
ss,27,op1_1000_s5_w30,op1,1.0,5.0,30.0,42.0,-1.74712,1,0.877278,1.21518,1.179,False,True,True,True
ss,27,op1_1000_s5_w50,op1,1.0,5.0,50.0,62.0,-1.74712,1,0.877278,1.23438,1.179,False,True,True,True
ss,27,op1_1000_s10_w0p2,op1,1.0,10.0,0.2,17.2,-1.74712,1,0.877274,1.05896,1.179,True,False,False,False
ss,27,op1_1000_s10_w0p5,op1,1.0,10.0,0.5,17.5,-1.74712,1,0.877274,1.07415,1.179,False,True,False,False
ss,27,op1_1000_s10_w1,op1,1.0,10.0,1.0,18.0,-1.74712,1,0.877274,1.09237,1.179,False,True,False,False
ss,27,op1_1000_s10_w2,op1,1.0,10.0,2.0,19.0,-1.74712,1,0.877274,1.11465,1.179,False,True,False,False
ss,27,op1_1000_s10_w3,op1,1.0,10.0,3.0,20.0,-1.74712,1,0.877274,1.12892,1.179,False,True,True,False
ss,27,op1_1000_s10_w5,op1,1.0,10.0,5.0,22.0,-1.74712,1,0.877274,1.14763,1.179,False,True,True,False
ss,27,op1_1000_s10_w7p5,op1,1.0,10.0,7.5,24.5,-1.74712,1,0.877274,1.16281,1.179,False,True,True,True
ss,27,op1_1000_s10_w10,op1,1.0,10.0,10.0,27.0,-1.74712,1,0.877274,1.17366,1.179,False,True,True,True
ss,27,op1_1000_s10_w15,op1,1.0,10.0,15.0,32.0,-1.74712,1,0.877274,1.189,1.179,False,True,True,True
ss,27,op1_1000_s10_w20,op1,1.0,10.0,20.0,37.0,-1.74712,1,0.877274,1.19988,1.179,False,True,True,True
ss,27,op1_1000_s10_w30,op1,1.0,10.0,30.0,47.0,-1.74712,1,0.877274,1.21518,1.179,False,True,True,True
ss,27,op1_1000_s10_w50,op1,1.0,10.0,50.0,67.0,-1.74712,1,0.877274,1.23438,1.179,False,True,True,True
ss,27,op0_n100_s0p5_w0p2,op0,-0.1,0.5,0.2,7.7,1.8,0,-0.1,-0.00806129,1.179,True,True,True,True
ss,27,op0_n100_s0p5_w0p5,op0,-0.1,0.5,0.5,8.0,1.8,0,-0.1,-0.00908833,1.179,False,True,True,True
ss,27,op0_n100_s0p5_w1,op0,-0.1,0.5,1.0,8.5,1.8,0,-0.1,-0.00854153,1.179,False,True,True,True
ss,27,op0_n100_s0p5_w2,op0,-0.1,0.5,2.0,9.5,1.8,0,-0.1,-0.00854155,1.179,False,True,True,True
ss,27,op0_n100_s0p5_w3,op0,-0.1,0.5,3.0,10.5,1.8,0,-0.1,-0.00548513,1.179,False,True,True,True
ss,27,op0_n100_s0p5_w5,op0,-0.1,0.5,5.0,12.5,1.8,0,-0.1,-0.00548597,1.179,False,True,True,True
ss,27,op0_n100_s0p5_w7p5,op0,-0.1,0.5,7.5,15.0,1.8,0,-0.1,-0.0054404,1.179,False,True,True,True
ss,27,op0_n100_s0p5_w10,op0,-0.1,0.5,10.0,17.5,1.8,0,-0.1,-0.00548586,1.179,False,True,True,True
ss,27,op0_n100_s0p5_w15,op0,-0.1,0.5,15.0,22.5,1.8,0,-0.1,-0.00854153,1.179,False,True,True,True
ss,27,op0_n100_s0p5_w20,op0,-0.1,0.5,20.0,27.5,1.8,0,-0.1,-0.00854153,1.179,False,True,True,True
ss,27,op0_n100_s0p5_w30,op0,-0.1,0.5,30.0,37.5,1.8,0,-0.1,-0.00854153,1.179,False,True,True,True
ss,27,op0_n100_s0p5_w50,op0,-0.1,0.5,50.0,57.5,1.8,0,-0.1,-0.00854144,1.179,False,True,True,True
ss,27,op0_n100_s1_w0p2,op0,-0.1,1.0,0.2,8.2,1.79999,0,-0.1,-0.00806134,1.179,True,True,True,True
ss,27,op0_n100_s1_w0p5,op0,-0.1,1.0,0.5,8.5,1.79999,0,-0.1,-0.00854069,1.179,False,True,True,True
ss,27,op0_n100_s1_w1,op0,-0.1,1.0,1.0,9.0,1.79999,0,-0.1,-0.00908916,1.179,False,True,True,True
ss,27,op0_n100_s1_w2,op0,-0.1,1.0,2.0,10.0,1.79999,0,-0.1,-0.0054404,1.179,False,True,True,True
ss,27,op0_n100_s1_w3,op0,-0.1,1.0,3.0,11.0,1.79999,0,-0.1,-0.00548519,1.179,False,True,True,True
ss,27,op0_n100_s1_w5,op0,-0.1,1.0,5.0,13.0,1.79999,0,-0.1,-0.00548513,1.179,False,True,True,True
ss,27,op0_n100_s1_w7p5,op0,-0.1,1.0,7.5,15.5,1.79999,0,-0.1,-0.00854145,1.179,False,True,True,True
ss,27,op0_n100_s1_w10,op0,-0.1,1.0,10.0,18.0,1.79999,0,-0.1,-0.00854153,1.179,False,True,True,True
ss,27,op0_n100_s1_w15,op0,-0.1,1.0,15.0,23.0,1.79999,0,-0.1,-0.00854194,1.179,False,True,True,True
ss,27,op0_n100_s1_w20,op0,-0.1,1.0,20.0,28.0,1.79999,0,-0.1,-0.00854191,1.179,False,True,True,True
ss,27,op0_n100_s1_w30,op0,-0.1,1.0,30.0,38.0,1.79999,0,-0.1,-0.00854179,1.179,False,True,True,True
ss,27,op0_n100_s1_w50,op0,-0.1,1.0,50.0,58.0,1.79999,0,-0.1,-0.00854175,1.179,False,True,True,True
ss,27,op0_n100_s2_w0p2,op0,-0.1,2.0,0.2,9.2,1.8,0,-0.0999998,-0.00807562,1.179,True,True,True,True
ss,27,op0_n100_s2_w0p5,op0,-0.1,2.0,0.5,9.5,1.8,0,-0.0999998,-0.0085407,1.179,False,True,True,True
ss,27,op0_n100_s2_w1,op0,-0.1,2.0,1.0,10.0,1.8,0,-0.0999998,-0.0054404,1.179,False,True,True,True
ss,27,op0_n100_s2_w2,op0,-0.1,2.0,2.0,11.0,1.8,0,-0.0999998,-0.00548519,1.179,False,True,True,True
ss,27,op0_n100_s2_w3,op0,-0.1,2.0,3.0,12.0,1.8,0,-0.0999998,-0.00908916,1.179,False,True,True,True
ss,27,op0_n100_s2_w5,op0,-0.1,2.0,5.0,14.0,1.8,0,-0.0999998,-0.00548519,1.179,False,True,True,True
ss,27,op0_n100_s2_w7p5,op0,-0.1,2.0,7.5,16.5,1.8,0,-0.0999998,-0.00854158,1.179,False,True,True,True
ss,27,op0_n100_s2_w10,op0,-0.1,2.0,10.0,19.0,1.8,0,-0.0999998,-0.00548597,1.179,False,True,True,True
ss,27,op0_n100_s2_w15,op0,-0.1,2.0,15.0,24.0,1.8,0,-0.0999998,-0.00548524,1.179,False,True,True,True
ss,27,op0_n100_s2_w20,op0,-0.1,2.0,20.0,29.0,1.8,0,-0.0999998,-0.00548556,1.179,False,True,True,True
ss,27,op0_n100_s2_w30,op0,-0.1,2.0,30.0,39.0,1.8,0,-0.0999998,-0.00548545,1.179,False,True,True,True
ss,27,op0_n100_s2_w50,op0,-0.1,2.0,50.0,59.0,1.8,0,-0.0999998,-0.00854175,1.179,False,True,True,True
ss,27,op0_n100_s5_w0p2,op0,-0.1,5.0,0.2,12.2,1.8,0,-0.0999991,-0.00806134,1.179,True,True,True,True
ss,27,op0_n100_s5_w0p5,op0,-0.1,5.0,0.5,12.5,1.8,0,-0.0999991,-0.00548524,1.179,False,True,True,True
ss,27,op0_n100_s5_w1,op0,-0.1,5.0,1.0,13.0,1.8,0,-0.0999991,-0.00548513,1.179,False,True,True,True
ss,27,op0_n100_s5_w2,op0,-0.1,5.0,2.0,14.0,1.8,0,-0.0999991,-0.0054852,1.179,False,True,True,True
ss,27,op0_n100_s5_w3,op0,-0.1,5.0,3.0,15.0,1.8,0,-0.0999991,-0.0054404,1.179,False,True,True,True
ss,27,op0_n100_s5_w5,op0,-0.1,5.0,5.0,17.0,1.8,0,-0.0999991,-0.0090891,1.179,False,True,True,True
ss,27,op0_n100_s5_w7p5,op0,-0.1,5.0,7.5,19.5,1.8,0,-0.0999991,-0.00548524,1.179,False,True,True,True
ss,27,op0_n100_s5_w10,op0,-0.1,5.0,10.0,22.0,1.8,0,-0.0999991,-0.00548587,1.179,False,True,True,True
ss,27,op0_n100_s5_w15,op0,-0.1,5.0,15.0,27.0,1.8,0,-0.0999991,-0.00854153,1.179,False,True,True,True
ss,27,op0_n100_s5_w20,op0,-0.1,5.0,20.0,32.0,1.8,0,-0.0999991,-0.00854314,1.179,False,True,True,True
ss,27,op0_n100_s5_w30,op0,-0.1,5.0,30.0,42.0,1.8,0,-0.0999991,-0.008543,1.179,False,True,True,True
ss,27,op0_n100_s5_w50,op0,-0.1,5.0,50.0,62.0,1.8,0,-0.0999991,-0.00854296,1.179,False,True,True,True
ss,27,op0_n100_s10_w0p2,op0,-0.1,10.0,0.2,17.2,1.8,0,-0.0999982,-0.00806134,1.179,True,True,True,True
ss,27,op0_n100_s10_w0p5,op0,-0.1,10.0,0.5,17.5,1.8,0,-0.0999982,-0.00548513,1.179,False,True,True,True
ss,27,op0_n100_s10_w1,op0,-0.1,10.0,1.0,18.0,1.8,0,-0.0999982,-0.00854153,1.179,False,True,True,True
ss,27,op0_n100_s10_w2,op0,-0.1,10.0,2.0,19.0,1.8,0,-0.0999982,-0.00548597,1.179,False,True,True,True
ss,27,op0_n100_s10_w3,op0,-0.1,10.0,3.0,20.0,1.8,0,-0.0999982,-0.00548513,1.179,False,True,True,True
ss,27,op0_n100_s10_w5,op0,-0.1,10.0,5.0,22.0,1.8,0,-0.0999982,-0.00548586,1.179,False,True,True,True
ss,27,op0_n100_s10_w7p5,op0,-0.1,10.0,7.5,24.5,1.8,0,-0.0999982,-0.00548524,1.179,False,True,True,True
ss,27,op0_n100_s10_w10,op0,-0.1,10.0,10.0,27.0,1.8,0,-0.0999982,-0.00854153,1.179,False,True,True,True
ss,27,op0_n100_s10_w15,op0,-0.1,10.0,15.0,32.0,1.8,0,-0.0999982,-0.00854314,1.179,False,True,True,True
ss,27,op0_n100_s10_w20,op0,-0.1,10.0,20.0,37.0,1.8,0,-0.0999982,-0.00854151,1.179,False,True,True,True
ss,27,op0_n100_s10_w30,op0,-0.1,10.0,30.0,47.0,1.8,0,-0.0999982,-0.008543,1.179,False,True,True,True
ss,27,op0_n100_s10_w50,op0,-0.1,10.0,50.0,67.0,1.8,0,-0.0999982,-0.00854291,1.179,False,True,True,True
ss,27,op0_0000_s0p5_w0p2,op0,0.0,0.5,0.2,7.7,1.8,0,-5.27491e-07,-0.00797699,1.179,True,True,True,True
ss,27,op0_0000_s0p5_w0p5,op0,0.0,0.5,0.5,8.0,1.8,0,-5.27491e-07,-0.00908807,1.179,False,True,True,True
ss,27,op0_0000_s0p5_w1,op0,0.0,0.5,1.0,8.5,1.8,0,-5.27491e-07,-0.00854142,1.179,False,True,True,True
ss,27,op0_0000_s0p5_w2,op0,0.0,0.5,2.0,9.5,1.8,0,-5.27491e-07,-0.00854144,1.179,False,True,True,True
ss,27,op0_0000_s0p5_w3,op0,0.0,0.5,3.0,10.5,1.8,0,-5.27491e-07,-0.00548503,1.179,False,True,True,True
ss,27,op0_0000_s0p5_w5,op0,0.0,0.5,5.0,12.5,1.8,0,-5.27491e-07,-0.00548587,1.179,False,True,True,True
ss,27,op0_0000_s0p5_w7p5,op0,0.0,0.5,7.5,15.0,1.8,0,-5.27491e-07,-0.0054403,1.179,False,True,True,True
ss,27,op0_0000_s0p5_w10,op0,0.0,0.5,10.0,17.5,1.8,0,-5.27491e-07,-0.00548577,1.179,False,True,True,True
ss,27,op0_0000_s0p5_w15,op0,0.0,0.5,15.0,22.5,1.8,0,-5.27491e-07,-0.0085414,1.179,False,True,True,True
ss,27,op0_0000_s0p5_w20,op0,0.0,0.5,20.0,27.5,1.8,0,-5.27491e-07,-0.00854142,1.179,False,True,True,True
ss,27,op0_0000_s0p5_w30,op0,0.0,0.5,30.0,37.5,1.8,0,-5.27491e-07,-0.0085414,1.179,False,True,True,True
ss,27,op0_0000_s0p5_w50,op0,0.0,0.5,50.0,57.5,1.8,0,-5.27491e-07,-0.00854136,1.179,False,True,True,True
ss,27,op0_0000_s1_w0p2,op0,0.0,1.0,0.2,8.2,1.79999,0,-5.77263e-07,-0.00797705,1.179,True,True,True,True
ss,27,op0_0000_s1_w0p5,op0,0.0,1.0,0.5,8.5,1.79999,0,-5.77263e-07,-0.00854041,1.179,False,True,True,True
ss,27,op0_0000_s1_w1,op0,0.0,1.0,1.0,9.0,1.79999,0,-5.77263e-07,-0.00908906,1.179,False,True,True,True
ss,27,op0_0000_s1_w2,op0,0.0,1.0,2.0,10.0,1.79999,0,-5.77263e-07,-0.0054403,1.179,False,True,True,True
ss,27,op0_0000_s1_w3,op0,0.0,1.0,3.0,11.0,1.79999,0,-5.77263e-07,-0.00548509,1.179,False,True,True,True
ss,27,op0_0000_s1_w5,op0,0.0,1.0,5.0,13.0,1.79999,0,-5.77263e-07,-0.00548503,1.179,False,True,True,True
ss,27,op0_0000_s1_w7p5,op0,0.0,1.0,7.5,15.5,1.79999,0,-5.77263e-07,-0.00854134,1.179,False,True,True,True
ss,27,op0_0000_s1_w10,op0,0.0,1.0,10.0,18.0,1.79999,0,-5.77263e-07,-0.0085414,1.179,False,True,True,True
ss,27,op0_0000_s1_w15,op0,0.0,1.0,15.0,23.0,1.79999,0,-5.77263e-07,-0.00854186,1.179,False,True,True,True
ss,27,op0_0000_s1_w20,op0,0.0,1.0,20.0,28.0,1.79999,0,-5.77263e-07,-0.0085418,1.179,False,True,True,True
ss,27,op0_0000_s1_w30,op0,0.0,1.0,30.0,38.0,1.79999,0,-5.77263e-07,-0.00854169,1.179,False,True,True,True
ss,27,op0_0000_s1_w50,op0,0.0,1.0,50.0,58.0,1.79999,0,-5.77263e-07,-0.00854164,1.179,False,True,True,True
ss,27,op0_0000_s2_w0p2,op0,0.0,2.0,0.2,9.2,1.8,0,-4.5275e-07,-0.00799133,1.179,True,True,True,True
ss,27,op0_0000_s2_w0p5,op0,0.0,2.0,0.5,9.5,1.8,0,-4.5275e-07,-0.00854043,1.179,False,True,True,True
ss,27,op0_0000_s2_w1,op0,0.0,2.0,1.0,10.0,1.8,0,-4.5275e-07,-0.0054403,1.179,False,True,True,True
ss,27,op0_0000_s2_w2,op0,0.0,2.0,2.0,11.0,1.8,0,-4.5275e-07,-0.00548509,1.179,False,True,True,True
ss,27,op0_0000_s2_w3,op0,0.0,2.0,3.0,12.0,1.8,0,-4.5275e-07,-0.00908906,1.179,False,True,True,True
ss,27,op0_0000_s2_w5,op0,0.0,2.0,5.0,14.0,1.8,0,-4.5275e-07,-0.0054851,1.179,False,True,True,True
ss,27,op0_0000_s2_w7p5,op0,0.0,2.0,7.5,16.5,1.8,0,-4.5275e-07,-0.00854147,1.179,False,True,True,True
ss,27,op0_0000_s2_w10,op0,0.0,2.0,10.0,19.0,1.8,0,-4.5275e-07,-0.00548587,1.179,False,True,True,True
ss,27,op0_0000_s2_w15,op0,0.0,2.0,15.0,24.0,1.8,0,-4.5275e-07,-0.00548514,1.179,False,True,True,True
ss,27,op0_0000_s2_w20,op0,0.0,2.0,20.0,29.0,1.8,0,-4.5275e-07,-0.00548546,1.179,False,True,True,True
ss,27,op0_0000_s2_w30,op0,0.0,2.0,30.0,39.0,1.8,0,-4.5275e-07,-0.00548535,1.179,False,True,True,True
ss,27,op0_0000_s2_w50,op0,0.0,2.0,50.0,59.0,1.8,0,-4.5275e-07,-0.00854164,1.179,False,True,True,True
ss,27,op0_0000_s5_w0p2,op0,0.0,5.0,0.2,12.2,1.8,0,-2.68296e-07,-0.00797705,1.179,True,True,True,True
ss,27,op0_0000_s5_w0p5,op0,0.0,5.0,0.5,12.5,1.8,0,-2.68296e-07,-0.00548499,1.179,False,True,True,True
ss,27,op0_0000_s5_w1,op0,0.0,5.0,1.0,13.0,1.8,0,-2.68296e-07,-0.00548503,1.179,False,True,True,True
ss,27,op0_0000_s5_w2,op0,0.0,5.0,2.0,14.0,1.8,0,-2.68296e-07,-0.0054851,1.179,False,True,True,True
ss,27,op0_0000_s5_w3,op0,0.0,5.0,3.0,15.0,1.8,0,-2.68296e-07,-0.0054403,1.179,False,True,True,True
ss,27,op0_0000_s5_w5,op0,0.0,5.0,5.0,17.0,1.8,0,-2.68296e-07,-0.00908899,1.179,False,True,True,True
ss,27,op0_0000_s5_w7p5,op0,0.0,5.0,7.5,19.5,1.8,0,-2.68296e-07,-0.00548514,1.179,False,True,True,True
ss,27,op0_0000_s5_w10,op0,0.0,5.0,10.0,22.0,1.8,0,-2.68296e-07,-0.00548577,1.179,False,True,True,True
ss,27,op0_0000_s5_w15,op0,0.0,5.0,15.0,27.0,1.8,0,-2.68296e-07,-0.0085414,1.179,False,True,True,True
ss,27,op0_0000_s5_w20,op0,0.0,5.0,20.0,32.0,1.8,0,-2.68296e-07,-0.00854303,1.179,False,True,True,True
ss,27,op0_0000_s5_w30,op0,0.0,5.0,30.0,42.0,1.8,0,-2.68296e-07,-0.00854292,1.179,False,True,True,True
ss,27,op0_0000_s5_w50,op0,0.0,5.0,50.0,62.0,1.8,0,-2.68296e-07,-0.00854288,1.179,False,True,True,True
ss,27,op0_0000_s10_w0p2,op0,0.0,10.0,0.2,17.2,1.8,0,-4.65603e-08,-0.00797705,1.179,True,True,True,True
ss,27,op0_0000_s10_w0p5,op0,0.0,10.0,0.5,17.5,1.8,0,-4.65603e-08,-0.00548488,1.179,False,True,True,True
ss,27,op0_0000_s10_w1,op0,0.0,10.0,1.0,18.0,1.8,0,-4.65603e-08,-0.00854142,1.179,False,True,True,True
ss,27,op0_0000_s10_w2,op0,0.0,10.0,2.0,19.0,1.8,0,-4.65603e-08,-0.00548587,1.179,False,True,True,True
ss,27,op0_0000_s10_w3,op0,0.0,10.0,3.0,20.0,1.8,0,-4.65603e-08,-0.00548503,1.179,False,True,True,True
ss,27,op0_0000_s10_w5,op0,0.0,10.0,5.0,22.0,1.8,0,-4.65603e-08,-0.00548577,1.179,False,True,True,True
ss,27,op0_0000_s10_w7p5,op0,0.0,10.0,7.5,24.5,1.8,0,-4.65603e-08,-0.00548514,1.179,False,True,True,True
ss,27,op0_0000_s10_w10,op0,0.0,10.0,10.0,27.0,1.8,0,-4.65603e-08,-0.0085414,1.179,False,True,True,True
ss,27,op0_0000_s10_w15,op0,0.0,10.0,15.0,32.0,1.8,0,-4.65603e-08,-0.00854303,1.179,False,True,True,True
ss,27,op0_0000_s10_w20,op0,0.0,10.0,20.0,37.0,1.8,0,-4.65603e-08,-0.0085414,1.179,False,True,True,True
ss,27,op0_0000_s10_w30,op0,0.0,10.0,30.0,47.0,1.8,0,-4.65603e-08,-0.00854289,1.179,False,True,True,True
ss,27,op0_0000_s10_w50,op0,0.0,10.0,50.0,67.0,1.8,0,-4.65603e-08,-0.00854283,1.179,False,True,True,True
ss,125,op1_0900_s0p5_w0p2,op1,0.9,0.5,0.2,7.7,-1.75434,1,0.775767,1.01372,1.29478,True,False,False,False
ss,125,op1_0900_s0p5_w0p5,op1,0.9,0.5,0.5,8.0,-1.75434,1,0.775767,1.10248,1.29478,False,False,False,False
ss,125,op1_0900_s0p5_w1,op1,0.9,0.5,1.0,8.5,-1.75434,1,0.775767,1.15515,1.29478,False,False,False,False
ss,125,op1_0900_s0p5_w2,op1,0.9,0.5,2.0,9.5,-1.75434,1,0.775767,1.20035,1.29478,False,True,False,False
ss,125,op1_0900_s0p5_w3,op1,0.9,0.5,3.0,10.5,-1.75434,1,0.775767,1.22472,1.29478,False,True,False,False
ss,125,op1_0900_s0p5_w5,op1,0.9,0.5,5.0,12.5,-1.75434,1,0.775767,1.25396,1.29478,False,True,True,False
ss,125,op1_0900_s0p5_w7p5,op1,0.9,0.5,7.5,15.0,-1.75434,1,0.775767,1.27629,1.29478,False,True,True,True
ss,125,op1_0900_s0p5_w10,op1,0.9,0.5,10.0,17.5,-1.75434,1,0.775767,1.29179,1.29478,False,True,True,True
ss,125,op1_0900_s0p5_w15,op1,0.9,0.5,15.0,22.5,-1.75434,1,0.775767,1.31319,1.29478,False,True,True,True
ss,125,op1_0900_s0p5_w20,op1,0.9,0.5,20.0,27.5,-1.75434,1,0.775767,1.32813,1.29478,False,True,True,True
ss,125,op1_0900_s0p5_w30,op1,0.9,0.5,30.0,37.5,-1.75434,1,0.775767,1.34887,1.29478,False,True,True,True
ss,125,op1_0900_s0p5_w50,op1,0.9,0.5,50.0,57.5,-1.75434,1,0.775767,1.37458,1.29478,False,True,True,True
ss,125,op1_0900_s1_w0p2,op1,0.9,1.0,0.2,8.2,-1.75435,1,0.775764,1.01373,1.29478,True,False,False,False
ss,125,op1_0900_s1_w0p5,op1,0.9,1.0,0.5,8.5,-1.75435,1,0.775764,1.10249,1.29478,False,False,False,False
ss,125,op1_0900_s1_w1,op1,0.9,1.0,1.0,9.0,-1.75435,1,0.775764,1.15516,1.29478,False,False,False,False
ss,125,op1_0900_s1_w2,op1,0.9,1.0,2.0,10.0,-1.75435,1,0.775764,1.20034,1.29478,False,True,False,False
ss,125,op1_0900_s1_w3,op1,0.9,1.0,3.0,11.0,-1.75435,1,0.775764,1.22472,1.29478,False,True,False,False
ss,125,op1_0900_s1_w5,op1,0.9,1.0,5.0,13.0,-1.75435,1,0.775764,1.25396,1.29478,False,True,True,False
ss,125,op1_0900_s1_w7p5,op1,0.9,1.0,7.5,15.5,-1.75435,1,0.775764,1.2763,1.29478,False,True,True,True
ss,125,op1_0900_s1_w10,op1,0.9,1.0,10.0,18.0,-1.75435,1,0.775764,1.29179,1.29478,False,True,True,True
ss,125,op1_0900_s1_w15,op1,0.9,1.0,15.0,23.0,-1.75435,1,0.775764,1.3132,1.29478,False,True,True,True
ss,125,op1_0900_s1_w20,op1,0.9,1.0,20.0,28.0,-1.75435,1,0.775764,1.32813,1.29478,False,True,True,True
ss,125,op1_0900_s1_w30,op1,0.9,1.0,30.0,38.0,-1.75435,1,0.775764,1.34888,1.29478,False,True,True,True
ss,125,op1_0900_s1_w50,op1,0.9,1.0,50.0,58.0,-1.75435,1,0.775764,1.37459,1.29478,False,True,True,True
ss,125,op1_0900_s2_w0p2,op1,0.9,2.0,0.2,9.2,-1.75435,1,0.775759,1.01372,1.29478,True,False,False,False
ss,125,op1_0900_s2_w0p5,op1,0.9,2.0,0.5,9.5,-1.75435,1,0.775759,1.10249,1.29478,False,False,False,False
ss,125,op1_0900_s2_w1,op1,0.9,2.0,1.0,10.0,-1.75435,1,0.775759,1.15514,1.29478,False,False,False,False
ss,125,op1_0900_s2_w2,op1,0.9,2.0,2.0,11.0,-1.75435,1,0.775759,1.20035,1.29478,False,True,False,False
ss,125,op1_0900_s2_w3,op1,0.9,2.0,3.0,12.0,-1.75435,1,0.775759,1.22471,1.29478,False,True,False,False
ss,125,op1_0900_s2_w5,op1,0.9,2.0,5.0,14.0,-1.75435,1,0.775759,1.25396,1.29478,False,True,True,False
ss,125,op1_0900_s2_w7p5,op1,0.9,2.0,7.5,16.5,-1.75435,1,0.775759,1.2763,1.29478,False,True,True,True
ss,125,op1_0900_s2_w10,op1,0.9,2.0,10.0,19.0,-1.75435,1,0.775759,1.29179,1.29478,False,True,True,True
ss,125,op1_0900_s2_w15,op1,0.9,2.0,15.0,24.0,-1.75435,1,0.775759,1.31319,1.29478,False,True,True,True
ss,125,op1_0900_s2_w20,op1,0.9,2.0,20.0,29.0,-1.75435,1,0.775759,1.32813,1.29478,False,True,True,True
ss,125,op1_0900_s2_w30,op1,0.9,2.0,30.0,39.0,-1.75435,1,0.775759,1.34887,1.29478,False,True,True,True
ss,125,op1_0900_s2_w50,op1,0.9,2.0,50.0,59.0,-1.75435,1,0.775759,1.37459,1.29478,False,True,True,True
ss,125,op1_0900_s5_w0p2,op1,0.9,5.0,0.2,12.2,-1.75435,1,0.775741,1.01372,1.29478,True,False,False,False
ss,125,op1_0900_s5_w0p5,op1,0.9,5.0,0.5,12.5,-1.75435,1,0.775741,1.10249,1.29478,False,False,False,False
ss,125,op1_0900_s5_w1,op1,0.9,5.0,1.0,13.0,-1.75435,1,0.775741,1.15517,1.29478,False,False,False,False
ss,125,op1_0900_s5_w2,op1,0.9,5.0,2.0,14.0,-1.75435,1,0.775741,1.20036,1.29478,False,True,False,False
ss,125,op1_0900_s5_w3,op1,0.9,5.0,3.0,15.0,-1.75435,1,0.775741,1.22471,1.29478,False,True,False,False
ss,125,op1_0900_s5_w5,op1,0.9,5.0,5.0,17.0,-1.75435,1,0.775741,1.25396,1.29478,False,True,True,False
ss,125,op1_0900_s5_w7p5,op1,0.9,5.0,7.5,19.5,-1.75435,1,0.775741,1.27631,1.29478,False,True,True,True
ss,125,op1_0900_s5_w10,op1,0.9,5.0,10.0,22.0,-1.75435,1,0.775741,1.29179,1.29478,False,True,True,True
ss,125,op1_0900_s5_w15,op1,0.9,5.0,15.0,27.0,-1.75435,1,0.775741,1.31319,1.29478,False,True,True,True
ss,125,op1_0900_s5_w20,op1,0.9,5.0,20.0,32.0,-1.75435,1,0.775741,1.32813,1.29478,False,True,True,True
ss,125,op1_0900_s5_w30,op1,0.9,5.0,30.0,42.0,-1.75435,1,0.775741,1.34887,1.29478,False,True,True,True
ss,125,op1_0900_s5_w50,op1,0.9,5.0,50.0,62.0,-1.75435,1,0.775741,1.37459,1.29478,False,True,True,True
ss,125,op1_0900_s10_w0p2,op1,0.9,10.0,0.2,17.2,-1.75436,1,0.775713,1.01371,1.29478,True,False,False,False
ss,125,op1_0900_s10_w0p5,op1,0.9,10.0,0.5,17.5,-1.75436,1,0.775713,1.10248,1.29478,False,False,False,False
ss,125,op1_0900_s10_w1,op1,0.9,10.0,1.0,18.0,-1.75436,1,0.775713,1.15517,1.29478,False,False,False,False
ss,125,op1_0900_s10_w2,op1,0.9,10.0,2.0,19.0,-1.75436,1,0.775713,1.20036,1.29478,False,True,False,False
ss,125,op1_0900_s10_w3,op1,0.9,10.0,3.0,20.0,-1.75436,1,0.775713,1.22473,1.29478,False,True,False,False
ss,125,op1_0900_s10_w5,op1,0.9,10.0,5.0,22.0,-1.75436,1,0.775713,1.25397,1.29478,False,True,True,False
ss,125,op1_0900_s10_w7p5,op1,0.9,10.0,7.5,24.5,-1.75436,1,0.775713,1.27631,1.29478,False,True,True,True
ss,125,op1_0900_s10_w10,op1,0.9,10.0,10.0,27.0,-1.75436,1,0.775713,1.29179,1.29478,False,True,True,True
ss,125,op1_0900_s10_w15,op1,0.9,10.0,15.0,32.0,-1.75436,1,0.775713,1.3132,1.29478,False,True,True,True
ss,125,op1_0900_s10_w20,op1,0.9,10.0,20.0,37.0,-1.75436,1,0.775713,1.32813,1.29478,False,True,True,True
ss,125,op1_0900_s10_w30,op1,0.9,10.0,30.0,47.0,-1.75436,1,0.775713,1.34888,1.29478,False,True,True,True
ss,125,op1_0900_s10_w50,op1,0.9,10.0,50.0,67.0,-1.75436,1,0.775713,1.37459,1.29478,False,True,True,True
ss,125,op1_1000_s0p5_w0p2,op1,1.0,0.5,0.2,7.7,-1.72542,1,0.878182,1.07375,1.29478,True,False,False,False
ss,125,op1_1000_s0p5_w0p5,op1,1.0,0.5,0.5,8.0,-1.72542,1,0.878182,1.12314,1.29478,False,False,False,False
ss,125,op1_1000_s0p5_w1,op1,1.0,0.5,1.0,8.5,-1.72542,1,0.878182,1.16322,1.29478,False,False,False,False
ss,125,op1_1000_s0p5_w2,op1,1.0,0.5,2.0,9.5,-1.72542,1,0.878182,1.20206,1.29478,False,True,False,False
ss,125,op1_1000_s0p5_w3,op1,1.0,0.5,3.0,10.5,-1.72542,1,0.878182,1.22418,1.29478,False,True,False,False
ss,125,op1_1000_s0p5_w5,op1,1.0,0.5,5.0,12.5,-1.72542,1,0.878182,1.25149,1.29478,False,True,True,False
ss,125,op1_1000_s0p5_w7p5,op1,1.0,0.5,7.5,15.0,-1.72542,1,0.878182,1.27276,1.29478,False,True,True,True
ss,125,op1_1000_s0p5_w10,op1,1.0,0.5,10.0,17.5,-1.72542,1,0.878182,1.28769,1.29478,False,True,True,True
ss,125,op1_1000_s0p5_w15,op1,1.0,0.5,15.0,22.5,-1.72542,1,0.878182,1.30847,1.29478,False,True,True,True
ss,125,op1_1000_s0p5_w20,op1,1.0,0.5,20.0,27.5,-1.72542,1,0.878182,1.32307,1.29478,False,True,True,True
ss,125,op1_1000_s0p5_w30,op1,1.0,0.5,30.0,37.5,-1.72542,1,0.878182,1.34345,1.29478,False,True,True,True
ss,125,op1_1000_s0p5_w50,op1,1.0,0.5,50.0,57.5,-1.72542,1,0.878182,1.36882,1.29478,False,True,True,True
ss,125,op1_1000_s1_w0p2,op1,1.0,1.0,0.2,8.2,-1.72543,1,0.878179,1.07374,1.29478,True,False,False,False
ss,125,op1_1000_s1_w0p5,op1,1.0,1.0,0.5,8.5,-1.72543,1,0.878179,1.12314,1.29478,False,False,False,False
ss,125,op1_1000_s1_w1,op1,1.0,1.0,1.0,9.0,-1.72543,1,0.878179,1.16322,1.29478,False,False,False,False
ss,125,op1_1000_s1_w2,op1,1.0,1.0,2.0,10.0,-1.72543,1,0.878179,1.20206,1.29478,False,True,False,False
ss,125,op1_1000_s1_w3,op1,1.0,1.0,3.0,11.0,-1.72543,1,0.878179,1.22419,1.29478,False,True,False,False
ss,125,op1_1000_s1_w5,op1,1.0,1.0,5.0,13.0,-1.72543,1,0.878179,1.25149,1.29478,False,True,True,False
ss,125,op1_1000_s1_w7p5,op1,1.0,1.0,7.5,15.5,-1.72543,1,0.878179,1.27277,1.29478,False,True,True,True
ss,125,op1_1000_s1_w10,op1,1.0,1.0,10.0,18.0,-1.72543,1,0.878179,1.28769,1.29478,False,True,True,True
ss,125,op1_1000_s1_w15,op1,1.0,1.0,15.0,23.0,-1.72543,1,0.878179,1.30848,1.29478,False,True,True,True
ss,125,op1_1000_s1_w20,op1,1.0,1.0,20.0,28.0,-1.72543,1,0.878179,1.32307,1.29478,False,True,True,True
ss,125,op1_1000_s1_w30,op1,1.0,1.0,30.0,38.0,-1.72543,1,0.878179,1.34345,1.29478,False,True,True,True
ss,125,op1_1000_s1_w50,op1,1.0,1.0,50.0,58.0,-1.72543,1,0.878179,1.36883,1.29478,False,True,True,True
ss,125,op1_1000_s2_w0p2,op1,1.0,2.0,0.2,9.2,-1.72543,1,0.878174,1.07374,1.29478,True,False,False,False
ss,125,op1_1000_s2_w0p5,op1,1.0,2.0,0.5,9.5,-1.72543,1,0.878174,1.12314,1.29478,False,False,False,False
ss,125,op1_1000_s2_w1,op1,1.0,2.0,1.0,10.0,-1.72543,1,0.878174,1.16321,1.29478,False,False,False,False
ss,125,op1_1000_s2_w2,op1,1.0,2.0,2.0,11.0,-1.72543,1,0.878174,1.20207,1.29478,False,True,False,False
ss,125,op1_1000_s2_w3,op1,1.0,2.0,3.0,12.0,-1.72543,1,0.878174,1.22417,1.29478,False,True,False,False
ss,125,op1_1000_s2_w5,op1,1.0,2.0,5.0,14.0,-1.72543,1,0.878174,1.25149,1.29478,False,True,True,False
ss,125,op1_1000_s2_w7p5,op1,1.0,2.0,7.5,16.5,-1.72543,1,0.878174,1.27277,1.29478,False,True,True,True
ss,125,op1_1000_s2_w10,op1,1.0,2.0,10.0,19.0,-1.72543,1,0.878174,1.28769,1.29478,False,True,True,True
ss,125,op1_1000_s2_w15,op1,1.0,2.0,15.0,24.0,-1.72543,1,0.878174,1.30847,1.29478,False,True,True,True
ss,125,op1_1000_s2_w20,op1,1.0,2.0,20.0,29.0,-1.72543,1,0.878174,1.32307,1.29478,False,True,True,True
ss,125,op1_1000_s2_w30,op1,1.0,2.0,30.0,39.0,-1.72543,1,0.878174,1.34345,1.29478,False,True,True,True
ss,125,op1_1000_s2_w50,op1,1.0,2.0,50.0,59.0,-1.72543,1,0.878174,1.36883,1.29478,False,True,True,True
ss,125,op1_1000_s5_w0p2,op1,1.0,5.0,0.2,12.2,-1.72543,1,0.878157,1.07373,1.29478,True,False,False,False
ss,125,op1_1000_s5_w0p5,op1,1.0,5.0,0.5,12.5,-1.72543,1,0.878157,1.12314,1.29478,False,False,False,False
ss,125,op1_1000_s5_w1,op1,1.0,5.0,1.0,13.0,-1.72543,1,0.878157,1.16323,1.29478,False,False,False,False
ss,125,op1_1000_s5_w2,op1,1.0,5.0,2.0,14.0,-1.72543,1,0.878157,1.20207,1.29478,False,True,False,False
ss,125,op1_1000_s5_w3,op1,1.0,5.0,3.0,15.0,-1.72543,1,0.878157,1.22418,1.29478,False,True,False,False
ss,125,op1_1000_s5_w5,op1,1.0,5.0,5.0,17.0,-1.72543,1,0.878157,1.25148,1.29478,False,True,True,False
ss,125,op1_1000_s5_w7p5,op1,1.0,5.0,7.5,19.5,-1.72543,1,0.878157,1.27278,1.29478,False,True,True,True
ss,125,op1_1000_s5_w10,op1,1.0,5.0,10.0,22.0,-1.72543,1,0.878157,1.28769,1.29478,False,True,True,True
ss,125,op1_1000_s5_w15,op1,1.0,5.0,15.0,27.0,-1.72543,1,0.878157,1.30847,1.29478,False,True,True,True
ss,125,op1_1000_s5_w20,op1,1.0,5.0,20.0,32.0,-1.72543,1,0.878157,1.32307,1.29478,False,True,True,True
ss,125,op1_1000_s5_w30,op1,1.0,5.0,30.0,42.0,-1.72543,1,0.878157,1.34345,1.29478,False,True,True,True
ss,125,op1_1000_s5_w50,op1,1.0,5.0,50.0,62.0,-1.72543,1,0.878157,1.36883,1.29478,False,True,True,True
ss,125,op1_1000_s10_w0p2,op1,1.0,10.0,0.2,17.2,-1.72544,1,0.878128,1.0737,1.29478,True,False,False,False
ss,125,op1_1000_s10_w0p5,op1,1.0,10.0,0.5,17.5,-1.72544,1,0.878128,1.12312,1.29478,False,False,False,False
ss,125,op1_1000_s10_w1,op1,1.0,10.0,1.0,18.0,-1.72544,1,0.878128,1.16323,1.29478,False,False,False,False
ss,125,op1_1000_s10_w2,op1,1.0,10.0,2.0,19.0,-1.72544,1,0.878128,1.20207,1.29478,False,True,False,False
ss,125,op1_1000_s10_w3,op1,1.0,10.0,3.0,20.0,-1.72544,1,0.878128,1.22419,1.29478,False,True,False,False
ss,125,op1_1000_s10_w5,op1,1.0,10.0,5.0,22.0,-1.72544,1,0.878128,1.25149,1.29478,False,True,True,False
ss,125,op1_1000_s10_w7p5,op1,1.0,10.0,7.5,24.5,-1.72544,1,0.878128,1.27278,1.29478,False,True,True,True
ss,125,op1_1000_s10_w10,op1,1.0,10.0,10.0,27.0,-1.72544,1,0.878128,1.28769,1.29478,False,True,True,True
ss,125,op1_1000_s10_w15,op1,1.0,10.0,15.0,32.0,-1.72544,1,0.878128,1.30848,1.29478,False,True,True,True
ss,125,op1_1000_s10_w20,op1,1.0,10.0,20.0,37.0,-1.72544,1,0.878128,1.32307,1.29478,False,True,True,True
ss,125,op1_1000_s10_w30,op1,1.0,10.0,30.0,47.0,-1.72544,1,0.878128,1.34345,1.29478,False,True,True,True
ss,125,op1_1000_s10_w50,op1,1.0,10.0,50.0,67.0,-1.72544,1,0.878128,1.36883,1.29478,False,True,True,True
ss,125,op0_n100_s0p5_w0p2,op0,-0.1,0.5,0.2,7.7,1.79997,0,-0.0998307,-0.014063,1.29478,True,True,True,True
ss,125,op0_n100_s0p5_w0p5,op0,-0.1,0.5,0.5,8.0,1.79997,0,-0.0998307,-0.0130335,1.29478,False,True,True,True
ss,125,op0_n100_s0p5_w1,op0,-0.1,0.5,1.0,8.5,1.79997,0,-0.0998307,-0.0152314,1.29478,False,True,True,True
ss,125,op0_n100_s0p5_w2,op0,-0.1,0.5,2.0,9.5,1.79997,0,-0.0998307,-0.0152314,1.29478,False,True,True,True
ss,125,op0_n100_s0p5_w3,op0,-0.1,0.5,3.0,10.5,1.79997,0,-0.0998307,-0.00938639,1.29478,False,True,True,True
ss,125,op0_n100_s0p5_w5,op0,-0.1,0.5,5.0,12.5,1.79997,0,-0.0998307,-0.0093864,1.29478,False,True,True,True
ss,125,op0_n100_s0p5_w7p5,op0,-0.1,0.5,7.5,15.0,1.79997,0,-0.0998307,-0.00932749,1.29478,False,True,True,True
ss,125,op0_n100_s0p5_w10,op0,-0.1,0.5,10.0,17.5,1.79997,0,-0.0998307,-0.00938639,1.29478,False,True,True,True
ss,125,op0_n100_s0p5_w15,op0,-0.1,0.5,15.0,22.5,1.79997,0,-0.0998307,-0.0152314,1.29478,False,True,True,True
ss,125,op0_n100_s0p5_w20,op0,-0.1,0.5,20.0,27.5,1.79997,0,-0.0998307,-0.0152314,1.29478,False,True,True,True
ss,125,op0_n100_s0p5_w30,op0,-0.1,0.5,30.0,37.5,1.79997,0,-0.0998307,-0.0152314,1.29478,False,True,True,True
ss,125,op0_n100_s0p5_w50,op0,-0.1,0.5,50.0,57.5,1.79997,0,-0.0998307,-0.0152314,1.29478,False,True,True,True
ss,125,op0_n100_s1_w0p2,op0,-0.1,1.0,0.2,8.2,1.79997,0,-0.0997416,-0.0140629,1.29478,True,True,True,True
ss,125,op0_n100_s1_w0p5,op0,-0.1,1.0,0.5,8.5,1.79997,0,-0.0997416,-0.0152249,1.29478,False,True,True,True
ss,125,op0_n100_s1_w1,op0,-0.1,1.0,1.0,9.0,1.79997,0,-0.0997416,-0.01304,1.29478,False,True,True,True
ss,125,op0_n100_s1_w2,op0,-0.1,1.0,2.0,10.0,1.79997,0,-0.0997416,-0.00932749,1.29478,False,True,True,True
ss,125,op0_n100_s1_w3,op0,-0.1,1.0,3.0,11.0,1.79997,0,-0.0997416,-0.00938213,1.29478,False,True,True,True
ss,125,op0_n100_s1_w5,op0,-0.1,1.0,5.0,13.0,1.79997,0,-0.0997416,-0.00938639,1.29478,False,True,True,True
ss,125,op0_n100_s1_w7p5,op0,-0.1,1.0,7.5,15.5,1.79997,0,-0.0997416,-0.0152314,1.29478,False,True,True,True
ss,125,op0_n100_s1_w10,op0,-0.1,1.0,10.0,18.0,1.79997,0,-0.0997416,-0.0152314,1.29478,False,True,True,True
ss,125,op0_n100_s1_w15,op0,-0.1,1.0,15.0,23.0,1.79997,0,-0.0997416,-0.0152314,1.29478,False,True,True,True
ss,125,op0_n100_s1_w20,op0,-0.1,1.0,20.0,28.0,1.79997,0,-0.0997416,-0.0152314,1.29478,False,True,True,True
ss,125,op0_n100_s1_w30,op0,-0.1,1.0,30.0,38.0,1.79997,0,-0.0997416,-0.0152314,1.29478,False,True,True,True
ss,125,op0_n100_s1_w50,op0,-0.1,1.0,50.0,58.0,1.79997,0,-0.0997416,-0.0152314,1.29478,False,True,True,True
ss,125,op0_n100_s2_w0p2,op0,-0.1,2.0,0.2,9.2,1.79997,0,-0.0995646,-0.0140625,1.29478,True,True,True,True
ss,125,op0_n100_s2_w0p5,op0,-0.1,2.0,0.5,9.5,1.79997,0,-0.0995646,-0.0152249,1.29478,False,True,True,True
ss,125,op0_n100_s2_w1,op0,-0.1,2.0,1.0,10.0,1.79997,0,-0.0995646,-0.00932749,1.29478,False,True,True,True
ss,125,op0_n100_s2_w2,op0,-0.1,2.0,2.0,11.0,1.79997,0,-0.0995646,-0.00938213,1.29478,False,True,True,True
ss,125,op0_n100_s2_w3,op0,-0.1,2.0,3.0,12.0,1.79997,0,-0.0995646,-0.01304,1.29478,False,True,True,True
ss,125,op0_n100_s2_w5,op0,-0.1,2.0,5.0,14.0,1.79997,0,-0.0995646,-0.00938633,1.29478,False,True,True,True
ss,125,op0_n100_s2_w7p5,op0,-0.1,2.0,7.5,16.5,1.79997,0,-0.0995646,-0.0152314,1.29478,False,True,True,True
ss,125,op0_n100_s2_w10,op0,-0.1,2.0,10.0,19.0,1.79997,0,-0.0995646,-0.0093864,1.29478,False,True,True,True
ss,125,op0_n100_s2_w15,op0,-0.1,2.0,15.0,24.0,1.79997,0,-0.0995646,-0.00938632,1.29478,False,True,True,True
ss,125,op0_n100_s2_w20,op0,-0.1,2.0,20.0,29.0,1.79997,0,-0.0995646,-0.00938635,1.29478,False,True,True,True
ss,125,op0_n100_s2_w30,op0,-0.1,2.0,30.0,39.0,1.79997,0,-0.0995646,-0.00938635,1.29478,False,True,True,True
ss,125,op0_n100_s2_w50,op0,-0.1,2.0,50.0,59.0,1.79997,0,-0.0995646,-0.0152314,1.29478,False,True,True,True
ss,125,op0_n100_s5_w0p2,op0,-0.1,5.0,0.2,12.2,1.79997,0,-0.0990418,-0.0140615,1.29478,True,True,True,True
ss,125,op0_n100_s5_w0p5,op0,-0.1,5.0,0.5,12.5,1.79997,0,-0.0990418,-0.00938011,1.29478,False,True,True,True
ss,125,op0_n100_s5_w1,op0,-0.1,5.0,1.0,13.0,1.79997,0,-0.0990418,-0.00938639,1.29478,False,True,True,True
ss,125,op0_n100_s5_w2,op0,-0.1,5.0,2.0,14.0,1.79997,0,-0.0990418,-0.00938633,1.29478,False,True,True,True
ss,125,op0_n100_s5_w3,op0,-0.1,5.0,3.0,15.0,1.79997,0,-0.0990418,-0.00932749,1.29478,False,True,True,True
ss,125,op0_n100_s5_w5,op0,-0.1,5.0,5.0,17.0,1.79997,0,-0.0990418,-0.01304,1.29478,False,True,True,True
ss,125,op0_n100_s5_w7p5,op0,-0.1,5.0,7.5,19.5,1.79997,0,-0.0990418,-0.0093864,1.29478,False,True,True,True
ss,125,op0_n100_s5_w10,op0,-0.1,5.0,10.0,22.0,1.79997,0,-0.0990418,-0.0093864,1.29478,False,True,True,True
ss,125,op0_n100_s5_w15,op0,-0.1,5.0,15.0,27.0,1.79997,0,-0.0990418,-0.0152314,1.29478,False,True,True,True
ss,125,op0_n100_s5_w20,op0,-0.1,5.0,20.0,32.0,1.79997,0,-0.0990418,-0.015232,1.29478,False,True,True,True
ss,125,op0_n100_s5_w30,op0,-0.1,5.0,30.0,42.0,1.79997,0,-0.0990418,-0.015232,1.29478,False,True,True,True
ss,125,op0_n100_s5_w50,op0,-0.1,5.0,50.0,62.0,1.79997,0,-0.0990418,-0.015232,1.29478,False,True,True,True
ss,125,op0_n100_s10_w0p2,op0,-0.1,10.0,0.2,17.2,1.79997,0,-0.0981929,-0.0140598,1.29478,True,True,True,True
ss,125,op0_n100_s10_w0p5,op0,-0.1,10.0,0.5,17.5,1.79997,0,-0.0981929,-0.0093801,1.29478,False,True,True,True
ss,125,op0_n100_s10_w1,op0,-0.1,10.0,1.0,18.0,1.79997,0,-0.0981929,-0.0152314,1.29478,False,True,True,True
ss,125,op0_n100_s10_w2,op0,-0.1,10.0,2.0,19.0,1.79997,0,-0.0981929,-0.0093864,1.29478,False,True,True,True
ss,125,op0_n100_s10_w3,op0,-0.1,10.0,3.0,20.0,1.79997,0,-0.0981929,-0.00938639,1.29478,False,True,True,True
ss,125,op0_n100_s10_w5,op0,-0.1,10.0,5.0,22.0,1.79997,0,-0.0981929,-0.0093864,1.29478,False,True,True,True
ss,125,op0_n100_s10_w7p5,op0,-0.1,10.0,7.5,24.5,1.79997,0,-0.0981929,-0.0093864,1.29478,False,True,True,True
ss,125,op0_n100_s10_w10,op0,-0.1,10.0,10.0,27.0,1.79997,0,-0.0981929,-0.0152314,1.29478,False,True,True,True
ss,125,op0_n100_s10_w15,op0,-0.1,10.0,15.0,32.0,1.79997,0,-0.0981929,-0.015232,1.29478,False,True,True,True
ss,125,op0_n100_s10_w20,op0,-0.1,10.0,20.0,37.0,1.79997,0,-0.0981929,-0.0152314,1.29478,False,True,True,True
ss,125,op0_n100_s10_w30,op0,-0.1,10.0,30.0,47.0,1.79997,0,-0.0981929,-0.015232,1.29478,False,True,True,True
ss,125,op0_n100_s10_w50,op0,-0.1,10.0,50.0,67.0,1.79997,0,-0.0981929,-0.015232,1.29478,False,True,True,True
ss,125,op0_0000_s0p5_w0p2,op0,0.0,0.5,0.2,7.7,1.79997,0,-6.96481e-06,-0.0138541,1.29478,True,True,True,True
ss,125,op0_0000_s0p5_w0p5,op0,0.0,0.5,0.5,8.0,1.79997,0,-6.96481e-06,-0.013032,1.29478,False,True,True,True
ss,125,op0_0000_s0p5_w1,op0,0.0,0.5,1.0,8.5,1.79997,0,-6.96481e-06,-0.0152309,1.29478,False,True,True,True
ss,125,op0_0000_s0p5_w2,op0,0.0,0.5,2.0,9.5,1.79997,0,-6.96481e-06,-0.0152309,1.29478,False,True,True,True
ss,125,op0_0000_s0p5_w3,op0,0.0,0.5,3.0,10.5,1.79997,0,-6.96481e-06,-0.00938601,1.29478,False,True,True,True
ss,125,op0_0000_s0p5_w5,op0,0.0,0.5,5.0,12.5,1.79997,0,-6.96481e-06,-0.00938601,1.29478,False,True,True,True
ss,125,op0_0000_s0p5_w7p5,op0,0.0,0.5,7.5,15.0,1.79997,0,-6.96481e-06,-0.0093271,1.29478,False,True,True,True
ss,125,op0_0000_s0p5_w10,op0,0.0,0.5,10.0,17.5,1.79997,0,-6.96481e-06,-0.00938601,1.29478,False,True,True,True
ss,125,op0_0000_s0p5_w15,op0,0.0,0.5,15.0,22.5,1.79997,0,-6.96481e-06,-0.0152309,1.29478,False,True,True,True
ss,125,op0_0000_s0p5_w20,op0,0.0,0.5,20.0,27.5,1.79997,0,-6.96481e-06,-0.0152309,1.29478,False,True,True,True
ss,125,op0_0000_s0p5_w30,op0,0.0,0.5,30.0,37.5,1.79997,0,-6.96481e-06,-0.0152309,1.29478,False,True,True,True
ss,125,op0_0000_s0p5_w50,op0,0.0,0.5,50.0,57.5,1.79997,0,-6.96481e-06,-0.0152309,1.29478,False,True,True,True
ss,125,op0_0000_s1_w0p2,op0,0.0,1.0,0.2,8.2,1.79997,0,4.47874e-07,-0.0138541,1.29478,True,True,True,True
ss,125,op0_0000_s1_w0p5,op0,0.0,1.0,0.5,8.5,1.79997,0,4.47874e-07,-0.0152233,1.29478,False,True,True,True
ss,125,op0_0000_s1_w1,op0,0.0,1.0,1.0,9.0,1.79997,0,4.47874e-07,-0.0130397,1.29478,False,True,True,True
ss,125,op0_0000_s1_w2,op0,0.0,1.0,2.0,10.0,1.79997,0,4.47874e-07,-0.0093271,1.29478,False,True,True,True
ss,125,op0_0000_s1_w3,op0,0.0,1.0,3.0,11.0,1.79997,0,4.47874e-07,-0.00938174,1.29478,False,True,True,True
ss,125,op0_0000_s1_w5,op0,0.0,1.0,5.0,13.0,1.79997,0,4.47874e-07,-0.00938601,1.29478,False,True,True,True
ss,125,op0_0000_s1_w7p5,op0,0.0,1.0,7.5,15.5,1.79997,0,4.47874e-07,-0.0152309,1.29478,False,True,True,True
ss,125,op0_0000_s1_w10,op0,0.0,1.0,10.0,18.0,1.79997,0,4.47874e-07,-0.0152309,1.29478,False,True,True,True
ss,125,op0_0000_s1_w15,op0,0.0,1.0,15.0,23.0,1.79997,0,4.47874e-07,-0.0152309,1.29478,False,True,True,True
ss,125,op0_0000_s1_w20,op0,0.0,1.0,20.0,28.0,1.79997,0,4.47874e-07,-0.0152309,1.29478,False,True,True,True
ss,125,op0_0000_s1_w30,op0,0.0,1.0,30.0,38.0,1.79997,0,4.47874e-07,-0.0152309,1.29478,False,True,True,True
ss,125,op0_0000_s1_w50,op0,0.0,1.0,50.0,58.0,1.79997,0,4.47874e-07,-0.0152309,1.29478,False,True,True,True
ss,125,op0_0000_s2_w0p2,op0,0.0,2.0,0.2,9.2,1.79997,0,1.53588e-05,-0.0138541,1.29478,True,True,True,True
ss,125,op0_0000_s2_w0p5,op0,0.0,2.0,0.5,9.5,1.79997,0,1.53588e-05,-0.0152233,1.29478,False,True,True,True
ss,125,op0_0000_s2_w1,op0,0.0,2.0,1.0,10.0,1.79997,0,1.53588e-05,-0.0093271,1.29478,False,True,True,True
ss,125,op0_0000_s2_w2,op0,0.0,2.0,2.0,11.0,1.79997,0,1.53588e-05,-0.00938174,1.29478,False,True,True,True
ss,125,op0_0000_s2_w3,op0,0.0,2.0,3.0,12.0,1.79997,0,1.53588e-05,-0.0130396,1.29478,False,True,True,True
ss,125,op0_0000_s2_w5,op0,0.0,2.0,5.0,14.0,1.79997,0,1.53588e-05,-0.00938595,1.29478,False,True,True,True
ss,125,op0_0000_s2_w7p5,op0,0.0,2.0,7.5,16.5,1.79997,0,1.53588e-05,-0.0152309,1.29478,False,True,True,True
ss,125,op0_0000_s2_w10,op0,0.0,2.0,10.0,19.0,1.79997,0,1.53588e-05,-0.00938602,1.29478,False,True,True,True
ss,125,op0_0000_s2_w15,op0,0.0,2.0,15.0,24.0,1.79997,0,1.53588e-05,-0.00938594,1.29478,False,True,True,True
ss,125,op0_0000_s2_w20,op0,0.0,2.0,20.0,29.0,1.79997,0,1.53588e-05,-0.00938597,1.29478,False,True,True,True
ss,125,op0_0000_s2_w30,op0,0.0,2.0,30.0,39.0,1.79997,0,1.53588e-05,-0.00938596,1.29478,False,True,True,True
ss,125,op0_0000_s2_w50,op0,0.0,2.0,50.0,59.0,1.79997,0,1.53588e-05,-0.0152309,1.29478,False,True,True,True
ss,125,op0_0000_s5_w0p2,op0,0.0,5.0,0.2,12.2,1.79997,0,5.94783e-05,-0.013854,1.29478,True,True,True,True
ss,125,op0_0000_s5_w0p5,op0,0.0,5.0,0.5,12.5,1.79997,0,5.94783e-05,-0.00937857,1.29478,False,True,True,True
ss,125,op0_0000_s5_w1,op0,0.0,5.0,1.0,13.0,1.79997,0,5.94783e-05,-0.00938601,1.29478,False,True,True,True
ss,125,op0_0000_s5_w2,op0,0.0,5.0,2.0,14.0,1.79997,0,5.94783e-05,-0.00938595,1.29478,False,True,True,True
ss,125,op0_0000_s5_w3,op0,0.0,5.0,3.0,15.0,1.79997,0,5.94783e-05,-0.0093271,1.29478,False,True,True,True
ss,125,op0_0000_s5_w5,op0,0.0,5.0,5.0,17.0,1.79997,0,5.94783e-05,-0.0130396,1.29478,False,True,True,True
ss,125,op0_0000_s5_w7p5,op0,0.0,5.0,7.5,19.5,1.79997,0,5.94783e-05,-0.00938601,1.29478,False,True,True,True
ss,125,op0_0000_s5_w10,op0,0.0,5.0,10.0,22.0,1.79997,0,5.94783e-05,-0.00938601,1.29478,False,True,True,True
ss,125,op0_0000_s5_w15,op0,0.0,5.0,15.0,27.0,1.79997,0,5.94783e-05,-0.0152309,1.29478,False,True,True,True
ss,125,op0_0000_s5_w20,op0,0.0,5.0,20.0,32.0,1.79997,0,5.94783e-05,-0.0152316,1.29478,False,True,True,True
ss,125,op0_0000_s5_w30,op0,0.0,5.0,30.0,42.0,1.79997,0,5.94783e-05,-0.0152316,1.29478,False,True,True,True
ss,125,op0_0000_s5_w50,op0,0.0,5.0,50.0,62.0,1.79997,0,5.94783e-05,-0.0152316,1.29478,False,True,True,True
ss,125,op0_0000_s10_w0p2,op0,0.0,10.0,0.2,17.2,1.79997,0,0.000131847,-0.0138538,1.29478,True,True,True,True
ss,125,op0_0000_s10_w0p5,op0,0.0,10.0,0.5,17.5,1.79997,0,0.000131847,-0.00937857,1.29478,False,True,True,True
ss,125,op0_0000_s10_w1,op0,0.0,10.0,1.0,18.0,1.79997,0,0.000131847,-0.0152309,1.29478,False,True,True,True
ss,125,op0_0000_s10_w2,op0,0.0,10.0,2.0,19.0,1.79997,0,0.000131847,-0.00938602,1.29478,False,True,True,True
ss,125,op0_0000_s10_w3,op0,0.0,10.0,3.0,20.0,1.79997,0,0.000131847,-0.00938601,1.29478,False,True,True,True
ss,125,op0_0000_s10_w5,op0,0.0,10.0,5.0,22.0,1.79997,0,0.000131847,-0.00938601,1.29478,False,True,True,True
ss,125,op0_0000_s10_w7p5,op0,0.0,10.0,7.5,24.5,1.79997,0,0.000131847,-0.00938601,1.29478,False,True,True,True
ss,125,op0_0000_s10_w10,op0,0.0,10.0,10.0,27.0,1.79997,0,0.000131847,-0.0152309,1.29478,False,True,True,True
ss,125,op0_0000_s10_w15,op0,0.0,10.0,15.0,32.0,1.79997,0,0.000131847,-0.0152316,1.29478,False,True,True,True
ss,125,op0_0000_s10_w20,op0,0.0,10.0,20.0,37.0,1.79997,0,0.000131847,-0.0152309,1.29478,False,True,True,True
ss,125,op0_0000_s10_w30,op0,0.0,10.0,30.0,47.0,1.79997,0,0.000131847,-0.0152316,1.29478,False,True,True,True
ss,125,op0_0000_s10_w50,op0,0.0,10.0,50.0,67.0,1.79997,0,0.000131847,-0.0152316,1.29478,False,True,True,True
ff,27,op1_0900_s0p5_w0p2,op1,0.9,0.5,0.2,7.7,-1.73188,1,0.76638,1.12957,1.37665,True,False,False,False
ff,27,op1_0900_s0p5_w0p5,op1,0.9,0.5,0.5,8.0,-1.73188,1,0.76638,1.23333,1.37665,False,False,False,False
ff,27,op1_0900_s0p5_w1,op1,0.9,0.5,1.0,8.5,-1.73188,1,0.76638,1.28281,1.37665,False,True,False,False
ff,27,op1_0900_s0p5_w2,op1,0.9,0.5,2.0,9.5,-1.73188,1,0.76638,1.32347,1.37665,False,True,True,False
ff,27,op1_0900_s0p5_w3,op1,0.9,0.5,3.0,10.5,-1.73188,1,0.76638,1.34511,1.37665,False,True,True,False
ff,27,op1_0900_s0p5_w5,op1,0.9,0.5,5.0,12.5,-1.73188,1,0.76638,1.37099,1.37665,False,True,True,True
ff,27,op1_0900_s0p5_w7p5,op1,0.9,0.5,7.5,15.0,-1.73188,1,0.76638,1.3907,1.37665,False,True,True,True
ff,27,op1_0900_s0p5_w10,op1,0.9,0.5,10.0,17.5,-1.73188,1,0.76638,1.40439,1.37665,False,True,True,True
ff,27,op1_0900_s0p5_w15,op1,0.9,0.5,15.0,22.5,-1.73188,1,0.76638,1.42329,1.37665,False,True,True,True
ff,27,op1_0900_s0p5_w20,op1,0.9,0.5,20.0,27.5,-1.73188,1,0.76638,1.43649,1.37665,False,True,True,True
ff,27,op1_0900_s0p5_w30,op1,0.9,0.5,30.0,37.5,-1.73188,1,0.76638,1.45483,1.37665,False,True,True,True
ff,27,op1_0900_s0p5_w50,op1,0.9,0.5,50.0,57.5,-1.73188,1,0.76638,1.47757,1.37665,False,True,True,True
ff,27,op1_0900_s1_w0p2,op1,0.9,1.0,0.2,8.2,-1.73188,1,0.766379,1.12957,1.37665,True,False,False,False
ff,27,op1_0900_s1_w0p5,op1,0.9,1.0,0.5,8.5,-1.73188,1,0.766379,1.23334,1.37665,False,False,False,False
ff,27,op1_0900_s1_w1,op1,0.9,1.0,1.0,9.0,-1.73188,1,0.766379,1.28281,1.37665,False,True,False,False
ff,27,op1_0900_s1_w2,op1,0.9,1.0,2.0,10.0,-1.73188,1,0.766379,1.32346,1.37665,False,True,True,False
ff,27,op1_0900_s1_w3,op1,0.9,1.0,3.0,11.0,-1.73188,1,0.766379,1.34512,1.37665,False,True,True,False
ff,27,op1_0900_s1_w5,op1,0.9,1.0,5.0,13.0,-1.73188,1,0.766379,1.37099,1.37665,False,True,True,True
ff,27,op1_0900_s1_w7p5,op1,0.9,1.0,7.5,15.5,-1.73188,1,0.766379,1.39072,1.37665,False,True,True,True
ff,27,op1_0900_s1_w10,op1,0.9,1.0,10.0,18.0,-1.73188,1,0.766379,1.40439,1.37665,False,True,True,True
ff,27,op1_0900_s1_w15,op1,0.9,1.0,15.0,23.0,-1.73188,1,0.766379,1.4233,1.37665,False,True,True,True
ff,27,op1_0900_s1_w20,op1,0.9,1.0,20.0,28.0,-1.73188,1,0.766379,1.4365,1.37665,False,True,True,True
ff,27,op1_0900_s1_w30,op1,0.9,1.0,30.0,38.0,-1.73188,1,0.766379,1.45483,1.37665,False,True,True,True
ff,27,op1_0900_s1_w50,op1,0.9,1.0,50.0,58.0,-1.73188,1,0.766379,1.47758,1.37665,False,True,True,True
ff,27,op1_0900_s2_w0p2,op1,0.9,2.0,0.2,9.2,-1.73188,1,0.766379,1.12957,1.37665,True,False,False,False
ff,27,op1_0900_s2_w0p5,op1,0.9,2.0,0.5,9.5,-1.73188,1,0.766379,1.23334,1.37665,False,False,False,False
ff,27,op1_0900_s2_w1,op1,0.9,2.0,1.0,10.0,-1.73188,1,0.766379,1.2828,1.37665,False,True,False,False
ff,27,op1_0900_s2_w2,op1,0.9,2.0,2.0,11.0,-1.73188,1,0.766379,1.32347,1.37665,False,True,True,False
ff,27,op1_0900_s2_w3,op1,0.9,2.0,3.0,12.0,-1.73188,1,0.766379,1.3451,1.37665,False,True,True,False
ff,27,op1_0900_s2_w5,op1,0.9,2.0,5.0,14.0,-1.73188,1,0.766379,1.37098,1.37665,False,True,True,True
ff,27,op1_0900_s2_w7p5,op1,0.9,2.0,7.5,16.5,-1.73188,1,0.766379,1.39072,1.37665,False,True,True,True
ff,27,op1_0900_s2_w10,op1,0.9,2.0,10.0,19.0,-1.73188,1,0.766379,1.4044,1.37665,False,True,True,True
ff,27,op1_0900_s2_w15,op1,0.9,2.0,15.0,24.0,-1.73188,1,0.766379,1.4233,1.37665,False,True,True,True
ff,27,op1_0900_s2_w20,op1,0.9,2.0,20.0,29.0,-1.73188,1,0.766379,1.4365,1.37665,False,True,True,True
ff,27,op1_0900_s2_w30,op1,0.9,2.0,30.0,39.0,-1.73188,1,0.766379,1.45483,1.37665,False,True,True,True
ff,27,op1_0900_s2_w50,op1,0.9,2.0,50.0,59.0,-1.73188,1,0.766379,1.47757,1.37665,False,True,True,True
ff,27,op1_0900_s5_w0p2,op1,0.9,5.0,0.2,12.2,-1.73188,1,0.766377,1.12957,1.37665,True,False,False,False
ff,27,op1_0900_s5_w0p5,op1,0.9,5.0,0.5,12.5,-1.73188,1,0.766377,1.23334,1.37665,False,False,False,False
ff,27,op1_0900_s5_w1,op1,0.9,5.0,1.0,13.0,-1.73188,1,0.766377,1.28283,1.37665,False,True,False,False
ff,27,op1_0900_s5_w2,op1,0.9,5.0,2.0,14.0,-1.73188,1,0.766377,1.32348,1.37665,False,True,True,False
ff,27,op1_0900_s5_w3,op1,0.9,5.0,3.0,15.0,-1.73188,1,0.766377,1.34511,1.37665,False,True,True,False
ff,27,op1_0900_s5_w5,op1,0.9,5.0,5.0,17.0,-1.73188,1,0.766377,1.37098,1.37665,False,True,True,True
ff,27,op1_0900_s5_w7p5,op1,0.9,5.0,7.5,19.5,-1.73188,1,0.766377,1.39072,1.37665,False,True,True,True
ff,27,op1_0900_s5_w10,op1,0.9,5.0,10.0,22.0,-1.73188,1,0.766377,1.40439,1.37665,False,True,True,True
ff,27,op1_0900_s5_w15,op1,0.9,5.0,15.0,27.0,-1.73188,1,0.766377,1.42329,1.37665,False,True,True,True
ff,27,op1_0900_s5_w20,op1,0.9,5.0,20.0,32.0,-1.73188,1,0.766377,1.43649,1.37665,False,True,True,True
ff,27,op1_0900_s5_w30,op1,0.9,5.0,30.0,42.0,-1.73188,1,0.766377,1.45483,1.37665,False,True,True,True
ff,27,op1_0900_s5_w50,op1,0.9,5.0,50.0,62.0,-1.73188,1,0.766377,1.47757,1.37665,False,True,True,True
ff,27,op1_0900_s10_w0p2,op1,0.9,10.0,0.2,17.2,-1.73188,1,0.766374,1.12957,1.37665,True,False,False,False
ff,27,op1_0900_s10_w0p5,op1,0.9,10.0,0.5,17.5,-1.73188,1,0.766374,1.23334,1.37665,False,False,False,False
ff,27,op1_0900_s10_w1,op1,0.9,10.0,1.0,18.0,-1.73188,1,0.766374,1.28283,1.37665,False,True,False,False
ff,27,op1_0900_s10_w2,op1,0.9,10.0,2.0,19.0,-1.73188,1,0.766374,1.32348,1.37665,False,True,True,False
ff,27,op1_0900_s10_w3,op1,0.9,10.0,3.0,20.0,-1.73188,1,0.766374,1.34512,1.37665,False,True,True,False
ff,27,op1_0900_s10_w5,op1,0.9,10.0,5.0,22.0,-1.73188,1,0.766374,1.37099,1.37665,False,True,True,True
ff,27,op1_0900_s10_w7p5,op1,0.9,10.0,7.5,24.5,-1.73188,1,0.766374,1.39072,1.37665,False,True,True,True
ff,27,op1_0900_s10_w10,op1,0.9,10.0,10.0,27.0,-1.73188,1,0.766374,1.40439,1.37665,False,True,True,True
ff,27,op1_0900_s10_w15,op1,0.9,10.0,15.0,32.0,-1.73188,1,0.766374,1.4233,1.37665,False,True,True,True
ff,27,op1_0900_s10_w20,op1,0.9,10.0,20.0,37.0,-1.73188,1,0.766374,1.43649,1.37665,False,True,True,True
ff,27,op1_0900_s10_w30,op1,0.9,10.0,30.0,47.0,-1.73188,1,0.766374,1.45483,1.37665,False,True,True,True
ff,27,op1_0900_s10_w50,op1,0.9,10.0,50.0,67.0,-1.73188,1,0.766374,1.47757,1.37665,False,True,True,True
ff,27,op1_1000_s0p5_w0p2,op1,1.0,0.5,0.2,7.7,-1.69757,1,0.869674,1.13692,1.37665,True,False,False,False
ff,27,op1_1000_s0p5_w0p5,op1,1.0,0.5,0.5,8.0,-1.69757,1,0.869674,1.22869,1.37665,False,False,False,False
ff,27,op1_1000_s0p5_w1,op1,1.0,0.5,1.0,8.5,-1.69757,1,0.869674,1.27605,1.37665,False,True,False,False
ff,27,op1_1000_s0p5_w2,op1,1.0,0.5,2.0,9.5,-1.69757,1,0.869674,1.31583,1.37665,False,True,True,False
ff,27,op1_1000_s0p5_w3,op1,1.0,0.5,3.0,10.5,-1.69757,1,0.869674,1.3372,1.37665,False,True,True,False
ff,27,op1_1000_s0p5_w5,op1,1.0,0.5,5.0,12.5,-1.69757,1,0.869674,1.36284,1.37665,False,True,True,True
ff,27,op1_1000_s0p5_w7p5,op1,1.0,0.5,7.5,15.0,-1.69757,1,0.869674,1.38244,1.37665,False,True,True,True
ff,27,op1_1000_s0p5_w10,op1,1.0,0.5,10.0,17.5,-1.69757,1,0.869674,1.39606,1.37665,False,True,True,True
ff,27,op1_1000_s0p5_w15,op1,1.0,0.5,15.0,22.5,-1.69757,1,0.869674,1.4149,1.37665,False,True,True,True
ff,27,op1_1000_s0p5_w20,op1,1.0,0.5,20.0,27.5,-1.69757,1,0.869674,1.42806,1.37665,False,True,True,True
ff,27,op1_1000_s0p5_w30,op1,1.0,0.5,30.0,37.5,-1.69757,1,0.869674,1.44635,1.37665,False,True,True,True
ff,27,op1_1000_s0p5_w50,op1,1.0,0.5,50.0,57.5,-1.69757,1,0.869674,1.46906,1.37665,False,True,True,True
ff,27,op1_1000_s1_w0p2,op1,1.0,1.0,0.2,8.2,-1.69757,1,0.869674,1.13692,1.37665,True,False,False,False
ff,27,op1_1000_s1_w0p5,op1,1.0,1.0,0.5,8.5,-1.69757,1,0.869674,1.2287,1.37665,False,False,False,False
ff,27,op1_1000_s1_w1,op1,1.0,1.0,1.0,9.0,-1.69757,1,0.869674,1.27606,1.37665,False,True,False,False
ff,27,op1_1000_s1_w2,op1,1.0,1.0,2.0,10.0,-1.69757,1,0.869674,1.31582,1.37665,False,True,True,False
ff,27,op1_1000_s1_w3,op1,1.0,1.0,3.0,11.0,-1.69757,1,0.869674,1.3372,1.37665,False,True,True,False
ff,27,op1_1000_s1_w5,op1,1.0,1.0,5.0,13.0,-1.69757,1,0.869674,1.36284,1.37665,False,True,True,True
ff,27,op1_1000_s1_w7p5,op1,1.0,1.0,7.5,15.5,-1.69757,1,0.869674,1.38245,1.37665,False,True,True,True
ff,27,op1_1000_s1_w10,op1,1.0,1.0,10.0,18.0,-1.69757,1,0.869674,1.39607,1.37665,False,True,True,True
ff,27,op1_1000_s1_w15,op1,1.0,1.0,15.0,23.0,-1.69757,1,0.869674,1.41491,1.37665,False,True,True,True
ff,27,op1_1000_s1_w20,op1,1.0,1.0,20.0,28.0,-1.69757,1,0.869674,1.42806,1.37665,False,True,True,True
ff,27,op1_1000_s1_w30,op1,1.0,1.0,30.0,38.0,-1.69757,1,0.869674,1.44636,1.37665,False,True,True,True
ff,27,op1_1000_s1_w50,op1,1.0,1.0,50.0,58.0,-1.69757,1,0.869674,1.46906,1.37665,False,True,True,True
ff,27,op1_1000_s2_w0p2,op1,1.0,2.0,0.2,9.2,-1.69757,1,0.869673,1.13692,1.37665,True,False,False,False
ff,27,op1_1000_s2_w0p5,op1,1.0,2.0,0.5,9.5,-1.69757,1,0.869673,1.2287,1.37665,False,False,False,False
ff,27,op1_1000_s2_w1,op1,1.0,2.0,1.0,10.0,-1.69757,1,0.869673,1.27604,1.37665,False,True,False,False
ff,27,op1_1000_s2_w2,op1,1.0,2.0,2.0,11.0,-1.69757,1,0.869673,1.31583,1.37665,False,True,True,False
ff,27,op1_1000_s2_w3,op1,1.0,2.0,3.0,12.0,-1.69757,1,0.869673,1.33719,1.37665,False,True,True,False
ff,27,op1_1000_s2_w5,op1,1.0,2.0,5.0,14.0,-1.69757,1,0.869673,1.36284,1.37665,False,True,True,True
ff,27,op1_1000_s2_w7p5,op1,1.0,2.0,7.5,16.5,-1.69757,1,0.869673,1.38245,1.37665,False,True,True,True
ff,27,op1_1000_s2_w10,op1,1.0,2.0,10.0,19.0,-1.69757,1,0.869673,1.39607,1.37665,False,True,True,True
ff,27,op1_1000_s2_w15,op1,1.0,2.0,15.0,24.0,-1.69757,1,0.869673,1.4149,1.37665,False,True,True,True
ff,27,op1_1000_s2_w20,op1,1.0,2.0,20.0,29.0,-1.69757,1,0.869673,1.42806,1.37665,False,True,True,True
ff,27,op1_1000_s2_w30,op1,1.0,2.0,30.0,39.0,-1.69757,1,0.869673,1.44636,1.37665,False,True,True,True
ff,27,op1_1000_s2_w50,op1,1.0,2.0,50.0,59.0,-1.69757,1,0.869673,1.46906,1.37665,False,True,True,True
ff,27,op1_1000_s5_w0p2,op1,1.0,5.0,0.2,12.2,-1.69757,1,0.869671,1.13692,1.37665,True,False,False,False
ff,27,op1_1000_s5_w0p5,op1,1.0,5.0,0.5,12.5,-1.69757,1,0.869671,1.2287,1.37665,False,False,False,False
ff,27,op1_1000_s5_w1,op1,1.0,5.0,1.0,13.0,-1.69757,1,0.869671,1.27607,1.37665,False,True,False,False
ff,27,op1_1000_s5_w2,op1,1.0,5.0,2.0,14.0,-1.69757,1,0.869671,1.31584,1.37665,False,True,True,False
ff,27,op1_1000_s5_w3,op1,1.0,5.0,3.0,15.0,-1.69757,1,0.869671,1.33719,1.37665,False,True,True,False
ff,27,op1_1000_s5_w5,op1,1.0,5.0,5.0,17.0,-1.69757,1,0.869671,1.36283,1.37665,False,True,True,True
ff,27,op1_1000_s5_w7p5,op1,1.0,5.0,7.5,19.5,-1.69757,1,0.869671,1.38246,1.37665,False,True,True,True
ff,27,op1_1000_s5_w10,op1,1.0,5.0,10.0,22.0,-1.69757,1,0.869671,1.39606,1.37665,False,True,True,True
ff,27,op1_1000_s5_w15,op1,1.0,5.0,15.0,27.0,-1.69757,1,0.869671,1.4149,1.37665,False,True,True,True
ff,27,op1_1000_s5_w20,op1,1.0,5.0,20.0,32.0,-1.69757,1,0.869671,1.42806,1.37665,False,True,True,True
ff,27,op1_1000_s5_w30,op1,1.0,5.0,30.0,42.0,-1.69757,1,0.869671,1.44635,1.37665,False,True,True,True
ff,27,op1_1000_s5_w50,op1,1.0,5.0,50.0,62.0,-1.69757,1,0.869671,1.46906,1.37665,False,True,True,True
ff,27,op1_1000_s10_w0p2,op1,1.0,10.0,0.2,17.2,-1.69757,1,0.869667,1.13692,1.37665,True,False,False,False
ff,27,op1_1000_s10_w0p5,op1,1.0,10.0,0.5,17.5,-1.69757,1,0.869667,1.2287,1.37665,False,False,False,False
ff,27,op1_1000_s10_w1,op1,1.0,10.0,1.0,18.0,-1.69757,1,0.869667,1.27607,1.37665,False,True,False,False
ff,27,op1_1000_s10_w2,op1,1.0,10.0,2.0,19.0,-1.69757,1,0.869667,1.31584,1.37665,False,True,True,False
ff,27,op1_1000_s10_w3,op1,1.0,10.0,3.0,20.0,-1.69757,1,0.869667,1.3372,1.37665,False,True,True,False
ff,27,op1_1000_s10_w5,op1,1.0,10.0,5.0,22.0,-1.69757,1,0.869667,1.36284,1.37665,False,True,True,True
ff,27,op1_1000_s10_w7p5,op1,1.0,10.0,7.5,24.5,-1.69757,1,0.869667,1.38246,1.37665,False,True,True,True
ff,27,op1_1000_s10_w10,op1,1.0,10.0,10.0,27.0,-1.69757,1,0.869667,1.39607,1.37665,False,True,True,True
ff,27,op1_1000_s10_w15,op1,1.0,10.0,15.0,32.0,-1.69757,1,0.869667,1.4149,1.37665,False,True,True,True
ff,27,op1_1000_s10_w20,op1,1.0,10.0,20.0,37.0,-1.69757,1,0.869667,1.42805,1.37665,False,True,True,True
ff,27,op1_1000_s10_w30,op1,1.0,10.0,30.0,47.0,-1.69757,1,0.869667,1.44636,1.37665,False,True,True,True
ff,27,op1_1000_s10_w50,op1,1.0,10.0,50.0,67.0,-1.69757,1,0.869667,1.46906,1.37665,False,True,True,True
ff,27,op0_n100_s0p5_w0p2,op0,-0.1,0.5,0.2,7.7,1.79999,0,-0.0999943,0.0112825,1.37665,True,True,True,True
ff,27,op0_n100_s0p5_w0p5,op0,-0.1,0.5,0.5,8.0,1.79999,0,-0.0999943,0.0180945,1.37665,False,True,True,True
ff,27,op0_n100_s0p5_w1,op0,-0.1,0.5,1.0,8.5,1.79999,0,-0.0999943,0.0111753,1.37665,False,True,True,True
ff,27,op0_n100_s0p5_w2,op0,-0.1,0.5,2.0,9.5,1.79999,0,-0.0999943,0.0111753,1.37665,False,True,True,True
ff,27,op0_n100_s0p5_w3,op0,-0.1,0.5,3.0,10.5,1.79999,0,-0.0999943,0.0233348,1.37665,False,True,True,True
ff,27,op0_n100_s0p5_w5,op0,-0.1,0.5,5.0,12.5,1.79999,0,-0.0999943,0.0233348,1.37665,False,True,True,True
ff,27,op0_n100_s0p5_w7p5,op0,-0.1,0.5,7.5,15.0,1.79999,0,-0.0999943,0.0234202,1.37665,False,True,True,True
ff,27,op0_n100_s0p5_w10,op0,-0.1,0.5,10.0,17.5,1.79999,0,-0.0999943,0.0233348,1.37665,False,True,True,True
ff,27,op0_n100_s0p5_w15,op0,-0.1,0.5,15.0,22.5,1.79999,0,-0.0999943,0.0111753,1.37665,False,True,True,True
ff,27,op0_n100_s0p5_w20,op0,-0.1,0.5,20.0,27.5,1.79999,0,-0.0999943,0.0111753,1.37665,False,True,True,True
ff,27,op0_n100_s0p5_w30,op0,-0.1,0.5,30.0,37.5,1.79999,0,-0.0999943,0.0111753,1.37665,False,True,True,True
ff,27,op0_n100_s0p5_w50,op0,-0.1,0.5,50.0,57.5,1.79999,0,-0.0999943,0.0111753,1.37665,False,True,True,True
ff,27,op0_n100_s1_w0p2,op0,-0.1,1.0,0.2,8.2,1.79999,0,-0.0999897,0.0112825,1.37665,True,True,True,True
ff,27,op0_n100_s1_w0p5,op0,-0.1,1.0,0.5,8.5,1.79999,0,-0.0999897,0.0111753,1.37665,False,True,True,True
ff,27,op0_n100_s1_w1,op0,-0.1,1.0,1.0,9.0,1.79999,0,-0.0999897,0.0180945,1.37665,False,True,True,True
ff,27,op0_n100_s1_w2,op0,-0.1,1.0,2.0,10.0,1.79999,0,-0.0999897,0.0234202,1.37665,False,True,True,True
ff,27,op0_n100_s1_w3,op0,-0.1,1.0,3.0,11.0,1.79999,0,-0.0999897,0.0233348,1.37665,False,True,True,True
ff,27,op0_n100_s1_w5,op0,-0.1,1.0,5.0,13.0,1.79999,0,-0.0999897,0.0233348,1.37665,False,True,True,True
ff,27,op0_n100_s1_w7p5,op0,-0.1,1.0,7.5,15.5,1.79999,0,-0.0999897,0.0111753,1.37665,False,True,True,True
ff,27,op0_n100_s1_w10,op0,-0.1,1.0,10.0,18.0,1.79999,0,-0.0999897,0.0111753,1.37665,False,True,True,True
ff,27,op0_n100_s1_w15,op0,-0.1,1.0,15.0,23.0,1.79999,0,-0.0999897,0.0111749,1.37665,False,True,True,True
ff,27,op0_n100_s1_w20,op0,-0.1,1.0,20.0,28.0,1.79999,0,-0.0999897,0.0111749,1.37665,False,True,True,True
ff,27,op0_n100_s1_w30,op0,-0.1,1.0,30.0,38.0,1.79999,0,-0.0999897,0.0111752,1.37665,False,True,True,True
ff,27,op0_n100_s1_w50,op0,-0.1,1.0,50.0,58.0,1.79999,0,-0.0999897,0.0111751,1.37665,False,True,True,True
ff,27,op0_n100_s2_w0p2,op0,-0.1,2.0,0.2,9.2,1.79999,0,-0.0999806,0.0112823,1.37665,True,True,True,True
ff,27,op0_n100_s2_w0p5,op0,-0.1,2.0,0.5,9.5,1.79999,0,-0.0999806,0.0111753,1.37665,False,True,True,True
ff,27,op0_n100_s2_w1,op0,-0.1,2.0,1.0,10.0,1.79999,0,-0.0999806,0.0234202,1.37665,False,True,True,True
ff,27,op0_n100_s2_w2,op0,-0.1,2.0,2.0,11.0,1.79999,0,-0.0999806,0.0233348,1.37665,False,True,True,True
ff,27,op0_n100_s2_w3,op0,-0.1,2.0,3.0,12.0,1.79999,0,-0.0999806,0.0180943,1.37665,False,True,True,True
ff,27,op0_n100_s2_w5,op0,-0.1,2.0,5.0,14.0,1.79999,0,-0.0999806,0.023335,1.37665,False,True,True,True
ff,27,op0_n100_s2_w7p5,op0,-0.1,2.0,7.5,16.5,1.79999,0,-0.0999806,0.0111753,1.37665,False,True,True,True
ff,27,op0_n100_s2_w10,op0,-0.1,2.0,10.0,19.0,1.79999,0,-0.0999806,0.0233347,1.37665,False,True,True,True
ff,27,op0_n100_s2_w15,op0,-0.1,2.0,15.0,24.0,1.79999,0,-0.0999806,0.023335,1.37665,False,True,True,True
ff,27,op0_n100_s2_w20,op0,-0.1,2.0,20.0,29.0,1.79999,0,-0.0999806,0.0233346,1.37665,False,True,True,True
ff,27,op0_n100_s2_w30,op0,-0.1,2.0,30.0,39.0,1.79999,0,-0.0999806,0.0233348,1.37665,False,True,True,True
ff,27,op0_n100_s2_w50,op0,-0.1,2.0,50.0,59.0,1.79999,0,-0.0999806,0.0111751,1.37665,False,True,True,True
ff,27,op0_n100_s5_w0p2,op0,-0.1,5.0,0.2,12.2,1.79999,0,-0.0999535,0.0112825,1.37665,True,True,True,True
ff,27,op0_n100_s5_w0p5,op0,-0.1,5.0,0.5,12.5,1.79999,0,-0.0999535,0.0233348,1.37665,False,True,True,True
ff,27,op0_n100_s5_w1,op0,-0.1,5.0,1.0,13.0,1.79999,0,-0.0999535,0.0233348,1.37665,False,True,True,True
ff,27,op0_n100_s5_w2,op0,-0.1,5.0,2.0,14.0,1.79999,0,-0.0999535,0.023335,1.37665,False,True,True,True
ff,27,op0_n100_s5_w3,op0,-0.1,5.0,3.0,15.0,1.79999,0,-0.0999535,0.0234202,1.37665,False,True,True,True
ff,27,op0_n100_s5_w5,op0,-0.1,5.0,5.0,17.0,1.79999,0,-0.0999535,0.0180944,1.37665,False,True,True,True
ff,27,op0_n100_s5_w7p5,op0,-0.1,5.0,7.5,19.5,1.79999,0,-0.0999535,0.0233348,1.37665,False,True,True,True
ff,27,op0_n100_s5_w10,op0,-0.1,5.0,10.0,22.0,1.79999,0,-0.0999535,0.0233347,1.37665,False,True,True,True
ff,27,op0_n100_s5_w15,op0,-0.1,5.0,15.0,27.0,1.79999,0,-0.0999535,0.0111752,1.37665,False,True,True,True
ff,27,op0_n100_s5_w20,op0,-0.1,5.0,20.0,32.0,1.79999,0,-0.0999535,0.0111735,1.37665,False,True,True,True
ff,27,op0_n100_s5_w30,op0,-0.1,5.0,30.0,42.0,1.79999,0,-0.0999535,0.0111735,1.37665,False,True,True,True
ff,27,op0_n100_s5_w50,op0,-0.1,5.0,50.0,62.0,1.79999,0,-0.0999535,0.0111735,1.37665,False,True,True,True
ff,27,op0_n100_s10_w0p2,op0,-0.1,10.0,0.2,17.2,1.79999,0,-0.099909,0.0112825,1.37665,True,True,True,True
ff,27,op0_n100_s10_w0p5,op0,-0.1,10.0,0.5,17.5,1.79999,0,-0.099909,0.0233348,1.37665,False,True,True,True
ff,27,op0_n100_s10_w1,op0,-0.1,10.0,1.0,18.0,1.79999,0,-0.099909,0.0111753,1.37665,False,True,True,True
ff,27,op0_n100_s10_w2,op0,-0.1,10.0,2.0,19.0,1.79999,0,-0.099909,0.0233347,1.37665,False,True,True,True
ff,27,op0_n100_s10_w3,op0,-0.1,10.0,3.0,20.0,1.79999,0,-0.099909,0.0233348,1.37665,False,True,True,True
ff,27,op0_n100_s10_w5,op0,-0.1,10.0,5.0,22.0,1.79999,0,-0.099909,0.0233347,1.37665,False,True,True,True
ff,27,op0_n100_s10_w7p5,op0,-0.1,10.0,7.5,24.5,1.79999,0,-0.099909,0.0233348,1.37665,False,True,True,True
ff,27,op0_n100_s10_w10,op0,-0.1,10.0,10.0,27.0,1.79999,0,-0.099909,0.0111752,1.37665,False,True,True,True
ff,27,op0_n100_s10_w15,op0,-0.1,10.0,15.0,32.0,1.79999,0,-0.099909,0.0111735,1.37665,False,True,True,True
ff,27,op0_n100_s10_w20,op0,-0.1,10.0,20.0,37.0,1.79999,0,-0.099909,0.0111751,1.37665,False,True,True,True
ff,27,op0_n100_s10_w30,op0,-0.1,10.0,30.0,47.0,1.79999,0,-0.099909,0.0111735,1.37665,False,True,True,True
ff,27,op0_n100_s10_w50,op0,-0.1,10.0,50.0,67.0,1.79999,0,-0.099909,0.0111735,1.37665,False,True,True,True
ff,27,op0_0000_s0p5_w0p2,op0,0.0,0.5,0.2,7.7,1.79999,0,-6.17586e-07,0.0112946,1.37665,True,True,True,True
ff,27,op0_0000_s0p5_w0p5,op0,0.0,0.5,0.5,8.0,1.79999,0,-6.17586e-07,0.0180946,1.37665,False,True,True,True
ff,27,op0_0000_s0p5_w1,op0,0.0,0.5,1.0,8.5,1.79999,0,-6.17586e-07,0.0111754,1.37665,False,True,True,True
ff,27,op0_0000_s0p5_w2,op0,0.0,0.5,2.0,9.5,1.79999,0,-6.17586e-07,0.0111754,1.37665,False,True,True,True
ff,27,op0_0000_s0p5_w3,op0,0.0,0.5,3.0,10.5,1.79999,0,-6.17586e-07,0.0233349,1.37665,False,True,True,True
ff,27,op0_0000_s0p5_w5,op0,0.0,0.5,5.0,12.5,1.79999,0,-6.17586e-07,0.0233349,1.37665,False,True,True,True
ff,27,op0_0000_s0p5_w7p5,op0,0.0,0.5,7.5,15.0,1.79999,0,-6.17586e-07,0.0234204,1.37665,False,True,True,True
ff,27,op0_0000_s0p5_w10,op0,0.0,0.5,10.0,17.5,1.79999,0,-6.17586e-07,0.0233349,1.37665,False,True,True,True
ff,27,op0_0000_s0p5_w15,op0,0.0,0.5,15.0,22.5,1.79999,0,-6.17586e-07,0.0111754,1.37665,False,True,True,True
ff,27,op0_0000_s0p5_w20,op0,0.0,0.5,20.0,27.5,1.79999,0,-6.17586e-07,0.0111754,1.37665,False,True,True,True
ff,27,op0_0000_s0p5_w30,op0,0.0,0.5,30.0,37.5,1.79999,0,-6.17586e-07,0.0111754,1.37665,False,True,True,True
ff,27,op0_0000_s0p5_w50,op0,0.0,0.5,50.0,57.5,1.79999,0,-6.17586e-07,0.0111754,1.37665,False,True,True,True
ff,27,op0_0000_s1_w0p2,op0,0.0,1.0,0.2,8.2,1.79999,0,-4.90203e-07,0.0112946,1.37665,True,True,True,True
ff,27,op0_0000_s1_w0p5,op0,0.0,1.0,0.5,8.5,1.79999,0,-4.90203e-07,0.0111755,1.37665,False,True,True,True
ff,27,op0_0000_s1_w1,op0,0.0,1.0,1.0,9.0,1.79999,0,-4.90203e-07,0.0180946,1.37665,False,True,True,True
ff,27,op0_0000_s1_w2,op0,0.0,1.0,2.0,10.0,1.79999,0,-4.90203e-07,0.0234204,1.37665,False,True,True,True
ff,27,op0_0000_s1_w3,op0,0.0,1.0,3.0,11.0,1.79999,0,-4.90203e-07,0.023335,1.37665,False,True,True,True
ff,27,op0_0000_s1_w5,op0,0.0,1.0,5.0,13.0,1.79999,0,-4.90203e-07,0.0233349,1.37665,False,True,True,True
ff,27,op0_0000_s1_w7p5,op0,0.0,1.0,7.5,15.5,1.79999,0,-4.90203e-07,0.0111754,1.37665,False,True,True,True
ff,27,op0_0000_s1_w10,op0,0.0,1.0,10.0,18.0,1.79999,0,-4.90203e-07,0.0111754,1.37665,False,True,True,True
ff,27,op0_0000_s1_w15,op0,0.0,1.0,15.0,23.0,1.79999,0,-4.90203e-07,0.011175,1.37665,False,True,True,True
ff,27,op0_0000_s1_w20,op0,0.0,1.0,20.0,28.0,1.79999,0,-4.90203e-07,0.011175,1.37665,False,True,True,True
ff,27,op0_0000_s1_w30,op0,0.0,1.0,30.0,38.0,1.79999,0,-4.90203e-07,0.0111753,1.37665,False,True,True,True
ff,27,op0_0000_s1_w50,op0,0.0,1.0,50.0,58.0,1.79999,0,-4.90203e-07,0.0111752,1.37665,False,True,True,True
ff,27,op0_0000_s2_w0p2,op0,0.0,2.0,0.2,9.2,1.79999,0,-2.3732e-07,0.0112945,1.37665,True,True,True,True
ff,27,op0_0000_s2_w0p5,op0,0.0,2.0,0.5,9.5,1.79999,0,-2.3732e-07,0.0111755,1.37665,False,True,True,True
ff,27,op0_0000_s2_w1,op0,0.0,2.0,1.0,10.0,1.79999,0,-2.3732e-07,0.0234204,1.37665,False,True,True,True
ff,27,op0_0000_s2_w2,op0,0.0,2.0,2.0,11.0,1.79999,0,-2.3732e-07,0.023335,1.37665,False,True,True,True
ff,27,op0_0000_s2_w3,op0,0.0,2.0,3.0,12.0,1.79999,0,-2.3732e-07,0.0180944,1.37665,False,True,True,True
ff,27,op0_0000_s2_w5,op0,0.0,2.0,5.0,14.0,1.79999,0,-2.3732e-07,0.0233351,1.37665,False,True,True,True
ff,27,op0_0000_s2_w7p5,op0,0.0,2.0,7.5,16.5,1.79999,0,-2.3732e-07,0.0111754,1.37665,False,True,True,True
ff,27,op0_0000_s2_w10,op0,0.0,2.0,10.0,19.0,1.79999,0,-2.3732e-07,0.0233348,1.37665,False,True,True,True
ff,27,op0_0000_s2_w15,op0,0.0,2.0,15.0,24.0,1.79999,0,-2.3732e-07,0.0233351,1.37665,False,True,True,True
ff,27,op0_0000_s2_w20,op0,0.0,2.0,20.0,29.0,1.79999,0,-2.3732e-07,0.0233347,1.37665,False,True,True,True
ff,27,op0_0000_s2_w30,op0,0.0,2.0,30.0,39.0,1.79999,0,-2.3732e-07,0.023335,1.37665,False,True,True,True
ff,27,op0_0000_s2_w50,op0,0.0,2.0,50.0,59.0,1.79999,0,-2.3732e-07,0.0111752,1.37665,False,True,True,True
ff,27,op0_0000_s5_w0p2,op0,0.0,5.0,0.2,12.2,1.79999,0,5.2084e-07,0.0112946,1.37665,True,True,True,True
ff,27,op0_0000_s5_w0p5,op0,0.0,5.0,0.5,12.5,1.79999,0,5.2084e-07,0.023335,1.37665,False,True,True,True
ff,27,op0_0000_s5_w1,op0,0.0,5.0,1.0,13.0,1.79999,0,5.2084e-07,0.0233349,1.37665,False,True,True,True
ff,27,op0_0000_s5_w2,op0,0.0,5.0,2.0,14.0,1.79999,0,5.2084e-07,0.0233351,1.37665,False,True,True,True
ff,27,op0_0000_s5_w3,op0,0.0,5.0,3.0,15.0,1.79999,0,5.2084e-07,0.0234204,1.37665,False,True,True,True
ff,27,op0_0000_s5_w5,op0,0.0,5.0,5.0,17.0,1.79999,0,5.2084e-07,0.0180946,1.37665,False,True,True,True
ff,27,op0_0000_s5_w7p5,op0,0.0,5.0,7.5,19.5,1.79999,0,5.2084e-07,0.0233349,1.37665,False,True,True,True
ff,27,op0_0000_s5_w10,op0,0.0,5.0,10.0,22.0,1.79999,0,5.2084e-07,0.0233348,1.37665,False,True,True,True
ff,27,op0_0000_s5_w15,op0,0.0,5.0,15.0,27.0,1.79999,0,5.2084e-07,0.0111753,1.37665,False,True,True,True
ff,27,op0_0000_s5_w20,op0,0.0,5.0,20.0,32.0,1.79999,0,5.2084e-07,0.0111736,1.37665,False,True,True,True
ff,27,op0_0000_s5_w30,op0,0.0,5.0,30.0,42.0,1.79999,0,5.2084e-07,0.0111736,1.37665,False,True,True,True
ff,27,op0_0000_s5_w50,op0,0.0,5.0,50.0,62.0,1.79999,0,5.2084e-07,0.0111736,1.37665,False,True,True,True
ff,27,op0_0000_s10_w0p2,op0,0.0,10.0,0.2,17.2,1.79999,0,1.76117e-06,0.0112946,1.37665,True,True,True,True
ff,27,op0_0000_s10_w0p5,op0,0.0,10.0,0.5,17.5,1.79999,0,1.76117e-06,0.023335,1.37665,False,True,True,True
ff,27,op0_0000_s10_w1,op0,0.0,10.0,1.0,18.0,1.79999,0,1.76117e-06,0.0111754,1.37665,False,True,True,True
ff,27,op0_0000_s10_w2,op0,0.0,10.0,2.0,19.0,1.79999,0,1.76117e-06,0.0233348,1.37665,False,True,True,True
ff,27,op0_0000_s10_w3,op0,0.0,10.0,3.0,20.0,1.79999,0,1.76117e-06,0.0233349,1.37665,False,True,True,True
ff,27,op0_0000_s10_w5,op0,0.0,10.0,5.0,22.0,1.79999,0,1.76117e-06,0.0233348,1.37665,False,True,True,True
ff,27,op0_0000_s10_w7p5,op0,0.0,10.0,7.5,24.5,1.79999,0,1.76117e-06,0.0233349,1.37665,False,True,True,True
ff,27,op0_0000_s10_w10,op0,0.0,10.0,10.0,27.0,1.79999,0,1.76117e-06,0.0111753,1.37665,False,True,True,True
ff,27,op0_0000_s10_w15,op0,0.0,10.0,15.0,32.0,1.79999,0,1.76117e-06,0.0111736,1.37665,False,True,True,True
ff,27,op0_0000_s10_w20,op0,0.0,10.0,20.0,37.0,1.79999,0,1.76117e-06,0.0111753,1.37665,False,True,True,True
ff,27,op0_0000_s10_w30,op0,0.0,10.0,30.0,47.0,1.79999,0,1.76117e-06,0.0111736,1.37665,False,True,True,True
ff,27,op0_0000_s10_w50,op0,0.0,10.0,50.0,67.0,1.79999,0,1.76117e-06,0.0111736,1.37665,False,True,True,True
ff,125,op1_0900_s0p5_w0p2,op1,0.9,0.5,0.2,7.7,-1.70845,1,0.767392,1.20249,1.50836,True,False,False,False
ff,125,op1_0900_s0p5_w0p5,op1,0.9,0.5,0.5,8.0,-1.70845,1,0.767392,1.32781,1.50836,False,False,False,False
ff,125,op1_0900_s0p5_w1,op1,0.9,0.5,1.0,8.5,-1.70845,1,0.767392,1.38913,1.50836,False,True,False,False
ff,125,op1_0900_s0p5_w2,op1,0.9,0.5,2.0,9.5,-1.70845,1,0.767392,1.44012,1.50836,False,True,True,False
ff,125,op1_0900_s0p5_w3,op1,0.9,0.5,3.0,10.5,-1.70845,1,0.767392,1.46745,1.50836,False,True,True,False
ff,125,op1_0900_s0p5_w5,op1,0.9,0.5,5.0,12.5,-1.70845,1,0.767392,1.50025,1.50836,False,True,True,True
ff,125,op1_0900_s0p5_w7p5,op1,0.9,0.5,7.5,15.0,-1.70845,1,0.767392,1.52532,1.50836,False,True,True,True
ff,125,op1_0900_s0p5_w10,op1,0.9,0.5,10.0,17.5,-1.70845,1,0.767392,1.54276,1.50836,False,True,True,True
ff,125,op1_0900_s0p5_w15,op1,0.9,0.5,15.0,22.5,-1.70845,1,0.767392,1.56685,1.50836,False,True,True,True
ff,125,op1_0900_s0p5_w20,op1,0.9,0.5,20.0,27.5,-1.70845,1,0.767392,1.58368,1.50836,False,True,True,True
ff,125,op1_0900_s0p5_w30,op1,0.9,0.5,30.0,37.5,-1.70845,1,0.767392,1.60706,1.50836,False,True,True,True
ff,125,op1_0900_s0p5_w50,op1,0.9,0.5,50.0,57.5,-1.70845,1,0.767392,1.63607,1.50836,False,True,True,True
ff,125,op1_0900_s1_w0p2,op1,0.9,1.0,0.2,8.2,-1.70845,1,0.767381,1.20249,1.50836,True,False,False,False
ff,125,op1_0900_s1_w0p5,op1,0.9,1.0,0.5,8.5,-1.70845,1,0.767381,1.32783,1.50836,False,False,False,False
ff,125,op1_0900_s1_w1,op1,0.9,1.0,1.0,9.0,-1.70845,1,0.767381,1.38913,1.50836,False,True,False,False
ff,125,op1_0900_s1_w2,op1,0.9,1.0,2.0,10.0,-1.70845,1,0.767381,1.44012,1.50836,False,True,True,False
ff,125,op1_0900_s1_w3,op1,0.9,1.0,3.0,11.0,-1.70845,1,0.767381,1.46747,1.50836,False,True,True,False
ff,125,op1_0900_s1_w5,op1,0.9,1.0,5.0,13.0,-1.70845,1,0.767381,1.50026,1.50836,False,True,True,True
ff,125,op1_0900_s1_w7p5,op1,0.9,1.0,7.5,15.5,-1.70845,1,0.767381,1.52534,1.50836,False,True,True,True
ff,125,op1_0900_s1_w10,op1,0.9,1.0,10.0,18.0,-1.70845,1,0.767381,1.54276,1.50836,False,True,True,True
ff,125,op1_0900_s1_w15,op1,0.9,1.0,15.0,23.0,-1.70845,1,0.767381,1.56686,1.50836,False,True,True,True
ff,125,op1_0900_s1_w20,op1,0.9,1.0,20.0,28.0,-1.70845,1,0.767381,1.58368,1.50836,False,True,True,True
ff,125,op1_0900_s1_w30,op1,0.9,1.0,30.0,38.0,-1.70845,1,0.767381,1.60707,1.50836,False,True,True,True
ff,125,op1_0900_s1_w50,op1,0.9,1.0,50.0,58.0,-1.70845,1,0.767381,1.63608,1.50836,False,True,True,True
ff,125,op1_0900_s2_w0p2,op1,0.9,2.0,0.2,9.2,-1.70846,1,0.767361,1.20249,1.50836,True,False,False,False
ff,125,op1_0900_s2_w0p5,op1,0.9,2.0,0.5,9.5,-1.70846,1,0.767361,1.32783,1.50836,False,False,False,False
ff,125,op1_0900_s2_w1,op1,0.9,2.0,1.0,10.0,-1.70846,1,0.767361,1.38913,1.50836,False,True,False,False
ff,125,op1_0900_s2_w2,op1,0.9,2.0,2.0,11.0,-1.70846,1,0.767361,1.44013,1.50836,False,True,True,False
ff,125,op1_0900_s2_w3,op1,0.9,2.0,3.0,12.0,-1.70846,1,0.767361,1.46744,1.50836,False,True,True,False
ff,125,op1_0900_s2_w5,op1,0.9,2.0,5.0,14.0,-1.70846,1,0.767361,1.50025,1.50836,False,True,True,True
ff,125,op1_0900_s2_w7p5,op1,0.9,2.0,7.5,16.5,-1.70846,1,0.767361,1.52535,1.50836,False,True,True,True
ff,125,op1_0900_s2_w10,op1,0.9,2.0,10.0,19.0,-1.70846,1,0.767361,1.54276,1.50836,False,True,True,True
ff,125,op1_0900_s2_w15,op1,0.9,2.0,15.0,24.0,-1.70846,1,0.767361,1.56685,1.50836,False,True,True,True
ff,125,op1_0900_s2_w20,op1,0.9,2.0,20.0,29.0,-1.70846,1,0.767361,1.58369,1.50836,False,True,True,True
ff,125,op1_0900_s2_w30,op1,0.9,2.0,30.0,39.0,-1.70846,1,0.767361,1.60707,1.50836,False,True,True,True
ff,125,op1_0900_s2_w50,op1,0.9,2.0,50.0,59.0,-1.70846,1,0.767361,1.63608,1.50836,False,True,True,True
ff,125,op1_0900_s5_w0p2,op1,0.9,5.0,0.2,12.2,-1.70849,1,0.767287,1.20249,1.50836,True,False,False,False
ff,125,op1_0900_s5_w0p5,op1,0.9,5.0,0.5,12.5,-1.70849,1,0.767287,1.32784,1.50836,False,False,False,False
ff,125,op1_0900_s5_w1,op1,0.9,5.0,1.0,13.0,-1.70849,1,0.767287,1.38917,1.50836,False,True,False,False
ff,125,op1_0900_s5_w2,op1,0.9,5.0,2.0,14.0,-1.70849,1,0.767287,1.44014,1.50836,False,True,True,False
ff,125,op1_0900_s5_w3,op1,0.9,5.0,3.0,15.0,-1.70849,1,0.767287,1.46746,1.50836,False,True,True,False
ff,125,op1_0900_s5_w5,op1,0.9,5.0,5.0,17.0,-1.70849,1,0.767287,1.50025,1.50836,False,True,True,True
ff,125,op1_0900_s5_w7p5,op1,0.9,5.0,7.5,19.5,-1.70849,1,0.767287,1.52536,1.50836,False,True,True,True
ff,125,op1_0900_s5_w10,op1,0.9,5.0,10.0,22.0,-1.70849,1,0.767287,1.54276,1.50836,False,True,True,True
ff,125,op1_0900_s5_w15,op1,0.9,5.0,15.0,27.0,-1.70849,1,0.767287,1.56685,1.50836,False,True,True,True
ff,125,op1_0900_s5_w20,op1,0.9,5.0,20.0,32.0,-1.70849,1,0.767287,1.58368,1.50836,False,True,True,True
ff,125,op1_0900_s5_w30,op1,0.9,5.0,30.0,42.0,-1.70849,1,0.767287,1.60708,1.50836,False,True,True,True
ff,125,op1_0900_s5_w50,op1,0.9,5.0,50.0,62.0,-1.70849,1,0.767287,1.63608,1.50836,False,True,True,True
ff,125,op1_0900_s10_w0p2,op1,0.9,10.0,0.2,17.2,-1.70854,1,0.767169,1.20251,1.50836,True,False,False,False
ff,125,op1_0900_s10_w0p5,op1,0.9,10.0,0.5,17.5,-1.70854,1,0.767169,1.32785,1.50836,False,False,False,False
ff,125,op1_0900_s10_w1,op1,0.9,10.0,1.0,18.0,-1.70854,1,0.767169,1.38918,1.50836,False,True,False,False
ff,125,op1_0900_s10_w2,op1,0.9,10.0,2.0,19.0,-1.70854,1,0.767169,1.44016,1.50836,False,True,True,False
ff,125,op1_0900_s10_w3,op1,0.9,10.0,3.0,20.0,-1.70854,1,0.767169,1.46749,1.50836,False,True,True,False
ff,125,op1_0900_s10_w5,op1,0.9,10.0,5.0,22.0,-1.70854,1,0.767169,1.50028,1.50836,False,True,True,True
ff,125,op1_0900_s10_w7p5,op1,0.9,10.0,7.5,24.5,-1.70854,1,0.767169,1.52537,1.50836,False,True,True,True
ff,125,op1_0900_s10_w10,op1,0.9,10.0,10.0,27.0,-1.70854,1,0.767169,1.54277,1.50836,False,True,True,True
ff,125,op1_0900_s10_w15,op1,0.9,10.0,15.0,32.0,-1.70854,1,0.767169,1.56687,1.50836,False,True,True,True
ff,125,op1_0900_s10_w20,op1,0.9,10.0,20.0,37.0,-1.70854,1,0.767169,1.58369,1.50836,False,True,True,True
ff,125,op1_0900_s10_w30,op1,0.9,10.0,30.0,47.0,-1.70854,1,0.767169,1.60709,1.50836,False,True,True,True
ff,125,op1_0900_s10_w50,op1,0.9,10.0,50.0,67.0,-1.70854,1,0.767169,1.63609,1.50836,False,True,True,True
ff,125,op1_1000_s0p5_w0p2,op1,1.0,0.5,0.2,7.7,-1.67211,1,0.870753,1.20373,1.50836,True,False,False,False
ff,125,op1_1000_s0p5_w0p5,op1,1.0,0.5,0.5,8.0,-1.67211,1,0.870753,1.32103,1.50836,False,False,False,False
ff,125,op1_1000_s0p5_w1,op1,1.0,0.5,1.0,8.5,-1.67211,1,0.870753,1.38103,1.50836,False,True,False,False
ff,125,op1_1000_s0p5_w2,op1,1.0,0.5,2.0,9.5,-1.67211,1,0.870753,1.43146,1.50836,False,True,False,False
ff,125,op1_1000_s0p5_w3,op1,1.0,0.5,3.0,10.5,-1.67211,1,0.870753,1.45862,1.50836,False,True,True,False
ff,125,op1_1000_s0p5_w5,op1,1.0,0.5,5.0,12.5,-1.67211,1,0.870753,1.49127,1.50836,False,True,True,True
ff,125,op1_1000_s0p5_w7p5,op1,1.0,0.5,7.5,15.0,-1.67211,1,0.870753,1.51626,1.50836,False,True,True,True
ff,125,op1_1000_s0p5_w10,op1,1.0,0.5,10.0,17.5,-1.67211,1,0.870753,1.53365,1.50836,False,True,True,True
ff,125,op1_1000_s0p5_w15,op1,1.0,0.5,15.0,22.5,-1.67211,1,0.870753,1.55769,1.50836,False,True,True,True
ff,125,op1_1000_s0p5_w20,op1,1.0,0.5,20.0,27.5,-1.67211,1,0.870753,1.57449,1.50836,False,True,True,True
ff,125,op1_1000_s0p5_w30,op1,1.0,0.5,30.0,37.5,-1.67211,1,0.870753,1.59785,1.50836,False,True,True,True
ff,125,op1_1000_s0p5_w50,op1,1.0,0.5,50.0,57.5,-1.67211,1,0.870753,1.62684,1.50836,False,True,True,True
ff,125,op1_1000_s1_w0p2,op1,1.0,1.0,0.2,8.2,-1.67211,1,0.870741,1.20373,1.50836,True,False,False,False
ff,125,op1_1000_s1_w0p5,op1,1.0,1.0,0.5,8.5,-1.67211,1,0.870741,1.32105,1.50836,False,False,False,False
ff,125,op1_1000_s1_w1,op1,1.0,1.0,1.0,9.0,-1.67211,1,0.870741,1.38103,1.50836,False,True,False,False
ff,125,op1_1000_s1_w2,op1,1.0,1.0,2.0,10.0,-1.67211,1,0.870741,1.43146,1.50836,False,True,False,False
ff,125,op1_1000_s1_w3,op1,1.0,1.0,3.0,11.0,-1.67211,1,0.870741,1.45863,1.50836,False,True,True,False
ff,125,op1_1000_s1_w5,op1,1.0,1.0,5.0,13.0,-1.67211,1,0.870741,1.49127,1.50836,False,True,True,True
ff,125,op1_1000_s1_w7p5,op1,1.0,1.0,7.5,15.5,-1.67211,1,0.870741,1.51627,1.50836,False,True,True,True
ff,125,op1_1000_s1_w10,op1,1.0,1.0,10.0,18.0,-1.67211,1,0.870741,1.53365,1.50836,False,True,True,True
ff,125,op1_1000_s1_w15,op1,1.0,1.0,15.0,23.0,-1.67211,1,0.870741,1.5577,1.50836,False,True,True,True
ff,125,op1_1000_s1_w20,op1,1.0,1.0,20.0,28.0,-1.67211,1,0.870741,1.5745,1.50836,False,True,True,True
ff,125,op1_1000_s1_w30,op1,1.0,1.0,30.0,38.0,-1.67211,1,0.870741,1.59786,1.50836,False,True,True,True
ff,125,op1_1000_s1_w50,op1,1.0,1.0,50.0,58.0,-1.67211,1,0.870741,1.62684,1.50836,False,True,True,True
ff,125,op1_1000_s2_w0p2,op1,1.0,2.0,0.2,9.2,-1.67212,1,0.870718,1.20373,1.50836,True,False,False,False
ff,125,op1_1000_s2_w0p5,op1,1.0,2.0,0.5,9.5,-1.67212,1,0.870718,1.32105,1.50836,False,False,False,False
ff,125,op1_1000_s2_w1,op1,1.0,2.0,1.0,10.0,-1.67212,1,0.870718,1.38102,1.50836,False,True,False,False
ff,125,op1_1000_s2_w2,op1,1.0,2.0,2.0,11.0,-1.67212,1,0.870718,1.43147,1.50836,False,True,False,False
ff,125,op1_1000_s2_w3,op1,1.0,2.0,3.0,12.0,-1.67212,1,0.870718,1.45861,1.50836,False,True,True,False
ff,125,op1_1000_s2_w5,op1,1.0,2.0,5.0,14.0,-1.67212,1,0.870718,1.49127,1.50836,False,True,True,True
ff,125,op1_1000_s2_w7p5,op1,1.0,2.0,7.5,16.5,-1.67212,1,0.870718,1.51628,1.50836,False,True,True,True
ff,125,op1_1000_s2_w10,op1,1.0,2.0,10.0,19.0,-1.67212,1,0.870718,1.53365,1.50836,False,True,True,True
ff,125,op1_1000_s2_w15,op1,1.0,2.0,15.0,24.0,-1.67212,1,0.870718,1.5577,1.50836,False,True,True,True
ff,125,op1_1000_s2_w20,op1,1.0,2.0,20.0,29.0,-1.67212,1,0.870718,1.5745,1.50836,False,True,True,True
ff,125,op1_1000_s2_w30,op1,1.0,2.0,30.0,39.0,-1.67212,1,0.870718,1.59786,1.50836,False,True,True,True
ff,125,op1_1000_s2_w50,op1,1.0,2.0,50.0,59.0,-1.67212,1,0.870718,1.62685,1.50836,False,True,True,True
ff,125,op1_1000_s5_w0p2,op1,1.0,5.0,0.2,12.2,-1.67216,1,0.870637,1.20373,1.50836,True,False,False,False
ff,125,op1_1000_s5_w0p5,op1,1.0,5.0,0.5,12.5,-1.67216,1,0.870637,1.32106,1.50836,False,False,False,False
ff,125,op1_1000_s5_w1,op1,1.0,5.0,1.0,13.0,-1.67216,1,0.870637,1.38106,1.50836,False,True,False,False
ff,125,op1_1000_s5_w2,op1,1.0,5.0,2.0,14.0,-1.67216,1,0.870637,1.43148,1.50836,False,True,False,False
ff,125,op1_1000_s5_w3,op1,1.0,5.0,3.0,15.0,-1.67216,1,0.870637,1.45862,1.50836,False,True,True,False
ff,125,op1_1000_s5_w5,op1,1.0,5.0,5.0,17.0,-1.67216,1,0.870637,1.49127,1.50836,False,True,True,True
ff,125,op1_1000_s5_w7p5,op1,1.0,5.0,7.5,19.5,-1.67216,1,0.870637,1.51629,1.50836,False,True,True,True
ff,125,op1_1000_s5_w10,op1,1.0,5.0,10.0,22.0,-1.67216,1,0.870637,1.53366,1.50836,False,True,True,True
ff,125,op1_1000_s5_w15,op1,1.0,5.0,15.0,27.0,-1.67216,1,0.870637,1.5577,1.50836,False,True,True,True
ff,125,op1_1000_s5_w20,op1,1.0,5.0,20.0,32.0,-1.67216,1,0.870637,1.57451,1.50836,False,True,True,True
ff,125,op1_1000_s5_w30,op1,1.0,5.0,30.0,42.0,-1.67216,1,0.870637,1.59787,1.50836,False,True,True,True
ff,125,op1_1000_s5_w50,op1,1.0,5.0,50.0,62.0,-1.67216,1,0.870637,1.62685,1.50836,False,True,True,True
ff,125,op1_1000_s10_w0p2,op1,1.0,10.0,0.2,17.2,-1.67221,1,0.870508,1.20373,1.50836,True,False,False,False
ff,125,op1_1000_s10_w0p5,op1,1.0,10.0,0.5,17.5,-1.67221,1,0.870508,1.32107,1.50836,False,False,False,False
ff,125,op1_1000_s10_w1,op1,1.0,10.0,1.0,18.0,-1.67221,1,0.870508,1.38107,1.50836,False,True,False,False
ff,125,op1_1000_s10_w2,op1,1.0,10.0,2.0,19.0,-1.67221,1,0.870508,1.4315,1.50836,False,True,False,False
ff,125,op1_1000_s10_w3,op1,1.0,10.0,3.0,20.0,-1.67221,1,0.870508,1.45865,1.50836,False,True,True,False
ff,125,op1_1000_s10_w5,op1,1.0,10.0,5.0,22.0,-1.67221,1,0.870508,1.49129,1.50836,False,True,True,True
ff,125,op1_1000_s10_w7p5,op1,1.0,10.0,7.5,24.5,-1.67221,1,0.870508,1.5163,1.50836,False,True,True,True
ff,125,op1_1000_s10_w10,op1,1.0,10.0,10.0,27.0,-1.67221,1,0.870508,1.53367,1.50836,False,True,True,True
ff,125,op1_1000_s10_w15,op1,1.0,10.0,15.0,32.0,-1.67221,1,0.870508,1.55772,1.50836,False,True,True,True
ff,125,op1_1000_s10_w20,op1,1.0,10.0,20.0,37.0,-1.67221,1,0.870508,1.57452,1.50836,False,True,True,True
ff,125,op1_1000_s10_w30,op1,1.0,10.0,30.0,47.0,-1.67221,1,0.870508,1.59789,1.50836,False,True,True,True
ff,125,op1_1000_s10_w50,op1,1.0,10.0,50.0,67.0,-1.67221,1,0.870508,1.62686,1.50836,False,True,True,True
ff,125,op0_n100_s0p5_w0p2,op0,-0.1,0.5,0.2,7.7,1.79942,0,-0.0995182,0.0158065,1.50836,True,True,True,True
ff,125,op0_n100_s0p5_w0p5,op0,-0.1,0.5,0.5,8.0,1.79942,0,-0.0995182,0.0137785,1.50836,False,True,True,True
ff,125,op0_n100_s0p5_w1,op0,-0.1,0.5,1.0,8.5,1.79942,0,-0.0995182,0.0154807,1.50836,False,True,True,True
ff,125,op0_n100_s0p5_w2,op0,-0.1,0.5,2.0,9.5,1.79942,0,-0.0995182,0.0154807,1.50836,False,True,True,True
ff,125,op0_n100_s0p5_w3,op0,-0.1,0.5,3.0,10.5,1.79942,0,-0.0995182,0.017295,1.50836,False,True,True,True
ff,125,op0_n100_s0p5_w5,op0,-0.1,0.5,5.0,12.5,1.79942,0,-0.0995182,0.017295,1.50836,False,True,True,True
ff,125,op0_n100_s0p5_w7p5,op0,-0.1,0.5,7.5,15.0,1.79942,0,-0.0995182,0.0173813,1.50836,False,True,True,True
ff,125,op0_n100_s0p5_w10,op0,-0.1,0.5,10.0,17.5,1.79942,0,-0.0995182,0.017295,1.50836,False,True,True,True
ff,125,op0_n100_s0p5_w15,op0,-0.1,0.5,15.0,22.5,1.79942,0,-0.0995182,0.0154807,1.50836,False,True,True,True
ff,125,op0_n100_s0p5_w20,op0,-0.1,0.5,20.0,27.5,1.79942,0,-0.0995182,0.0154807,1.50836,False,True,True,True
ff,125,op0_n100_s0p5_w30,op0,-0.1,0.5,30.0,37.5,1.79942,0,-0.0995182,0.0154806,1.50836,False,True,True,True
ff,125,op0_n100_s0p5_w50,op0,-0.1,0.5,50.0,57.5,1.79942,0,-0.0995182,0.0154807,1.50836,False,True,True,True
ff,125,op0_n100_s1_w0p2,op0,-0.1,1.0,0.2,8.2,1.79942,0,-0.0991968,0.0158065,1.50836,True,True,True,True
ff,125,op0_n100_s1_w0p5,op0,-0.1,1.0,0.5,8.5,1.79942,0,-0.0991968,0.015481,1.50836,False,True,True,True
ff,125,op0_n100_s1_w1,op0,-0.1,1.0,1.0,9.0,1.79942,0,-0.0991968,0.0137784,1.50836,False,True,True,True
ff,125,op0_n100_s1_w2,op0,-0.1,1.0,2.0,10.0,1.79942,0,-0.0991968,0.0173815,1.50836,False,True,True,True
ff,125,op0_n100_s1_w3,op0,-0.1,1.0,3.0,11.0,1.79942,0,-0.0991968,0.0172955,1.50836,False,True,True,True
ff,125,op0_n100_s1_w5,op0,-0.1,1.0,5.0,13.0,1.79942,0,-0.0991968,0.017295,1.50836,False,True,True,True
ff,125,op0_n100_s1_w7p5,op0,-0.1,1.0,7.5,15.5,1.79942,0,-0.0991968,0.0154807,1.50836,False,True,True,True
ff,125,op0_n100_s1_w10,op0,-0.1,1.0,10.0,18.0,1.79942,0,-0.0991968,0.0154807,1.50836,False,True,True,True
ff,125,op0_n100_s1_w15,op0,-0.1,1.0,15.0,23.0,1.79942,0,-0.0991968,0.0154807,1.50836,False,True,True,True
ff,125,op0_n100_s1_w20,op0,-0.1,1.0,20.0,28.0,1.79942,0,-0.0991968,0.0154806,1.50836,False,True,True,True
ff,125,op0_n100_s1_w30,op0,-0.1,1.0,30.0,38.0,1.79942,0,-0.0991968,0.0154806,1.50836,False,True,True,True
ff,125,op0_n100_s1_w50,op0,-0.1,1.0,50.0,58.0,1.79942,0,-0.0991968,0.0154806,1.50836,False,True,True,True
ff,125,op0_n100_s2_w0p2,op0,-0.1,2.0,0.2,9.2,1.79942,0,-0.0985649,0.0158066,1.50836,True,True,True,True
ff,125,op0_n100_s2_w0p5,op0,-0.1,2.0,0.5,9.5,1.79942,0,-0.0985649,0.015481,1.50836,False,True,True,True
ff,125,op0_n100_s2_w1,op0,-0.1,2.0,1.0,10.0,1.79942,0,-0.0985649,0.0173815,1.50836,False,True,True,True
ff,125,op0_n100_s2_w2,op0,-0.1,2.0,2.0,11.0,1.79942,0,-0.0985649,0.0172955,1.50836,False,True,True,True
ff,125,op0_n100_s2_w3,op0,-0.1,2.0,3.0,12.0,1.79942,0,-0.0985649,0.0137782,1.50836,False,True,True,True
ff,125,op0_n100_s2_w5,op0,-0.1,2.0,5.0,14.0,1.79942,0,-0.0985649,0.0172954,1.50836,False,True,True,True
ff,125,op0_n100_s2_w7p5,op0,-0.1,2.0,7.5,16.5,1.79942,0,-0.0985649,0.0154807,1.50836,False,True,True,True
ff,125,op0_n100_s2_w10,op0,-0.1,2.0,10.0,19.0,1.79942,0,-0.0985649,0.0172952,1.50836,False,True,True,True
ff,125,op0_n100_s2_w15,op0,-0.1,2.0,15.0,24.0,1.79942,0,-0.0985649,0.017295,1.50836,False,True,True,True
ff,125,op0_n100_s2_w20,op0,-0.1,2.0,20.0,29.0,1.79942,0,-0.0985649,0.0172952,1.50836,False,True,True,True
ff,125,op0_n100_s2_w30,op0,-0.1,2.0,30.0,39.0,1.79942,0,-0.0985649,0.017295,1.50836,False,True,True,True
ff,125,op0_n100_s2_w50,op0,-0.1,2.0,50.0,59.0,1.79942,0,-0.0985649,0.0154807,1.50836,False,True,True,True
ff,125,op0_n100_s5_w0p2,op0,-0.1,5.0,0.2,12.2,1.79942,0,-0.0967573,0.0158069,1.50836,True,True,True,True
ff,125,op0_n100_s5_w0p5,op0,-0.1,5.0,0.5,12.5,1.79942,0,-0.0967573,0.0172954,1.50836,False,True,True,True
ff,125,op0_n100_s5_w1,op0,-0.1,5.0,1.0,13.0,1.79942,0,-0.0967573,0.017295,1.50836,False,True,True,True
ff,125,op0_n100_s5_w2,op0,-0.1,5.0,2.0,14.0,1.79942,0,-0.0967573,0.0172954,1.50836,False,True,True,True
ff,125,op0_n100_s5_w3,op0,-0.1,5.0,3.0,15.0,1.79942,0,-0.0967573,0.0173813,1.50836,False,True,True,True
ff,125,op0_n100_s5_w5,op0,-0.1,5.0,5.0,17.0,1.79942,0,-0.0967573,0.0137782,1.50836,False,True,True,True
ff,125,op0_n100_s5_w7p5,op0,-0.1,5.0,7.5,19.5,1.79942,0,-0.0967573,0.0172951,1.50836,False,True,True,True
ff,125,op0_n100_s5_w10,op0,-0.1,5.0,10.0,22.0,1.79942,0,-0.0967573,0.0172951,1.50836,False,True,True,True
ff,125,op0_n100_s5_w15,op0,-0.1,5.0,15.0,27.0,1.79942,0,-0.0967573,0.0154807,1.50836,False,True,True,True
ff,125,op0_n100_s5_w20,op0,-0.1,5.0,20.0,32.0,1.79942,0,-0.0967573,0.0154799,1.50836,False,True,True,True
ff,125,op0_n100_s5_w30,op0,-0.1,5.0,30.0,42.0,1.79942,0,-0.0967573,0.0154799,1.50836,False,True,True,True
ff,125,op0_n100_s5_w50,op0,-0.1,5.0,50.0,62.0,1.79942,0,-0.0967573,0.0154799,1.50836,False,True,True,True
ff,125,op0_n100_s10_w0p2,op0,-0.1,10.0,0.2,17.2,1.79942,0,-0.0939899,0.0158072,1.50836,True,True,True,True
ff,125,op0_n100_s10_w0p5,op0,-0.1,10.0,0.5,17.5,1.79942,0,-0.0939899,0.0172954,1.50836,False,True,True,True
ff,125,op0_n100_s10_w1,op0,-0.1,10.0,1.0,18.0,1.79942,0,-0.0939899,0.0154807,1.50836,False,True,True,True
ff,125,op0_n100_s10_w2,op0,-0.1,10.0,2.0,19.0,1.79942,0,-0.0939899,0.0172952,1.50836,False,True,True,True
ff,125,op0_n100_s10_w3,op0,-0.1,10.0,3.0,20.0,1.79942,0,-0.0939899,0.017295,1.50836,False,True,True,True
ff,125,op0_n100_s10_w5,op0,-0.1,10.0,5.0,22.0,1.79942,0,-0.0939899,0.0172951,1.50836,False,True,True,True
ff,125,op0_n100_s10_w7p5,op0,-0.1,10.0,7.5,24.5,1.79942,0,-0.0939899,0.0172951,1.50836,False,True,True,True
ff,125,op0_n100_s10_w10,op0,-0.1,10.0,10.0,27.0,1.79942,0,-0.0939899,0.0154807,1.50836,False,True,True,True
ff,125,op0_n100_s10_w15,op0,-0.1,10.0,15.0,32.0,1.79942,0,-0.0939899,0.0154799,1.50836,False,True,True,True
ff,125,op0_n100_s10_w20,op0,-0.1,10.0,20.0,37.0,1.79942,0,-0.0939899,0.0154807,1.50836,False,True,True,True
ff,125,op0_n100_s10_w30,op0,-0.1,10.0,30.0,47.0,1.79942,0,-0.0939899,0.0154799,1.50836,False,True,True,True
ff,125,op0_n100_s10_w50,op0,-0.1,10.0,50.0,67.0,1.79942,0,-0.0939899,0.0154799,1.50836,False,True,True,True
ff,125,op0_0000_s0p5_w0p2,op0,0.0,0.5,0.2,7.7,1.79942,0,-2.54796e-05,0.0158445,1.50836,True,True,True,True
ff,125,op0_0000_s0p5_w0p5,op0,0.0,0.5,0.5,8.0,1.79942,0,-2.54796e-05,0.0137791,1.50836,False,True,True,True
ff,125,op0_0000_s0p5_w1,op0,0.0,0.5,1.0,8.5,1.79942,0,-2.54796e-05,0.0154811,1.50836,False,True,True,True
ff,125,op0_0000_s0p5_w2,op0,0.0,0.5,2.0,9.5,1.79942,0,-2.54796e-05,0.0154811,1.50836,False,True,True,True
ff,125,op0_0000_s0p5_w3,op0,0.0,0.5,3.0,10.5,1.79942,0,-2.54796e-05,0.0172955,1.50836,False,True,True,True
ff,125,op0_0000_s0p5_w5,op0,0.0,0.5,5.0,12.5,1.79942,0,-2.54796e-05,0.0172955,1.50836,False,True,True,True
ff,125,op0_0000_s0p5_w7p5,op0,0.0,0.5,7.5,15.0,1.79942,0,-2.54796e-05,0.0173818,1.50836,False,True,True,True
ff,125,op0_0000_s0p5_w10,op0,0.0,0.5,10.0,17.5,1.79942,0,-2.54796e-05,0.0172955,1.50836,False,True,True,True
ff,125,op0_0000_s0p5_w15,op0,0.0,0.5,15.0,22.5,1.79942,0,-2.54796e-05,0.0154811,1.50836,False,True,True,True
ff,125,op0_0000_s0p5_w20,op0,0.0,0.5,20.0,27.5,1.79942,0,-2.54796e-05,0.0154811,1.50836,False,True,True,True
ff,125,op0_0000_s0p5_w30,op0,0.0,0.5,30.0,37.5,1.79942,0,-2.54796e-05,0.0154811,1.50836,False,True,True,True
ff,125,op0_0000_s0p5_w50,op0,0.0,0.5,50.0,57.5,1.79942,0,-2.54796e-05,0.0154811,1.50836,False,True,True,True
ff,125,op0_0000_s1_w0p2,op0,0.0,1.0,0.2,8.2,1.79942,0,-3.79669e-06,0.0158445,1.50836,True,True,True,True
ff,125,op0_0000_s1_w0p5,op0,0.0,1.0,0.5,8.5,1.79942,0,-3.79669e-06,0.0154815,1.50836,False,True,True,True
ff,125,op0_0000_s1_w1,op0,0.0,1.0,1.0,9.0,1.79942,0,-3.79669e-06,0.0137789,1.50836,False,True,True,True
ff,125,op0_0000_s1_w2,op0,0.0,1.0,2.0,10.0,1.79942,0,-3.79669e-06,0.017382,1.50836,False,True,True,True
ff,125,op0_0000_s1_w3,op0,0.0,1.0,3.0,11.0,1.79942,0,-3.79669e-06,0.0172959,1.50836,False,True,True,True
ff,125,op0_0000_s1_w5,op0,0.0,1.0,5.0,13.0,1.79942,0,-3.79669e-06,0.0172955,1.50836,False,True,True,True
ff,125,op0_0000_s1_w7p5,op0,0.0,1.0,7.5,15.5,1.79942,0,-3.79669e-06,0.0154811,1.50836,False,True,True,True
ff,125,op0_0000_s1_w10,op0,0.0,1.0,10.0,18.0,1.79942,0,-3.79669e-06,0.0154811,1.50836,False,True,True,True
ff,125,op0_0000_s1_w15,op0,0.0,1.0,15.0,23.0,1.79942,0,-3.79669e-06,0.0154811,1.50836,False,True,True,True
ff,125,op0_0000_s1_w20,op0,0.0,1.0,20.0,28.0,1.79942,0,-3.79669e-06,0.0154811,1.50836,False,True,True,True
ff,125,op0_0000_s1_w30,op0,0.0,1.0,30.0,38.0,1.79942,0,-3.79669e-06,0.0154811,1.50836,False,True,True,True
ff,125,op0_0000_s1_w50,op0,0.0,1.0,50.0,58.0,1.79942,0,-3.79669e-06,0.0154811,1.50836,False,True,True,True
ff,125,op0_0000_s2_w0p2,op0,0.0,2.0,0.2,9.2,1.79942,0,3.92777e-05,0.0158445,1.50836,True,True,True,True
ff,125,op0_0000_s2_w0p5,op0,0.0,2.0,0.5,9.5,1.79942,0,3.92777e-05,0.0154815,1.50836,False,True,True,True
ff,125,op0_0000_s2_w1,op0,0.0,2.0,1.0,10.0,1.79942,0,3.92777e-05,0.017382,1.50836,False,True,True,True
ff,125,op0_0000_s2_w2,op0,0.0,2.0,2.0,11.0,1.79942,0,3.92777e-05,0.0172959,1.50836,False,True,True,True
ff,125,op0_0000_s2_w3,op0,0.0,2.0,3.0,12.0,1.79942,0,3.92777e-05,0.0137786,1.50836,False,True,True,True
ff,125,op0_0000_s2_w5,op0,0.0,2.0,5.0,14.0,1.79942,0,3.92777e-05,0.0172959,1.50836,False,True,True,True
ff,125,op0_0000_s2_w7p5,op0,0.0,2.0,7.5,16.5,1.79942,0,3.92777e-05,0.0154811,1.50836,False,True,True,True
ff,125,op0_0000_s2_w10,op0,0.0,2.0,10.0,19.0,1.79942,0,3.92777e-05,0.0172957,1.50836,False,True,True,True
ff,125,op0_0000_s2_w15,op0,0.0,2.0,15.0,24.0,1.79942,0,3.92777e-05,0.0172955,1.50836,False,True,True,True
ff,125,op0_0000_s2_w20,op0,0.0,2.0,20.0,29.0,1.79942,0,3.92777e-05,0.0172957,1.50836,False,True,True,True
ff,125,op0_0000_s2_w30,op0,0.0,2.0,30.0,39.0,1.79942,0,3.92777e-05,0.0172955,1.50836,False,True,True,True
ff,125,op0_0000_s2_w50,op0,0.0,2.0,50.0,59.0,1.79942,0,3.92777e-05,0.0154811,1.50836,False,True,True,True
ff,125,op0_0000_s5_w0p2,op0,0.0,5.0,0.2,12.2,1.79942,0,0.00016577,0.0158446,1.50836,True,True,True,True
ff,125,op0_0000_s5_w0p5,op0,0.0,5.0,0.5,12.5,1.79942,0,0.00016577,0.0172959,1.50836,False,True,True,True
ff,125,op0_0000_s5_w1,op0,0.0,5.0,1.0,13.0,1.79942,0,0.00016577,0.0172955,1.50836,False,True,True,True
ff,125,op0_0000_s5_w2,op0,0.0,5.0,2.0,14.0,1.79942,0,0.00016577,0.0172959,1.50836,False,True,True,True
ff,125,op0_0000_s5_w3,op0,0.0,5.0,3.0,15.0,1.79942,0,0.00016577,0.0173818,1.50836,False,True,True,True
ff,125,op0_0000_s5_w5,op0,0.0,5.0,5.0,17.0,1.79942,0,0.00016577,0.0137786,1.50836,False,True,True,True
ff,125,op0_0000_s5_w7p5,op0,0.0,5.0,7.5,19.5,1.79942,0,0.00016577,0.0172955,1.50836,False,True,True,True
ff,125,op0_0000_s5_w10,op0,0.0,5.0,10.0,22.0,1.79942,0,0.00016577,0.0172956,1.50836,False,True,True,True
ff,125,op0_0000_s5_w15,op0,0.0,5.0,15.0,27.0,1.79942,0,0.00016577,0.0154811,1.50836,False,True,True,True
ff,125,op0_0000_s5_w20,op0,0.0,5.0,20.0,32.0,1.79942,0,0.00016577,0.0154804,1.50836,False,True,True,True
ff,125,op0_0000_s5_w30,op0,0.0,5.0,30.0,42.0,1.79942,0,0.00016577,0.0154804,1.50836,False,True,True,True
ff,125,op0_0000_s5_w50,op0,0.0,5.0,50.0,62.0,1.79942,0,0.00016577,0.0154803,1.50836,False,True,True,True
ff,125,op0_0000_s10_w0p2,op0,0.0,10.0,0.2,17.2,1.79942,0,0.000369371,0.0158446,1.50836,True,True,True,True
ff,125,op0_0000_s10_w0p5,op0,0.0,10.0,0.5,17.5,1.79942,0,0.000369371,0.0172959,1.50836,False,True,True,True
ff,125,op0_0000_s10_w1,op0,0.0,10.0,1.0,18.0,1.79942,0,0.000369371,0.0154811,1.50836,False,True,True,True
ff,125,op0_0000_s10_w2,op0,0.0,10.0,2.0,19.0,1.79942,0,0.000369371,0.0172957,1.50836,False,True,True,True
ff,125,op0_0000_s10_w3,op0,0.0,10.0,3.0,20.0,1.79942,0,0.000369371,0.0172955,1.50836,False,True,True,True
ff,125,op0_0000_s10_w5,op0,0.0,10.0,5.0,22.0,1.79942,0,0.000369371,0.0172956,1.50836,False,True,True,True
ff,125,op0_0000_s10_w7p5,op0,0.0,10.0,7.5,24.5,1.79942,0,0.000369371,0.0172955,1.50836,False,True,True,True
ff,125,op0_0000_s10_w10,op0,0.0,10.0,10.0,27.0,1.79942,0,0.000369371,0.0154811,1.50836,False,True,True,True
ff,125,op0_0000_s10_w15,op0,0.0,10.0,15.0,32.0,1.79942,0,0.000369371,0.0154804,1.50836,False,True,True,True
ff,125,op0_0000_s10_w20,op0,0.0,10.0,20.0,37.0,1.79942,0,0.000369371,0.0154811,1.50836,False,True,True,True
ff,125,op0_0000_s10_w30,op0,0.0,10.0,30.0,47.0,1.79942,0,0.000369371,0.0154804,1.50836,False,True,True,True
ff,125,op0_0000_s10_w50,op0,0.0,10.0,50.0,67.0,1.79942,0,0.000369371,0.0154803,1.50836,False,True,True,True
sf,27,op1_0900_s0p5_w0p2,op1,0.9,0.5,0.2,7.7,-1.72116,1,0.769669,1.1823,1.43612,True,False,False,False
sf,27,op1_0900_s0p5_w0p5,op1,0.9,0.5,0.5,8.0,-1.72116,1,0.769669,1.29651,1.43612,False,True,False,False
sf,27,op1_0900_s0p5_w1,op1,0.9,0.5,1.0,8.5,-1.72116,1,0.769669,1.34968,1.43612,False,True,False,False
sf,27,op1_0900_s0p5_w2,op1,0.9,0.5,2.0,9.5,-1.72116,1,0.769669,1.39189,1.43612,False,True,True,False
sf,27,op1_0900_s0p5_w3,op1,0.9,0.5,3.0,10.5,-1.72116,1,0.769669,1.41394,1.43612,False,True,True,True
sf,27,op1_0900_s0p5_w5,op1,0.9,0.5,5.0,12.5,-1.72116,1,0.769669,1.44,1.43612,False,True,True,True
sf,27,op1_0900_s0p5_w7p5,op1,0.9,0.5,7.5,15.0,-1.72116,1,0.769669,1.45969,1.43612,False,True,True,True
sf,27,op1_0900_s0p5_w10,op1,0.9,0.5,10.0,17.5,-1.72116,1,0.769669,1.47328,1.43612,False,True,True,True
sf,27,op1_0900_s0p5_w15,op1,0.9,0.5,15.0,22.5,-1.72116,1,0.769669,1.49197,1.43612,False,True,True,True
sf,27,op1_0900_s0p5_w20,op1,0.9,0.5,20.0,27.5,-1.72116,1,0.769669,1.50497,1.43612,False,True,True,True
sf,27,op1_0900_s0p5_w30,op1,0.9,0.5,30.0,37.5,-1.72116,1,0.769669,1.52297,1.43612,False,True,True,True
sf,27,op1_0900_s0p5_w50,op1,0.9,0.5,50.0,57.5,-1.72116,1,0.769669,1.54523,1.43612,False,True,True,True
sf,27,op1_0900_s1_w0p2,op1,0.9,1.0,0.2,8.2,-1.72116,1,0.769672,1.1823,1.43612,True,False,False,False
sf,27,op1_0900_s1_w0p5,op1,0.9,1.0,0.5,8.5,-1.72116,1,0.769672,1.29652,1.43612,False,True,False,False
sf,27,op1_0900_s1_w1,op1,0.9,1.0,1.0,9.0,-1.72116,1,0.769672,1.34968,1.43612,False,True,False,False
sf,27,op1_0900_s1_w2,op1,0.9,1.0,2.0,10.0,-1.72116,1,0.769672,1.39188,1.43612,False,True,True,False
sf,27,op1_0900_s1_w3,op1,0.9,1.0,3.0,11.0,-1.72116,1,0.769672,1.41394,1.43612,False,True,True,True
sf,27,op1_0900_s1_w5,op1,0.9,1.0,5.0,13.0,-1.72116,1,0.769672,1.44,1.43612,False,True,True,True
sf,27,op1_0900_s1_w7p5,op1,0.9,1.0,7.5,15.5,-1.72116,1,0.769672,1.4597,1.43612,False,True,True,True
sf,27,op1_0900_s1_w10,op1,0.9,1.0,10.0,18.0,-1.72116,1,0.769672,1.47328,1.43612,False,True,True,True
sf,27,op1_0900_s1_w15,op1,0.9,1.0,15.0,23.0,-1.72116,1,0.769672,1.49198,1.43612,False,True,True,True
sf,27,op1_0900_s1_w20,op1,0.9,1.0,20.0,28.0,-1.72116,1,0.769672,1.50498,1.43612,False,True,True,True
sf,27,op1_0900_s1_w30,op1,0.9,1.0,30.0,38.0,-1.72116,1,0.769672,1.52297,1.43612,False,True,True,True
sf,27,op1_0900_s1_w50,op1,0.9,1.0,50.0,58.0,-1.72116,1,0.769672,1.54524,1.43612,False,True,True,True
sf,27,op1_0900_s2_w0p2,op1,0.9,2.0,0.2,9.2,-1.72116,1,0.769669,1.1823,1.43612,True,False,False,False
sf,27,op1_0900_s2_w0p5,op1,0.9,2.0,0.5,9.5,-1.72116,1,0.769669,1.29652,1.43612,False,True,False,False
sf,27,op1_0900_s2_w1,op1,0.9,2.0,1.0,10.0,-1.72116,1,0.769669,1.34967,1.43612,False,True,False,False
sf,27,op1_0900_s2_w2,op1,0.9,2.0,2.0,11.0,-1.72116,1,0.769669,1.39189,1.43612,False,True,True,False
sf,27,op1_0900_s2_w3,op1,0.9,2.0,3.0,12.0,-1.72116,1,0.769669,1.41393,1.43612,False,True,True,True
sf,27,op1_0900_s2_w5,op1,0.9,2.0,5.0,14.0,-1.72116,1,0.769669,1.43999,1.43612,False,True,True,True
sf,27,op1_0900_s2_w7p5,op1,0.9,2.0,7.5,16.5,-1.72116,1,0.769669,1.4597,1.43612,False,True,True,True
sf,27,op1_0900_s2_w10,op1,0.9,2.0,10.0,19.0,-1.72116,1,0.769669,1.47328,1.43612,False,True,True,True
sf,27,op1_0900_s2_w15,op1,0.9,2.0,15.0,24.0,-1.72116,1,0.769669,1.49197,1.43612,False,True,True,True
sf,27,op1_0900_s2_w20,op1,0.9,2.0,20.0,29.0,-1.72116,1,0.769669,1.50497,1.43612,False,True,True,True
sf,27,op1_0900_s2_w30,op1,0.9,2.0,30.0,39.0,-1.72116,1,0.769669,1.52297,1.43612,False,True,True,True
sf,27,op1_0900_s2_w50,op1,0.9,2.0,50.0,59.0,-1.72116,1,0.769669,1.54523,1.43612,False,True,True,True
sf,27,op1_0900_s5_w0p2,op1,0.9,5.0,0.2,12.2,-1.72116,1,0.769667,1.1823,1.43612,True,False,False,False
sf,27,op1_0900_s5_w0p5,op1,0.9,5.0,0.5,12.5,-1.72116,1,0.769667,1.29652,1.43612,False,True,False,False
sf,27,op1_0900_s5_w1,op1,0.9,5.0,1.0,13.0,-1.72116,1,0.769667,1.3497,1.43612,False,True,False,False
sf,27,op1_0900_s5_w2,op1,0.9,5.0,2.0,14.0,-1.72116,1,0.769667,1.39189,1.43612,False,True,True,False
sf,27,op1_0900_s5_w3,op1,0.9,5.0,3.0,15.0,-1.72116,1,0.769667,1.41393,1.43612,False,True,True,True
sf,27,op1_0900_s5_w5,op1,0.9,5.0,5.0,17.0,-1.72116,1,0.769667,1.43999,1.43612,False,True,True,True
sf,27,op1_0900_s5_w7p5,op1,0.9,5.0,7.5,19.5,-1.72116,1,0.769667,1.45971,1.43612,False,True,True,True
sf,27,op1_0900_s5_w10,op1,0.9,5.0,10.0,22.0,-1.72116,1,0.769667,1.47328,1.43612,False,True,True,True
sf,27,op1_0900_s5_w15,op1,0.9,5.0,15.0,27.0,-1.72116,1,0.769667,1.49197,1.43612,False,True,True,True
sf,27,op1_0900_s5_w20,op1,0.9,5.0,20.0,32.0,-1.72116,1,0.769667,1.50497,1.43612,False,True,True,True
sf,27,op1_0900_s5_w30,op1,0.9,5.0,30.0,42.0,-1.72116,1,0.769667,1.52297,1.43612,False,True,True,True
sf,27,op1_0900_s5_w50,op1,0.9,5.0,50.0,62.0,-1.72116,1,0.769667,1.54523,1.43612,False,True,True,True
sf,27,op1_0900_s10_w0p2,op1,0.9,10.0,0.2,17.2,-1.72116,1,0.769662,1.1823,1.43612,True,False,False,False
sf,27,op1_0900_s10_w0p5,op1,0.9,10.0,0.5,17.5,-1.72116,1,0.769662,1.29652,1.43612,False,True,False,False
sf,27,op1_0900_s10_w1,op1,0.9,10.0,1.0,18.0,-1.72116,1,0.769662,1.3497,1.43612,False,True,False,False
sf,27,op1_0900_s10_w2,op1,0.9,10.0,2.0,19.0,-1.72116,1,0.769662,1.39189,1.43612,False,True,True,False
sf,27,op1_0900_s10_w3,op1,0.9,10.0,3.0,20.0,-1.72116,1,0.769662,1.41394,1.43612,False,True,True,True
sf,27,op1_0900_s10_w5,op1,0.9,10.0,5.0,22.0,-1.72116,1,0.769662,1.44,1.43612,False,True,True,True
sf,27,op1_0900_s10_w7p5,op1,0.9,10.0,7.5,24.5,-1.72116,1,0.769662,1.45971,1.43612,False,True,True,True
sf,27,op1_0900_s10_w10,op1,0.9,10.0,10.0,27.0,-1.72116,1,0.769662,1.47328,1.43612,False,True,True,True
sf,27,op1_0900_s10_w15,op1,0.9,10.0,15.0,32.0,-1.72116,1,0.769662,1.49197,1.43612,False,True,True,True
sf,27,op1_0900_s10_w20,op1,0.9,10.0,20.0,37.0,-1.72116,1,0.769662,1.50496,1.43612,False,True,True,True
sf,27,op1_0900_s10_w30,op1,0.9,10.0,30.0,47.0,-1.72116,1,0.769662,1.52297,1.43612,False,True,True,True
sf,27,op1_0900_s10_w50,op1,0.9,10.0,50.0,67.0,-1.72116,1,0.769662,1.54523,1.43612,False,True,True,True
sf,27,op1_1000_s0p5_w0p2,op1,1.0,0.5,0.2,7.7,-1.68868,1,0.872107,1.18379,1.43612,True,False,False,False
sf,27,op1_1000_s0p5_w0p5,op1,1.0,0.5,0.5,8.0,-1.68868,1,0.872107,1.29004,1.43612,False,False,False,False
sf,27,op1_1000_s0p5_w1,op1,1.0,0.5,1.0,8.5,-1.68868,1,0.872107,1.34215,1.43612,False,True,False,False
sf,27,op1_1000_s0p5_w2,op1,1.0,0.5,2.0,9.5,-1.68868,1,0.872107,1.38394,1.43612,False,True,True,False
sf,27,op1_1000_s0p5_w3,op1,1.0,0.5,3.0,10.5,-1.68868,1,0.872107,1.40585,1.43612,False,True,True,False
sf,27,op1_1000_s0p5_w5,op1,1.0,0.5,5.0,12.5,-1.68868,1,0.872107,1.43181,1.43612,False,True,True,True
sf,27,op1_1000_s0p5_w7p5,op1,1.0,0.5,7.5,15.0,-1.68868,1,0.872107,1.45143,1.43612,False,True,True,True
sf,27,op1_1000_s0p5_w10,op1,1.0,0.5,10.0,17.5,-1.68868,1,0.872107,1.465,1.43612,False,True,True,True
sf,27,op1_1000_s0p5_w15,op1,1.0,0.5,15.0,22.5,-1.68868,1,0.872107,1.48365,1.43612,False,True,True,True
sf,27,op1_1000_s0p5_w20,op1,1.0,0.5,20.0,27.5,-1.68868,1,0.872107,1.49662,1.43612,False,True,True,True
sf,27,op1_1000_s0p5_w30,op1,1.0,0.5,30.0,37.5,-1.68868,1,0.872107,1.5146,1.43612,False,True,True,True
sf,27,op1_1000_s0p5_w50,op1,1.0,0.5,50.0,57.5,-1.68868,1,0.872107,1.53684,1.43612,False,True,True,True
sf,27,op1_1000_s1_w0p2,op1,1.0,1.0,0.2,8.2,-1.68868,1,0.872107,1.1838,1.43612,True,False,False,False
sf,27,op1_1000_s1_w0p5,op1,1.0,1.0,0.5,8.5,-1.68868,1,0.872107,1.29005,1.43612,False,False,False,False
sf,27,op1_1000_s1_w1,op1,1.0,1.0,1.0,9.0,-1.68868,1,0.872107,1.34215,1.43612,False,True,False,False
sf,27,op1_1000_s1_w2,op1,1.0,1.0,2.0,10.0,-1.68868,1,0.872107,1.38392,1.43612,False,True,True,False
sf,27,op1_1000_s1_w3,op1,1.0,1.0,3.0,11.0,-1.68868,1,0.872107,1.40586,1.43612,False,True,True,False
sf,27,op1_1000_s1_w5,op1,1.0,1.0,5.0,13.0,-1.68868,1,0.872107,1.43181,1.43612,False,True,True,True
sf,27,op1_1000_s1_w7p5,op1,1.0,1.0,7.5,15.5,-1.68868,1,0.872107,1.45145,1.43612,False,True,True,True
sf,27,op1_1000_s1_w10,op1,1.0,1.0,10.0,18.0,-1.68868,1,0.872107,1.465,1.43612,False,True,True,True
sf,27,op1_1000_s1_w15,op1,1.0,1.0,15.0,23.0,-1.68868,1,0.872107,1.48366,1.43612,False,True,True,True
sf,27,op1_1000_s1_w20,op1,1.0,1.0,20.0,28.0,-1.68868,1,0.872107,1.49663,1.43612,False,True,True,True
sf,27,op1_1000_s1_w30,op1,1.0,1.0,30.0,38.0,-1.68868,1,0.872107,1.51461,1.43612,False,True,True,True
sf,27,op1_1000_s1_w50,op1,1.0,1.0,50.0,58.0,-1.68868,1,0.872107,1.53685,1.43612,False,True,True,True
sf,27,op1_1000_s2_w0p2,op1,1.0,2.0,0.2,9.2,-1.68868,1,0.872106,1.1838,1.43612,True,False,False,False
sf,27,op1_1000_s2_w0p5,op1,1.0,2.0,0.5,9.5,-1.68868,1,0.872106,1.29005,1.43612,False,False,False,False
sf,27,op1_1000_s2_w1,op1,1.0,2.0,1.0,10.0,-1.68868,1,0.872106,1.34214,1.43612,False,True,False,False
sf,27,op1_1000_s2_w2,op1,1.0,2.0,2.0,11.0,-1.68868,1,0.872106,1.38394,1.43612,False,True,True,False
sf,27,op1_1000_s2_w3,op1,1.0,2.0,3.0,12.0,-1.68868,1,0.872106,1.40584,1.43612,False,True,True,False
sf,27,op1_1000_s2_w5,op1,1.0,2.0,5.0,14.0,-1.68868,1,0.872106,1.4318,1.43612,False,True,True,True
sf,27,op1_1000_s2_w7p5,op1,1.0,2.0,7.5,16.5,-1.68868,1,0.872106,1.45145,1.43612,False,True,True,True
sf,27,op1_1000_s2_w10,op1,1.0,2.0,10.0,19.0,-1.68868,1,0.872106,1.465,1.43612,False,True,True,True
sf,27,op1_1000_s2_w15,op1,1.0,2.0,15.0,24.0,-1.68868,1,0.872106,1.48365,1.43612,False,True,True,True
sf,27,op1_1000_s2_w20,op1,1.0,2.0,20.0,29.0,-1.68868,1,0.872106,1.49662,1.43612,False,True,True,True
sf,27,op1_1000_s2_w30,op1,1.0,2.0,30.0,39.0,-1.68868,1,0.872106,1.5146,1.43612,False,True,True,True
sf,27,op1_1000_s2_w50,op1,1.0,2.0,50.0,59.0,-1.68868,1,0.872106,1.53684,1.43612,False,True,True,True
sf,27,op1_1000_s5_w0p2,op1,1.0,5.0,0.2,12.2,-1.68868,1,0.872103,1.1838,1.43612,True,False,False,False
sf,27,op1_1000_s5_w0p5,op1,1.0,5.0,0.5,12.5,-1.68868,1,0.872103,1.29005,1.43612,False,False,False,False
sf,27,op1_1000_s5_w1,op1,1.0,5.0,1.0,13.0,-1.68868,1,0.872103,1.34217,1.43612,False,True,False,False
sf,27,op1_1000_s5_w2,op1,1.0,5.0,2.0,14.0,-1.68868,1,0.872103,1.38394,1.43612,False,True,True,False
sf,27,op1_1000_s5_w3,op1,1.0,5.0,3.0,15.0,-1.68868,1,0.872103,1.40585,1.43612,False,True,True,False
sf,27,op1_1000_s5_w5,op1,1.0,5.0,5.0,17.0,-1.68868,1,0.872103,1.4318,1.43612,False,True,True,True
sf,27,op1_1000_s5_w7p5,op1,1.0,5.0,7.5,19.5,-1.68868,1,0.872103,1.45145,1.43612,False,True,True,True
sf,27,op1_1000_s5_w10,op1,1.0,5.0,10.0,22.0,-1.68868,1,0.872103,1.465,1.43612,False,True,True,True
sf,27,op1_1000_s5_w15,op1,1.0,5.0,15.0,27.0,-1.68868,1,0.872103,1.48365,1.43612,False,True,True,True
sf,27,op1_1000_s5_w20,op1,1.0,5.0,20.0,32.0,-1.68868,1,0.872103,1.49662,1.43612,False,True,True,True
sf,27,op1_1000_s5_w30,op1,1.0,5.0,30.0,42.0,-1.68868,1,0.872103,1.5146,1.43612,False,True,True,True
sf,27,op1_1000_s5_w50,op1,1.0,5.0,50.0,62.0,-1.68868,1,0.872103,1.53684,1.43612,False,True,True,True
sf,27,op1_1000_s10_w0p2,op1,1.0,10.0,0.2,17.2,-1.68868,1,0.872099,1.1838,1.43612,True,False,False,False
sf,27,op1_1000_s10_w0p5,op1,1.0,10.0,0.5,17.5,-1.68868,1,0.872099,1.29005,1.43612,False,False,False,False
sf,27,op1_1000_s10_w1,op1,1.0,10.0,1.0,18.0,-1.68868,1,0.872099,1.34217,1.43612,False,True,False,False
sf,27,op1_1000_s10_w2,op1,1.0,10.0,2.0,19.0,-1.68868,1,0.872099,1.38395,1.43612,False,True,True,False
sf,27,op1_1000_s10_w3,op1,1.0,10.0,3.0,20.0,-1.68868,1,0.872099,1.40586,1.43612,False,True,True,False
sf,27,op1_1000_s10_w5,op1,1.0,10.0,5.0,22.0,-1.68868,1,0.872099,1.43181,1.43612,False,True,True,True
sf,27,op1_1000_s10_w7p5,op1,1.0,10.0,7.5,24.5,-1.68868,1,0.872099,1.45145,1.43612,False,True,True,True
sf,27,op1_1000_s10_w10,op1,1.0,10.0,10.0,27.0,-1.68868,1,0.872099,1.465,1.43612,False,True,True,True
sf,27,op1_1000_s10_w15,op1,1.0,10.0,15.0,32.0,-1.68868,1,0.872099,1.48365,1.43612,False,True,True,True
sf,27,op1_1000_s10_w20,op1,1.0,10.0,20.0,37.0,-1.68868,1,0.872099,1.49662,1.43612,False,True,True,True
sf,27,op1_1000_s10_w30,op1,1.0,10.0,30.0,47.0,-1.68868,1,0.872099,1.5146,1.43612,False,True,True,True
sf,27,op1_1000_s10_w50,op1,1.0,10.0,50.0,67.0,-1.68868,1,0.872099,1.53684,1.43612,False,True,True,True
sf,27,op0_n100_s0p5_w0p2,op0,-0.1,0.5,0.2,7.7,1.8,0,-0.0999791,0.0203036,1.43612,True,True,True,True
sf,27,op0_n100_s0p5_w0p5,op0,-0.1,0.5,0.5,8.0,1.8,0,-0.0999791,0.0184323,1.43612,False,True,True,True
sf,27,op0_n100_s0p5_w1,op0,-0.1,0.5,1.0,8.5,1.8,0,-0.0999791,0.0201901,1.43612,False,True,True,True
sf,27,op0_n100_s0p5_w2,op0,-0.1,0.5,2.0,9.5,1.8,0,-0.0999791,0.0201821,1.43612,False,True,True,True
sf,27,op0_n100_s0p5_w3,op0,-0.1,0.5,3.0,10.5,1.8,0,-0.0999791,0.0218261,1.43612,False,True,True,True
sf,27,op0_n100_s0p5_w5,op0,-0.1,0.5,5.0,12.5,1.8,0,-0.0999791,0.0218259,1.43612,False,True,True,True
sf,27,op0_n100_s0p5_w7p5,op0,-0.1,0.5,7.5,15.0,1.8,0,-0.0999791,0.0218552,1.43612,False,True,True,True
sf,27,op0_n100_s0p5_w10,op0,-0.1,0.5,10.0,17.5,1.8,0,-0.0999791,0.0218259,1.43612,False,True,True,True
sf,27,op0_n100_s0p5_w15,op0,-0.1,0.5,15.0,22.5,1.8,0,-0.0999791,0.0201902,1.43612,False,True,True,True
sf,27,op0_n100_s0p5_w20,op0,-0.1,0.5,20.0,27.5,1.8,0,-0.0999791,0.0201822,1.43612,False,True,True,True
sf,27,op0_n100_s0p5_w30,op0,-0.1,0.5,30.0,37.5,1.8,0,-0.0999791,0.0201901,1.43612,False,True,True,True
sf,27,op0_n100_s0p5_w50,op0,-0.1,0.5,50.0,57.5,1.8,0,-0.0999791,0.0201902,1.43612,False,True,True,True
sf,27,op0_n100_s1_w0p2,op0,-0.1,1.0,0.2,8.2,1.8,0,-0.0999638,0.0203035,1.43612,True,True,True,True
sf,27,op0_n100_s1_w0p5,op0,-0.1,1.0,0.5,8.5,1.8,0,-0.0999638,0.0201903,1.43612,False,True,True,True
sf,27,op0_n100_s1_w1,op0,-0.1,1.0,1.0,9.0,1.8,0,-0.0999638,0.0184322,1.43612,False,True,True,True
sf,27,op0_n100_s1_w2,op0,-0.1,1.0,2.0,10.0,1.8,0,-0.0999638,0.0218554,1.43612,False,True,True,True
sf,27,op0_n100_s1_w3,op0,-0.1,1.0,3.0,11.0,1.8,0,-0.0999638,0.0218264,1.43612,False,True,True,True
sf,27,op0_n100_s1_w5,op0,-0.1,1.0,5.0,13.0,1.8,0,-0.0999638,0.021826,1.43612,False,True,True,True
sf,27,op0_n100_s1_w7p5,op0,-0.1,1.0,7.5,15.5,1.8,0,-0.0999638,0.0201902,1.43612,False,True,True,True
sf,27,op0_n100_s1_w10,op0,-0.1,1.0,10.0,18.0,1.8,0,-0.0999638,0.0201902,1.43612,False,True,True,True
sf,27,op0_n100_s1_w15,op0,-0.1,1.0,15.0,23.0,1.8,0,-0.0999638,0.0201819,1.43612,False,True,True,True
sf,27,op0_n100_s1_w20,op0,-0.1,1.0,20.0,28.0,1.8,0,-0.0999638,0.0201819,1.43612,False,True,True,True
sf,27,op0_n100_s1_w30,op0,-0.1,1.0,30.0,38.0,1.8,0,-0.0999638,0.0201899,1.43612,False,True,True,True
sf,27,op0_n100_s1_w50,op0,-0.1,1.0,50.0,58.0,1.8,0,-0.0999638,0.0201899,1.43612,False,True,True,True
sf,27,op0_n100_s2_w0p2,op0,-0.1,2.0,0.2,9.2,1.8,0,-0.0999333,0.0203035,1.43612,True,True,True,True
sf,27,op0_n100_s2_w0p5,op0,-0.1,2.0,0.5,9.5,1.8,0,-0.0999333,0.0201823,1.43612,False,True,True,True
sf,27,op0_n100_s2_w1,op0,-0.1,2.0,1.0,10.0,1.8,0,-0.0999333,0.0218554,1.43612,False,True,True,True
sf,27,op0_n100_s2_w2,op0,-0.1,2.0,2.0,11.0,1.8,0,-0.0999333,0.0218264,1.43612,False,True,True,True
sf,27,op0_n100_s2_w3,op0,-0.1,2.0,3.0,12.0,1.8,0,-0.0999333,0.018432,1.43612,False,True,True,True
sf,27,op0_n100_s2_w5,op0,-0.1,2.0,5.0,14.0,1.8,0,-0.0999333,0.0218262,1.43612,False,True,True,True
sf,27,op0_n100_s2_w7p5,op0,-0.1,2.0,7.5,16.5,1.8,0,-0.0999333,0.0201902,1.43612,False,True,True,True
sf,27,op0_n100_s2_w10,op0,-0.1,2.0,10.0,19.0,1.8,0,-0.0999333,0.021826,1.43612,False,True,True,True
sf,27,op0_n100_s2_w15,op0,-0.1,2.0,15.0,24.0,1.8,0,-0.0999333,0.021826,1.43612,False,True,True,True
sf,27,op0_n100_s2_w20,op0,-0.1,2.0,20.0,29.0,1.8,0,-0.0999333,0.0218258,1.43612,False,True,True,True
sf,27,op0_n100_s2_w30,op0,-0.1,2.0,30.0,39.0,1.8,0,-0.0999333,0.0218258,1.43612,False,True,True,True
sf,27,op0_n100_s2_w50,op0,-0.1,2.0,50.0,59.0,1.8,0,-0.0999333,0.02019,1.43612,False,True,True,True
sf,27,op0_n100_s5_w0p2,op0,-0.1,5.0,0.2,12.2,1.8,0,-0.0998434,0.0203035,1.43612,True,True,True,True
sf,27,op0_n100_s5_w0p5,op0,-0.1,5.0,0.5,12.5,1.8,0,-0.0998434,0.021826,1.43612,False,True,True,True
sf,27,op0_n100_s5_w1,op0,-0.1,5.0,1.0,13.0,1.8,0,-0.0998434,0.021826,1.43612,False,True,True,True
sf,27,op0_n100_s5_w2,op0,-0.1,5.0,2.0,14.0,1.8,0,-0.0998434,0.0218262,1.43612,False,True,True,True
sf,27,op0_n100_s5_w3,op0,-0.1,5.0,3.0,15.0,1.8,0,-0.0998434,0.0218552,1.43612,False,True,True,True
sf,27,op0_n100_s5_w5,op0,-0.1,5.0,5.0,17.0,1.8,0,-0.0998434,0.018432,1.43612,False,True,True,True
sf,27,op0_n100_s5_w7p5,op0,-0.1,5.0,7.5,19.5,1.8,0,-0.0998434,0.0218259,1.43612,False,True,True,True
sf,27,op0_n100_s5_w10,op0,-0.1,5.0,10.0,22.0,1.8,0,-0.0998434,0.021826,1.43612,False,True,True,True
sf,27,op0_n100_s5_w15,op0,-0.1,5.0,15.0,27.0,1.8,0,-0.0998434,0.0201902,1.43612,False,True,True,True
sf,27,op0_n100_s5_w20,op0,-0.1,5.0,20.0,32.0,1.8,0,-0.0998434,0.0201887,1.43612,False,True,True,True
sf,27,op0_n100_s5_w30,op0,-0.1,5.0,30.0,42.0,1.8,0,-0.0998434,0.0201887,1.43612,False,True,True,True
sf,27,op0_n100_s5_w50,op0,-0.1,5.0,50.0,62.0,1.8,0,-0.0998434,0.0201888,1.43612,False,True,True,True
sf,27,op0_n100_s10_w0p2,op0,-0.1,10.0,0.2,17.2,1.8,0,-0.0996971,0.0203035,1.43612,True,True,True,True
sf,27,op0_n100_s10_w0p5,op0,-0.1,10.0,0.5,17.5,1.8,0,-0.0996971,0.0218261,1.43612,False,True,True,True
sf,27,op0_n100_s10_w1,op0,-0.1,10.0,1.0,18.0,1.8,0,-0.0996971,0.0201901,1.43612,False,True,True,True
sf,27,op0_n100_s10_w2,op0,-0.1,10.0,2.0,19.0,1.8,0,-0.0996971,0.021826,1.43612,False,True,True,True
sf,27,op0_n100_s10_w3,op0,-0.1,10.0,3.0,20.0,1.8,0,-0.0996971,0.021826,1.43612,False,True,True,True
sf,27,op0_n100_s10_w5,op0,-0.1,10.0,5.0,22.0,1.8,0,-0.0996971,0.021826,1.43612,False,True,True,True
sf,27,op0_n100_s10_w7p5,op0,-0.1,10.0,7.5,24.5,1.8,0,-0.0996971,0.0218259,1.43612,False,True,True,True
sf,27,op0_n100_s10_w10,op0,-0.1,10.0,10.0,27.0,1.8,0,-0.0996971,0.0201902,1.43612,False,True,True,True
sf,27,op0_n100_s10_w15,op0,-0.1,10.0,15.0,32.0,1.8,0,-0.0996971,0.0201887,1.43612,False,True,True,True
sf,27,op0_n100_s10_w20,op0,-0.1,10.0,20.0,37.0,1.8,0,-0.0996971,0.0201902,1.43612,False,True,True,True
sf,27,op0_n100_s10_w30,op0,-0.1,10.0,30.0,47.0,1.8,0,-0.0996971,0.0201887,1.43612,False,True,True,True
sf,27,op0_n100_s10_w50,op0,-0.1,10.0,50.0,67.0,1.8,0,-0.0996971,0.0201888,1.43612,False,True,True,True
sf,27,op0_0000_s0p5_w0p2,op0,0.0,0.5,0.2,7.7,1.8,0,-2.34005e-07,0.0203173,1.43612,True,True,True,True
sf,27,op0_0000_s0p5_w0p5,op0,0.0,0.5,0.5,8.0,1.8,0,-2.34005e-07,0.0184325,1.43612,False,True,True,True
sf,27,op0_0000_s0p5_w1,op0,0.0,0.5,1.0,8.5,1.8,0,-2.34005e-07,0.0201903,1.43612,False,True,True,True
sf,27,op0_0000_s0p5_w2,op0,0.0,0.5,2.0,9.5,1.8,0,-2.34005e-07,0.0201823,1.43612,False,True,True,True
sf,27,op0_0000_s0p5_w3,op0,0.0,0.5,3.0,10.5,1.8,0,-2.34005e-07,0.0218262,1.43612,False,True,True,True
sf,27,op0_0000_s0p5_w5,op0,0.0,0.5,5.0,12.5,1.8,0,-2.34005e-07,0.021826,1.43612,False,True,True,True
sf,27,op0_0000_s0p5_w7p5,op0,0.0,0.5,7.5,15.0,1.8,0,-2.34005e-07,0.0218554,1.43612,False,True,True,True
sf,27,op0_0000_s0p5_w10,op0,0.0,0.5,10.0,17.5,1.8,0,-2.34005e-07,0.0218261,1.43612,False,True,True,True
sf,27,op0_0000_s0p5_w15,op0,0.0,0.5,15.0,22.5,1.8,0,-2.34005e-07,0.0201903,1.43612,False,True,True,True
sf,27,op0_0000_s0p5_w20,op0,0.0,0.5,20.0,27.5,1.8,0,-2.34005e-07,0.0201823,1.43612,False,True,True,True
sf,27,op0_0000_s0p5_w30,op0,0.0,0.5,30.0,37.5,1.8,0,-2.34005e-07,0.0201903,1.43612,False,True,True,True
sf,27,op0_0000_s0p5_w50,op0,0.0,0.5,50.0,57.5,1.8,0,-2.34005e-07,0.0201903,1.43612,False,True,True,True
sf,27,op0_0000_s1_w0p2,op0,0.0,1.0,0.2,8.2,1.8,0,8.11585e-08,0.0203172,1.43612,True,True,True,True
sf,27,op0_0000_s1_w0p5,op0,0.0,1.0,0.5,8.5,1.8,0,8.11585e-08,0.0201905,1.43612,False,True,True,True
sf,27,op0_0000_s1_w1,op0,0.0,1.0,1.0,9.0,1.8,0,8.11585e-08,0.0184323,1.43612,False,True,True,True
sf,27,op0_0000_s1_w2,op0,0.0,1.0,2.0,10.0,1.8,0,8.11585e-08,0.0218555,1.43612,False,True,True,True
sf,27,op0_0000_s1_w3,op0,0.0,1.0,3.0,11.0,1.8,0,8.11584e-08,0.0218266,1.43612,False,True,True,True
sf,27,op0_0000_s1_w5,op0,0.0,1.0,5.0,13.0,1.8,0,8.11585e-08,0.0218261,1.43612,False,True,True,True
sf,27,op0_0000_s1_w7p5,op0,0.0,1.0,7.5,15.5,1.8,0,8.11584e-08,0.0201904,1.43612,False,True,True,True
sf,27,op0_0000_s1_w10,op0,0.0,1.0,10.0,18.0,1.8,0,8.11584e-08,0.0201903,1.43612,False,True,True,True
sf,27,op0_0000_s1_w15,op0,0.0,1.0,15.0,23.0,1.8,0,8.11585e-08,0.020182,1.43612,False,True,True,True
sf,27,op0_0000_s1_w20,op0,0.0,1.0,20.0,28.0,1.8,0,8.11585e-08,0.020182,1.43612,False,True,True,True
sf,27,op0_0000_s1_w30,op0,0.0,1.0,30.0,38.0,1.8,0,8.11585e-08,0.02019,1.43612,False,True,True,True
sf,27,op0_0000_s1_w50,op0,0.0,1.0,50.0,58.0,1.8,0,8.11585e-08,0.02019,1.43612,False,True,True,True
sf,27,op0_0000_s2_w0p2,op0,0.0,2.0,0.2,9.2,1.8,0,7.66323e-07,0.0203172,1.43612,True,True,True,True
sf,27,op0_0000_s2_w0p5,op0,0.0,2.0,0.5,9.5,1.8,0,7.66323e-07,0.0201825,1.43612,False,True,True,True
sf,27,op0_0000_s2_w1,op0,0.0,2.0,1.0,10.0,1.8,0,7.66323e-07,0.0218555,1.43612,False,True,True,True
sf,27,op0_0000_s2_w2,op0,0.0,2.0,2.0,11.0,1.8,0,7.66323e-07,0.0218266,1.43612,False,True,True,True
sf,27,op0_0000_s2_w3,op0,0.0,2.0,3.0,12.0,1.8,0,7.66323e-07,0.0184322,1.43612,False,True,True,True
sf,27,op0_0000_s2_w5,op0,0.0,2.0,5.0,14.0,1.8,0,7.66323e-07,0.0218263,1.43612,False,True,True,True
sf,27,op0_0000_s2_w7p5,op0,0.0,2.0,7.5,16.5,1.8,0,7.66323e-07,0.0201903,1.43612,False,True,True,True
sf,27,op0_0000_s2_w10,op0,0.0,2.0,10.0,19.0,1.8,0,7.66323e-07,0.0218261,1.43612,False,True,True,True
sf,27,op0_0000_s2_w15,op0,0.0,2.0,15.0,24.0,1.8,0,7.66323e-07,0.0218262,1.43612,False,True,True,True
sf,27,op0_0000_s2_w20,op0,0.0,2.0,20.0,29.0,1.8,0,7.66323e-07,0.0218259,1.43612,False,True,True,True
sf,27,op0_0000_s2_w30,op0,0.0,2.0,30.0,39.0,1.8,0,7.66323e-07,0.0218259,1.43612,False,True,True,True
sf,27,op0_0000_s2_w50,op0,0.0,2.0,50.0,59.0,1.8,0,7.66323e-07,0.0201901,1.43612,False,True,True,True
sf,27,op0_0000_s5_w0p2,op0,0.0,5.0,0.2,12.2,1.8,0,2.7557e-06,0.0203172,1.43612,True,True,True,True
sf,27,op0_0000_s5_w0p5,op0,0.0,5.0,0.5,12.5,1.8,0,2.7557e-06,0.0218262,1.43612,False,True,True,True
sf,27,op0_0000_s5_w1,op0,0.0,5.0,1.0,13.0,1.8,0,2.7557e-06,0.0218261,1.43612,False,True,True,True
sf,27,op0_0000_s5_w2,op0,0.0,5.0,2.0,14.0,1.8,0,2.7557e-06,0.0218263,1.43612,False,True,True,True
sf,27,op0_0000_s5_w3,op0,0.0,5.0,3.0,15.0,1.8,0,2.7557e-06,0.0218554,1.43612,False,True,True,True
sf,27,op0_0000_s5_w5,op0,0.0,5.0,5.0,17.0,1.8,0,2.7557e-06,0.0184322,1.43612,False,True,True,True
sf,27,op0_0000_s5_w7p5,op0,0.0,5.0,7.5,19.5,1.8,0,2.7557e-06,0.0218261,1.43612,False,True,True,True
sf,27,op0_0000_s5_w10,op0,0.0,5.0,10.0,22.0,1.8,0,2.7557e-06,0.0218261,1.43612,False,True,True,True
sf,27,op0_0000_s5_w15,op0,0.0,5.0,15.0,27.0,1.8,0,2.7557e-06,0.0201903,1.43612,False,True,True,True
sf,27,op0_0000_s5_w20,op0,0.0,5.0,20.0,32.0,1.8,0,2.7557e-06,0.0201889,1.43612,False,True,True,True
sf,27,op0_0000_s5_w30,op0,0.0,5.0,30.0,42.0,1.8,0,2.7557e-06,0.0201888,1.43612,False,True,True,True
sf,27,op0_0000_s5_w50,op0,0.0,5.0,50.0,62.0,1.8,0,2.7557e-06,0.0201889,1.43612,False,True,True,True
sf,27,op0_0000_s10_w0p2,op0,0.0,10.0,0.2,17.2,1.8,0,5.95222e-06,0.0203172,1.43612,True,True,True,True
sf,27,op0_0000_s10_w0p5,op0,0.0,10.0,0.5,17.5,1.8,0,5.95222e-06,0.0218263,1.43612,False,True,True,True
sf,27,op0_0000_s10_w1,op0,0.0,10.0,1.0,18.0,1.8,0,5.95222e-06,0.0201903,1.43612,False,True,True,True
sf,27,op0_0000_s10_w2,op0,0.0,10.0,2.0,19.0,1.8,0,5.95222e-06,0.0218261,1.43612,False,True,True,True
sf,27,op0_0000_s10_w3,op0,0.0,10.0,3.0,20.0,1.8,0,5.95222e-06,0.0218261,1.43612,False,True,True,True
sf,27,op0_0000_s10_w5,op0,0.0,10.0,5.0,22.0,1.8,0,5.95222e-06,0.0218261,1.43612,False,True,True,True
sf,27,op0_0000_s10_w7p5,op0,0.0,10.0,7.5,24.5,1.8,0,5.95222e-06,0.0218261,1.43612,False,True,True,True
sf,27,op0_0000_s10_w10,op0,0.0,10.0,10.0,27.0,1.8,0,5.95222e-06,0.0201903,1.43612,False,True,True,True
sf,27,op0_0000_s10_w15,op0,0.0,10.0,15.0,32.0,1.8,0,5.95222e-06,0.0201889,1.43612,False,True,True,True
sf,27,op0_0000_s10_w20,op0,0.0,10.0,20.0,37.0,1.8,0,5.95222e-06,0.0201903,1.43612,False,True,True,True
sf,27,op0_0000_s10_w30,op0,0.0,10.0,30.0,47.0,1.8,0,5.95222e-06,0.0201889,1.43612,False,True,True,True
sf,27,op0_0000_s10_w50,op0,0.0,10.0,50.0,67.0,1.8,0,5.95222e-06,0.0201889,1.43612,False,True,True,True
sf,125,op1_0900_s0p5_w0p2,op1,0.9,0.5,0.2,7.7,-1.69724,1,0.770499,1.25559,1.56297,True,False,False,False
sf,125,op1_0900_s0p5_w0p5,op1,0.9,0.5,0.5,8.0,-1.69724,1,0.770499,1.38685,1.56297,False,False,False,False
sf,125,op1_0900_s0p5_w1,op1,0.9,0.5,1.0,8.5,-1.69724,1,0.770499,1.45023,1.56297,False,True,False,False
sf,125,op1_0900_s0p5_w2,op1,0.9,0.5,2.0,9.5,-1.69724,1,0.770499,1.50186,1.56297,False,True,True,False
sf,125,op1_0900_s0p5_w3,op1,0.9,0.5,3.0,10.5,-1.69724,1,0.770499,1.52924,1.56297,False,True,True,False
sf,125,op1_0900_s0p5_w5,op1,0.9,0.5,5.0,12.5,-1.69724,1,0.770499,1.56188,1.56297,False,True,True,True
sf,125,op1_0900_s0p5_w7p5,op1,0.9,0.5,7.5,15.0,-1.69724,1,0.770499,1.58671,1.56297,False,True,True,True
sf,125,op1_0900_s0p5_w10,op1,0.9,0.5,10.0,17.5,-1.69724,1,0.770499,1.60392,1.56297,False,True,True,True
sf,125,op1_0900_s0p5_w15,op1,0.9,0.5,15.0,22.5,-1.69724,1,0.770499,1.62766,1.56297,False,True,True,True
sf,125,op1_0900_s0p5_w20,op1,0.9,0.5,20.0,27.5,-1.69724,1,0.770499,1.64422,1.56297,False,True,True,True
sf,125,op1_0900_s0p5_w30,op1,0.9,0.5,30.0,37.5,-1.69724,1,0.770499,1.66718,1.56297,False,True,True,True
sf,125,op1_0900_s0p5_w50,op1,0.9,0.5,50.0,57.5,-1.69724,1,0.770499,1.69563,1.56297,False,True,True,True
sf,125,op1_0900_s1_w0p2,op1,0.9,1.0,0.2,8.2,-1.69725,1,0.770477,1.2556,1.56297,True,False,False,False
sf,125,op1_0900_s1_w0p5,op1,0.9,1.0,0.5,8.5,-1.69725,1,0.770477,1.38687,1.56297,False,False,False,False
sf,125,op1_0900_s1_w1,op1,0.9,1.0,1.0,9.0,-1.69725,1,0.770477,1.45024,1.56297,False,True,False,False
sf,125,op1_0900_s1_w2,op1,0.9,1.0,2.0,10.0,-1.69725,1,0.770477,1.50186,1.56297,False,True,True,False
sf,125,op1_0900_s1_w3,op1,0.9,1.0,3.0,11.0,-1.69725,1,0.770477,1.52924,1.56297,False,True,True,False
sf,125,op1_0900_s1_w5,op1,0.9,1.0,5.0,13.0,-1.69725,1,0.770477,1.56188,1.56297,False,True,True,True
sf,125,op1_0900_s1_w7p5,op1,0.9,1.0,7.5,15.5,-1.69725,1,0.770477,1.58673,1.56297,False,True,True,True
sf,125,op1_0900_s1_w10,op1,0.9,1.0,10.0,18.0,-1.69725,1,0.770477,1.60393,1.56297,False,True,True,True
sf,125,op1_0900_s1_w15,op1,0.9,1.0,15.0,23.0,-1.69725,1,0.770477,1.62768,1.56297,False,True,True,True
sf,125,op1_0900_s1_w20,op1,0.9,1.0,20.0,28.0,-1.69725,1,0.770477,1.64422,1.56297,False,True,True,True
sf,125,op1_0900_s1_w30,op1,0.9,1.0,30.0,38.0,-1.69725,1,0.770477,1.66719,1.56297,False,True,True,True
sf,125,op1_0900_s1_w50,op1,0.9,1.0,50.0,58.0,-1.69725,1,0.770477,1.69564,1.56297,False,True,True,True
sf,125,op1_0900_s2_w0p2,op1,0.9,2.0,0.2,9.2,-1.69727,1,0.770442,1.2556,1.56297,True,False,False,False
sf,125,op1_0900_s2_w0p5,op1,0.9,2.0,0.5,9.5,-1.69727,1,0.770442,1.38687,1.56297,False,False,False,False
sf,125,op1_0900_s2_w1,op1,0.9,2.0,1.0,10.0,-1.69727,1,0.770442,1.45023,1.56297,False,True,False,False
sf,125,op1_0900_s2_w2,op1,0.9,2.0,2.0,11.0,-1.69727,1,0.770442,1.50187,1.56297,False,True,True,False
sf,125,op1_0900_s2_w3,op1,0.9,2.0,3.0,12.0,-1.69727,1,0.770442,1.52923,1.56297,False,True,True,False
sf,125,op1_0900_s2_w5,op1,0.9,2.0,5.0,14.0,-1.69727,1,0.770442,1.56188,1.56297,False,True,True,True
sf,125,op1_0900_s2_w7p5,op1,0.9,2.0,7.5,16.5,-1.69727,1,0.770442,1.58673,1.56297,False,True,True,True
sf,125,op1_0900_s2_w10,op1,0.9,2.0,10.0,19.0,-1.69727,1,0.770442,1.60392,1.56297,False,True,True,True
sf,125,op1_0900_s2_w15,op1,0.9,2.0,15.0,24.0,-1.69727,1,0.770442,1.62766,1.56297,False,True,True,True
sf,125,op1_0900_s2_w20,op1,0.9,2.0,20.0,29.0,-1.69727,1,0.770442,1.64422,1.56297,False,True,True,True
sf,125,op1_0900_s2_w30,op1,0.9,2.0,30.0,39.0,-1.69727,1,0.770442,1.66719,1.56297,False,True,True,True
sf,125,op1_0900_s2_w50,op1,0.9,2.0,50.0,59.0,-1.69727,1,0.770442,1.69564,1.56297,False,True,True,True
sf,125,op1_0900_s5_w0p2,op1,0.9,5.0,0.2,12.2,-1.69731,1,0.770334,1.25561,1.56297,True,False,False,False
sf,125,op1_0900_s5_w0p5,op1,0.9,5.0,0.5,12.5,-1.69731,1,0.770334,1.38689,1.56297,False,False,False,False
sf,125,op1_0900_s5_w1,op1,0.9,5.0,1.0,13.0,-1.69731,1,0.770334,1.45027,1.56297,False,True,False,False
sf,125,op1_0900_s5_w2,op1,0.9,5.0,2.0,14.0,-1.69731,1,0.770334,1.50189,1.56297,False,True,True,False
sf,125,op1_0900_s5_w3,op1,0.9,5.0,3.0,15.0,-1.69731,1,0.770334,1.52924,1.56297,False,True,True,False
sf,125,op1_0900_s5_w5,op1,0.9,5.0,5.0,17.0,-1.69731,1,0.770334,1.56188,1.56297,False,True,True,True
sf,125,op1_0900_s5_w7p5,op1,0.9,5.0,7.5,19.5,-1.69731,1,0.770334,1.58675,1.56297,False,True,True,True
sf,125,op1_0900_s5_w10,op1,0.9,5.0,10.0,22.0,-1.69731,1,0.770334,1.60394,1.56297,False,True,True,True
sf,125,op1_0900_s5_w15,op1,0.9,5.0,15.0,27.0,-1.69731,1,0.770334,1.62768,1.56297,False,True,True,True
sf,125,op1_0900_s5_w20,op1,0.9,5.0,20.0,32.0,-1.69731,1,0.770334,1.64423,1.56297,False,True,True,True
sf,125,op1_0900_s5_w30,op1,0.9,5.0,30.0,42.0,-1.69731,1,0.770334,1.6672,1.56297,False,True,True,True
sf,125,op1_0900_s5_w50,op1,0.9,5.0,50.0,62.0,-1.69731,1,0.770334,1.69565,1.56297,False,True,True,True
sf,125,op1_0900_s10_w0p2,op1,0.9,10.0,0.2,17.2,-1.69738,1,0.770154,1.25563,1.56297,True,False,False,False
sf,125,op1_0900_s10_w0p5,op1,0.9,10.0,0.5,17.5,-1.69738,1,0.770154,1.3869,1.56297,False,False,False,False
sf,125,op1_0900_s10_w1,op1,0.9,10.0,1.0,18.0,-1.69738,1,0.770154,1.45029,1.56297,False,True,False,False
sf,125,op1_0900_s10_w2,op1,0.9,10.0,2.0,19.0,-1.69738,1,0.770154,1.50191,1.56297,False,True,True,False
sf,125,op1_0900_s10_w3,op1,0.9,10.0,3.0,20.0,-1.69738,1,0.770154,1.52928,1.56297,False,True,True,False
sf,125,op1_0900_s10_w5,op1,0.9,10.0,5.0,22.0,-1.69738,1,0.770154,1.56191,1.56297,False,True,True,True
sf,125,op1_0900_s10_w7p5,op1,0.9,10.0,7.5,24.5,-1.69738,1,0.770154,1.58676,1.56297,False,True,True,True
sf,125,op1_0900_s10_w10,op1,0.9,10.0,10.0,27.0,-1.69738,1,0.770154,1.60395,1.56297,False,True,True,True
sf,125,op1_0900_s10_w15,op1,0.9,10.0,15.0,32.0,-1.69738,1,0.770154,1.6277,1.56297,False,True,True,True
sf,125,op1_0900_s10_w20,op1,0.9,10.0,20.0,37.0,-1.69738,1,0.770154,1.64424,1.56297,False,True,True,True
sf,125,op1_0900_s10_w30,op1,0.9,10.0,30.0,47.0,-1.69738,1,0.770154,1.66722,1.56297,False,True,True,True
sf,125,op1_0900_s10_w50,op1,0.9,10.0,50.0,67.0,-1.69738,1,0.770154,1.69566,1.56297,False,True,True,True
sf,125,op1_1000_s0p5_w0p2,op1,1.0,0.5,0.2,7.7,-1.66235,1,0.873263,1.25351,1.56297,True,False,False,False
sf,125,op1_1000_s0p5_w0p5,op1,1.0,0.5,0.5,8.0,-1.66235,1,0.873263,1.3791,1.56297,False,False,False,False
sf,125,op1_1000_s0p5_w1,op1,1.0,0.5,1.0,8.5,-1.66235,1,0.873263,1.44174,1.56297,False,True,False,False
sf,125,op1_1000_s0p5_w2,op1,1.0,0.5,2.0,9.5,-1.66235,1,0.873263,1.49307,1.56297,False,True,True,False
sf,125,op1_1000_s0p5_w3,op1,1.0,0.5,3.0,10.5,-1.66235,1,0.873263,1.52035,1.56297,False,True,True,False
sf,125,op1_1000_s0p5_w5,op1,1.0,0.5,5.0,12.5,-1.66235,1,0.873263,1.55291,1.56297,False,True,True,True
sf,125,op1_1000_s0p5_w7p5,op1,1.0,0.5,7.5,15.0,-1.66235,1,0.873263,1.57769,1.56297,False,True,True,True
sf,125,op1_1000_s0p5_w10,op1,1.0,0.5,10.0,17.5,-1.66235,1,0.873263,1.59487,1.56297,False,True,True,True
sf,125,op1_1000_s0p5_w15,op1,1.0,0.5,15.0,22.5,-1.66235,1,0.873263,1.61859,1.56297,False,True,True,True
sf,125,op1_1000_s0p5_w20,op1,1.0,0.5,20.0,27.5,-1.66235,1,0.873263,1.63512,1.56297,False,True,True,True
sf,125,op1_1000_s0p5_w30,op1,1.0,0.5,30.0,37.5,-1.66235,1,0.873263,1.65807,1.56297,False,True,True,True
sf,125,op1_1000_s0p5_w50,op1,1.0,0.5,50.0,57.5,-1.66235,1,0.873263,1.68649,1.56297,False,True,True,True
sf,125,op1_1000_s1_w0p2,op1,1.0,1.0,0.2,8.2,-1.66236,1,0.873241,1.25351,1.56297,True,False,False,False
sf,125,op1_1000_s1_w0p5,op1,1.0,1.0,0.5,8.5,-1.66236,1,0.873241,1.37911,1.56297,False,False,False,False
sf,125,op1_1000_s1_w1,op1,1.0,1.0,1.0,9.0,-1.66236,1,0.873241,1.44175,1.56297,False,True,False,False
sf,125,op1_1000_s1_w2,op1,1.0,1.0,2.0,10.0,-1.66236,1,0.873241,1.49307,1.56297,False,True,True,False
sf,125,op1_1000_s1_w3,op1,1.0,1.0,3.0,11.0,-1.66236,1,0.873241,1.52036,1.56297,False,True,True,False
sf,125,op1_1000_s1_w5,op1,1.0,1.0,5.0,13.0,-1.66236,1,0.873241,1.55291,1.56297,False,True,True,True
sf,125,op1_1000_s1_w7p5,op1,1.0,1.0,7.5,15.5,-1.66236,1,0.873241,1.57771,1.56297,False,True,True,True
sf,125,op1_1000_s1_w10,op1,1.0,1.0,10.0,18.0,-1.66236,1,0.873241,1.59488,1.56297,False,True,True,True
sf,125,op1_1000_s1_w15,op1,1.0,1.0,15.0,23.0,-1.66236,1,0.873241,1.6186,1.56297,False,True,True,True
sf,125,op1_1000_s1_w20,op1,1.0,1.0,20.0,28.0,-1.66236,1,0.873241,1.63513,1.56297,False,True,True,True
sf,125,op1_1000_s1_w30,op1,1.0,1.0,30.0,38.0,-1.66236,1,0.873241,1.65808,1.56297,False,True,True,True
sf,125,op1_1000_s1_w50,op1,1.0,1.0,50.0,58.0,-1.66236,1,0.873241,1.6865,1.56297,False,True,True,True
sf,125,op1_1000_s2_w0p2,op1,1.0,2.0,0.2,9.2,-1.66237,1,0.873202,1.25351,1.56297,True,False,False,False
sf,125,op1_1000_s2_w0p5,op1,1.0,2.0,0.5,9.5,-1.66237,1,0.873202,1.37912,1.56297,False,False,False,False
sf,125,op1_1000_s2_w1,op1,1.0,2.0,1.0,10.0,-1.66237,1,0.873202,1.44174,1.56297,False,True,False,False
sf,125,op1_1000_s2_w2,op1,1.0,2.0,2.0,11.0,-1.66237,1,0.873202,1.49309,1.56297,False,True,True,False
sf,125,op1_1000_s2_w3,op1,1.0,2.0,3.0,12.0,-1.66237,1,0.873202,1.52034,1.56297,False,True,True,False
sf,125,op1_1000_s2_w5,op1,1.0,2.0,5.0,14.0,-1.66237,1,0.873202,1.55291,1.56297,False,True,True,True
sf,125,op1_1000_s2_w7p5,op1,1.0,2.0,7.5,16.5,-1.66237,1,0.873202,1.57771,1.56297,False,True,True,True
sf,125,op1_1000_s2_w10,op1,1.0,2.0,10.0,19.0,-1.66237,1,0.873202,1.59488,1.56297,False,True,True,True
sf,125,op1_1000_s2_w15,op1,1.0,2.0,15.0,24.0,-1.66237,1,0.873202,1.61859,1.56297,False,True,True,True
sf,125,op1_1000_s2_w20,op1,1.0,2.0,20.0,29.0,-1.66237,1,0.873202,1.63513,1.56297,False,True,True,True
sf,125,op1_1000_s2_w30,op1,1.0,2.0,30.0,39.0,-1.66237,1,0.873202,1.65808,1.56297,False,True,True,True
sf,125,op1_1000_s2_w50,op1,1.0,2.0,50.0,59.0,-1.66237,1,0.873202,1.68651,1.56297,False,True,True,True
sf,125,op1_1000_s5_w0p2,op1,1.0,5.0,0.2,12.2,-1.66242,1,0.873084,1.25351,1.56297,True,False,False,False
sf,125,op1_1000_s5_w0p5,op1,1.0,5.0,0.5,12.5,-1.66242,1,0.873084,1.37913,1.56297,False,False,False,False
sf,125,op1_1000_s5_w1,op1,1.0,5.0,1.0,13.0,-1.66242,1,0.873084,1.44178,1.56297,False,True,False,False
sf,125,op1_1000_s5_w2,op1,1.0,5.0,2.0,14.0,-1.66242,1,0.873084,1.49311,1.56297,False,True,True,False
sf,125,op1_1000_s5_w3,op1,1.0,5.0,3.0,15.0,-1.66242,1,0.873084,1.52036,1.56297,False,True,True,False
sf,125,op1_1000_s5_w5,op1,1.0,5.0,5.0,17.0,-1.66242,1,0.873084,1.55292,1.56297,False,True,True,True
sf,125,op1_1000_s5_w7p5,op1,1.0,5.0,7.5,19.5,-1.66242,1,0.873084,1.57773,1.56297,False,True,True,True
sf,125,op1_1000_s5_w10,op1,1.0,5.0,10.0,22.0,-1.66242,1,0.873084,1.5949,1.56297,False,True,True,True
sf,125,op1_1000_s5_w15,op1,1.0,5.0,15.0,27.0,-1.66242,1,0.873084,1.61861,1.56297,False,True,True,True
sf,125,op1_1000_s5_w20,op1,1.0,5.0,20.0,32.0,-1.66242,1,0.873084,1.63514,1.56297,False,True,True,True
sf,125,op1_1000_s5_w30,op1,1.0,5.0,30.0,42.0,-1.66242,1,0.873084,1.65809,1.56297,False,True,True,True
sf,125,op1_1000_s5_w50,op1,1.0,5.0,50.0,62.0,-1.66242,1,0.873084,1.68652,1.56297,False,True,True,True
sf,125,op1_1000_s10_w0p2,op1,1.0,10.0,0.2,17.2,-1.6625,1,0.872887,1.25352,1.56297,True,False,False,False
sf,125,op1_1000_s10_w0p5,op1,1.0,10.0,0.5,17.5,-1.6625,1,0.872887,1.37915,1.56297,False,False,False,False
sf,125,op1_1000_s10_w1,op1,1.0,10.0,1.0,18.0,-1.6625,1,0.872887,1.44181,1.56297,False,True,False,False
sf,125,op1_1000_s10_w2,op1,1.0,10.0,2.0,19.0,-1.6625,1,0.872887,1.49313,1.56297,False,True,True,False
sf,125,op1_1000_s10_w3,op1,1.0,10.0,3.0,20.0,-1.6625,1,0.872887,1.5204,1.56297,False,True,True,False
sf,125,op1_1000_s10_w5,op1,1.0,10.0,5.0,22.0,-1.6625,1,0.872887,1.55295,1.56297,False,True,True,True
sf,125,op1_1000_s10_w7p5,op1,1.0,10.0,7.5,24.5,-1.6625,1,0.872887,1.57775,1.56297,False,True,True,True
sf,125,op1_1000_s10_w10,op1,1.0,10.0,10.0,27.0,-1.6625,1,0.872887,1.59492,1.56297,False,True,True,True
sf,125,op1_1000_s10_w15,op1,1.0,10.0,15.0,32.0,-1.6625,1,0.872887,1.61863,1.56297,False,True,True,True
sf,125,op1_1000_s10_w20,op1,1.0,10.0,20.0,37.0,-1.6625,1,0.872887,1.63516,1.56297,False,True,True,True
sf,125,op1_1000_s10_w30,op1,1.0,10.0,30.0,47.0,-1.6625,1,0.872887,1.65812,1.56297,False,True,True,True
sf,125,op1_1000_s10_w50,op1,1.0,10.0,50.0,67.0,-1.6625,1,0.872887,1.68654,1.56297,False,True,True,True
sf,125,op0_n100_s0p5_w0p2,op0,-0.1,0.5,0.2,7.7,1.79996,0,-0.098993,0.0273297,1.56297,True,True,True,True
sf,125,op0_n100_s0p5_w0p5,op0,-0.1,0.5,0.5,8.0,1.79996,0,-0.098993,0.016497,1.56297,False,True,True,True
sf,125,op0_n100_s0p5_w1,op0,-0.1,0.5,1.0,8.5,1.79996,0,-0.098993,0.026978,1.56297,False,True,True,True
sf,125,op0_n100_s0p5_w2,op0,-0.1,0.5,2.0,9.5,1.79996,0,-0.098993,0.026978,1.56297,False,True,True,True
sf,125,op0_n100_s0p5_w3,op0,-0.1,0.5,3.0,10.5,1.79996,0,-0.098993,0.0200065,1.56297,False,True,True,True
sf,125,op0_n100_s0p5_w5,op0,-0.1,0.5,5.0,12.5,1.79996,0,-0.098993,0.0200065,1.56297,False,True,True,True
sf,125,op0_n100_s0p5_w7p5,op0,-0.1,0.5,7.5,15.0,1.79996,0,-0.098993,0.0200729,1.56297,False,True,True,True
sf,125,op0_n100_s0p5_w10,op0,-0.1,0.5,10.0,17.5,1.79996,0,-0.098993,0.0200065,1.56297,False,True,True,True
sf,125,op0_n100_s0p5_w15,op0,-0.1,0.5,15.0,22.5,1.79996,0,-0.098993,0.026978,1.56297,False,True,True,True
sf,125,op0_n100_s0p5_w20,op0,-0.1,0.5,20.0,27.5,1.79996,0,-0.098993,0.026978,1.56297,False,True,True,True
sf,125,op0_n100_s0p5_w30,op0,-0.1,0.5,30.0,37.5,1.79996,0,-0.098993,0.0269947,1.56297,False,True,True,True
sf,125,op0_n100_s0p5_w50,op0,-0.1,0.5,50.0,57.5,1.79996,0,-0.098993,0.0269947,1.56297,False,True,True,True
sf,125,op0_n100_s1_w0p2,op0,-0.1,1.0,0.2,8.2,1.79996,0,-0.0983566,0.0273298,1.56297,True,True,True,True
sf,125,op0_n100_s1_w0p5,op0,-0.1,1.0,0.5,8.5,1.79996,0,-0.0983566,0.0269788,1.56297,False,True,True,True
sf,125,op0_n100_s1_w1,op0,-0.1,1.0,1.0,9.0,1.79996,0,-0.0983566,0.0164963,1.56297,False,True,True,True
sf,125,op0_n100_s1_w2,op0,-0.1,1.0,2.0,10.0,1.79996,0,-0.0983566,0.0200729,1.56297,False,True,True,True
sf,125,op0_n100_s1_w3,op0,-0.1,1.0,3.0,11.0,1.79996,0,-0.0983566,0.0200074,1.56297,False,True,True,True
sf,125,op0_n100_s1_w5,op0,-0.1,1.0,5.0,13.0,1.79996,0,-0.0983566,0.0200065,1.56297,False,True,True,True
sf,125,op0_n100_s1_w7p5,op0,-0.1,1.0,7.5,15.5,1.79996,0,-0.0983566,0.026978,1.56297,False,True,True,True
sf,125,op0_n100_s1_w10,op0,-0.1,1.0,10.0,18.0,1.79996,0,-0.0983566,0.026978,1.56297,False,True,True,True
sf,125,op0_n100_s1_w15,op0,-0.1,1.0,15.0,23.0,1.79996,0,-0.0983566,0.026978,1.56297,False,True,True,True
sf,125,op0_n100_s1_w20,op0,-0.1,1.0,20.0,28.0,1.79996,0,-0.0983566,0.026978,1.56297,False,True,True,True
sf,125,op0_n100_s1_w30,op0,-0.1,1.0,30.0,38.0,1.79996,0,-0.0983566,0.0269947,1.56297,False,True,True,True
sf,125,op0_n100_s1_w50,op0,-0.1,1.0,50.0,58.0,1.79996,0,-0.0983566,0.0269947,1.56297,False,True,True,True
sf,125,op0_n100_s2_w0p2,op0,-0.1,2.0,0.2,9.2,1.79996,0,-0.0971206,0.0273299,1.56297,True,True,True,True
sf,125,op0_n100_s2_w0p5,op0,-0.1,2.0,0.5,9.5,1.79996,0,-0.0971206,0.0269788,1.56297,False,True,True,True
sf,125,op0_n100_s2_w1,op0,-0.1,2.0,1.0,10.0,1.79996,0,-0.0971206,0.0200729,1.56297,False,True,True,True
sf,125,op0_n100_s2_w2,op0,-0.1,2.0,2.0,11.0,1.79996,0,-0.0971206,0.0200074,1.56297,False,True,True,True
sf,125,op0_n100_s2_w3,op0,-0.1,2.0,3.0,12.0,1.79996,0,-0.0971206,0.016496,1.56297,False,True,True,True
sf,125,op0_n100_s2_w5,op0,-0.1,2.0,5.0,14.0,1.79996,0,-0.0971206,0.0200068,1.56297,False,True,True,True
sf,125,op0_n100_s2_w7p5,op0,-0.1,2.0,7.5,16.5,1.79996,0,-0.0971206,0.026978,1.56297,False,True,True,True
sf,125,op0_n100_s2_w10,op0,-0.1,2.0,10.0,19.0,1.79996,0,-0.0971206,0.0200065,1.56297,False,True,True,True
sf,125,op0_n100_s2_w15,op0,-0.1,2.0,15.0,24.0,1.79996,0,-0.0971206,0.0200065,1.56297,False,True,True,True
sf,125,op0_n100_s2_w20,op0,-0.1,2.0,20.0,29.0,1.79996,0,-0.0971206,0.0200065,1.56297,False,True,True,True
sf,125,op0_n100_s2_w30,op0,-0.1,2.0,30.0,39.0,1.79996,0,-0.0971206,0.0200065,1.56297,False,True,True,True
sf,125,op0_n100_s2_w50,op0,-0.1,2.0,50.0,59.0,1.79996,0,-0.0971206,0.0269947,1.56297,False,True,True,True
sf,125,op0_n100_s5_w0p2,op0,-0.1,5.0,0.2,12.2,1.79996,0,-0.0936815,0.0273302,1.56297,True,True,True,True
sf,125,op0_n100_s5_w0p5,op0,-0.1,5.0,0.5,12.5,1.79996,0,-0.0936815,0.0200075,1.56297,False,True,True,True
sf,125,op0_n100_s5_w1,op0,-0.1,5.0,1.0,13.0,1.79996,0,-0.0936815,0.0200065,1.56297,False,True,True,True
sf,125,op0_n100_s5_w2,op0,-0.1,5.0,2.0,14.0,1.79996,0,-0.0936815,0.0200068,1.56297,False,True,True,True
sf,125,op0_n100_s5_w3,op0,-0.1,5.0,3.0,15.0,1.79996,0,-0.0936815,0.0200729,1.56297,False,True,True,True
sf,125,op0_n100_s5_w5,op0,-0.1,5.0,5.0,17.0,1.79996,0,-0.0936815,0.016496,1.56297,False,True,True,True
sf,125,op0_n100_s5_w7p5,op0,-0.1,5.0,7.5,19.5,1.79996,0,-0.0936815,0.0200065,1.56297,False,True,True,True
sf,125,op0_n100_s5_w10,op0,-0.1,5.0,10.0,22.0,1.79996,0,-0.0936815,0.0200065,1.56297,False,True,True,True
sf,125,op0_n100_s5_w15,op0,-0.1,5.0,15.0,27.0,1.79996,0,-0.0936815,0.026978,1.56297,False,True,True,True
sf,125,op0_n100_s5_w20,op0,-0.1,5.0,20.0,32.0,1.79996,0,-0.0936815,0.0269941,1.56297,False,True,True,True
sf,125,op0_n100_s5_w30,op0,-0.1,5.0,30.0,42.0,1.79996,0,-0.0936815,0.0269774,1.56297,False,True,True,True
sf,125,op0_n100_s5_w50,op0,-0.1,5.0,50.0,62.0,1.79996,0,-0.0936815,0.0269774,1.56297,False,True,True,True
sf,125,op0_n100_s10_w0p2,op0,-0.1,10.0,0.2,17.2,1.79996,0,-0.0886507,0.0273308,1.56297,True,True,True,True
sf,125,op0_n100_s10_w0p5,op0,-0.1,10.0,0.5,17.5,1.79996,0,-0.0886507,0.0200075,1.56297,False,True,True,True
sf,125,op0_n100_s10_w1,op0,-0.1,10.0,1.0,18.0,1.79996,0,-0.0886507,0.026978,1.56297,False,True,True,True
sf,125,op0_n100_s10_w2,op0,-0.1,10.0,2.0,19.0,1.79996,0,-0.0886507,0.0200065,1.56297,False,True,True,True
sf,125,op0_n100_s10_w3,op0,-0.1,10.0,3.0,20.0,1.79996,0,-0.0886507,0.0200065,1.56297,False,True,True,True
sf,125,op0_n100_s10_w5,op0,-0.1,10.0,5.0,22.0,1.79996,0,-0.0886507,0.0200065,1.56297,False,True,True,True
sf,125,op0_n100_s10_w7p5,op0,-0.1,10.0,7.5,24.5,1.79996,0,-0.0886507,0.0200065,1.56297,False,True,True,True
sf,125,op0_n100_s10_w10,op0,-0.1,10.0,10.0,27.0,1.79996,0,-0.0886507,0.026978,1.56297,False,True,True,True
sf,125,op0_n100_s10_w15,op0,-0.1,10.0,15.0,32.0,1.79996,0,-0.0886507,0.0269941,1.56297,False,True,True,True
sf,125,op0_n100_s10_w20,op0,-0.1,10.0,20.0,37.0,1.79996,0,-0.0886507,0.026978,1.56297,False,True,True,True
sf,125,op0_n100_s10_w30,op0,-0.1,10.0,30.0,47.0,1.79996,0,-0.0886507,0.0269941,1.56297,False,True,True,True
sf,125,op0_n100_s10_w50,op0,-0.1,10.0,50.0,67.0,1.79996,0,-0.0886507,0.026994,1.56297,False,True,True,True
sf,125,op0_0000_s0p5_w0p2,op0,0.0,0.5,0.2,7.7,1.79996,0,-9.66669e-06,0.0273746,1.56297,True,True,True,True
sf,125,op0_0000_s0p5_w0p5,op0,0.0,0.5,0.5,8.0,1.79996,0,-9.66669e-06,0.0164978,1.56297,False,True,True,True
sf,125,op0_0000_s0p5_w1,op0,0.0,0.5,1.0,8.5,1.79996,0,-9.66669e-06,0.0269785,1.56297,False,True,True,True
sf,125,op0_0000_s0p5_w2,op0,0.0,0.5,2.0,9.5,1.79996,0,-9.66669e-06,0.0269785,1.56297,False,True,True,True
sf,125,op0_0000_s0p5_w3,op0,0.0,0.5,3.0,10.5,1.79996,0,-9.66669e-06,0.0200072,1.56297,False,True,True,True
sf,125,op0_0000_s0p5_w5,op0,0.0,0.5,5.0,12.5,1.79996,0,-9.66669e-06,0.0200072,1.56297,False,True,True,True
sf,125,op0_0000_s0p5_w7p5,op0,0.0,0.5,7.5,15.0,1.79996,0,-9.66669e-06,0.0200736,1.56297,False,True,True,True
sf,125,op0_0000_s0p5_w10,op0,0.0,0.5,10.0,17.5,1.79996,0,-9.66669e-06,0.0200072,1.56297,False,True,True,True
sf,125,op0_0000_s0p5_w15,op0,0.0,0.5,15.0,22.5,1.79996,0,-9.66669e-06,0.0269785,1.56297,False,True,True,True
sf,125,op0_0000_s0p5_w20,op0,0.0,0.5,20.0,27.5,1.79996,0,-9.66669e-06,0.0269785,1.56297,False,True,True,True
sf,125,op0_0000_s0p5_w30,op0,0.0,0.5,30.0,37.5,1.79996,0,-9.66669e-06,0.0269952,1.56297,False,True,True,True
sf,125,op0_0000_s0p5_w50,op0,0.0,0.5,50.0,57.5,1.79996,0,-9.66669e-06,0.0269953,1.56297,False,True,True,True
sf,125,op0_0000_s1_w0p2,op0,0.0,1.0,0.2,8.2,1.79996,0,2.86345e-05,0.0273746,1.56297,True,True,True,True
sf,125,op0_0000_s1_w0p5,op0,0.0,1.0,0.5,8.5,1.79996,0,2.86345e-05,0.0269794,1.56297,False,True,True,True
sf,125,op0_0000_s1_w1,op0,0.0,1.0,1.0,9.0,1.79996,0,2.86345e-05,0.0164969,1.56297,False,True,True,True
sf,125,op0_0000_s1_w2,op0,0.0,1.0,2.0,10.0,1.79996,0,2.86345e-05,0.0200736,1.56297,False,True,True,True
sf,125,op0_0000_s1_w3,op0,0.0,1.0,3.0,11.0,1.79996,0,2.86345e-05,0.0200081,1.56297,False,True,True,True
sf,125,op0_0000_s1_w5,op0,0.0,1.0,5.0,13.0,1.79996,0,2.86345e-05,0.0200072,1.56297,False,True,True,True
sf,125,op0_0000_s1_w7p5,op0,0.0,1.0,7.5,15.5,1.79996,0,2.86345e-05,0.0269785,1.56297,False,True,True,True
sf,125,op0_0000_s1_w10,op0,0.0,1.0,10.0,18.0,1.79996,0,2.86345e-05,0.0269785,1.56297,False,True,True,True
sf,125,op0_0000_s1_w15,op0,0.0,1.0,15.0,23.0,1.79996,0,2.86345e-05,0.0269786,1.56297,False,True,True,True
sf,125,op0_0000_s1_w20,op0,0.0,1.0,20.0,28.0,1.79996,0,2.86345e-05,0.0269786,1.56297,False,True,True,True
sf,125,op0_0000_s1_w30,op0,0.0,1.0,30.0,38.0,1.79996,0,2.86345e-05,0.0269953,1.56297,False,True,True,True
sf,125,op0_0000_s1_w50,op0,0.0,1.0,50.0,58.0,1.79996,0,2.86345e-05,0.0269953,1.56297,False,True,True,True
sf,125,op0_0000_s2_w0p2,op0,0.0,2.0,0.2,9.2,1.79996,0,0.00010482,0.0273746,1.56297,True,True,True,True
sf,125,op0_0000_s2_w0p5,op0,0.0,2.0,0.5,9.5,1.79996,0,0.00010482,0.0269794,1.56297,False,True,True,True
sf,125,op0_0000_s2_w1,op0,0.0,2.0,1.0,10.0,1.79996,0,0.00010482,0.0200736,1.56297,False,True,True,True
sf,125,op0_0000_s2_w2,op0,0.0,2.0,2.0,11.0,1.79996,0,0.00010482,0.0200081,1.56297,False,True,True,True
sf,125,op0_0000_s2_w3,op0,0.0,2.0,3.0,12.0,1.79996,0,0.00010482,0.0164967,1.56297,False,True,True,True
sf,125,op0_0000_s2_w5,op0,0.0,2.0,5.0,14.0,1.79996,0,0.00010482,0.0200075,1.56297,False,True,True,True
sf,125,op0_0000_s2_w7p5,op0,0.0,2.0,7.5,16.5,1.79996,0,0.00010482,0.0269786,1.56297,False,True,True,True
sf,125,op0_0000_s2_w10,op0,0.0,2.0,10.0,19.0,1.79996,0,0.00010482,0.0200072,1.56297,False,True,True,True
sf,125,op0_0000_s2_w15,op0,0.0,2.0,15.0,24.0,1.79996,0,0.00010482,0.0200072,1.56297,False,True,True,True
sf,125,op0_0000_s2_w20,op0,0.0,2.0,20.0,29.0,1.79996,0,0.00010482,0.0200072,1.56297,False,True,True,True
sf,125,op0_0000_s2_w30,op0,0.0,2.0,30.0,39.0,1.79996,0,0.00010482,0.0200072,1.56297,False,True,True,True
sf,125,op0_0000_s2_w50,op0,0.0,2.0,50.0,59.0,1.79996,0,0.00010482,0.0269953,1.56297,False,True,True,True
sf,125,op0_0000_s5_w0p2,op0,0.0,5.0,0.2,12.2,1.79996,0,0.000329241,0.0273746,1.56297,True,True,True,True
sf,125,op0_0000_s5_w0p5,op0,0.0,5.0,0.5,12.5,1.79996,0,0.000329241,0.0200083,1.56297,False,True,True,True
sf,125,op0_0000_s5_w1,op0,0.0,5.0,1.0,13.0,1.79996,0,0.000329241,0.0200072,1.56297,False,True,True,True
sf,125,op0_0000_s5_w2,op0,0.0,5.0,2.0,14.0,1.79996,0,0.000329241,0.0200075,1.56297,False,True,True,True
sf,125,op0_0000_s5_w3,op0,0.0,5.0,3.0,15.0,1.79996,0,0.000329241,0.0200736,1.56297,False,True,True,True
sf,125,op0_0000_s5_w5,op0,0.0,5.0,5.0,17.0,1.79996,0,0.000329241,0.0164967,1.56297,False,True,True,True
sf,125,op0_0000_s5_w7p5,op0,0.0,5.0,7.5,19.5,1.79996,0,0.000329241,0.0200072,1.56297,False,True,True,True
sf,125,op0_0000_s5_w10,op0,0.0,5.0,10.0,22.0,1.79996,0,0.000329241,0.0200072,1.56297,False,True,True,True
sf,125,op0_0000_s5_w15,op0,0.0,5.0,15.0,27.0,1.79996,0,0.000329241,0.0269786,1.56297,False,True,True,True
sf,125,op0_0000_s5_w20,op0,0.0,5.0,20.0,32.0,1.79996,0,0.000329241,0.0269946,1.56297,False,True,True,True
sf,125,op0_0000_s5_w30,op0,0.0,5.0,30.0,42.0,1.79996,0,0.000329241,0.0269779,1.56297,False,True,True,True
sf,125,op0_0000_s5_w50,op0,0.0,5.0,50.0,62.0,1.79996,0,0.000329241,0.0269779,1.56297,False,True,True,True
sf,125,op0_0000_s10_w0p2,op0,0.0,10.0,0.2,17.2,1.79996,0,0.00069373,0.0273748,1.56297,True,True,True,True
sf,125,op0_0000_s10_w0p5,op0,0.0,10.0,0.5,17.5,1.79996,0,0.00069373,0.0200082,1.56297,False,True,True,True
sf,125,op0_0000_s10_w1,op0,0.0,10.0,1.0,18.0,1.79996,0,0.00069373,0.0269785,1.56297,False,True,True,True
sf,125,op0_0000_s10_w2,op0,0.0,10.0,2.0,19.0,1.79996,0,0.00069373,0.0200072,1.56297,False,True,True,True
sf,125,op0_0000_s10_w3,op0,0.0,10.0,3.0,20.0,1.79996,0,0.00069373,0.0200072,1.56297,False,True,True,True
sf,125,op0_0000_s10_w5,op0,0.0,10.0,5.0,22.0,1.79996,0,0.00069373,0.0200072,1.56297,False,True,True,True
sf,125,op0_0000_s10_w7p5,op0,0.0,10.0,7.5,24.5,1.79996,0,0.00069373,0.0200072,1.56297,False,True,True,True
sf,125,op0_0000_s10_w10,op0,0.0,10.0,10.0,27.0,1.79996,0,0.00069373,0.0269786,1.56297,False,True,True,True
sf,125,op0_0000_s10_w15,op0,0.0,10.0,15.0,32.0,1.79996,0,0.00069373,0.0269946,1.56297,False,True,True,True
sf,125,op0_0000_s10_w20,op0,0.0,10.0,20.0,37.0,1.79996,0,0.00069373,0.0269786,1.56297,False,True,True,True
sf,125,op0_0000_s10_w30,op0,0.0,10.0,30.0,47.0,1.79996,0,0.00069373,0.0269946,1.56297,False,True,True,True
sf,125,op0_0000_s10_w50,op0,0.0,10.0,50.0,67.0,1.79996,0,0.00069373,0.0269946,1.56297,False,True,True,True
fs,27,op1_0900_s0p5_w0p2,op1,0.9,0.5,0.2,7.7,1.78594,0,0.899388,0.00118671,1.13824,True,False,False,False
fs,27,op1_0900_s0p5_w0p5,op1,0.9,0.5,0.5,8.0,1.78594,0,0.899388,-0.0059357,1.13824,False,False,False,False
fs,27,op1_0900_s0p5_w1,op1,0.9,0.5,1.0,8.5,1.78594,0,0.899388,-0.000200007,1.13824,False,False,False,False
fs,27,op1_0900_s0p5_w2,op1,0.9,0.5,2.0,9.5,1.78594,0,0.899388,-0.000199959,1.13824,False,False,False,False
fs,27,op1_0900_s0p5_w3,op1,0.9,0.5,3.0,10.5,1.78594,0,0.899388,-0.00351625,1.13824,False,False,False,False
fs,27,op1_0900_s0p5_w5,op1,0.9,0.5,5.0,12.5,1.78594,0,0.899388,-0.00351778,1.13824,False,False,False,False
fs,27,op1_0900_s0p5_w7p5,op1,0.9,0.5,7.5,15.0,1.78594,0,0.899388,-0.00343679,1.13824,False,False,False,False
fs,27,op1_0900_s0p5_w10,op1,0.9,0.5,10.0,17.5,1.78594,0,0.899388,-0.00351625,1.13824,False,False,False,False
fs,27,op1_0900_s0p5_w15,op1,0.9,0.5,15.0,22.5,1.78594,0,0.899388,-0.00019756,1.13824,False,False,False,False
fs,27,op1_0900_s0p5_w20,op1,0.9,0.5,20.0,27.5,1.78594,0,0.899388,-0.00019754,1.13824,False,False,False,False
fs,27,op1_0900_s0p5_w30,op1,0.9,0.5,30.0,37.5,1.78594,0,0.899388,-0.00019754,1.13824,False,False,False,False
fs,27,op1_0900_s0p5_w50,op1,0.9,0.5,50.0,57.5,1.78594,0,0.899388,-0.00019754,1.13824,False,False,False,False
fs,27,op1_0900_s1_w0p2,op1,0.9,1.0,0.2,8.2,1.78594,0,0.899388,0.00118681,1.13824,True,False,False,False
fs,27,op1_0900_s1_w0p5,op1,0.9,1.0,0.5,8.5,1.78594,0,0.899388,-0.000198694,1.13824,False,False,False,False
fs,27,op1_0900_s1_w1,op1,0.9,1.0,1.0,9.0,1.78594,0,0.899388,-0.00593869,1.13824,False,False,False,False
fs,27,op1_0900_s1_w2,op1,0.9,1.0,2.0,10.0,1.78594,0,0.899388,-0.00343678,1.13824,False,False,False,False
fs,27,op1_0900_s1_w3,op1,0.9,1.0,3.0,11.0,1.78594,0,0.899388,-0.00351618,1.13824,False,False,False,False
fs,27,op1_0900_s1_w5,op1,0.9,1.0,5.0,13.0,1.78594,0,0.899388,-0.00351771,1.13824,False,False,False,False
fs,27,op1_0900_s1_w7p5,op1,0.9,1.0,7.5,15.5,1.78594,0,0.899388,-0.000199983,1.13824,False,False,False,False
fs,27,op1_0900_s1_w10,op1,0.9,1.0,10.0,18.0,1.78594,0,0.899388,-0.000199889,1.13824,False,False,False,False
fs,27,op1_0900_s1_w15,op1,0.9,1.0,15.0,23.0,1.78594,0,0.899388,-0.000197858,1.13824,False,False,False,False
fs,27,op1_0900_s1_w20,op1,0.9,1.0,20.0,28.0,1.78594,0,0.899388,-0.00019786,1.13824,False,False,False,False
fs,27,op1_0900_s1_w30,op1,0.9,1.0,30.0,38.0,1.78594,0,0.899388,-0.00019786,1.13824,False,False,False,False
fs,27,op1_0900_s1_w50,op1,0.9,1.0,50.0,58.0,1.78594,0,0.899388,-0.00019786,1.13824,False,False,False,False
fs,27,op1_0900_s2_w0p2,op1,0.9,2.0,0.2,9.2,-1.78175,1,0.770165,0.949193,1.13824,True,False,False,False
fs,27,op1_0900_s2_w0p5,op1,0.9,2.0,0.5,9.5,-1.78175,1,0.770165,0.990244,1.13824,False,False,False,False
fs,27,op1_0900_s2_w1,op1,0.9,2.0,1.0,10.0,-1.78175,1,0.770165,1.02284,1.13824,False,False,False,False
fs,27,op1_0900_s2_w2,op1,0.9,2.0,2.0,11.0,-1.78175,1,0.770165,1.05466,1.13824,False,True,False,False
fs,27,op1_0900_s2_w3,op1,0.9,2.0,3.0,12.0,-1.78175,1,0.770165,1.07285,1.13824,False,True,False,False
fs,27,op1_0900_s2_w5,op1,0.9,2.0,5.0,14.0,-1.78175,1,0.770165,1.09537,1.13824,False,True,True,False
fs,27,op1_0900_s2_w7p5,op1,0.9,2.0,7.5,16.5,-1.78175,1,0.770165,1.11293,1.13824,False,True,True,False
fs,27,op1_0900_s2_w10,op1,0.9,2.0,10.0,19.0,-1.78175,1,0.770165,1.12525,1.13824,False,True,True,True
fs,27,op1_0900_s2_w15,op1,0.9,2.0,15.0,24.0,-1.78175,1,0.770165,1.14242,1.13824,False,True,True,True
fs,27,op1_0900_s2_w20,op1,0.9,2.0,20.0,29.0,-1.78175,1,0.770165,1.15448,1.13824,False,True,True,True
fs,27,op1_0900_s2_w30,op1,0.9,2.0,30.0,39.0,-1.78175,1,0.770165,1.17134,1.13824,False,True,True,True
fs,27,op1_0900_s2_w50,op1,0.9,2.0,50.0,59.0,-1.78175,1,0.770165,1.19234,1.13824,False,True,True,True
fs,27,op1_0900_s5_w0p2,op1,0.9,5.0,0.2,12.2,-1.78175,1,0.770162,0.949191,1.13824,True,False,False,False
fs,27,op1_0900_s5_w0p5,op1,0.9,5.0,0.5,12.5,-1.78175,1,0.770162,0.990244,1.13824,False,False,False,False
fs,27,op1_0900_s5_w1,op1,0.9,5.0,1.0,13.0,-1.78175,1,0.770162,1.02285,1.13824,False,False,False,False
fs,27,op1_0900_s5_w2,op1,0.9,5.0,2.0,14.0,-1.78175,1,0.770162,1.05467,1.13824,False,True,False,False
fs,27,op1_0900_s5_w3,op1,0.9,5.0,3.0,15.0,-1.78175,1,0.770162,1.07285,1.13824,False,True,False,False
fs,27,op1_0900_s5_w5,op1,0.9,5.0,5.0,17.0,-1.78175,1,0.770162,1.09536,1.13824,False,True,True,False
fs,27,op1_0900_s5_w7p5,op1,0.9,5.0,7.5,19.5,-1.78175,1,0.770162,1.11293,1.13824,False,True,True,False
fs,27,op1_0900_s5_w10,op1,0.9,5.0,10.0,22.0,-1.78175,1,0.770162,1.12525,1.13824,False,True,True,True
fs,27,op1_0900_s5_w15,op1,0.9,5.0,15.0,27.0,-1.78175,1,0.770162,1.14242,1.13824,False,True,True,True
fs,27,op1_0900_s5_w20,op1,0.9,5.0,20.0,32.0,-1.78175,1,0.770162,1.15448,1.13824,False,True,True,True
fs,27,op1_0900_s5_w30,op1,0.9,5.0,30.0,42.0,-1.78175,1,0.770162,1.17134,1.13824,False,True,True,True
fs,27,op1_0900_s5_w50,op1,0.9,5.0,50.0,62.0,-1.78175,1,0.770162,1.19234,1.13824,False,True,True,True
fs,27,op1_0900_s10_w0p2,op1,0.9,10.0,0.2,17.2,-1.78175,1,0.770159,0.949189,1.13824,True,False,False,False
fs,27,op1_0900_s10_w0p5,op1,0.9,10.0,0.5,17.5,-1.78175,1,0.770159,0.990241,1.13824,False,False,False,False
fs,27,op1_0900_s10_w1,op1,0.9,10.0,1.0,18.0,-1.78175,1,0.770159,1.02285,1.13824,False,False,False,False
fs,27,op1_0900_s10_w2,op1,0.9,10.0,2.0,19.0,-1.78175,1,0.770159,1.05467,1.13824,False,True,False,False
fs,27,op1_0900_s10_w3,op1,0.9,10.0,3.0,20.0,-1.78175,1,0.770159,1.07286,1.13824,False,True,False,False
fs,27,op1_0900_s10_w5,op1,0.9,10.0,5.0,22.0,-1.78175,1,0.770159,1.09537,1.13824,False,True,True,False
fs,27,op1_0900_s10_w7p5,op1,0.9,10.0,7.5,24.5,-1.78175,1,0.770159,1.11293,1.13824,False,True,True,False
fs,27,op1_0900_s10_w10,op1,0.9,10.0,10.0,27.0,-1.78175,1,0.770159,1.12525,1.13824,False,True,True,True
fs,27,op1_0900_s10_w15,op1,0.9,10.0,15.0,32.0,-1.78175,1,0.770159,1.14242,1.13824,False,True,True,True
fs,27,op1_0900_s10_w20,op1,0.9,10.0,20.0,37.0,-1.78175,1,0.770159,1.15448,1.13824,False,True,True,True
fs,27,op1_0900_s10_w30,op1,0.9,10.0,30.0,47.0,-1.78175,1,0.770159,1.17134,1.13824,False,True,True,True
fs,27,op1_0900_s10_w50,op1,0.9,10.0,50.0,67.0,-1.78175,1,0.770159,1.19234,1.13824,False,True,True,True
fs,27,op1_1000_s0p5_w0p2,op1,1.0,0.5,0.2,7.7,-1.75798,1,0.873369,1.05226,1.13824,True,True,False,False
fs,27,op1_1000_s0p5_w0p5,op1,1.0,0.5,0.5,8.0,-1.75798,1,0.873369,1.05887,1.13824,False,True,False,False
fs,27,op1_1000_s0p5_w1,op1,1.0,0.5,1.0,8.5,-1.75798,1,0.873369,1.06829,1.13824,False,True,False,False
fs,27,op1_1000_s0p5_w2,op1,1.0,0.5,2.0,9.5,-1.75798,1,0.873369,1.08234,1.13824,False,True,True,False
fs,27,op1_1000_s0p5_w3,op1,1.0,0.5,3.0,10.5,-1.75798,1,0.873369,1.09272,1.13824,False,True,True,False
fs,27,op1_1000_s0p5_w5,op1,1.0,0.5,5.0,12.5,-1.75798,1,0.873369,1.10777,1.13824,False,True,True,False
fs,27,op1_1000_s0p5_w7p5,op1,1.0,0.5,7.5,15.0,-1.75798,1,0.873369,1.12096,1.13824,False,True,True,True
fs,27,op1_1000_s0p5_w10,op1,1.0,0.5,10.0,17.5,-1.75798,1,0.873369,1.13085,1.13824,False,True,True,True
fs,27,op1_1000_s0p5_w15,op1,1.0,0.5,15.0,22.5,-1.75798,1,0.873369,1.14535,1.13824,False,True,True,True
fs,27,op1_1000_s0p5_w20,op1,1.0,0.5,20.0,27.5,-1.75798,1,0.873369,1.15594,1.13824,False,True,True,True
fs,27,op1_1000_s0p5_w30,op1,1.0,0.5,30.0,37.5,-1.75798,1,0.873369,1.17115,1.13824,False,True,True,True
fs,27,op1_1000_s0p5_w50,op1,1.0,0.5,50.0,57.5,-1.75798,1,0.873369,1.19066,1.13824,False,True,True,True
fs,27,op1_1000_s1_w0p2,op1,1.0,1.0,0.2,8.2,-1.75798,1,0.873368,1.05226,1.13824,True,True,False,False
fs,27,op1_1000_s1_w0p5,op1,1.0,1.0,0.5,8.5,-1.75798,1,0.873368,1.05888,1.13824,False,True,False,False
fs,27,op1_1000_s1_w1,op1,1.0,1.0,1.0,9.0,-1.75798,1,0.873368,1.06828,1.13824,False,True,False,False
fs,27,op1_1000_s1_w2,op1,1.0,1.0,2.0,10.0,-1.75798,1,0.873368,1.08233,1.13824,False,True,True,False
fs,27,op1_1000_s1_w3,op1,1.0,1.0,3.0,11.0,-1.75798,1,0.873368,1.09271,1.13824,False,True,True,False
fs,27,op1_1000_s1_w5,op1,1.0,1.0,5.0,13.0,-1.75798,1,0.873368,1.10776,1.13824,False,True,True,False
fs,27,op1_1000_s1_w7p5,op1,1.0,1.0,7.5,15.5,-1.75798,1,0.873368,1.12097,1.13824,False,True,True,True
fs,27,op1_1000_s1_w10,op1,1.0,1.0,10.0,18.0,-1.75798,1,0.873368,1.13085,1.13824,False,True,True,True
fs,27,op1_1000_s1_w15,op1,1.0,1.0,15.0,23.0,-1.75798,1,0.873368,1.14536,1.13824,False,True,True,True
fs,27,op1_1000_s1_w20,op1,1.0,1.0,20.0,28.0,-1.75798,1,0.873368,1.15594,1.13824,False,True,True,True
fs,27,op1_1000_s1_w30,op1,1.0,1.0,30.0,38.0,-1.75798,1,0.873368,1.17115,1.13824,False,True,True,True
fs,27,op1_1000_s1_w50,op1,1.0,1.0,50.0,58.0,-1.75798,1,0.873368,1.19066,1.13824,False,True,True,True
fs,27,op1_1000_s2_w0p2,op1,1.0,2.0,0.2,9.2,-1.75798,1,0.873371,1.05226,1.13824,True,True,False,False
fs,27,op1_1000_s2_w0p5,op1,1.0,2.0,0.5,9.5,-1.75798,1,0.873371,1.05888,1.13824,False,True,False,False
fs,27,op1_1000_s2_w1,op1,1.0,2.0,1.0,10.0,-1.75798,1,0.873371,1.06828,1.13824,False,True,False,False
fs,27,op1_1000_s2_w2,op1,1.0,2.0,2.0,11.0,-1.75798,1,0.873371,1.08233,1.13824,False,True,True,False
fs,27,op1_1000_s2_w3,op1,1.0,2.0,3.0,12.0,-1.75798,1,0.873371,1.09271,1.13824,False,True,True,False
fs,27,op1_1000_s2_w5,op1,1.0,2.0,5.0,14.0,-1.75798,1,0.873371,1.10776,1.13824,False,True,True,False
fs,27,op1_1000_s2_w7p5,op1,1.0,2.0,7.5,16.5,-1.75798,1,0.873371,1.12097,1.13824,False,True,True,True
fs,27,op1_1000_s2_w10,op1,1.0,2.0,10.0,19.0,-1.75798,1,0.873371,1.13085,1.13824,False,True,True,True
fs,27,op1_1000_s2_w15,op1,1.0,2.0,15.0,24.0,-1.75798,1,0.873371,1.14534,1.13824,False,True,True,True
fs,27,op1_1000_s2_w20,op1,1.0,2.0,20.0,29.0,-1.75798,1,0.873371,1.15592,1.13824,False,True,True,True
fs,27,op1_1000_s2_w30,op1,1.0,2.0,30.0,39.0,-1.75798,1,0.873371,1.17113,1.13824,False,True,True,True
fs,27,op1_1000_s2_w50,op1,1.0,2.0,50.0,59.0,-1.75798,1,0.873371,1.19065,1.13824,False,True,True,True
fs,27,op1_1000_s5_w0p2,op1,1.0,5.0,0.2,12.2,-1.75798,1,0.873366,1.05226,1.13824,True,True,False,False
fs,27,op1_1000_s5_w0p5,op1,1.0,5.0,0.5,12.5,-1.75798,1,0.873366,1.05888,1.13824,False,True,False,False
fs,27,op1_1000_s5_w1,op1,1.0,5.0,1.0,13.0,-1.75798,1,0.873366,1.06829,1.13824,False,True,False,False
fs,27,op1_1000_s5_w2,op1,1.0,5.0,2.0,14.0,-1.75798,1,0.873366,1.08233,1.13824,False,True,True,False
fs,27,op1_1000_s5_w3,op1,1.0,5.0,3.0,15.0,-1.75798,1,0.873366,1.0927,1.13824,False,True,True,False
fs,27,op1_1000_s5_w5,op1,1.0,5.0,5.0,17.0,-1.75798,1,0.873366,1.10776,1.13824,False,True,True,False
fs,27,op1_1000_s5_w7p5,op1,1.0,5.0,7.5,19.5,-1.75798,1,0.873366,1.12096,1.13824,False,True,True,True
fs,27,op1_1000_s5_w10,op1,1.0,5.0,10.0,22.0,-1.75798,1,0.873366,1.13085,1.13824,False,True,True,True
fs,27,op1_1000_s5_w15,op1,1.0,5.0,15.0,27.0,-1.75798,1,0.873366,1.14534,1.13824,False,True,True,True
fs,27,op1_1000_s5_w20,op1,1.0,5.0,20.0,32.0,-1.75798,1,0.873366,1.15592,1.13824,False,True,True,True
fs,27,op1_1000_s5_w30,op1,1.0,5.0,30.0,42.0,-1.75798,1,0.873366,1.17113,1.13824,False,True,True,True
fs,27,op1_1000_s5_w50,op1,1.0,5.0,50.0,62.0,-1.75798,1,0.873366,1.19065,1.13824,False,True,True,True
fs,27,op1_1000_s10_w0p2,op1,1.0,10.0,0.2,17.2,-1.75798,1,0.873363,1.05226,1.13824,True,True,False,False
fs,27,op1_1000_s10_w0p5,op1,1.0,10.0,0.5,17.5,-1.75798,1,0.873363,1.05887,1.13824,False,True,False,False
fs,27,op1_1000_s10_w1,op1,1.0,10.0,1.0,18.0,-1.75798,1,0.873363,1.06829,1.13824,False,True,False,False
fs,27,op1_1000_s10_w2,op1,1.0,10.0,2.0,19.0,-1.75798,1,0.873363,1.08233,1.13824,False,True,True,False
fs,27,op1_1000_s10_w3,op1,1.0,10.0,3.0,20.0,-1.75798,1,0.873363,1.09271,1.13824,False,True,True,False
fs,27,op1_1000_s10_w5,op1,1.0,10.0,5.0,22.0,-1.75798,1,0.873363,1.10776,1.13824,False,True,True,False
fs,27,op1_1000_s10_w7p5,op1,1.0,10.0,7.5,24.5,-1.75798,1,0.873363,1.12096,1.13824,False,True,True,True
fs,27,op1_1000_s10_w10,op1,1.0,10.0,10.0,27.0,-1.75798,1,0.873363,1.13085,1.13824,False,True,True,True
fs,27,op1_1000_s10_w15,op1,1.0,10.0,15.0,32.0,-1.75798,1,0.873363,1.14534,1.13824,False,True,True,True
fs,27,op1_1000_s10_w20,op1,1.0,10.0,20.0,37.0,-1.75798,1,0.873363,1.15592,1.13824,False,True,True,True
fs,27,op1_1000_s10_w30,op1,1.0,10.0,30.0,47.0,-1.75798,1,0.873363,1.17113,1.13824,False,True,True,True
fs,27,op1_1000_s10_w50,op1,1.0,10.0,50.0,67.0,-1.75798,1,0.873363,1.19065,1.13824,False,True,True,True
fs,27,op0_n100_s0p5_w0p2,op0,-0.1,0.5,0.2,7.7,1.8,0,-0.1,0.000167286,1.13824,True,True,True,True
fs,27,op0_n100_s0p5_w0p5,op0,-0.1,0.5,0.5,8.0,1.8,0,-0.1,-0.00593733,1.13824,False,True,True,True
fs,27,op0_n100_s0p5_w1,op0,-0.1,0.5,1.0,8.5,1.8,0,-0.1,-0.00020065,1.13824,False,True,True,True
fs,27,op0_n100_s0p5_w2,op0,-0.1,0.5,2.0,9.5,1.8,0,-0.1,-0.000200602,1.13824,False,True,True,True
fs,27,op0_n100_s0p5_w3,op0,-0.1,0.5,3.0,10.5,1.8,0,-0.1,-0.00351687,1.13824,False,True,True,True
fs,27,op0_n100_s0p5_w5,op0,-0.1,0.5,5.0,12.5,1.8,0,-0.1,-0.0035184,1.13824,False,True,True,True
fs,27,op0_n100_s0p5_w7p5,op0,-0.1,0.5,7.5,15.0,1.8,0,-0.1,-0.00343742,1.13824,False,True,True,True
fs,27,op0_n100_s0p5_w10,op0,-0.1,0.5,10.0,17.5,1.8,0,-0.1,-0.00351687,1.13824,False,True,True,True
fs,27,op0_n100_s0p5_w15,op0,-0.1,0.5,15.0,22.5,1.8,0,-0.1,-0.000198204,1.13824,False,True,True,True
fs,27,op0_n100_s0p5_w20,op0,-0.1,0.5,20.0,27.5,1.8,0,-0.1,-0.000198183,1.13824,False,True,True,True
fs,27,op0_n100_s0p5_w30,op0,-0.1,0.5,30.0,37.5,1.8,0,-0.1,-0.000198183,1.13824,False,True,True,True
fs,27,op0_n100_s0p5_w50,op0,-0.1,0.5,50.0,57.5,1.8,0,-0.1,-0.000198183,1.13824,False,True,True,True
fs,27,op0_n100_s1_w0p2,op0,-0.1,1.0,0.2,8.2,1.8,0,-0.0999999,0.00016738,1.13824,True,True,True,True
fs,27,op0_n100_s1_w0p5,op0,-0.1,1.0,0.5,8.5,1.8,0,-0.0999999,-0.00020031,1.13824,False,True,True,True
fs,27,op0_n100_s1_w1,op0,-0.1,1.0,1.0,9.0,1.8,0,-0.0999999,-0.00593931,1.13824,False,True,True,True
fs,27,op0_n100_s1_w2,op0,-0.1,1.0,2.0,10.0,1.8,0,-0.0999999,-0.00343741,1.13824,False,True,True,True
fs,27,op0_n100_s1_w3,op0,-0.1,1.0,3.0,11.0,1.8,0,-0.0999999,-0.0035168,1.13824,False,True,True,True
fs,27,op0_n100_s1_w5,op0,-0.1,1.0,5.0,13.0,1.8,0,-0.0999999,-0.00351833,1.13824,False,True,True,True
fs,27,op0_n100_s1_w7p5,op0,-0.1,1.0,7.5,15.5,1.8,0,-0.0999999,-0.000200626,1.13824,False,True,True,True
fs,27,op0_n100_s1_w10,op0,-0.1,1.0,10.0,18.0,1.8,0,-0.0999999,-0.000200532,1.13824,False,True,True,True
fs,27,op0_n100_s1_w15,op0,-0.1,1.0,15.0,23.0,1.8,0,-0.0999999,-0.000198502,1.13824,False,True,True,True
fs,27,op0_n100_s1_w20,op0,-0.1,1.0,20.0,28.0,1.8,0,-0.0999999,-0.000198503,1.13824,False,True,True,True
fs,27,op0_n100_s1_w30,op0,-0.1,1.0,30.0,38.0,1.8,0,-0.0999999,-0.000198503,1.13824,False,True,True,True
fs,27,op0_n100_s1_w50,op0,-0.1,1.0,50.0,58.0,1.8,0,-0.0999999,-0.000198503,1.13824,False,True,True,True
fs,27,op0_n100_s2_w0p2,op0,-0.1,2.0,0.2,9.2,1.8,0,-0.0999997,0.000167261,1.13824,True,True,True,True
fs,27,op0_n100_s2_w0p5,op0,-0.1,2.0,0.5,9.5,1.8,0,-0.0999997,-0.000200286,1.13824,False,True,True,True
fs,27,op0_n100_s2_w1,op0,-0.1,2.0,1.0,10.0,1.8,0,-0.0999997,-0.00343741,1.13824,False,True,True,True
fs,27,op0_n100_s2_w2,op0,-0.1,2.0,2.0,11.0,1.8,0,-0.0999997,-0.0035168,1.13824,False,True,True,True
fs,27,op0_n100_s2_w3,op0,-0.1,2.0,3.0,12.0,1.8,0,-0.0999997,-0.00593932,1.13824,False,True,True,True
fs,27,op0_n100_s2_w5,op0,-0.1,2.0,5.0,14.0,1.8,0,-0.0999997,-0.00351695,1.13824,False,True,True,True
fs,27,op0_n100_s2_w7p5,op0,-0.1,2.0,7.5,16.5,1.8,0,-0.0999997,-0.000200594,1.13824,False,True,True,True
fs,27,op0_n100_s2_w10,op0,-0.1,2.0,10.0,19.0,1.8,0,-0.0999997,-0.0035185,1.13824,False,True,True,True
fs,27,op0_n100_s2_w15,op0,-0.1,2.0,15.0,24.0,1.8,0,-0.0999997,-0.00351693,1.13824,False,True,True,True
fs,27,op0_n100_s2_w20,op0,-0.1,2.0,20.0,29.0,1.8,0,-0.0999997,-0.00351719,1.13824,False,True,True,True
fs,27,op0_n100_s2_w30,op0,-0.1,2.0,30.0,39.0,1.8,0,-0.0999997,-0.00351726,1.13824,False,True,True,True
fs,27,op0_n100_s2_w50,op0,-0.1,2.0,50.0,59.0,1.8,0,-0.0999997,-0.000200925,1.13824,False,True,True,True
fs,27,op0_n100_s5_w0p2,op0,-0.1,5.0,0.2,12.2,1.8,0,-0.099999,0.000167356,1.13824,True,True,True,True
fs,27,op0_n100_s5_w0p5,op0,-0.1,5.0,0.5,12.5,1.8,0,-0.099999,-0.00351812,1.13824,False,True,True,True
fs,27,op0_n100_s5_w1,op0,-0.1,5.0,1.0,13.0,1.8,0,-0.099999,-0.00351833,1.13824,False,True,True,True
fs,27,op0_n100_s5_w2,op0,-0.1,5.0,2.0,14.0,1.8,0,-0.099999,-0.00351695,1.13824,False,True,True,True
fs,27,op0_n100_s5_w3,op0,-0.1,5.0,3.0,15.0,1.8,0,-0.099999,-0.00343742,1.13824,False,True,True,True
fs,27,op0_n100_s5_w5,op0,-0.1,5.0,5.0,17.0,1.8,0,-0.099999,-0.00593923,1.13824,False,True,True,True
fs,27,op0_n100_s5_w7p5,op0,-0.1,5.0,7.5,19.5,1.8,0,-0.099999,-0.00351841,1.13824,False,True,True,True
fs,27,op0_n100_s5_w10,op0,-0.1,5.0,10.0,22.0,1.8,0,-0.099999,-0.00351843,1.13824,False,True,True,True
fs,27,op0_n100_s5_w15,op0,-0.1,5.0,15.0,27.0,1.8,0,-0.099999,-0.000200618,1.13824,False,True,True,True
fs,27,op0_n100_s5_w20,op0,-0.1,5.0,20.0,32.0,1.8,0,-0.099999,-0.000202252,1.13824,False,True,True,True
fs,27,op0_n100_s5_w30,op0,-0.1,5.0,30.0,42.0,1.8,0,-0.099999,-0.000202263,1.13824,False,True,True,True
fs,27,op0_n100_s5_w50,op0,-0.1,5.0,50.0,62.0,1.8,0,-0.099999,-0.000202263,1.13824,False,True,True,True
fs,27,op0_n100_s10_w0p2,op0,-0.1,10.0,0.2,17.2,1.8,0,-0.099998,0.000167357,1.13824,True,True,True,True
fs,27,op0_n100_s10_w0p5,op0,-0.1,10.0,0.5,17.5,1.8,0,-0.099998,-0.00351659,1.13824,False,True,True,True
fs,27,op0_n100_s10_w1,op0,-0.1,10.0,1.0,18.0,1.8,0,-0.099998,-0.000200556,1.13824,False,True,True,True
fs,27,op0_n100_s10_w2,op0,-0.1,10.0,2.0,19.0,1.8,0,-0.099998,-0.0035185,1.13824,False,True,True,True
fs,27,op0_n100_s10_w3,op0,-0.1,10.0,3.0,20.0,1.8,0,-0.099998,-0.00351834,1.13824,False,True,True,True
fs,27,op0_n100_s10_w5,op0,-0.1,10.0,5.0,22.0,1.8,0,-0.099998,-0.00351843,1.13824,False,True,True,True
fs,27,op0_n100_s10_w7p5,op0,-0.1,10.0,7.5,24.5,1.8,0,-0.099998,-0.00351777,1.13824,False,True,True,True
fs,27,op0_n100_s10_w10,op0,-0.1,10.0,10.0,27.0,1.8,0,-0.099998,-0.000200618,1.13824,False,True,True,True
fs,27,op0_n100_s10_w15,op0,-0.1,10.0,15.0,32.0,1.8,0,-0.099998,-0.000202252,1.13824,False,True,True,True
fs,27,op0_n100_s10_w20,op0,-0.1,10.0,20.0,37.0,1.8,0,-0.099998,-0.00020063,1.13824,False,True,True,True
fs,27,op0_n100_s10_w30,op0,-0.1,10.0,30.0,47.0,1.8,0,-0.099998,-0.000202263,1.13824,False,True,True,True
fs,27,op0_n100_s10_w50,op0,-0.1,10.0,50.0,67.0,1.8,0,-0.099998,-0.000202263,1.13824,False,True,True,True
fs,27,op0_0000_s0p5_w0p2,op0,0.0,0.5,0.2,7.7,1.8,0,-3.95467e-07,0.000234356,1.13824,True,True,True,True
fs,27,op0_0000_s0p5_w0p5,op0,0.0,0.5,0.5,8.0,1.8,0,-3.95467e-07,-0.00593715,1.13824,False,True,True,True
fs,27,op0_0000_s0p5_w1,op0,0.0,0.5,1.0,8.5,1.8,0,-3.95467e-07,-0.000200522,1.13824,False,True,True,True
fs,27,op0_0000_s0p5_w2,op0,0.0,0.5,2.0,9.5,1.8,0,-3.95467e-07,-0.000200474,1.13824,False,True,True,True
fs,27,op0_0000_s0p5_w3,op0,0.0,0.5,3.0,10.5,1.8,0,-3.95467e-07,-0.00351675,1.13824,False,True,True,True
fs,27,op0_0000_s0p5_w5,op0,0.0,0.5,5.0,12.5,1.8,0,-3.95467e-07,-0.00351829,1.13824,False,True,True,True
fs,27,op0_0000_s0p5_w7p5,op0,0.0,0.5,7.5,15.0,1.8,0,-3.95467e-07,-0.0034373,1.13824,False,True,True,True
fs,27,op0_0000_s0p5_w10,op0,0.0,0.5,10.0,17.5,1.8,0,-3.95467e-07,-0.00351675,1.13824,False,True,True,True
fs,27,op0_0000_s0p5_w15,op0,0.0,0.5,15.0,22.5,1.8,0,-3.95467e-07,-0.000198075,1.13824,False,True,True,True
fs,27,op0_0000_s0p5_w20,op0,0.0,0.5,20.0,27.5,1.8,0,-3.95467e-07,-0.000198055,1.13824,False,True,True,True
fs,27,op0_0000_s0p5_w30,op0,0.0,0.5,30.0,37.5,1.8,0,-3.95467e-07,-0.000198055,1.13824,False,True,True,True
fs,27,op0_0000_s0p5_w50,op0,0.0,0.5,50.0,57.5,1.8,0,-3.95467e-07,-0.000198055,1.13824,False,True,True,True
fs,27,op0_0000_s1_w0p2,op0,0.0,1.0,0.2,8.2,1.8,0,-3.75999e-07,0.00023445,1.13824,True,True,True,True
fs,27,op0_0000_s1_w0p5,op0,0.0,1.0,0.5,8.5,1.8,0,-3.75999e-07,-0.000200121,1.13824,False,True,True,True
fs,27,op0_0000_s1_w1,op0,0.0,1.0,1.0,9.0,1.8,0,-3.75999e-07,-0.00593919,1.13824,False,True,True,True
fs,27,op0_0000_s1_w2,op0,0.0,1.0,2.0,10.0,1.8,0,-3.75999e-07,-0.00343729,1.13824,False,True,True,True
fs,27,op0_0000_s1_w3,op0,0.0,1.0,3.0,11.0,1.8,0,-3.75999e-07,-0.00351668,1.13824,False,True,True,True
fs,27,op0_0000_s1_w5,op0,0.0,1.0,5.0,13.0,1.8,0,-3.75999e-07,-0.00351822,1.13824,False,True,True,True
fs,27,op0_0000_s1_w7p5,op0,0.0,1.0,7.5,15.5,1.8,0,-3.75999e-07,-0.000200498,1.13824,False,True,True,True
fs,27,op0_0000_s1_w10,op0,0.0,1.0,10.0,18.0,1.8,0,-3.75999e-07,-0.000200404,1.13824,False,True,True,True
fs,27,op0_0000_s1_w15,op0,0.0,1.0,15.0,23.0,1.8,0,-3.75999e-07,-0.000198373,1.13824,False,True,True,True
fs,27,op0_0000_s1_w20,op0,0.0,1.0,20.0,28.0,1.8,0,-3.75999e-07,-0.000198374,1.13824,False,True,True,True
fs,27,op0_0000_s1_w30,op0,0.0,1.0,30.0,38.0,1.8,0,-3.75999e-07,-0.000198374,1.13824,False,True,True,True
fs,27,op0_0000_s1_w50,op0,0.0,1.0,50.0,58.0,1.8,0,-3.75999e-07,-0.000198374,1.13824,False,True,True,True
fs,27,op0_0000_s2_w0p2,op0,0.0,2.0,0.2,9.2,1.8,0,-3.27264e-07,0.000234339,1.13824,True,True,True,True
fs,27,op0_0000_s2_w0p5,op0,0.0,2.0,0.5,9.5,1.8,0,-3.27264e-07,-0.000200098,1.13824,False,True,True,True
fs,27,op0_0000_s2_w1,op0,0.0,2.0,1.0,10.0,1.8,0,-3.27264e-07,-0.00343729,1.13824,False,True,True,True
fs,27,op0_0000_s2_w2,op0,0.0,2.0,2.0,11.0,1.8,0,-3.27264e-07,-0.00351668,1.13824,False,True,True,True
fs,27,op0_0000_s2_w3,op0,0.0,2.0,3.0,12.0,1.8,0,-3.27264e-07,-0.0059392,1.13824,False,True,True,True
fs,27,op0_0000_s2_w5,op0,0.0,2.0,5.0,14.0,1.8,0,-3.27264e-07,-0.00351684,1.13824,False,True,True,True
fs,27,op0_0000_s2_w7p5,op0,0.0,2.0,7.5,16.5,1.8,0,-3.27264e-07,-0.000200465,1.13824,False,True,True,True
fs,27,op0_0000_s2_w10,op0,0.0,2.0,10.0,19.0,1.8,0,-3.27264e-07,-0.00351838,1.13824,False,True,True,True
fs,27,op0_0000_s2_w15,op0,0.0,2.0,15.0,24.0,1.8,0,-3.27264e-07,-0.00351681,1.13824,False,True,True,True
fs,27,op0_0000_s2_w20,op0,0.0,2.0,20.0,29.0,1.8,0,-3.27264e-07,-0.00351707,1.13824,False,True,True,True
fs,27,op0_0000_s2_w30,op0,0.0,2.0,30.0,39.0,1.8,0,-3.27264e-07,-0.00351714,1.13824,False,True,True,True
fs,27,op0_0000_s2_w50,op0,0.0,2.0,50.0,59.0,1.8,0,-3.27264e-07,-0.000200796,1.13824,False,True,True,True
fs,27,op0_0000_s5_w0p2,op0,0.0,5.0,0.2,12.2,1.8,0,-1.85421e-07,0.000234434,1.13824,True,True,True,True
fs,27,op0_0000_s5_w0p5,op0,0.0,5.0,0.5,12.5,1.8,0,-1.85421e-07,-0.00351795,1.13824,False,True,True,True
fs,27,op0_0000_s5_w1,op0,0.0,5.0,1.0,13.0,1.8,0,-1.85421e-07,-0.00351822,1.13824,False,True,True,True
fs,27,op0_0000_s5_w2,op0,0.0,5.0,2.0,14.0,1.8,0,-1.85421e-07,-0.00351684,1.13824,False,True,True,True
fs,27,op0_0000_s5_w3,op0,0.0,5.0,3.0,15.0,1.8,0,-1.85421e-07,-0.0034373,1.13824,False,True,True,True
fs,27,op0_0000_s5_w5,op0,0.0,5.0,5.0,17.0,1.8,0,-1.85421e-07,-0.00593911,1.13824,False,True,True,True
fs,27,op0_0000_s5_w7p5,op0,0.0,5.0,7.5,19.5,1.8,0,-1.85421e-07,-0.00351829,1.13824,False,True,True,True
fs,27,op0_0000_s5_w10,op0,0.0,5.0,10.0,22.0,1.8,0,-1.85421e-07,-0.00351831,1.13824,False,True,True,True
fs,27,op0_0000_s5_w15,op0,0.0,5.0,15.0,27.0,1.8,0,-1.85421e-07,-0.000200489,1.13824,False,True,True,True
fs,27,op0_0000_s5_w20,op0,0.0,5.0,20.0,32.0,1.8,0,-1.85421e-07,-0.000202123,1.13824,False,True,True,True
fs,27,op0_0000_s5_w30,op0,0.0,5.0,30.0,42.0,1.8,0,-1.85421e-07,-0.000202135,1.13824,False,True,True,True
fs,27,op0_0000_s5_w50,op0,0.0,5.0,50.0,62.0,1.8,0,-1.85421e-07,-0.000202135,1.13824,False,True,True,True
fs,27,op0_0000_s10_w0p2,op0,0.0,10.0,0.2,17.2,1.8,0,4.45371e-08,0.000234435,1.13824,True,True,True,True
fs,27,op0_0000_s10_w0p5,op0,0.0,10.0,0.5,17.5,1.8,0,4.45371e-08,-0.00351641,1.13824,False,True,True,True
fs,27,op0_0000_s10_w1,op0,0.0,10.0,1.0,18.0,1.8,0,4.45371e-08,-0.000200428,1.13824,False,True,True,True
fs,27,op0_0000_s10_w2,op0,0.0,10.0,2.0,19.0,1.8,0,4.45371e-08,-0.00351838,1.13824,False,True,True,True
fs,27,op0_0000_s10_w3,op0,0.0,10.0,3.0,20.0,1.8,0,4.45371e-08,-0.00351822,1.13824,False,True,True,True
fs,27,op0_0000_s10_w5,op0,0.0,10.0,5.0,22.0,1.8,0,4.45371e-08,-0.00351831,1.13824,False,True,True,True
fs,27,op0_0000_s10_w7p5,op0,0.0,10.0,7.5,24.5,1.8,0,4.45371e-08,-0.00351765,1.13824,False,True,True,True
fs,27,op0_0000_s10_w10,op0,0.0,10.0,10.0,27.0,1.8,0,4.45371e-08,-0.000200489,1.13824,False,True,True,True
fs,27,op0_0000_s10_w15,op0,0.0,10.0,15.0,32.0,1.8,0,4.45371e-08,-0.000202123,1.13824,False,True,True,True
fs,27,op0_0000_s10_w20,op0,0.0,10.0,20.0,37.0,1.8,0,4.45371e-08,-0.000200501,1.13824,False,True,True,True
fs,27,op0_0000_s10_w30,op0,0.0,10.0,30.0,47.0,1.8,0,4.45371e-08,-0.000202135,1.13824,False,True,True,True
fs,27,op0_0000_s10_w50,op0,0.0,10.0,50.0,67.0,1.8,0,4.45371e-08,-0.000202135,1.13824,False,True,True,True
fs,125,op1_0900_s0p5_w0p2,op1,0.9,0.5,0.2,7.7,-1.76535,1,0.77144,0.989909,1.26189,True,False,False,False
fs,125,op1_0900_s0p5_w0p5,op1,0.9,0.5,0.5,8.0,-1.76535,1,0.77144,1.06506,1.26189,False,False,False,False
fs,125,op1_0900_s0p5_w1,op1,0.9,0.5,1.0,8.5,-1.76535,1,0.77144,1.11404,1.26189,False,False,False,False
fs,125,op1_0900_s0p5_w2,op1,0.9,0.5,2.0,9.5,-1.76535,1,0.77144,1.15843,1.26189,False,True,False,False
fs,125,op1_0900_s0p5_w3,op1,0.9,0.5,3.0,10.5,-1.76535,1,0.77144,1.18305,1.26189,False,True,False,False
fs,125,op1_0900_s0p5_w5,op1,0.9,0.5,5.0,12.5,-1.76535,1,0.77144,1.21307,1.26189,False,True,True,False
fs,125,op1_0900_s0p5_w7p5,op1,0.9,0.5,7.5,15.0,-1.76535,1,0.77144,1.23628,1.26189,False,True,True,False
fs,125,op1_0900_s0p5_w10,op1,0.9,0.5,10.0,17.5,-1.76535,1,0.77144,1.2525,1.26189,False,True,True,True
fs,125,op1_0900_s0p5_w15,op1,0.9,0.5,15.0,22.5,-1.76535,1,0.77144,1.27503,1.26189,False,True,True,True
fs,125,op1_0900_s0p5_w20,op1,0.9,0.5,20.0,27.5,-1.76535,1,0.77144,1.29082,1.26189,False,True,True,True
fs,125,op1_0900_s0p5_w30,op1,0.9,0.5,30.0,37.5,-1.76535,1,0.77144,1.31284,1.26189,False,True,True,True
fs,125,op1_0900_s0p5_w50,op1,0.9,0.5,50.0,57.5,-1.76535,1,0.77144,1.34022,1.26189,False,True,True,True
fs,125,op1_0900_s1_w0p2,op1,0.9,1.0,0.2,8.2,-1.76535,1,0.771436,0.989908,1.26189,True,False,False,False
fs,125,op1_0900_s1_w0p5,op1,0.9,1.0,0.5,8.5,-1.76535,1,0.771436,1.06507,1.26189,False,False,False,False
fs,125,op1_0900_s1_w1,op1,0.9,1.0,1.0,9.0,-1.76535,1,0.771436,1.11405,1.26189,False,False,False,False
fs,125,op1_0900_s1_w2,op1,0.9,1.0,2.0,10.0,-1.76535,1,0.771436,1.15842,1.26189,False,True,False,False
fs,125,op1_0900_s1_w3,op1,0.9,1.0,3.0,11.0,-1.76535,1,0.771436,1.18305,1.26189,False,True,False,False
fs,125,op1_0900_s1_w5,op1,0.9,1.0,5.0,13.0,-1.76535,1,0.771436,1.21307,1.26189,False,True,True,False
fs,125,op1_0900_s1_w7p5,op1,0.9,1.0,7.5,15.5,-1.76535,1,0.771436,1.23629,1.26189,False,True,True,False
fs,125,op1_0900_s1_w10,op1,0.9,1.0,10.0,18.0,-1.76535,1,0.771436,1.2525,1.26189,False,True,True,True
fs,125,op1_0900_s1_w15,op1,0.9,1.0,15.0,23.0,-1.76535,1,0.771436,1.27504,1.26189,False,True,True,True
fs,125,op1_0900_s1_w20,op1,0.9,1.0,20.0,28.0,-1.76535,1,0.771436,1.29082,1.26189,False,True,True,True
fs,125,op1_0900_s1_w30,op1,0.9,1.0,30.0,38.0,-1.76535,1,0.771436,1.31284,1.26189,False,True,True,True
fs,125,op1_0900_s1_w50,op1,0.9,1.0,50.0,58.0,-1.76535,1,0.771436,1.34022,1.26189,False,True,True,True
fs,125,op1_0900_s2_w0p2,op1,0.9,2.0,0.2,9.2,-1.76535,1,0.771434,0.989907,1.26189,True,False,False,False
fs,125,op1_0900_s2_w0p5,op1,0.9,2.0,0.5,9.5,-1.76535,1,0.771434,1.06507,1.26189,False,False,False,False
fs,125,op1_0900_s2_w1,op1,0.9,2.0,1.0,10.0,-1.76535,1,0.771434,1.11404,1.26189,False,False,False,False
fs,125,op1_0900_s2_w2,op1,0.9,2.0,2.0,11.0,-1.76535,1,0.771434,1.15843,1.26189,False,True,False,False
fs,125,op1_0900_s2_w3,op1,0.9,2.0,3.0,12.0,-1.76535,1,0.771434,1.18304,1.26189,False,True,False,False
fs,125,op1_0900_s2_w5,op1,0.9,2.0,5.0,14.0,-1.76535,1,0.771434,1.21307,1.26189,False,True,True,False
fs,125,op1_0900_s2_w7p5,op1,0.9,2.0,7.5,16.5,-1.76535,1,0.771434,1.23629,1.26189,False,True,True,False
fs,125,op1_0900_s2_w10,op1,0.9,2.0,10.0,19.0,-1.76535,1,0.771434,1.2525,1.26189,False,True,True,True
fs,125,op1_0900_s2_w15,op1,0.9,2.0,15.0,24.0,-1.76535,1,0.771434,1.27503,1.26189,False,True,True,True
fs,125,op1_0900_s2_w20,op1,0.9,2.0,20.0,29.0,-1.76535,1,0.771434,1.29082,1.26189,False,True,True,True
fs,125,op1_0900_s2_w30,op1,0.9,2.0,30.0,39.0,-1.76535,1,0.771434,1.31284,1.26189,False,True,True,True
fs,125,op1_0900_s2_w50,op1,0.9,2.0,50.0,59.0,-1.76535,1,0.771434,1.34022,1.26189,False,True,True,True
fs,125,op1_0900_s5_w0p2,op1,0.9,5.0,0.2,12.2,-1.76536,1,0.771412,0.989897,1.26189,True,False,False,False
fs,125,op1_0900_s5_w0p5,op1,0.9,5.0,0.5,12.5,-1.76536,1,0.771412,1.06507,1.26189,False,False,False,False
fs,125,op1_0900_s5_w1,op1,0.9,5.0,1.0,13.0,-1.76536,1,0.771412,1.11405,1.26189,False,False,False,False
fs,125,op1_0900_s5_w2,op1,0.9,5.0,2.0,14.0,-1.76536,1,0.771412,1.15843,1.26189,False,True,False,False
fs,125,op1_0900_s5_w3,op1,0.9,5.0,3.0,15.0,-1.76536,1,0.771412,1.18305,1.26189,False,True,False,False
fs,125,op1_0900_s5_w5,op1,0.9,5.0,5.0,17.0,-1.76536,1,0.771412,1.21307,1.26189,False,True,True,False
fs,125,op1_0900_s5_w7p5,op1,0.9,5.0,7.5,19.5,-1.76536,1,0.771412,1.2363,1.26189,False,True,True,False
fs,125,op1_0900_s5_w10,op1,0.9,5.0,10.0,22.0,-1.76536,1,0.771412,1.2525,1.26189,False,True,True,True
fs,125,op1_0900_s5_w15,op1,0.9,5.0,15.0,27.0,-1.76536,1,0.771412,1.27503,1.26189,False,True,True,True
fs,125,op1_0900_s5_w20,op1,0.9,5.0,20.0,32.0,-1.76536,1,0.771412,1.29082,1.26189,False,True,True,True
fs,125,op1_0900_s5_w30,op1,0.9,5.0,30.0,42.0,-1.76536,1,0.771412,1.31284,1.26189,False,True,True,True
fs,125,op1_0900_s5_w50,op1,0.9,5.0,50.0,62.0,-1.76536,1,0.771412,1.34022,1.26189,False,True,True,True
fs,125,op1_0900_s10_w0p2,op1,0.9,10.0,0.2,17.2,-1.76536,1,0.771384,0.989883,1.26189,True,False,False,False
fs,125,op1_0900_s10_w0p5,op1,0.9,10.0,0.5,17.5,-1.76536,1,0.771384,1.06506,1.26189,False,False,False,False
fs,125,op1_0900_s10_w1,op1,0.9,10.0,1.0,18.0,-1.76536,1,0.771384,1.11406,1.26189,False,False,False,False
fs,125,op1_0900_s10_w2,op1,0.9,10.0,2.0,19.0,-1.76536,1,0.771384,1.15844,1.26189,False,True,False,False
fs,125,op1_0900_s10_w3,op1,0.9,10.0,3.0,20.0,-1.76536,1,0.771384,1.18305,1.26189,False,True,False,False
fs,125,op1_0900_s10_w5,op1,0.9,10.0,5.0,22.0,-1.76536,1,0.771384,1.21308,1.26189,False,True,True,False
fs,125,op1_0900_s10_w7p5,op1,0.9,10.0,7.5,24.5,-1.76536,1,0.771384,1.2363,1.26189,False,True,True,False
fs,125,op1_0900_s10_w10,op1,0.9,10.0,10.0,27.0,-1.76536,1,0.771384,1.2525,1.26189,False,True,True,True
fs,125,op1_0900_s10_w15,op1,0.9,10.0,15.0,32.0,-1.76536,1,0.771384,1.27504,1.26189,False,True,True,True
fs,125,op1_0900_s10_w20,op1,0.9,10.0,20.0,37.0,-1.76536,1,0.771384,1.29082,1.26189,False,True,True,True
fs,125,op1_0900_s10_w30,op1,0.9,10.0,30.0,47.0,-1.76536,1,0.771384,1.31284,1.26189,False,True,True,True
fs,125,op1_0900_s10_w50,op1,0.9,10.0,50.0,67.0,-1.76536,1,0.771384,1.34022,1.26189,False,True,True,True
fs,125,op1_1000_s0p5_w0p2,op1,1.0,0.5,0.2,7.7,-1.73694,1,0.87435,1.06513,1.26189,True,False,False,False
fs,125,op1_1000_s0p5_w0p5,op1,1.0,0.5,0.5,8.0,-1.73694,1,0.87435,1.09808,1.26189,False,False,False,False
fs,125,op1_1000_s0p5_w1,op1,1.0,0.5,1.0,8.5,-1.73694,1,0.87435,1.13016,1.26189,False,False,False,False
fs,125,op1_1000_s0p5_w2,op1,1.0,0.5,2.0,9.5,-1.73694,1,0.87435,1.16508,1.26189,False,True,False,False
fs,125,op1_1000_s0p5_w3,op1,1.0,0.5,3.0,10.5,-1.73694,1,0.87435,1.18619,1.26189,False,True,False,False
fs,125,op1_1000_s0p5_w5,op1,1.0,0.5,5.0,12.5,-1.73694,1,0.87435,1.21314,1.26189,False,True,True,False
fs,125,op1_1000_s0p5_w7p5,op1,1.0,0.5,7.5,15.0,-1.73694,1,0.87435,1.23465,1.26189,False,True,True,False
fs,125,op1_1000_s0p5_w10,op1,1.0,0.5,10.0,17.5,-1.73694,1,0.87435,1.24995,1.26189,False,True,True,True
fs,125,op1_1000_s0p5_w15,op1,1.0,0.5,15.0,22.5,-1.73694,1,0.87435,1.27149,1.26189,False,True,True,True
fs,125,op1_1000_s0p5_w20,op1,1.0,0.5,20.0,27.5,-1.73694,1,0.87435,1.28674,1.26189,False,True,True,True
fs,125,op1_1000_s0p5_w30,op1,1.0,0.5,30.0,37.5,-1.73694,1,0.87435,1.30817,1.26189,False,True,True,True
fs,125,op1_1000_s0p5_w50,op1,1.0,0.5,50.0,57.5,-1.73694,1,0.87435,1.33504,1.26189,False,True,True,True
fs,125,op1_1000_s1_w0p2,op1,1.0,1.0,0.2,8.2,-1.73695,1,0.874347,1.06512,1.26189,True,False,False,False
fs,125,op1_1000_s1_w0p5,op1,1.0,1.0,0.5,8.5,-1.73695,1,0.874347,1.09808,1.26189,False,False,False,False
fs,125,op1_1000_s1_w1,op1,1.0,1.0,1.0,9.0,-1.73695,1,0.874347,1.13016,1.26189,False,False,False,False
fs,125,op1_1000_s1_w2,op1,1.0,1.0,2.0,10.0,-1.73695,1,0.874347,1.16507,1.26189,False,True,False,False
fs,125,op1_1000_s1_w3,op1,1.0,1.0,3.0,11.0,-1.73695,1,0.874347,1.18619,1.26189,False,True,False,False
fs,125,op1_1000_s1_w5,op1,1.0,1.0,5.0,13.0,-1.73695,1,0.874347,1.21314,1.26189,False,True,True,False
fs,125,op1_1000_s1_w7p5,op1,1.0,1.0,7.5,15.5,-1.73695,1,0.874347,1.23466,1.26189,False,True,True,False
fs,125,op1_1000_s1_w10,op1,1.0,1.0,10.0,18.0,-1.73695,1,0.874347,1.24995,1.26189,False,True,True,True
fs,125,op1_1000_s1_w15,op1,1.0,1.0,15.0,23.0,-1.73695,1,0.874347,1.27149,1.26189,False,True,True,True
fs,125,op1_1000_s1_w20,op1,1.0,1.0,20.0,28.0,-1.73695,1,0.874347,1.28674,1.26189,False,True,True,True
fs,125,op1_1000_s1_w30,op1,1.0,1.0,30.0,38.0,-1.73695,1,0.874347,1.30818,1.26189,False,True,True,True
fs,125,op1_1000_s1_w50,op1,1.0,1.0,50.0,58.0,-1.73695,1,0.874347,1.33504,1.26189,False,True,True,True
fs,125,op1_1000_s2_w0p2,op1,1.0,2.0,0.2,9.2,-1.73695,1,0.874343,1.06512,1.26189,True,False,False,False
fs,125,op1_1000_s2_w0p5,op1,1.0,2.0,0.5,9.5,-1.73695,1,0.874343,1.09808,1.26189,False,False,False,False
fs,125,op1_1000_s2_w1,op1,1.0,2.0,1.0,10.0,-1.73695,1,0.874343,1.13015,1.26189,False,False,False,False
fs,125,op1_1000_s2_w2,op1,1.0,2.0,2.0,11.0,-1.73695,1,0.874343,1.16508,1.26189,False,True,False,False
fs,125,op1_1000_s2_w3,op1,1.0,2.0,3.0,12.0,-1.73695,1,0.874343,1.18618,1.26189,False,True,False,False
fs,125,op1_1000_s2_w5,op1,1.0,2.0,5.0,14.0,-1.73695,1,0.874343,1.21314,1.26189,False,True,True,False
fs,125,op1_1000_s2_w7p5,op1,1.0,2.0,7.5,16.5,-1.73695,1,0.874343,1.23466,1.26189,False,True,True,False
fs,125,op1_1000_s2_w10,op1,1.0,2.0,10.0,19.0,-1.73695,1,0.874343,1.24995,1.26189,False,True,True,True
fs,125,op1_1000_s2_w15,op1,1.0,2.0,15.0,24.0,-1.73695,1,0.874343,1.27149,1.26189,False,True,True,True
fs,125,op1_1000_s2_w20,op1,1.0,2.0,20.0,29.0,-1.73695,1,0.874343,1.28674,1.26189,False,True,True,True
fs,125,op1_1000_s2_w30,op1,1.0,2.0,30.0,39.0,-1.73695,1,0.874343,1.30817,1.26189,False,True,True,True
fs,125,op1_1000_s2_w50,op1,1.0,2.0,50.0,59.0,-1.73695,1,0.874343,1.33504,1.26189,False,True,True,True
fs,125,op1_1000_s5_w0p2,op1,1.0,5.0,0.2,12.2,-1.73695,1,0.874324,1.0651,1.26189,True,False,False,False
fs,125,op1_1000_s5_w0p5,op1,1.0,5.0,0.5,12.5,-1.73695,1,0.874324,1.09807,1.26189,False,False,False,False
fs,125,op1_1000_s5_w1,op1,1.0,5.0,1.0,13.0,-1.73695,1,0.874324,1.13016,1.26189,False,False,False,False
fs,125,op1_1000_s5_w2,op1,1.0,5.0,2.0,14.0,-1.73695,1,0.874324,1.16507,1.26189,False,True,False,False
fs,125,op1_1000_s5_w3,op1,1.0,5.0,3.0,15.0,-1.73695,1,0.874324,1.18618,1.26189,False,True,False,False
fs,125,op1_1000_s5_w5,op1,1.0,5.0,5.0,17.0,-1.73695,1,0.874324,1.21313,1.26189,False,True,True,False
fs,125,op1_1000_s5_w7p5,op1,1.0,5.0,7.5,19.5,-1.73695,1,0.874324,1.23466,1.26189,False,True,True,False
fs,125,op1_1000_s5_w10,op1,1.0,5.0,10.0,22.0,-1.73695,1,0.874324,1.24995,1.26189,False,True,True,True
fs,125,op1_1000_s5_w15,op1,1.0,5.0,15.0,27.0,-1.73695,1,0.874324,1.27149,1.26189,False,True,True,True
fs,125,op1_1000_s5_w20,op1,1.0,5.0,20.0,32.0,-1.73695,1,0.874324,1.28674,1.26189,False,True,True,True
fs,125,op1_1000_s5_w30,op1,1.0,5.0,30.0,42.0,-1.73695,1,0.874324,1.30817,1.26189,False,True,True,True
fs,125,op1_1000_s5_w50,op1,1.0,5.0,50.0,62.0,-1.73695,1,0.874324,1.33504,1.26189,False,True,True,True
fs,125,op1_1000_s10_w0p2,op1,1.0,10.0,0.2,17.2,-1.73696,1,0.874295,1.06508,1.26189,True,False,False,False
fs,125,op1_1000_s10_w0p5,op1,1.0,10.0,0.5,17.5,-1.73696,1,0.874295,1.09806,1.26189,False,False,False,False
fs,125,op1_1000_s10_w1,op1,1.0,10.0,1.0,18.0,-1.73696,1,0.874295,1.13015,1.26189,False,False,False,False
fs,125,op1_1000_s10_w2,op1,1.0,10.0,2.0,19.0,-1.73696,1,0.874295,1.16507,1.26189,False,True,False,False
fs,125,op1_1000_s10_w3,op1,1.0,10.0,3.0,20.0,-1.73696,1,0.874295,1.18618,1.26189,False,True,False,False
fs,125,op1_1000_s10_w5,op1,1.0,10.0,5.0,22.0,-1.73696,1,0.874295,1.21314,1.26189,False,True,True,False
fs,125,op1_1000_s10_w7p5,op1,1.0,10.0,7.5,24.5,-1.73696,1,0.874295,1.23466,1.26189,False,True,True,False
fs,125,op1_1000_s10_w10,op1,1.0,10.0,10.0,27.0,-1.73696,1,0.874295,1.24995,1.26189,False,True,True,True
fs,125,op1_1000_s10_w15,op1,1.0,10.0,15.0,32.0,-1.73696,1,0.874295,1.27149,1.26189,False,True,True,True
fs,125,op1_1000_s10_w20,op1,1.0,10.0,20.0,37.0,-1.73696,1,0.874295,1.28674,1.26189,False,True,True,True
fs,125,op1_1000_s10_w30,op1,1.0,10.0,30.0,47.0,-1.73696,1,0.874295,1.30817,1.26189,False,True,True,True
fs,125,op1_1000_s10_w50,op1,1.0,10.0,50.0,67.0,-1.73696,1,0.874295,1.33504,1.26189,False,True,True,True
fs,125,op0_n100_s0p5_w0p2,op0,-0.1,0.5,0.2,7.7,1.79971,0,-0.0998432,-0.00947125,1.26189,True,True,True,True
fs,125,op0_n100_s0p5_w0p5,op0,-0.1,0.5,0.5,8.0,1.79971,0,-0.0998432,-0.0106672,1.26189,False,True,True,True
fs,125,op0_n100_s0p5_w1,op0,-0.1,0.5,1.0,8.5,1.79971,0,-0.0998432,-0.0104561,1.26189,False,True,True,True
fs,125,op0_n100_s0p5_w2,op0,-0.1,0.5,2.0,9.5,1.79971,0,-0.0998432,-0.0104562,1.26189,False,True,True,True
fs,125,op0_n100_s0p5_w3,op0,-0.1,0.5,3.0,10.5,1.79971,0,-0.0998432,-0.00729839,1.26189,False,True,True,True
fs,125,op0_n100_s0p5_w5,op0,-0.1,0.5,5.0,12.5,1.79971,0,-0.0998432,-0.00729836,1.26189,False,True,True,True
fs,125,op0_n100_s0p5_w7p5,op0,-0.1,0.5,7.5,15.0,1.79971,0,-0.0998432,-0.00720794,1.26189,False,True,True,True
fs,125,op0_n100_s0p5_w10,op0,-0.1,0.5,10.0,17.5,1.79971,0,-0.0998432,-0.00729839,1.26189,False,True,True,True
fs,125,op0_n100_s0p5_w15,op0,-0.1,0.5,15.0,22.5,1.79971,0,-0.0998432,-0.0104561,1.26189,False,True,True,True
fs,125,op0_n100_s0p5_w20,op0,-0.1,0.5,20.0,27.5,1.79971,0,-0.0998432,-0.0104561,1.26189,False,True,True,True
fs,125,op0_n100_s0p5_w30,op0,-0.1,0.5,30.0,37.5,1.79971,0,-0.0998432,-0.0104561,1.26189,False,True,True,True
fs,125,op0_n100_s0p5_w50,op0,-0.1,0.5,50.0,57.5,1.79971,0,-0.0998432,-0.0104561,1.26189,False,True,True,True
fs,125,op0_n100_s1_w0p2,op0,-0.1,1.0,0.2,8.2,1.79971,0,-0.0997544,-0.00947111,1.26189,True,True,True,True
fs,125,op0_n100_s1_w0p5,op0,-0.1,1.0,0.5,8.5,1.79971,0,-0.0997544,-0.0104526,1.26189,False,True,True,True
fs,125,op0_n100_s1_w1,op0,-0.1,1.0,1.0,9.0,1.79971,0,-0.0997544,-0.0106708,1.26189,False,True,True,True
fs,125,op0_n100_s1_w2,op0,-0.1,1.0,2.0,10.0,1.79971,0,-0.0997544,-0.00720794,1.26189,False,True,True,True
fs,125,op0_n100_s1_w3,op0,-0.1,1.0,3.0,11.0,1.79971,0,-0.0997544,-0.00729817,1.26189,False,True,True,True
fs,125,op0_n100_s1_w5,op0,-0.1,1.0,5.0,13.0,1.79971,0,-0.0997544,-0.00729839,1.26189,False,True,True,True
fs,125,op0_n100_s1_w7p5,op0,-0.1,1.0,7.5,15.5,1.79971,0,-0.0997544,-0.0104561,1.26189,False,True,True,True
fs,125,op0_n100_s1_w10,op0,-0.1,1.0,10.0,18.0,1.79971,0,-0.0997544,-0.0104561,1.26189,False,True,True,True
fs,125,op0_n100_s1_w15,op0,-0.1,1.0,15.0,23.0,1.79971,0,-0.0997544,-0.0104562,1.26189,False,True,True,True
fs,125,op0_n100_s1_w20,op0,-0.1,1.0,20.0,28.0,1.79971,0,-0.0997544,-0.0104562,1.26189,False,True,True,True
fs,125,op0_n100_s1_w30,op0,-0.1,1.0,30.0,38.0,1.79971,0,-0.0997544,-0.0104562,1.26189,False,True,True,True
fs,125,op0_n100_s1_w50,op0,-0.1,1.0,50.0,58.0,1.79971,0,-0.0997544,-0.0104562,1.26189,False,True,True,True
fs,125,op0_n100_s2_w0p2,op0,-0.1,2.0,0.2,9.2,1.79971,0,-0.099578,-0.00947085,1.26189,True,True,True,True
fs,125,op0_n100_s2_w0p5,op0,-0.1,2.0,0.5,9.5,1.79971,0,-0.099578,-0.0104527,1.26189,False,True,True,True
fs,125,op0_n100_s2_w1,op0,-0.1,2.0,1.0,10.0,1.79971,0,-0.099578,-0.00720794,1.26189,False,True,True,True
fs,125,op0_n100_s2_w2,op0,-0.1,2.0,2.0,11.0,1.79971,0,-0.099578,-0.00729817,1.26189,False,True,True,True
fs,125,op0_n100_s2_w3,op0,-0.1,2.0,3.0,12.0,1.79971,0,-0.099578,-0.0106708,1.26189,False,True,True,True
fs,125,op0_n100_s2_w5,op0,-0.1,2.0,5.0,14.0,1.79971,0,-0.099578,-0.00729813,1.26189,False,True,True,True
fs,125,op0_n100_s2_w7p5,op0,-0.1,2.0,7.5,16.5,1.79971,0,-0.099578,-0.0104561,1.26189,False,True,True,True
fs,125,op0_n100_s2_w10,op0,-0.1,2.0,10.0,19.0,1.79971,0,-0.099578,-0.0072984,1.26189,False,True,True,True
fs,125,op0_n100_s2_w15,op0,-0.1,2.0,15.0,24.0,1.79971,0,-0.099578,-0.00729817,1.26189,False,True,True,True
fs,125,op0_n100_s2_w20,op0,-0.1,2.0,20.0,29.0,1.79971,0,-0.099578,-0.00729819,1.26189,False,True,True,True
fs,125,op0_n100_s2_w30,op0,-0.1,2.0,30.0,39.0,1.79971,0,-0.099578,-0.00729819,1.26189,False,True,True,True
fs,125,op0_n100_s2_w50,op0,-0.1,2.0,50.0,59.0,1.79971,0,-0.099578,-0.0104562,1.26189,False,True,True,True
fs,125,op0_n100_s5_w0p2,op0,-0.1,5.0,0.2,12.2,1.79971,0,-0.099058,-0.00946995,1.26189,True,True,True,True
fs,125,op0_n100_s5_w0p5,op0,-0.1,5.0,0.5,12.5,1.79971,0,-0.099058,-0.00729514,1.26189,False,True,True,True
fs,125,op0_n100_s5_w1,op0,-0.1,5.0,1.0,13.0,1.79971,0,-0.099058,-0.00729838,1.26189,False,True,True,True
fs,125,op0_n100_s5_w2,op0,-0.1,5.0,2.0,14.0,1.79971,0,-0.099058,-0.00729813,1.26189,False,True,True,True
fs,125,op0_n100_s5_w3,op0,-0.1,5.0,3.0,15.0,1.79971,0,-0.099058,-0.00720794,1.26189,False,True,True,True
fs,125,op0_n100_s5_w5,op0,-0.1,5.0,5.0,17.0,1.79971,0,-0.099058,-0.0106708,1.26189,False,True,True,True
fs,125,op0_n100_s5_w7p5,op0,-0.1,5.0,7.5,19.5,1.79971,0,-0.099058,-0.00729838,1.26189,False,True,True,True
fs,125,op0_n100_s5_w10,op0,-0.1,5.0,10.0,22.0,1.79971,0,-0.099058,-0.0072984,1.26189,False,True,True,True
fs,125,op0_n100_s5_w15,op0,-0.1,5.0,15.0,27.0,1.79971,0,-0.099058,-0.0104562,1.26189,False,True,True,True
fs,125,op0_n100_s5_w20,op0,-0.1,5.0,20.0,32.0,1.79971,0,-0.099058,-0.0104569,1.26189,False,True,True,True
fs,125,op0_n100_s5_w30,op0,-0.1,5.0,30.0,42.0,1.79971,0,-0.099058,-0.0104569,1.26189,False,True,True,True
fs,125,op0_n100_s5_w50,op0,-0.1,5.0,50.0,62.0,1.79971,0,-0.099058,-0.0104569,1.26189,False,True,True,True
fs,125,op0_n100_s10_w0p2,op0,-0.1,10.0,0.2,17.2,1.79971,0,-0.0982176,-0.00946851,1.26189,True,True,True,True
fs,125,op0_n100_s10_w0p5,op0,-0.1,10.0,0.5,17.5,1.79971,0,-0.0982176,-0.00729517,1.26189,False,True,True,True
fs,125,op0_n100_s10_w1,op0,-0.1,10.0,1.0,18.0,1.79971,0,-0.0982176,-0.0104562,1.26189,False,True,True,True
fs,125,op0_n100_s10_w2,op0,-0.1,10.0,2.0,19.0,1.79971,0,-0.0982176,-0.0072984,1.26189,False,True,True,True
fs,125,op0_n100_s10_w3,op0,-0.1,10.0,3.0,20.0,1.79971,0,-0.0982176,-0.00729838,1.26189,False,True,True,True
fs,125,op0_n100_s10_w5,op0,-0.1,10.0,5.0,22.0,1.79971,0,-0.0982176,-0.0072984,1.26189,False,True,True,True
fs,125,op0_n100_s10_w7p5,op0,-0.1,10.0,7.5,24.5,1.79971,0,-0.0982176,-0.00729838,1.26189,False,True,True,True
fs,125,op0_n100_s10_w10,op0,-0.1,10.0,10.0,27.0,1.79971,0,-0.0982176,-0.0104562,1.26189,False,True,True,True
fs,125,op0_n100_s10_w15,op0,-0.1,10.0,15.0,32.0,1.79971,0,-0.0982176,-0.0104569,1.26189,False,True,True,True
fs,125,op0_n100_s10_w20,op0,-0.1,10.0,20.0,37.0,1.79971,0,-0.0982176,-0.0104561,1.26189,False,True,True,True
fs,125,op0_n100_s10_w30,op0,-0.1,10.0,30.0,47.0,1.79971,0,-0.0982176,-0.0104569,1.26189,False,True,True,True
fs,125,op0_n100_s10_w50,op0,-0.1,10.0,50.0,67.0,1.79971,0,-0.0982176,-0.0104569,1.26189,False,True,True,True
fs,125,op0_0000_s0p5_w0p2,op0,0.0,0.5,0.2,7.7,1.79971,0,-1.32567e-05,-0.00928851,1.26189,True,True,True,True
fs,125,op0_0000_s0p5_w0p5,op0,0.0,0.5,0.5,8.0,1.79971,0,-1.32567e-05,-0.0106661,1.26189,False,True,True,True
fs,125,op0_0000_s0p5_w1,op0,0.0,0.5,1.0,8.5,1.79971,0,-1.32567e-05,-0.0104556,1.26189,False,True,True,True
fs,125,op0_0000_s0p5_w2,op0,0.0,0.5,2.0,9.5,1.79971,0,-1.32567e-05,-0.0104556,1.26189,False,True,True,True
fs,125,op0_0000_s0p5_w3,op0,0.0,0.5,3.0,10.5,1.79971,0,-1.32567e-05,-0.00729797,1.26189,False,True,True,True
fs,125,op0_0000_s0p5_w5,op0,0.0,0.5,5.0,12.5,1.79971,0,-1.32567e-05,-0.00729794,1.26189,False,True,True,True
fs,125,op0_0000_s0p5_w7p5,op0,0.0,0.5,7.5,15.0,1.79971,0,-1.32567e-05,-0.00720752,1.26189,False,True,True,True
fs,125,op0_0000_s0p5_w10,op0,0.0,0.5,10.0,17.5,1.79971,0,-1.32567e-05,-0.00729797,1.26189,False,True,True,True
fs,125,op0_0000_s0p5_w15,op0,0.0,0.5,15.0,22.5,1.79971,0,-1.32567e-05,-0.0104556,1.26189,False,True,True,True
fs,125,op0_0000_s0p5_w20,op0,0.0,0.5,20.0,27.5,1.79971,0,-1.32567e-05,-0.0104556,1.26189,False,True,True,True
fs,125,op0_0000_s0p5_w30,op0,0.0,0.5,30.0,37.5,1.79971,0,-1.32567e-05,-0.0104556,1.26189,False,True,True,True
fs,125,op0_0000_s0p5_w50,op0,0.0,0.5,50.0,57.5,1.79971,0,-1.32567e-05,-0.0104556,1.26189,False,True,True,True
fs,125,op0_0000_s1_w0p2,op0,0.0,1.0,0.2,8.2,1.79971,0,-5.75999e-06,-0.00928852,1.26189,True,True,True,True
fs,125,op0_0000_s1_w0p5,op0,0.0,1.0,0.5,8.5,1.79971,0,-5.75999e-06,-0.0104515,1.26189,False,True,True,True
fs,125,op0_0000_s1_w1,op0,0.0,1.0,1.0,9.0,1.79971,0,-5.75999e-06,-0.0106704,1.26189,False,True,True,True
fs,125,op0_0000_s1_w2,op0,0.0,1.0,2.0,10.0,1.79971,0,-5.75999e-06,-0.00720752,1.26189,False,True,True,True
fs,125,op0_0000_s1_w3,op0,0.0,1.0,3.0,11.0,1.79971,0,-5.75999e-06,-0.00729775,1.26189,False,True,True,True
fs,125,op0_0000_s1_w5,op0,0.0,1.0,5.0,13.0,1.79971,0,-5.75999e-06,-0.00729797,1.26189,False,True,True,True
fs,125,op0_0000_s1_w7p5,op0,0.0,1.0,7.5,15.5,1.79971,0,-5.75999e-06,-0.0104556,1.26189,False,True,True,True
fs,125,op0_0000_s1_w10,op0,0.0,1.0,10.0,18.0,1.79971,0,-5.75999e-06,-0.0104556,1.26189,False,True,True,True
fs,125,op0_0000_s1_w15,op0,0.0,1.0,15.0,23.0,1.79971,0,-5.75999e-06,-0.0104557,1.26189,False,True,True,True
fs,125,op0_0000_s1_w20,op0,0.0,1.0,20.0,28.0,1.79971,0,-5.75999e-06,-0.0104557,1.26189,False,True,True,True
fs,125,op0_0000_s1_w30,op0,0.0,1.0,30.0,38.0,1.79971,0,-5.75999e-06,-0.0104557,1.26189,False,True,True,True
fs,125,op0_0000_s1_w50,op0,0.0,1.0,50.0,58.0,1.79971,0,-5.75999e-06,-0.0104557,1.26189,False,True,True,True
fs,125,op0_0000_s2_w0p2,op0,0.0,2.0,0.2,9.2,1.79971,0,9.17967e-06,-0.00928852,1.26189,True,True,True,True
fs,125,op0_0000_s2_w0p5,op0,0.0,2.0,0.5,9.5,1.79971,0,9.17967e-06,-0.0104515,1.26189,False,True,True,True
fs,125,op0_0000_s2_w1,op0,0.0,2.0,1.0,10.0,1.79971,0,9.17967e-06,-0.00720752,1.26189,False,True,True,True
fs,125,op0_0000_s2_w2,op0,0.0,2.0,2.0,11.0,1.79971,0,9.17967e-06,-0.00729775,1.26189,False,True,True,True
fs,125,op0_0000_s2_w3,op0,0.0,2.0,3.0,12.0,1.79971,0,9.17967e-06,-0.0106704,1.26189,False,True,True,True
fs,125,op0_0000_s2_w5,op0,0.0,2.0,5.0,14.0,1.79971,0,9.17967e-06,-0.00729772,1.26189,False,True,True,True
fs,125,op0_0000_s2_w7p5,op0,0.0,2.0,7.5,16.5,1.79971,0,9.17967e-06,-0.0104556,1.26189,False,True,True,True
fs,125,op0_0000_s2_w10,op0,0.0,2.0,10.0,19.0,1.79971,0,9.17967e-06,-0.00729798,1.26189,False,True,True,True
fs,125,op0_0000_s2_w15,op0,0.0,2.0,15.0,24.0,1.79971,0,9.17967e-06,-0.00729775,1.26189,False,True,True,True
fs,125,op0_0000_s2_w20,op0,0.0,2.0,20.0,29.0,1.79971,0,9.17967e-06,-0.00729778,1.26189,False,True,True,True
fs,125,op0_0000_s2_w30,op0,0.0,2.0,30.0,39.0,1.79971,0,9.17967e-06,-0.00729778,1.26189,False,True,True,True
fs,125,op0_0000_s2_w50,op0,0.0,2.0,50.0,59.0,1.79971,0,9.17967e-06,-0.0104557,1.26189,False,True,True,True
fs,125,op0_0000_s5_w0p2,op0,0.0,5.0,0.2,12.2,1.79971,0,5.33745e-05,-0.00928843,1.26189,True,True,True,True
fs,125,op0_0000_s5_w0p5,op0,0.0,5.0,0.5,12.5,1.79971,0,5.33745e-05,-0.00729412,1.26189,False,True,True,True
fs,125,op0_0000_s5_w1,op0,0.0,5.0,1.0,13.0,1.79971,0,5.33745e-05,-0.00729797,1.26189,False,True,True,True
fs,125,op0_0000_s5_w2,op0,0.0,5.0,2.0,14.0,1.79971,0,5.33745e-05,-0.00729772,1.26189,False,True,True,True
fs,125,op0_0000_s5_w3,op0,0.0,5.0,3.0,15.0,1.79971,0,5.33745e-05,-0.00720752,1.26189,False,True,True,True
fs,125,op0_0000_s5_w5,op0,0.0,5.0,5.0,17.0,1.79971,0,5.33745e-05,-0.0106704,1.26189,False,True,True,True
fs,125,op0_0000_s5_w7p5,op0,0.0,5.0,7.5,19.5,1.79971,0,5.33745e-05,-0.00729796,1.26189,False,True,True,True
fs,125,op0_0000_s5_w10,op0,0.0,5.0,10.0,22.0,1.79971,0,5.33745e-05,-0.00729798,1.26189,False,True,True,True
fs,125,op0_0000_s5_w15,op0,0.0,5.0,15.0,27.0,1.79971,0,5.33745e-05,-0.0104557,1.26189,False,True,True,True
fs,125,op0_0000_s5_w20,op0,0.0,5.0,20.0,32.0,1.79971,0,5.33745e-05,-0.0104564,1.26189,False,True,True,True
fs,125,op0_0000_s5_w30,op0,0.0,5.0,30.0,42.0,1.79971,0,5.33745e-05,-0.0104564,1.26189,False,True,True,True
fs,125,op0_0000_s5_w50,op0,0.0,5.0,50.0,62.0,1.79971,0,5.33745e-05,-0.0104564,1.26189,False,True,True,True
fs,125,op0_0000_s10_w0p2,op0,0.0,10.0,0.2,17.2,1.79971,0,0.00012545,-0.00928829,1.26189,True,True,True,True
fs,125,op0_0000_s10_w0p5,op0,0.0,10.0,0.5,17.5,1.79971,0,0.00012545,-0.00729415,1.26189,False,True,True,True
fs,125,op0_0000_s10_w1,op0,0.0,10.0,1.0,18.0,1.79971,0,0.00012545,-0.0104557,1.26189,False,True,True,True
fs,125,op0_0000_s10_w2,op0,0.0,10.0,2.0,19.0,1.79971,0,0.00012545,-0.00729798,1.26189,False,True,True,True
fs,125,op0_0000_s10_w3,op0,0.0,10.0,3.0,20.0,1.79971,0,0.00012545,-0.00729797,1.26189,False,True,True,True
fs,125,op0_0000_s10_w5,op0,0.0,10.0,5.0,22.0,1.79971,0,0.00012545,-0.00729798,1.26189,False,True,True,True
fs,125,op0_0000_s10_w7p5,op0,0.0,10.0,7.5,24.5,1.79971,0,0.00012545,-0.00729796,1.26189,False,True,True,True
fs,125,op0_0000_s10_w10,op0,0.0,10.0,10.0,27.0,1.79971,0,0.00012545,-0.0104557,1.26189,False,True,True,True
fs,125,op0_0000_s10_w15,op0,0.0,10.0,15.0,32.0,1.79971,0,0.00012545,-0.0104564,1.26189,False,True,True,True
fs,125,op0_0000_s10_w20,op0,0.0,10.0,20.0,37.0,1.79971,0,0.00012545,-0.0104556,1.26189,False,True,True,True
fs,125,op0_0000_s10_w30,op0,0.0,10.0,30.0,47.0,1.79971,0,0.00012545,-0.0104564,1.26189,False,True,True,True
fs,125,op0_0000_s10_w50,op0,0.0,10.0,50.0,67.0,1.79971,0,0.00012545,-0.0104564,1.26189,False,True,True,True
